dataset,role,location_id,m,lambda,n_pos_res,n_neg_res,n_unres,p_pos_res,p_neg_res,p_unres,H_norm2_from_spectrum,epsilon_screen,min_abs_H_eigenvalue,trace_formula,trace_spectrum,trace_abs_error,frobH2_formula,frobH2_spectrum,frobH2_abs_error,npos_lower_bound_raw,b_pos_normalized,bound_slack_fraction
low_height_first_10000,primary,1,128,0.1,128,0,0,1.0,0.0,0.0,0.9992836672233518,1e-10,0.7310969868404248,115.2,115.2,0.0,104.8380090212401,104.83800902124008,1.4210854715202004e-14,126.58615061367007,0.9889543016692974,0.011045698330702569
low_height_first_10000,primary,1,128,0.15,128,0,0,1.0,0.0,0.0,0.9989255008350277,1e-10,0.5966454802606372,108.8,108.79999999999998,1.4210854715202004e-14,95.0855202977902,95.08552029779021,1.4210854715202004e-14,124.49256167424161,0.9725981380800126,0.02740186191998739
low_height_first_10000,primary,1,128,0.2,128,0,0,1.0,0.0,0.0,0.9985673344467036,1e-10,0.4621939736808496,102.4,102.4,0.0,86.55203608496038,86.55203608496036,1.4210854715202004e-14,121.14977849518262,0.9464826444936142,0.05351735550638581
low_height_first_10000,primary,1,128,0.25,128,0,0,1.0,0.0,0.0,0.9982091680583797,1e-10,0.32774246710106203,96.0,96.0,0.0,79.23755638275058,79.23755638275057,1.4210854715202004e-14,116.30848325865654,0.9086600254582542,0.0913399745417458
low_height_first_10000,primary,1,128,0.3,128,0,0,1.0,0.0,0.0,0.9978510016700556,1e-10,0.19329096052127448,89.6,89.6,0.0,73.14208119116084,73.14208119116083,1.4210854715202004e-14,109.7611644248673,0.8575090970692758,0.1424909029307242
low_height_first_10000,primary,1,128,0.35,128,0,0,1.0,0.0,0.0,0.9974928352817315,1e-10,0.05883945394148693,83.2,83.2,0.0,68.26561051019114,68.26561051019112,1.4210854715202004e-14,101.40156878794197,0.7921997561557966,0.20780024384420337
low_height_first_10000,primary,1,128,0.4,108,20,0,0.84375,0.15625,0.0,0.9971346688934074,1e-10,0.0055769946332737685,76.8,76.8,0.0,64.60814433984149,64.60814433984147,1.4210854715202004e-14,91.29251521255611,0.7132227750980946,0.13052722490190538
low_height_first_10000,primary,1,128,0.45,108,20,0,0.84375,0.15625,0.0,0.9967765025050833,1e-10,0.0017779991609160328,70.4,70.4,0.0,62.169682680111876,62.169682680111876,0.0,79.719885744012,0.6228116073750938,0.22093839262490622
low_height_first_10000,primary,1,128,0.5,96,32,0,0.75,0.25,0.0,0.9964183361167592,1e-10,0.006598870305629001,64.0,64.0,0.0,60.95022553100232,60.95022553100232,0.0,67.20237643610639,0.5250185659070812,0.22498143409291882
low_height_first_10000,primary,1,128,0.55,95,33,0,0.7421875,0.2578125,0.0,0.9960601697284351,1e-10,0.060626150582805405,57.599999999999994,57.599999999999994,0.0,60.9497728925128,60.949772892512804,7.105427357601002e-15,54.43432916232507,0.4252681965806646,0.3169193034193354
low_height_first_10000,primary,1,128,0.6,92,36,0,0.71875,0.28125,0.0,0.995702003340111,1e-10,0.010958425857387377,51.2,51.2,0.0,62.168324764643344,62.16832476464334,7.105427357601002e-15,42.166810991356776,0.3294282108699748,0.3893217891300252
low_height_first_10000,primary,1,128,0.65,88,40,0,0.6875,0.3125,0.0,0.995343836951787,1e-10,0.0023443566909508995,44.8,44.79999999999999,7.105427357601002e-15,64.60588114739392,64.60588114739392,0.0,31.06590242800148,0.24270236271876156,0.44479763728123844
low_height_first_10000,primary,1,128,0.7,86,42,0,0.671875,0.328125,0.0,0.994985670563463,1e-10,0.014714195872526203,38.400000000000006,38.4,7.105427357601002e-15,68.26244204076454,68.26244204076454,0.0,21.601336780764917,0.16876044359972592,0.5031145564002741
low_height_first_10000,primary,1,128,0.75,83,45,0,0.6484375,0.3515625,0.0,1.016772598696814,1.0167725986968139e-10,0.015916295250939294,32.0,31.999999999999993,7.105427357601002e-15,73.1380074447552,73.13800744475522,1.4210854715202004e-14,14.000928324079357,0.10938225253186998,0.53905524746813
low_height_first_10000,primary,1,128,0.8,81,47,0,0.6328125,0.3671875,0.0,1.1512241052766017,1.1512241052766017e-10,0.02189056882571072,25.599999999999994,25.599999999999987,7.105427357601002e-15,79.23257735936596,79.23257735936593,2.842170943040401e-14,8.271345219877926,0.0646198845302963,0.5681926154697037
low_height_first_10000,primary,1,128,0.85,80,48,0,0.625,0.375,0.0,1.285675611856389,1.285675611856389e-10,0.0008732131576405511,19.200000000000003,19.199999999999992,1.0658141036401503e-14,86.54615178459667,86.5461517845967,2.842170943040401e-14,4.2594614826723,0.033277042833377346,0.5917229571666227
low_height_first_10000,primary,1,128,0.9,79,49,0,0.6171875,0.3828125,0.0,1.4201271184361768,1.4201271184361768e-10,0.03052158880664113,12.799999999999997,12.79999999999999,7.105427357601002e-15,95.07873072044751,95.07873072044751,0.0,1.7232034836658237,0.013462527216139247,0.6037249727838607
low_height_first_10000,primary,1,128,0.95,77,51,0,0.6015625,0.3984375,0.0,1.554578625015964,1.5545786250159642e-10,0.008515257955040711,6.400000000000006,6.399999999999997,8.881784197001252e-15,104.83031416691836,104.83031416691837,1.4210854715202004e-14,0.39072667410669604,0.003052552141458563,0.5985099478585414
low_height_first_10000,primary,1,256,0.1,256,0,0,1.0,0.0,0.0,0.9993433782075594,1e-10,0.7302335733871921,230.4,230.39999999999998,2.842170943040401e-14,209.67855326396784,209.67855326396784,0.0,253.16924012333996,0.9889423442317967,0.011057655768203278
low_height_first_10000,primary,1,256,0.15,256,0,0,1.0,0.0,0.0,0.999015067311339,1e-10,0.5953503600807881,217.6,217.60000000000002,2.842170943040401e-14,190.17674484392762,190.17674484392762,0.0,248.97765517470881,0.9725689655262063,0.027431034473793692
low_height_first_10000,primary,1,256,0.2,256,0,0,1.0,0.0,0.0,0.9986867564151187,1e-10,0.46046714677438405,204.8,204.8,0.0,173.11421305587135,173.11421305587135,0.0,242.28536328477662,0.9464272003311587,0.05357279966884132
low_height_first_10000,primary,1,256,0.25,256,0,0,1.0,0.0,0.0,0.9983584455188983,1e-10,0.3255839334679801,192.0,192.0,0.0,158.49095789979896,158.49095789979899,2.842170943040401e-14,232.59371063493813,0.9085691821677271,0.09143081783227291
low_height_first_10000,primary,1,256,0.3,256,0,0,1.0,0.0,0.0,0.998030134622678,1e-10,0.19070072016157613,179.2,179.20000000000002,2.842170943040401e-14,146.3069793757105,146.3069793757105,0.0,219.48809371244013,0.8573753660642193,0.14262463393578073
low_height_first_10000,primary,1,256,0.35,256,0,0,1.0,0.0,0.0,0.9977018237264577,1e-10,0.05581750685517217,166.4,166.40000000000003,2.842170943040401e-14,136.56227748360598,136.562277483606,2.842170943040401e-14,202.75701687330167,0.7920195971613346,0.20798040283866537
low_height_first_10000,primary,1,256,0.4,218,38,0,0.8515625,0.1484375,0.0,0.9973735128302373,1e-10,0.004544435439220784,153.6,153.60000000000002,2.842170943040401e-14,129.25685222348537,129.25685222348537,0.0,182.52773136705915,0.7129989506525748,0.1385635493474252
low_height_first_10000,primary,1,256,0.45,213,43,0,0.83203125,0.16796875,0.0,0.997045201934017,1e-10,0.0015984383631892918,140.8,140.8,0.0,124.39070359534867,124.39070359534867,0.0,159.37396788501889,0.622554562050855,0.20947668794914498
low_height_first_10000,primary,1,256,0.5,195,61,0,0.76171875,0.23828125,0.0,0.9967168910377967,1e-10,0.002028856826424952,128.0,128.0,0.0,121.96383159919588,121.9638315991959,1.4210854715202004e-14,134.33490720299756,0.5247457312617092,0.2369730187382908
low_height_first_10000,primary,1,256,0.55,191,65,0,0.74609375,0.25390625,0.0,0.9963885801415764,1e-10,0.030257493800350144,115.19999999999999,115.2,1.4210854715202004e-14,121.97623623502702,121.97623623502703,1.4210854715202004e-14,108.80020903767688,0.4250008165534253,0.3210929334465747
low_height_first_10000,primary,1,256,0.6,185,71,0,0.72265625,0.27734375,0.0,0.9960602692453561,1e-10,0.004257852767777237,102.4,102.4,0.0,124.42791750284209,124.42791750284209,0.0,84.27176320587776,0.32918657502296,0.39346967497704
low_height_first_10000,primary,1,256,0.65,178,78,0,0.6953125,0.3046875,0.0,0.9957319583491357,1e-10,0.0010746967469015267,89.6,89.6,0.0,129.31887540264105,129.31887540264105,0.0,62.080341906809075,0.24250133557347295,0.452811164426527
low_height_first_10000,primary,1,256,0.7,171,85,0,0.66796875,0.33203125,0.0,0.9954036474529154,1e-10,0.005210497997569341,76.80000000000001,76.80000000000003,1.4210854715202004e-14,136.64910993442393,136.64910993442393,0.0,43.16339859681843,0.168607025768822,0.499361724231178
low_height_first_10000,primary,1,256,0.75,165,91,0,0.64453125,0.35546875,0.0,1.0232481995960598,1.0232481995960598e-10,0.0002247417927672135,64.0,64.00000000000003,2.842170943040401e-14,146.41862109819073,146.41862109819073,0.0,27.97458389703831,0.1092757183478059,0.5352555316521941
low_height_first_10000,primary,1,256,0.8,163,93,0,0.63671875,0.36328125,0.0,1.1581314129024638,1.1581314129024639e-10,0.019862913775383628,51.19999999999999,51.2,1.4210854715202004e-14,158.6274088939415,158.62740889394146,2.842170943040401e-14,16.52576952670706,0.06455378721369945,0.5721649627863006
low_height_first_10000,primary,1,256,0.85,158,98,0,0.6171875,0.3828125,0.0,1.2930146262088678,1.2930146262088677e-10,0.0035716995624968106,38.400000000000006,38.400000000000006,0.0,173.2754733216761,173.2754733216761,0.0,8.509917599604899,0.033241865623456636,0.5839456343765433
low_height_first_10000,primary,1,256,0.9,156,100,0,0.609375,0.390625,0.0,1.4278978395152717,1.4278978395152717e-10,0.025691325423527478,25.599999999999994,25.60000000000001,1.4210854715202004e-14,190.36281438139468,190.36281438139468,0.0,3.4426891729336186,0.013448004581771948,0.595926995418228
low_height_first_10000,primary,1,256,0.95,153,103,0,0.59765625,0.40234375,0.0,1.5627810528216757,1.5627810528216758e-10,0.008515229354714382,12.800000000000011,12.800000000000026,1.4210854715202004e-14,209.88943207309717,209.8894320730971,5.684341886080802e-14,0.7806014737461414,0.003049224506820865,0.5946070254931791
low_height_first_10000,primary,1,512,0.1,512,0,0,1.0,0.0,0.0,0.9993433784322496,1e-10,0.7287361214586855,460.8,460.8,0.0,419.3490978578668,419.34909785786675,5.684341886080802e-14,506.3481502277343,0.9889612309135436,0.011038769086456401
low_height_first_10000,primary,1,512,0.15,512,0,0,1.0,0.0,0.0,0.9990150676483744,1e-10,0.5931041821880283,435.2,435.20000000000005,5.684341886080802e-14,380.3354701802002,380.3354701802002,0.0,497.9789024417419,0.9726150438315272,0.027384956168472807
low_height_first_10000,primary,1,512,0.2,512,0,0,1.0,0.0,0.0,0.9986867568644993,1e-10,0.457472242917371,409.6,409.6,0.0,346.1963914314671,346.1963914314671,0.0,484.6155654779901,0.9465147763241994,0.05348522367580055
low_height_first_10000,primary,1,512,0.25,512,0,0,1.0,0.0,0.0,0.9983584460806241,1e-10,0.3218403036467138,384.0,384.0,0.0,316.93186161166733,316.9318616116674,5.684341886080802e-14,465.2608899911616,0.9087126757639875,0.09128732423601249
low_height_first_10000,primary,1,512,0.3,512,0,0,1.0,0.0,0.0,0.9980301352967489,1e-10,0.1862083643760566,358.4,358.40000000000003,5.684341886080802e-14,292.541880720801,292.54188072080103,5.684341886080802e-14,439.0843447218824,0.8575866107849266,0.1424133892150734
low_height_first_10000,primary,1,512,0.35,512,0,0,1.0,0.0,0.0,0.9977018245128737,1e-10,0.05057642510539939,332.8,332.8,0.0,273.026448758868,273.026448758868,0.0,405.65974653180047,0.7923041924449228,0.20769580755507722
low_height_first_10000,primary,1,512,0.4,441,71,0,0.861328125,0.138671875,0.0,0.9973735137289985,1e-10,0.002305022784441668,307.2,307.20000000000005,5.684341886080802e-14,258.38556572586845,258.38556572586845,0.0,365.23650125302606,0.7133525415098165,0.14797558349018347
low_height_first_10000,primary,1,512,0.45,422,90,0,0.82421875,0.17578125,0.0,0.9970452029451233,1e-10,0.0015984383709677363,281.6,281.6,0.0,248.61923162180221,248.61923162180221,0.0,318.9558566435778,0.6229606575069879,0.20125809249301208
low_height_first_10000,primary,1,512,0.5,393,119,0,0.767578125,0.232421875,0.0,0.9967168921612481,1e-10,0.00277004476313647,256.0,256.0,0.0,243.7274464466694,243.7274464466694,0.0,268.8905207659495,0.5251767983709951,0.24240132662900493
low_height_first_10000,primary,1,512,0.55,382,130,0,0.74609375,0.25390625,0.0,0.996388581377373,1e-10,0.0015500896411425602,230.39999999999998,230.40000000000003,5.684341886080802e-14,243.71021020047,243.71021020046993,5.684341886080802e-14,217.81672567732912,0.42542329233853343,0.32067045766146657
low_height_first_10000,primary,1,512,0.6,366,146,0,0.71484375,0.28515625,0.0,0.9960602705934978,1e-10,0.00016273118703713507,204.8,204.80000000000004,2.842170943040401e-14,248.56752288320394,248.56752288320394,0.0,168.73901913448307,0.32956839674703725,0.38527535325296275
low_height_first_10000,primary,1,512,0.65,353,159,0,0.689453125,0.310546875,0.0,0.9957319598096226,1e-10,0.0010746379185582189,179.2,179.20000000000002,2.842170943040401e-14,258.29938449487133,258.2993844948713,5.684341886080802e-14,124.32333148140974,0.2428190067996284,0.4466341182003716
low_height_first_10000,primary,1,512,0.7,342,170,0,0.66796875,0.33203125,0.0,0.9954036490257474,1e-10,0.002838223103529547,153.60000000000002,153.60000000000002,0.0,272.905795035472,272.90579503547195,5.684341886080802e-14,86.4509307943916,0.16884947420779609,0.49911927579220394
low_height_first_10000,primary,1,512,0.75,333,179,0,0.650390625,0.349609375,0.0,1.0344790890598587,1.0344790890598587e-10,0.0002247348065536059,128.0,128.00000000000003,2.842170943040401e-14,292.38675450500614,292.3867545050061,5.684341886080802e-14,56.03537009649143,0.10944408221970982,0.5409465427802902
low_height_first_10000,primary,1,512,0.8,327,185,0,0.638671875,0.361328125,0.0,1.170111028330516,1.170111028330516e-10,0.01154922178130069,102.39999999999998,102.39999999999999,1.4210854715202004e-14,316.7422629034737,316.7422629034736,1.1368683772161603e-13,33.1050233204765,0.06465824867280566,0.5740136263271943
low_height_first_10000,primary,1,512,0.85,316,196,0,0.6171875,0.3828125,0.0,1.305742967601173,1.305742967601173e-10,0.0013918087741064955,76.80000000000001,76.80000000000007,5.684341886080802e-14,345.9723202308745,345.97232023087446,5.684341886080802e-14,17.048300268830708,0.03329746146255998,0.58389003853744
low_height_first_10000,primary,1,512,0.9,311,201,0,0.607421875,0.392578125,0.0,1.4413749068718302,1.4413749068718303e-10,0.01199257928906583,51.19999999999999,51.200000000000045,5.684341886080802e-14,380.0769264872089,380.07692648720877,1.1368683772161603e-13,6.8971300737147505,0.013470957175224122,0.5939509178247758
low_height_first_10000,primary,1,512,0.95,306,206,0,0.59765625,0.40234375,0.0,1.5770068461424875,1.5770068461424875e-10,9.688390934348146e-05,25.600000000000023,25.60000000000005,2.842170943040401e-14,419.0560816724766,419.0560816724764,1.7053025658242404e-13,1.5638956900098484,0.003054483769550485,0.5946017662304495
low_height_first_10000,primary,2,128,0.1,128,0,0,1.0,0.0,0.0,0.999835392783249,1e-10,0.7266090186281062,115.2,115.19999999999999,1.4210854715202004e-14,104.8542183626451,104.8542183626451,0.0,126.56658174782487,0.9888014199048818,0.011198580095118205
low_height_first_10000,primary,2,128,0.15,128,0,0,1.0,0.0,0.0,0.9997530891748734,1e-10,0.5899135279421592,108.8,108.80000000000001,1.4210854715202004e-14,95.12199131595146,95.12199131595148,1.4210854715202004e-14,124.44482959446752,0.9722252312067775,0.027774768793222493
low_height_first_10000,primary,2,128,0.2,128,0,0,1.0,0.0,0.0,0.9996707855664979,1e-10,0.45321803725621235,102.4,102.39999999999999,1.4210854715202004e-14,86.61687345058039,86.61687345058039,0.0,121.05909140189291,0.9457741515772884,0.05422584842271161
low_height_first_10000,primary,2,128,0.25,128,0,0,1.0,0.0,0.0,0.9995884819581223,1e-10,0.31652254657026546,96.0,96.0,0.0,79.33886476653184,79.33886476653186,1.4210854715202004e-14,116.15996809532949,0.9074997507447616,0.09250024925523836
low_height_first_10000,primary,2,128,0.3,128,0,0,1.0,0.0,0.0,0.9995061783497468,1e-10,0.17982705588431858,89.6,89.6,0.0,73.28796526380586,73.28796526380586,0.0,109.54267827060008,0.8558021739890631,0.1441978260109369
low_height_first_10000,primary,2,128,0.35,128,0,0,1.0,0.0,0.0,0.9994238747413713,1e-10,0.04313156519837169,83.2,83.20000000000002,1.4210854715202004e-14,68.46417494240242,68.46417494240242,0.0,101.10747709767256,0.7899021648255669,0.21009783517443315
low_height_first_10000,primary,2,128,0.4,112,16,0,0.875,0.125,0.0,0.9993415711329957,1e-10,0.01834553138542494,76.8,76.79999999999998,1.4210854715202004e-14,64.86749380232153,64.86749380232152,1.4210854715202004e-14,90.9275147576136,0.7103712090438562,0.1646287909561438
low_height_first_10000,primary,2,128,0.45,103,25,0,0.8046875,0.1953125,0.0,0.9992592675246202,1e-10,0.001248947022419955,70.4,70.4,0.0,62.497921843563184,62.49792184356319,7.105427357601002e-15,79.3011968046814,0.6195406000365734,0.1851468999634266
low_height_first_10000,primary,2,128,0.5,100,28,0,0.78125,0.21875,0.0,0.9991769639162447,1e-10,0.020665449040571993,64.0,64.0,0.0,61.35545906612739,61.35545906612739,0.0,66.75852584829384,0.5215509831897956,0.25969901681020435
low_height_first_10000,primary,2,128,0.55,95,33,0,0.7421875,0.2578125,0.0,0.9990946603078691,1e-10,0.0031984577318320273,57.599999999999994,57.6,7.105427357601002e-15,61.440105470014146,61.44010547001414,7.105427357601002e-15,53.9999073019045,0.4218742757961289,0.3203132242038711
low_height_first_10000,primary,2,128,0.6,89,39,0,0.6953125,0.3046875,0.0,0.9990123566994936,1e-10,0.014172874566864335,51.2,51.2,0.0,62.75186105522344,62.75186105522344,0.0,41.77469729054024,0.3263648225823456,0.3689476774176544
low_height_first_10000,primary,2,128,0.65,89,39,0,0.6953125,0.3046875,0.0,0.998930053091118,1e-10,0.020662147046353718,44.8,44.8,0.0,65.29072582175529,65.29072582175529,0.0,30.74004729981484,0.24015661952980344,0.45515588047019656
low_height_first_10000,primary,2,128,0.7,86,42,0,0.671875,0.328125,0.0,0.9988477494827426,1e-10,0.00442910679292885,38.400000000000006,38.400000000000006,0.0,69.05669976960968,69.05669976960968,0.0,21.352888350000786,0.16681944023438114,0.5050555597656189
low_height_first_10000,primary,2,128,0.75,83,45,0,0.6484375,0.3515625,0.0,1.0504323602892036,1.0504323602892037e-10,0.007413154445582548,32.0,32.0,0.0,74.04978289878662,74.04978289878662,0.0,13.828534803398854,0.10803542815155355,0.5404020718484465
low_height_first_10000,primary,2,128,0.8,81,47,0,0.6328125,0.3671875,0.0,1.1871278509751506,1.1871278509751508e-10,0.055451177122638695,25.599999999999994,25.599999999999994,0.0,80.26997520928614,80.26997520928612,2.842170943040401e-14,8.164447519652198,0.0637847462472828,0.5690277537527172
low_height_first_10000,primary,2,128,0.85,81,47,0,0.6328125,0.3671875,0.0,1.3238233416610972,1.323823341661097e-10,0.027875387619114567,19.200000000000003,19.20000000000001,7.105427357601002e-15,87.71727670110815,87.71727670110815,0.0,4.202592851304776,0.03283275665081856,0.5999797433491815
low_height_first_10000,primary,2,128,0.9,78,50,0,0.609375,0.390625,0.0,1.4605188323470446,1.4605188323470447e-10,0.0029920471298751083,12.799999999999997,12.799999999999994,3.552713678800501e-15,96.39168737425274,96.39168737425274,0.0,1.6997316310468837,0.01327915336755378,0.5960958466324462
low_height_first_10000,primary,2,128,0.95,75,53,0,0.5859375,0.4140625,0.0,1.5972143230329912,1.5972143230329913e-10,0.012545131764709172,6.400000000000006,6.400000000000006,0.0,106.29320722871987,106.29320722871987,0.0,0.385349177693576,0.0030105404507310626,0.582926959549269
low_height_first_10000,primary,2,256,0.1,256,0,0,1.0,0.0,0.0,0.9998353927832491,1e-10,0.7239317705855245,230.4,230.39999999999998,2.842170943040401e-14,209.69402019647677,209.69402019647674,2.842170943040401e-14,253.15056647901451,0.9888694003086504,0.011130599691349552
low_height_first_10000,primary,2,256,0.15,256,0,0,1.0,0.0,0.0,0.9997530891748736,1e-10,0.5858976558782868,217.6,217.60000000000002,2.842170943040401e-14,190.21154544207272,190.21154544207275,2.842170943040401e-14,248.93210288552098,0.9723910268965663,0.027608973103433687
low_height_first_10000,primary,2,256,0.2,256,0,0,1.0,0.0,0.0,0.9996707855664981,1e-10,0.447863541171049,204.8,204.8,0.0,173.1760807859071,173.1760807859071,0.0,242.1988060340334,0.946089086070443,0.05391091392955705
low_height_first_10000,primary,2,256,0.25,256,0,0,1.0,0.0,0.0,0.9995884819581227,1e-10,0.3098294264638113,192.0,192.0,0.0,158.58762622797983,158.58762622797983,0.0,232.45193131906552,0.9080153567150997,0.0919846432849003
low_height_first_10000,primary,2,256,0.3,256,0,0,1.0,0.0,0.0,0.9995061783497471,1e-10,0.1717953117565736,179.2,179.20000000000002,2.842170943040401e-14,146.44618176829096,146.44618176829096,0.0,219.279462340705,0.8565603997683789,0.14343960023162106
low_height_first_10000,primary,2,256,0.35,256,0,0,1.0,0.0,0.0,0.9994238747413716,1e-10,0.03376119704933589,166.4,166.39999999999998,2.842170943040401e-14,136.75174740684045,136.75174740684045,0.0,202.4760964671591,0.7909222518248402,0.20907774817515978
low_height_first_10000,primary,2,256,0.4,224,32,0,0.875,0.125,0.0,0.9993415711329962,1e-10,0.01232425053961983,153.6,153.6,0.0,129.50432314362834,129.50432314362834,0.0,182.1789375620607,0.7116364748517996,0.1633635251482004
low_height_first_10000,primary,2,256,0.45,207,49,0,0.80859375,0.19140625,0.0,0.9992592675246207,1e-10,0.0030275679296623004,140.8,140.8,0.0,124.70390897865461,124.7039089786546,1.4210854715202004e-14,158.97368544712867,0.6209909587778464,0.18760279122215362
low_height_first_10000,primary,2,256,0.5,202,54,0,0.7890625,0.2109375,0.0,0.9991769639162452,1e-10,0.011384274604392175,128.0,128.0,0.0,122.35050491191927,122.35050491191927,0.0,133.9103587009708,0.5230873386756671,0.26597516132433285
low_height_first_10000,primary,2,256,0.55,190,66,0,0.7421875,0.2578125,0.0,0.9990946603078698,1e-10,0.0029592646990576066,115.19999999999999,115.19999999999999,0.0,122.44411094342232,122.44411094342233,1.4210854715202004e-14,108.38446943464794,0.4233768337290935,0.3188106662709065
low_height_first_10000,primary,2,256,0.6,181,75,0,0.70703125,0.29296875,0.0,0.9990123566994943,1e-10,0.0074555797826858505,102.4,102.40000000000002,1.4210854715202004e-14,124.98472707316375,124.98472707316373,2.842170943040401e-14,83.89633074016982,0.32772004195378834,0.37931120804621166
low_height_first_10000,primary,2,256,0.65,178,78,0,0.6953125,0.3046875,0.0,0.9989300530911188,1e-10,0.01861633150369657,89.6,89.6,0.0,129.97235330114358,129.97235330114356,2.842170943040401e-14,61.76821297833161,0.24128208194660786,0.45403041805339217
low_height_first_10000,primary,2,256,0.7,172,84,0,0.671875,0.328125,0.0,0.9988477494827434,1e-10,0.004429010296613023,76.80000000000001,76.80000000000004,2.842170943040401e-14,137.40698962736175,137.40698962736175,0.0,42.92532727771433,0.1676770596785716,0.5041979403214284
low_height_first_10000,primary,2,256,0.75,166,90,0,0.6484375,0.3515625,0.0,1.0705117206085664,1.0705117206085665e-10,0.006870693440087949,64.0,64.0,0.0,147.28863605181834,147.28863605181837,2.842170943040401e-14,27.809341642344805,0.1086302407904094,0.5398072592095906
low_height_first_10000,primary,2,256,0.8,162,94,0,0.6328125,0.3671875,0.0,1.208545835315804,1.208545835315804e-10,0.004995188618612367,51.19999999999999,51.19999999999999,0.0,159.61729257451339,159.61729257451336,2.842170943040401e-14,16.42328320270339,0.06415345001056012,0.5686590499894398
low_height_first_10000,primary,2,256,0.85,161,95,0,0.62890625,0.37109375,0.0,1.3465799500230418,1.3465799500230418e-10,0.01806369817779263,38.400000000000006,38.400000000000034,2.842170943040401e-14,174.39295919544668,174.39295919544668,0.0,8.455387228950126,0.03302885636308643,0.5958773936369136
low_height_first_10000,primary,2,256,0.9,156,100,0,0.609375,0.390625,0.0,1.4846140647302795,1.4846140647302796e-10,0.00017942130501902298,25.599999999999994,25.60000000000001,1.4210854715202004e-14,191.61563591461845,191.61563591461845,0.0,3.4201801793044693,0.013360078825408083,0.5960149211745919
low_height_first_10000,primary,2,256,0.95,154,102,0,0.6015625,0.3984375,0.0,1.6226481794375172,1.622648179437517e-10,0.012545150357956336,12.800000000000011,12.800000000000026,1.4210854715202004e-14,211.2853227320286,211.28532273202856,2.842170943040401e-14,0.7754443038516082,0.0030290793119203446,0.5985334206880797
low_height_first_10000,primary,2,512,0.1,512,0,0,1.0,0.0,0.0,0.9998353927832491,1e-10,0.7226372409818669,460.8,460.79999999999995,5.684341886080802e-14,419.3950767865033,419.3950767865033,0.0,506.2926384996451,0.9888528095696193,0.011147190430380705
low_height_first_10000,primary,2,512,0.15,512,0,0,1.0,0.0,0.0,0.9997530891748736,1e-10,0.5839558614728002,435.2,435.2,0.0,380.43892276963237,380.43892276963237,0.0,497.8434872571832,0.9723505610491859,0.027649438950814065
low_height_first_10000,primary,2,512,0.2,512,0,0,1.0,0.0,0.0,0.9996707855664981,1e-10,0.44527448196373365,409.6,409.6,0.0,346.38030714601314,346.38030714601314,0.0,484.35825172150265,0.9460122103935599,0.05398778960644013
low_height_first_10000,primary,2,512,0.25,512,0,0,1.0,0.0,0.0,0.9995884819581227,1e-10,0.3065931024546671,384.0,384.0,0.0,317.21922991564554,317.21922991564554,0.0,464.83941102565336,0.9078894746594792,0.09211052534052078
low_height_first_10000,primary,2,512,0.3,512,0,0,1.0,0.0,0.0,0.9995061783497472,1e-10,0.16791172294560053,358.4,358.40000000000003,5.684341886080802e-14,292.9556910785295,292.9556910785296,5.684341886080802e-14,438.4641224312915,0.8563752391236162,0.14362476087638376
low_height_first_10000,primary,2,512,0.35,512,0,0,1.0,0.0,0.0,0.9994238747413717,1e-10,0.029230343436533968,332.8,332.80000000000007,5.684341886080802e-14,273.5896906346652,273.58969063466526,5.684341886080802e-14,404.8246106900882,0.7906730677540785,0.20932693224592147
low_height_first_10000,primary,2,512,0.4,445,67,0,0.869140625,0.130859375,0.0,0.9993415711329963,1e-10,0.015857692063275364,307.2,307.2,0.0,259.1212285840526,259.1212285840526,0.0,364.1995698912337,0.7113272849438158,0.1578133400561842
low_height_first_10000,primary,2,512,0.45,417,95,0,0.814453125,0.185546875,0.0,0.9992592675246208,1e-10,0.00197068990857574,281.6,281.6,0.0,249.5503049266915,249.55030492669152,2.842170943040401e-14,317.7658309145122,0.6206363885049067,0.19381673649509334
low_height_first_10000,primary,2,512,0.5,405,107,0,0.791015625,0.208984375,0.0,0.9991769639162453,1e-10,0.0012920475842455037,256.0,256.0,0.0,244.87691966258208,244.8769196625821,2.842170943040401e-14,267.62832565152564,0.522711573538136,0.268304051461864
low_height_first_10000,primary,2,512,0.55,381,131,0,0.744140625,0.255859375,0.0,0.9990946603078698,1e-10,0.0014756947038209178,230.39999999999998,230.39999999999998,0.0,245.10107279172433,245.1010727917244,5.684341886080802e-14,216.58069218288765,0.42300916441970243,0.32113146058029757
low_height_first_10000,primary,2,512,0.6,363,149,0,0.708984375,0.291015625,0.0,0.9990123566994943,1e-10,0.0014824152952543912,204.8,204.79999999999998,2.842170943040401e-14,250.2227643141182,250.22276431411825,5.684341886080802e-14,167.6227984890561,0.3273882782989377,0.3815960967010623
low_height_first_10000,primary,2,512,0.65,356,156,0,0.6953125,0.3046875,0.0,0.9989300530911188,1e-10,0.005012090427910176,179.2,179.2,0.0,260.24199422976375,260.2419942297638,5.684341886080802e-14,123.39530403247767,0.24100645318843295,0.45430604681156705
low_height_first_10000,primary,2,512,0.7,345,167,0,0.673828125,0.326171875,0.0,0.9988477494827434,1e-10,0.0044290102965508504,153.60000000000002,153.60000000000005,2.842170943040401e-14,275.1587625386609,275.15876253866094,5.684341886080802e-14,85.74308076663597,0.16746695462233588,0.5063611703776641
low_height_first_10000,primary,2,512,0.75,335,177,0,0.654296875,0.345703125,0.0,1.080220692635999,1.080220692635999e-10,0.003639622124868569,128.0,128.00000000000003,2.842170943040401e-14,294.97306924080965,294.97306924080976,1.1368683772161603e-13,55.54405370689775,0.10848447989628467,0.5458123951037154
low_height_first_10000,primary,2,512,0.8,326,186,0,0.63671875,0.36328125,0.0,1.2189020721450654,1.2189020721450655e-10,0.0016654602019048337,102.39999999999998,102.39999999999999,1.4210854715202004e-14,319.6849143362102,319.6849143362102,0.0,32.80029657255644,0.0640630792432743,0.5726556707567257
low_height_first_10000,primary,2,512,0.85,321,191,0,0.626953125,0.373046875,0.0,1.3575834516541319,1.357583451654132e-10,0.018063013855109,76.80000000000001,76.80000000000001,0.0,349.29429782486216,349.29429782486227,1.1368683772161603e-13,16.886161717296076,0.0329807846040939,0.5939723403959061
low_height_first_10000,primary,2,512,0.9,313,199,0,0.611328125,0.388671875,0.0,1.4962648311631987,1.496264831163199e-10,0.00017942127851133804,51.19999999999999,51.19999999999999,0.0,383.801219706766,383.8012197067661,1.1368683772161603e-13,6.8302023688274005,0.013340239001616017,0.597987885998384
low_height_first_10000,primary,2,512,0.95,305,207,0,0.595703125,0.404296875,0.0,1.6349462106722648,1.634946210672265e-10,0.0013839215048050413,25.600000000000023,25.599999999999994,2.842170943040401e-14,423.2056799819213,423.20567998192143,1.1368683772161603e-13,1.5485614465949442,0.0030245340753807504,0.5926785909246193
low_height_first_10000,primary,3,128,0.1,128,0,0,1.0,0.0,0.0,0.9998110601532043,1e-10,0.7215138173435779,115.2,115.19999999999999,1.4210854715202004e-14,104.84202313967,104.84202313967,0.0,126.58130397121762,0.9889164372751377,0.011083562724862328
low_height_first_10000,primary,3,128,0.15,128,0,0,1.0,0.0,0.0,0.9997165902298064,1e-10,0.5822707260153669,108.8,108.80000000000001,1.4210854715202004e-14,95.09455206425747,95.09455206425748,1.4210854715202004e-14,124.48073778192027,0.9725057639212521,0.027494236078747902
low_height_first_10000,primary,3,128,0.2,128,0,0,1.0,0.0,0.0,0.9996221203064086,1e-10,0.4430276346871558,102.4,102.4,0.0,86.56809255867996,86.56809255867996,0.0,121.12730788069814,0.9463070928179542,0.05369290718204578
low_height_first_10000,primary,3,128,0.25,128,0,0,1.0,0.0,0.0,0.9995276503830107,1e-10,0.3037845433589448,96.0,96.0,0.0,79.26264462293744,79.26264462293744,0.0,116.27166925657973,0.9083724160670291,0.09162758393297088
low_height_first_10000,primary,3,128,0.3,128,0,0,1.0,0.0,0.0,0.9994331804596128,1e-10,0.16454145203073378,89.6,89.6,0.0,73.17820825702992,73.17820825702992,0.0,109.70697686122655,0.8570857567283324,0.14291424327166757
low_height_first_10000,primary,3,128,0.35,128,0,0,1.0,0.0,0.0,0.999338710536215,1e-10,0.025298360702522782,83.2,83.2,0.0,68.3147834609574,68.3147834609574,0.0,101.32857998380588,0.7916295311234834,0.20837046887651656
low_height_first_10000,primary,3,128,0.4,113,15,0,0.8828125,0.1171875,0.0,0.9992442406128171,1e-10,0.00529259029365059,76.8,76.79999999999998,1.4210854715202004e-14,64.67237023471988,64.67237023471986,1.4210854715202004e-14,91.20185294884217,0.7125144761628295,0.17029802383717052
low_height_first_10000,primary,3,128,0.45,103,25,0,0.8046875,0.1953125,0.0,0.9991497706894192,1e-10,0.0018717159468124578,70.4,70.39999999999999,1.4210854715202004e-14,62.25096857831734,62.25096857831734,0.0,79.61578933128894,0.6219983541506948,0.18268914584930518
low_height_first_10000,primary,3,128,0.5,100,28,0,0.78125,0.21875,0.0,0.9990553007660214,1e-10,0.0004995045497092621,64.0,63.99999999999999,7.105427357601002e-15,61.0505784917498,61.0505784917498,0.0,67.09191134943171,0.5241555574174352,0.25709444258256475
low_height_first_10000,primary,3,128,0.55,95,33,0,0.7421875,0.2578125,0.0,0.9989608308426235,1e-10,0.003823665146274191,57.599999999999994,57.599999999999994,0.0,61.071199975017265,61.07119997501726,7.105427357601002e-15,54.326098084812706,0.42442264128759927,0.31776485871240073
low_height_first_10000,primary,3,128,0.6,93,35,0,0.7265625,0.2734375,0.0,0.9988663609192258,1e-10,0.023066697364734212,51.2,51.2,0.0,62.31283302811971,62.31283302811971,0.0,42.06902290603657,0.3286642414534107,0.3978982585465893
low_height_first_10000,primary,3,128,0.65,89,39,0,0.6953125,0.3046875,0.0,0.9987718909958279,1e-10,0.007137976972400706,44.8,44.79999999999999,7.105427357601002e-15,64.77547765105717,64.77547765105716,1.4210854715202004e-14,30.984565035735304,0.24206691434168207,0.45324558565831796
low_height_first_10000,primary,3,128,0.7,85,43,0,0.6640625,0.3359375,0.0,0.99867742107243,1e-10,0.016944666742044312,38.400000000000006,38.4,7.105427357601002e-15,68.4591338438296,68.4591338438296,0.0,21.539273391389923,0.16827557337023377,0.4957869266297662
low_height_first_10000,primary,3,128,0.75,84,44,0,0.65625,0.34375,0.0,1.0886463699231657,1.0886463699231657e-10,0.03840334954653657,32.0,31.999999999999993,7.105427357601002e-15,73.36380160643705,73.36380160643705,0.0,13.957837210962534,0.1090456032106448,0.5472043967893552
low_height_first_10000,primary,3,128,0.8,82,46,0,0.640625,0.359375,0.0,1.2278894612513769,1.227889461251377e-10,0.01716808319059293,25.599999999999994,25.599999999999994,0.0,79.48948093887952,79.4894809388795,2.842170943040401e-14,8.244612900465588,0.06441103828488741,0.5762139617151126
low_height_first_10000,primary,3,128,0.85,80,48,0,0.625,0.375,0.0,1.3671325525795877,1.3671325525795877e-10,0.008005255155397517,19.200000000000003,19.200000000000003,0.0,86.83617184115693,86.83617184115693,0.0,4.245235507091749,0.03316590239915429,0.5918340976008457
low_height_first_10000,primary,3,128,0.9,77,51,0,0.6015625,0.3984375,0.0,1.5063756439077989,1.506375643907799e-10,0.003972631214747446,12.799999999999997,12.79999999999999,7.105427357601002e-15,95.40387431326937,95.40387431326936,1.4210854715202004e-14,1.7173306763414327,0.013416645908917443,0.5881458540910826
low_height_first_10000,primary,3,128,0.95,75,53,0,0.5859375,0.4140625,0.0,1.6456187352360097,1.6456187352360097e-10,0.011898443820890447,6.400000000000006,6.400000000000003,2.6645352591003757e-15,105.1925883552168,105.19258835521677,2.842170943040401e-14,0.3893810451900412,0.0030420394155471968,0.5828954605844529
low_height_first_10000,primary,3,256,0.1,256,0,0,1.0,0.0,0.0,0.9998110601532043,1e-10,0.7212830237951916,230.4,230.4,0.0,209.7015340653222,209.70153406532216,2.842170943040401e-14,253.1414957768704,0.9888339678784,0.011166032121599945
low_height_first_10000,primary,3,256,0.15,256,0,0,1.0,0.0,0.0,0.9997165902298064,1e-10,0.5819245356927875,217.6,217.6,0.0,190.22845164697486,190.2284516469749,2.842170943040401e-14,248.909979501234,0.9723046074266953,0.027695392573304667
low_height_first_10000,primary,3,256,0.2,256,0,0,1.0,0.0,0.0,0.9996221203064085,1e-10,0.4425660475903832,204.8,204.8,0.0,173.20613626128866,173.2061362612887,2.842170943040401e-14,242.15677865319498,0.9459249166140429,0.05407508338595712
low_height_first_10000,primary,3,256,0.25,256,0,0,1.0,0.0,0.0,0.9995276503830106,1e-10,0.30320755948797906,192.0,192.0,0.0,158.63458790826354,158.63458790826357,2.842170943040401e-14,232.3831169865553,0.9077465507287317,0.09225344927126833
low_height_first_10000,primary,3,256,0.3,256,0,0,1.0,0.0,0.0,0.9994331804596128,1e-10,0.16384907138557492,179.2,179.2,0.0,146.51380658789952,146.51380658789952,0.0,219.17825185119554,0.8561650462937326,0.14383495370626742
low_height_first_10000,primary,3,256,0.35,256,0,0,1.0,0.0,0.0,0.9993387105362149,1e-10,0.024490583283170775,166.4,166.4,0.0,136.84379230019658,136.84379230019658,0.0,202.3399054833138,0.7903902557941945,0.20960974420580547
low_height_first_10000,primary,3,256,0.4,226,30,0,0.8828125,0.1171875,0.0,0.999244240612817,1e-10,0.005236968860242719,153.6,153.6,0.0,129.62454504515472,129.6245450451547,2.842170943040401e-14,182.00997343351438,0.7109764587246655,0.17183604127533447
low_height_first_10000,primary,3,256,0.45,207,49,0,0.80859375,0.19140625,0.0,0.9991497706894192,1e-10,0.006460899521040675,140.8,140.8,0.0,124.85606482277392,124.85606482277393,1.4210854715202004e-14,158.77995216443793,0.6202341881423357,0.18835956185766434
low_height_first_10000,primary,3,256,0.5,198,58,0,0.7734375,0.2265625,0.0,0.9990553007660213,1e-10,0.0005006031272392075,128.0,128.0,0.0,122.53835163305422,122.53835163305425,2.842170943040401e-14,133.7050791172915,0.5222854653019199,0.2511520346980801
low_height_first_10000,primary,3,256,0.55,189,67,0,0.73828125,0.26171875,0.0,0.9989608308426234,1e-10,0.0011671511862536565,115.19999999999999,115.19999999999999,0.0,122.67140547599561,122.67140547599561,0.0,108.18364677982662,0.4225923702336977,0.3156888797663023
low_height_first_10000,primary,3,256,0.6,184,72,0,0.71875,0.28125,0.0,0.9988663609192255,1e-10,0.015517141116081046,102.4,102.4,0.0,125.25522635159808,125.25522635159808,0.0,83.71514950255182,0.32701230274434306,0.39173769725565694
low_height_first_10000,primary,3,256,0.65,176,80,0,0.6875,0.3125,0.0,0.9987718909958277,1e-10,0.006456967895211774,89.6,89.6,0.0,130.28981425986163,130.28981425986166,2.842170943040401e-14,61.61771006893847,0.2406941799567909,0.4468058200432091
low_height_first_10000,primary,3,256,0.7,170,86,0,0.6640625,0.3359375,0.0,0.9986774210724298,1e-10,0.013439619480792753,76.80000000000001,76.80000000000003,1.4210854715202004e-14,137.77516920078625,137.7751692007863,5.684341886080802e-14,42.81061699444708,0.1672289726345589,0.49683352736544106
low_height_first_10000,primary,3,256,0.75,168,88,0,0.65625,0.34375,0.0,1.0903773215360628,1.0903773215360629e-10,0.0006885455505742932,64.0,64.00000000000001,1.4210854715202004e-14,147.71129117437198,147.71129117437204,5.684341886080802e-14,27.729769115379984,0.10831941060695306,0.547930589393047
low_height_first_10000,primary,3,256,0.8,164,92,0,0.640625,0.359375,0.0,1.2297358096384672,1.229735809638467e-10,0.017456217897304782,51.19999999999999,51.199999999999996,7.105427357601002e-15,160.09818018061884,160.09818018061884,0.0,16.37395251490401,0.06396075201134378,0.5766642479886562
low_height_first_10000,primary,3,256,0.85,161,95,0,0.62890625,0.37109375,0.0,1.369094297740871,1.3690942977408712e-10,0.011704496065010672,38.400000000000006,38.40000000000002,1.4210854715202004e-14,174.93583621952666,174.93583621952672,5.684341886080802e-14,8.429147691325966,0.032926358169242054,0.595979891830758
low_height_first_10000,primary,3,256,0.9,155,101,0,0.60546875,0.39453125,0.0,1.5084527858432755,1.5084527858432755e-10,0.0055504106351016436,25.599999999999994,25.600000000000023,2.842170943040401e-14,192.22425929109568,192.22425929109573,5.684341886080802e-14,3.4093511527468148,0.013317777940417245,0.5921509720595828
low_height_first_10000,primary,3,256,0.95,152,104,0,0.59375,0.40625,0.0,1.6478112739456794,1.6478112739456795e-10,0.007523706058405244,12.800000000000011,12.800000000000026,1.4210854715202004e-14,211.96344939532577,211.96344939532577,0.0,0.7729634541586834,0.003019388492807357,0.5907306115071926
low_height_first_10000,primary,3,512,0.1,512,0,0,1.0,0.0,0.0,0.9998110601532043,1e-10,0.7187295510844673,460.8,460.79999999999995,5.684341886080802e-14,419.42019279441615,419.42019279441615,0.0,506.2623203363014,0.9887935944068387,0.011206405593161328
low_height_first_10000,primary,3,512,0.15,512,0,0,1.0,0.0,0.0,0.9997165902298064,1e-10,0.5780943266267011,435.2,435.2,0.0,380.49543378743624,380.4954337874363,5.684341886080802e-14,497.7695477570639,0.9722061479630154,0.02779385203698459
low_height_first_10000,primary,3,512,0.2,512,0,0,1.0,0.0,0.0,0.9996221203064085,1e-10,0.4374591021689348,409.6,409.59999999999997,5.684341886080802e-14,346.48077117766445,346.48077117766445,0.0,484.2178093455343,0.9457379088779967,0.05426209112200331
low_height_first_10000,primary,3,512,0.25,512,0,0,1.0,0.0,0.0,0.9995276503830107,1e-10,0.29682387771116847,384.0,384.0,0.0,317.3762049651007,317.3762049651007,0.0,464.609500312774,0.9074404302983867,0.09255956970161328
low_height_first_10000,primary,3,512,0.3,512,0,0,1.0,0.0,0.0,0.9994331804596128,1e-10,0.15618865325340214,358.4,358.4,0.0,293.181735149745,293.181735149745,0.0,438.12606516702954,0.8557149710293546,0.14428502897064543
low_height_first_10000,primary,3,512,0.35,512,0,0,1.0,0.0,0.0,0.9993387105362149,1e-10,0.015553428795635926,332.8,332.8,0.0,273.8973617315974,273.8973617315974,0.0,404.36986796730787,0.7897848983736482,0.21021510162635182
low_height_first_10000,primary,3,512,0.4,449,63,0,0.876953125,0.123046875,0.0,0.9992442406128171,1e-10,0.005236968860241942,307.2,307.2,0.0,259.5230847106578,259.5230847106578,0.0,363.6356284267163,0.7102258367709303,0.16672728822906968
low_height_first_10000,primary,3,512,0.45,415,97,0,0.810546875,0.189453125,0.0,0.9991497706894192,1e-10,0.0020903515601877753,281.6,281.59999999999997,5.684341886080802e-14,250.05890408692633,250.05890408692633,0.0,317.1195214565684,0.6193740653448602,0.19117280965513983
low_height_first_10000,primary,3,512,0.5,399,113,0,0.779296875,0.220703125,0.0,0.9990553007660213,1e-10,0.0005006031270005096,256.0,255.99999999999997,2.842170943040401e-14,245.50481986040288,245.5048198604029,2.842170943040401e-14,266.9438426392793,0.5213746926548424,0.2579221823451576
low_height_first_10000,primary,3,512,0.55,377,135,0,0.736328125,0.263671875,0.0,0.9989608308426234,1e-10,0.0011671485246697033,230.39999999999998,230.39999999999995,2.842170943040401e-14,245.86083203108745,245.8608320310875,5.684341886080802e-14,215.91141444314258,0.42170198133426284,0.31462614366573716
low_height_first_10000,primary,3,512,0.6,368,144,0,0.71875,0.28125,0.0,0.9988663609192256,1e-10,0.01330032678143378,204.8,204.79999999999998,2.842170943040401e-14,251.12694059898013,251.12694059898018,5.684341886080802e-14,167.01927678471606,0.32620952497014855,0.39254047502985145
low_height_first_10000,primary,3,512,0.65,355,157,0,0.693359375,0.306640625,0.0,0.9987718909958277,1e-10,0.0010828947728227512,179.2,179.19999999999996,2.842170943040401e-14,261.30314556408086,261.3031455640809,5.684341886080802e-14,122.89419605216666,0.240027726664388,0.453331648335612
low_height_first_10000,primary,3,512,0.7,342,170,0,0.66796875,0.33203125,0.0,0.9986774210724298,1e-10,0.0134381780533388,153.60000000000002,153.59999999999997,5.684341886080802e-14,276.3894469263896,276.38944692638967,5.684341886080802e-14,85.36129096956255,0.16672127142492685,0.5012474785750731
low_height_first_10000,primary,3,512,0.75,337,175,0,0.658203125,0.341796875,0.0,1.1095283668664946,1.1095283668664946e-10,0.0006884802599599338,128.0,127.99999999999996,4.263256414560601e-14,296.3858446859065,296.3858446859066,1.1368683772161603e-13,55.27929317057253,0.10796736947377447,0.5502357555262255
low_height_first_10000,primary,3,512,0.8,328,184,0,0.640625,0.359375,0.0,1.2501635913242608,1.2501635913242608e-10,0.003005360707586724,102.39999999999998,102.39999999999992,5.684341886080802e-14,321.29233884263147,321.29233884263147,0.0,32.63619679750878,0.06374257187013434,0.5768824281298657
low_height_first_10000,primary,3,512,0.85,318,194,0,0.62109375,0.37890625,0.0,1.390798815782027,1.3907988157820271e-10,0.003345844113203267,76.80000000000001,76.79999999999998,2.842170943040401e-14,351.10892939656424,351.10892939656446,2.2737367544323206e-13,16.798889194122896,0.03281033045727128,0.5882834195427287
low_height_first_10000,primary,3,512,0.9,309,203,0,0.603515625,0.396484375,0.0,1.5314340402397937,1.5314340402397937e-10,0.0008621880150209149,51.19999999999999,51.19999999999996,2.842170943040401e-14,385.83561634770535,385.83561634770547,1.1368683772161603e-13,6.794188739791256,0.013269899882404797,0.5902457251175952
low_height_first_10000,primary,3,512,0.95,303,209,0,0.591796875,0.408203125,0.0,1.67206926469756,1.67206926469756e-10,0.00678820100951083,25.600000000000023,25.599999999999966,5.684341886080802e-14,425.47239969605437,425.4723996960545,1.1368683772161603e-13,1.5403114290566722,0.003008420759876313,0.5887884542401237
low_height_first_10000,primary,4,128,0.1,128,0,0,1.0,0.0,0.0,0.9995046320868191,1e-10,0.71648348951252,115.2,115.19999999999999,1.4210854715202004e-14,104.84431459473612,104.84431459473612,0.0,126.57853743712961,0.9888948237275751,0.01110517627242491
low_height_first_10000,primary,4,128,0.15,128,0,0,1.0,0.0,0.0,0.9992569481302286,1e-10,0.5747252342687801,108.8,108.8,0.0,95.09970783815626,95.09970783815626,0.0,124.47398913301957,0.9724530401017154,0.027546959898284595
low_height_first_10000,primary,4,128,0.2,128,0,0,1.0,0.0,0.0,0.9990092641736382,1e-10,0.4329669790250401,102.4,102.39999999999999,1.4210854715202004e-14,86.57725837894448,86.57725837894446,1.4210854715202004e-14,121.11448429221836,0.946206908532956,0.05379309146704403
low_height_first_10000,primary,4,128,0.25,128,0,0,1.0,0.0,0.0,0.9987615802170478,1e-10,0.29120872378130014,96.0,96.0,0.0,79.27696621710074,79.27696621710075,1.4210854715202004e-14,116.25066447121469,0.9082083161813648,0.09179168381863523
low_height_first_10000,primary,4,128,0.3,128,0,0,1.0,0.0,0.0,0.9985138962604573,1e-10,0.14945046853756017,89.6,89.6,0.0,73.19883135262506,73.19883135262506,0.0,109.67606793236178,0.8568442807215764,0.14315571927842363
low_height_first_10000,primary,4,128,0.35,128,0,0,1.0,0.0,0.0,0.9982662123038668,1e-10,0.007692213293820305,83.2,83.2,0.0,68.34285378551746,68.34285378551745,1.4210854715202004e-14,101.28696149745642,0.7913043866988783,0.20869561330112174
low_height_first_10000,primary,4,128,0.4,114,14,0,0.890625,0.109375,0.0,0.9980185283472763,1e-10,0.014720643371401443,76.8,76.8,0.0,64.70903351577789,64.70903351577789,0.0,91.15017918729758,0.7121107749007624,0.17851422509923764
low_height_first_10000,primary,4,128,0.45,106,22,0,0.828125,0.171875,0.0,0.9977708443906859,1e-10,0.005304755087478408,70.4,70.39999999999998,2.842170943040401e-14,62.2973705434064,62.2973705434064,0.0,79.55648780628293,0.6215350609865854,0.2065899390134146
low_height_first_10000,primary,4,128,0.5,99,29,0,0.7734375,0.2265625,0.0,0.9975231604340954,1e-10,0.0115738158264298,64.0,63.999999999999986,1.4210854715202004e-14,61.10786486840296,61.107864868402956,7.105427357601002e-15,67.02901514920902,0.5236641808531954,0.24977331914680456
low_height_first_10000,primary,4,128,0.55,95,33,0,0.7421875,0.2578125,0.0,0.9972754764775049,1e-10,0.0078391683604222,57.599999999999994,57.59999999999998,1.4210854715202004e-14,61.14051649076758,61.14051649076758,0.0,54.26450724375206,0.42394146284181294,0.31824603715818706
low_height_first_10000,primary,4,128,0.6,94,34,0,0.734375,0.265625,0.0,0.9970277925209146,1e-10,0.0010416741591475764,51.2,51.2,0.0,62.39532541050026,62.39532541050026,0.0,42.0134037726943,0.32822971697417425,0.40614528302582575
low_height_first_10000,primary,4,128,0.65,86,42,0,0.671875,0.328125,0.0,0.9967801085643241,1e-10,0.02720623009582157,44.8,44.79999999999999,7.105427357601002e-15,64.87229162760102,64.87229162760099,2.842170943040401e-14,30.93832435458578,0.2417056590202014,0.4301693409797986
low_height_first_10000,primary,4,128,0.7,85,43,0,0.6640625,0.3359375,0.0,0.9965324246077336,1e-10,0.006317412849127901,38.400000000000006,38.4,7.105427357601002e-15,68.57141514206981,68.5714151420698,1.4210854715202004e-14,21.50400421144774,0.16800003290193546,0.49606246709806456
low_height_first_10000,primary,4,128,0.75,83,45,0,0.6484375,0.3515625,0.0,1.1263738286560994,1.1263738286560994e-10,0.03189098963470127,32.0,31.999999999999996,3.552713678800501e-15,73.49269595390666,73.49269595390666,0.0,13.9333574133984,0.108854354792175,0.539583145207825
low_height_first_10000,primary,4,128,0.8,81,47,0,0.6328125,0.3671875,0.0,1.2681320838998396,1.2681320838998396e-10,0.004174039166814136,25.599999999999994,25.599999999999987,7.105427357601002e-15,79.6361340631116,79.63613406311158,1.4210854715202004e-14,8.229430116241293,0.0642924227831351,0.5685200772168649
low_height_first_10000,primary,4,128,0.85,80,48,0,0.625,0.375,0.0,1.4098903391435793,1.4098903391435793e-10,0.02398200574780096,19.200000000000003,19.199999999999996,7.105427357601002e-15,87.00172946968456,87.00172946968456,0.0,4.237157149024852,0.033102790226756655,0.5918972097732433
low_height_first_10000,primary,4,128,0.9,77,51,0,0.6015625,0.3984375,0.0,1.5516485943873195,1.5516485943873195e-10,0.00013955078049932013,12.799999999999997,12.799999999999994,3.552713678800501e-15,95.58948217362561,95.58948217362561,0.0,1.713996103696914,0.01339059456013214,0.5881719054398679
low_height_first_10000,primary,4,128,0.95,77,51,0,0.6015625,0.3984375,0.0,1.6934068496310593,1.6934068496310594e-10,0.035923929895407825,6.400000000000006,6.4,5.329070518200751e-15,105.39939217493469,105.39939217493469,0.0,0.38861704185179236,0.0030360706394671278,0.5985264293605329
low_height_first_10000,primary,4,256,0.1,256,0,0,1.0,0.0,0.0,0.9995046320868192,1e-10,0.7164834895125198,230.4,230.39999999999998,2.842170943040401e-14,209.69569868601343,209.69569868601343,0.0,253.14854015906758,0.9888614849963577,0.011138515003642269
low_height_first_10000,primary,4,256,0.15,256,0,0,1.0,0.0,0.0,0.9992569481302288,1e-10,0.5747252342687797,217.6,217.6,0.0,190.2153220435302,190.2153220435302,0.0,248.92716050058337,0.9723717207054038,0.027628279294596214
low_height_first_10000,primary,4,256,0.2,256,0,0,1.0,0.0,0.0,0.9990092641736383,1e-10,0.43296697902503967,204.8,204.8,0.0,173.1827947440537,173.1827947440537,0.0,242.18941646014832,0.9460524080474544,0.053947591952545615
low_height_first_10000,primary,4,256,0.25,256,0,0,1.0,0.0,0.0,0.998761580217048,1e-10,0.2912087237812996,192.0,192.0,0.0,158.5981167875839,158.5981167875839,0.0,232.4365556583075,0.9079552955402637,0.09204470445973634
low_height_first_10000,primary,4,256,0.3,256,0,0,1.0,0.0,0.0,0.9985138962604575,1e-10,0.1494504685375595,179.2,179.20000000000002,2.842170943040401e-14,146.46128817412082,146.46128817412082,0.0,219.2568452752021,0.8564720518562582,0.1435279481437418
low_height_first_10000,primary,4,256,0.35,256,0,0,1.0,0.0,0.0,0.9982662123038671,1e-10,0.0076922132938195276,166.4,166.4,0.0,136.77230890366445,136.77230890366445,0.0,202.44565747224985,0.790803349500976,0.20919665049902403
low_height_first_10000,primary,4,256,0.4,227,29,0,0.88671875,0.11328125,0.0,0.9980185283472767,1e-10,0.010358636388966502,153.6,153.60000000000002,2.842170943040401e-14,129.5311789762148,129.53117897621482,2.842170943040401e-14,182.14116621552765,0.7114889305294049,0.17522981947059513
low_height_first_10000,primary,4,256,0.45,210,46,0,0.8203125,0.1796875,0.0,0.9977708443906863,1e-10,0.024820907087490296,140.8,140.79999999999998,2.842170943040401e-14,124.73789839177185,124.73789839177186,1.4210854715202004e-14,158.93036723879666,0.6208217470265495,0.19949075297345054
low_height_first_10000,primary,4,256,0.5,200,56,0,0.78125,0.21875,0.0,0.9975231604340958,1e-10,0.005509008822892403,128.0,128.0,0.0,122.39246715033562,122.39246715033563,1.4210854715202004e-14,133.86444755521927,0.5229079982625753,0.2583420017374247
low_height_first_10000,primary,4,256,0.55,189,67,0,0.73828125,0.26171875,0.0,0.9972754764775055,1e-10,0.007839084154607434,115.19999999999999,115.19999999999999,0.0,122.49488525190611,122.49488525190611,0.0,108.33954391408754,0.42320134341440446,0.31507990658559554
low_height_first_10000,primary,4,256,0.6,185,71,0,0.72265625,0.27734375,0.0,0.9970277925209151,1e-10,0.0020124689320524247,102.4,102.40000000000002,1.4210854715202004e-14,125.04515269648329,125.04515269648331,2.842170943040401e-14,83.855789479914,0.32756167765591404,0.39509457234408596
low_height_first_10000,primary,4,256,0.65,176,80,0,0.6875,0.3125,0.0,0.9967801085643246,1e-10,0.0032690190379449646,89.6,89.60000000000001,1.4210854715202004e-14,130.0432694840672,130.04326948406722,2.842170943040401e-14,61.734529067523965,0.2411505041700155,0.4463494958299845
low_height_first_10000,primary,4,256,0.7,172,84,0,0.671875,0.328125,0.0,0.9965324246077343,1e-10,0.0044076456206106895,76.80000000000001,76.80000000000001,0.0,137.48923561465782,137.48923561465784,2.842170943040401e-14,42.8996493698681,0.16757675535104727,0.5042982446489528
low_height_first_10000,primary,4,256,0.75,167,89,0,0.65234375,0.34765625,0.0,1.1263738286561011,1.1263738286561012e-10,0.009490794102335665,64.0,64.0,0.0,147.38305108825512,147.38305108825517,5.684341886080802e-14,27.791526703754123,0.10856065118653954,0.5437830988134604
low_height_first_10000,primary,4,256,0.8,162,94,0,0.6328125,0.3671875,0.0,1.2681320838998413,1.2681320838998414e-10,0.010037868084816326,51.19999999999999,51.2,1.4210854715202004e-14,159.72471590485924,159.72471590485924,0.0,16.41223767498495,0.06411030341790996,0.56870219658209
low_height_first_10000,primary,4,256,0.85,160,96,0,0.625,0.375,0.0,1.4098903391435815,1.4098903391435816e-10,0.002473340465571905,38.400000000000006,38.400000000000006,0.0,174.51423006446993,174.51423006446998,5.684341886080802e-14,8.44951153527859,0.033005904434681994,0.591994095565318
low_height_first_10000,primary,4,256,0.9,154,102,0,0.6015625,0.3984375,0.0,1.5516485943873217,1.5516485943873218e-10,0.00013954250640169086,25.599999999999994,25.60000000000001,1.4210854715202004e-14,191.7515935670874,191.75159356708747,5.684341886080802e-14,3.4177551685937426,0.013350606127319307,0.5882118938726807
low_height_first_10000,primary,4,256,0.95,154,102,0,0.6015625,0.3984375,0.0,1.6934068496310615,1.6934068496310615e-10,0.0359217968205674,12.800000000000011,12.800000000000011,0.0,211.43680641271158,211.43680641271163,5.684341886080802e-14,0.7748887375842914,0.0030269091311886384,0.5985355908688114
low_height_first_10000,primary,4,512,0.1,512,0,0,1.0,0.0,0.0,0.9997112012301734,1e-10,0.71648348951252,460.8,460.79999999999995,5.684341886080802e-14,419.41472947061425,419.41472947061425,0.0,506.26891494252374,0.9888064744971167,0.011193525502883328
low_height_first_10000,primary,4,512,0.15,512,0,0,1.0,0.0,0.0,0.99956680184526,1e-10,0.5747252342687801,435.2,435.2,0.0,380.483141308882,380.483141308882,0.0,497.78562947219507,0.972237557562881,0.027762442437119006
low_height_first_10000,primary,4,512,0.2,512,0,0,1.0,0.0,0.0,0.9994224024603467,1e-10,0.4329669790250402,409.6,409.59999999999997,5.684341886080802e-14,346.4589178824569,346.4589178824569,0.0,484.2483519414561,0.9457975623856565,0.05420243761434351
low_height_first_10000,primary,4,512,0.25,512,0,0,1.0,0.0,0.0,0.9992780030754335,1e-10,0.29120872378130025,384.0,384.0,0.0,317.34205919133893,317.34205919133893,0.0,464.65949195562683,0.9075380702258337,0.09246192977416634
low_height_first_10000,primary,4,512,0.3,512,0,0,1.0,0.0,0.0,0.9991336036905202,1e-10,0.14945046853756028,358.4,358.4,0.0,293.1325652355281,293.13256523552803,5.684341886080802e-14,438.1995562205505,0.8558585082432627,0.1441414917567373
low_height_first_10000,primary,4,512,0.35,512,0,0,1.0,0.0,0.0,0.9989892043056068,1e-10,0.007692213293820416,332.8,332.8,0.0,273.8304360150243,273.8304360150243,0.0,404.4686982637794,0.7899779262964441,0.21002207370355586
low_height_first_10000,primary,4,512,0.4,454,58,0,0.88671875,0.11328125,0.0,0.9988448049206935,1e-10,0.004070829548109556,307.2,307.2,0.0,259.4356715298277,259.4356715298276,1.1368683772161603e-13,363.75815030952646,0.7104651373232939,0.17625361267670614
low_height_first_10000,primary,4,512,0.45,419,93,0,0.818359375,0.181640625,0.0,0.9987004055357802,1e-10,0.015692360794526516,281.6,281.59999999999997,5.684341886080802e-14,249.94827177993812,249.94827177993807,5.684341886080802e-14,317.2598851566248,0.6196482131965328,0.19871116180346715
low_height_first_10000,primary,4,512,0.5,398,114,0,0.77734375,0.22265625,0.0,0.9985560061508669,1e-10,0.005508437357426121,256.0,256.0,0.0,245.3682367653557,245.36823676535568,2.842170943040401e-14,267.0924356956264,0.5216649134680204,0.25567883653197965
low_height_first_10000,primary,4,512,0.55,378,134,0,0.73828125,0.26171875,0.0,0.9984116067659535,1e-10,0.0013201618572056262,230.39999999999998,230.39999999999998,0.0,245.6955664860804,245.69556648608034,5.684341886080802e-14,216.05664586954364,0.42198563646395243,0.31629561353604757
low_height_first_10000,primary,4,512,0.6,371,141,0,0.724609375,0.275390625,0.0,0.9982672073810402,1e-10,0.002012462877834076,204.8,204.8,0.0,250.93026094211223,250.93026094211214,8.526512829121202e-14,167.1501868388682,0.32646520866966444,0.39814416633033556
low_height_first_10000,primary,4,512,0.65,352,160,0,0.6875,0.3125,0.0,0.998122807996127,1e-10,0.0032700562100269615,179.2,179.2,0.0,261.07232013345117,261.07232013345106,1.1368683772161603e-13,123.00285217362423,0.24023994565160983,0.44726005434839017
low_height_first_10000,primary,4,512,0.7,345,167,0,0.673828125,0.326171875,0.0,0.9979784086112137,1e-10,0.002219642132487709,153.60000000000002,153.60000000000002,0.0,276.12174406009717,276.12174406009706,1.1368683772161603e-13,85.4440496177116,0.16688290940959297,0.5069452155904071
low_height_first_10000,primary,4,512,0.75,335,177,0,0.654296875,0.345703125,0.0,1.1263738286560994,1.1263738286560994e-10,0.00434744579983759,128.0,127.99999999999997,2.842170943040401e-14,296.07853272205034,296.0785327220502,1.1368683772161603e-13,55.33666979963322,0.10807943320240863,0.5462174417975914
low_height_first_10000,primary,4,512,0.8,325,187,0,0.634765625,0.365234375,0.0,1.2681320838998391,1.268132083899839e-10,0.004797865452355721,102.39999999999998,102.39999999999996,1.4210854715202004e-14,320.9426861193107,320.94268611931045,2.2737367544323206e-13,32.67175247639669,0.06381201655546229,0.5709536084445377
low_height_first_10000,primary,4,512,0.85,319,193,0,0.623046875,0.376953125,0.0,1.4098903391435793,1.4098903391435793e-10,0.001480928361014655,76.80000000000001,76.80000000000001,0.0,350.71420425187796,350.7142042518778,1.7053025658242404e-13,16.81779616705792,0.032847258138785,0.590199616861215
low_height_first_10000,primary,4,512,0.9,310,202,0,0.60546875,0.39453125,0.0,1.551648594387319,1.5516485943873192e-10,0.00013954250640479948,51.19999999999999,51.19999999999999,0.0,385.3930871197525,385.3930871197523,2.2737367544323206e-13,6.801990195494719,0.013285137100575623,0.5921836128994243
low_height_first_10000,primary,4,512,0.95,308,204,0,0.6015625,0.3984375,0.0,1.6934068496310588,1.693406849631059e-10,0.002468082805828997,25.600000000000023,25.599999999999994,2.842170943040401e-14,424.97933472293414,424.97933472293386,2.8421709430404007e-13,1.5420985126894793,0.0030119111575966392,0.5985505888424033
low_height_first_10000,primary,5,128,0.1,128,0,0,1.0,0.0,0.0,0.9991264908545813,1e-10,0.7203346050227097,115.2,115.2,0.0,104.85280767969502,104.85280767969502,0.0,126.56828456649872,0.9888147231757712,0.011185276824228763
low_height_first_10000,primary,5,128,0.15,128,0,0,1.0,0.0,0.0,0.998689736281872,1e-10,0.5805019075340647,108.8,108.8,0.0,95.11881727931377,95.11881727931377,0.0,124.4489822159971,0.9722576735624774,0.027742326437522613
low_height_first_10000,primary,5,128,0.2,128,0,0,1.0,0.0,0.0,0.9982529817091627,1e-10,0.4406692100454196,102.4,102.39999999999999,1.4210854715202004e-14,86.61123071878005,86.61123071878005,0.0,121.06697841584138,0.9458357688737608,0.05416423112623925
low_height_first_10000,primary,5,128,0.25,128,0,0,1.0,0.0,0.0,0.9978162271364533,1e-10,0.30083651255677446,96.0,95.99999999999999,1.4210854715202004e-14,79.33004799809383,79.33004799809382,1.4210854715202004e-14,116.17287815357739,0.9076006105748233,0.09239938942517667
low_height_first_10000,primary,5,128,0.3,128,0,0,1.0,0.0,0.0,0.9973794725637439,1e-10,0.16100381506812933,89.6,89.6,0.0,73.27526911725512,73.2752691172551,1.4210854715202004e-14,109.56165834278048,0.8559504558029725,0.14404954419702753
low_height_first_10000,primary,5,128,0.35,128,0,0,1.0,0.0,0.0,0.9969427179910346,1e-10,0.02117111757948431,83.2,83.19999999999999,1.4210854715202004e-14,68.44689407626392,68.44689407626392,0.0,101.13300381880296,0.7901015923343981,0.20989840766560186
low_height_first_10000,primary,5,128,0.4,115,13,0,0.8984375,0.1015625,0.0,0.9965059634183253,1e-10,0.003308104496340225,76.8,76.79999999999998,1.4210854715202004e-14,64.8449228751202,64.8449228751202,0.0,90.95916439532147,0.710618471838449,0.18781902816155105
low_height_first_10000,primary,5,128,0.45,104,24,0,0.8125,0.1875,0.0,0.996069208845616,1e-10,0.00711050310698913,70.4,70.39999999999999,1.4210854715202004e-14,62.46935551382401,62.46935551382402,7.105427357601002e-15,79.33746009118404,0.6198239069623753,0.19267609303762467
low_height_first_10000,primary,5,128,0.5,99,29,0,0.7734375,0.2265625,0.0,0.9956324542729066,1e-10,0.00401143501049217,64.0,64.0,0.0,61.32019199237533,61.32019199237533,0.0,66.79692067026315,0.5218509427364308,0.25158655726356915
low_height_first_10000,primary,5,128,0.55,96,32,0,0.75,0.25,0.0,0.9951956997001973,1e-10,0.013505279944768356,57.599999999999994,57.599999999999994,0.0,61.39743231077415,61.39743231077416,7.105427357601002e-15,54.03743894706476,0.4221674917739434,0.3278325082260566
low_height_first_10000,primary,5,128,0.6,92,36,0,0.71875,0.28125,0.0,0.994758945127488,1e-10,0.008663574961689569,51.2,51.199999999999996,7.105427357601002e-15,62.70107646902048,62.70107646902048,0.0,41.80853260621784,0.32662916098607686,0.39212083901392314
low_height_first_10000,primary,5,128,0.65,89,39,0,0.6953125,0.3046875,0.0,0.9943221905547787,1e-10,0.034141143801747376,44.8,44.8,0.0,65.23112446711431,65.23112446711431,0.0,30.768134328449772,0.24037604944101384,0.4549364505589861
low_height_first_10000,primary,5,128,0.7,88,40,0,0.6875,0.3125,0.0,0.9938854359820692,1e-10,0.01435776121202792,38.400000000000006,38.4,7.105427357601002e-15,68.98757630505564,68.98757630505564,0.0,21.3742832981935,0.16698658826713672,0.5205134117328633
low_height_first_10000,primary,5,128,0.75,84,44,0,0.65625,0.34375,0.0,1.0974904623296764,1.0974904623296764e-10,0.011451565909617045,32.0,31.999999999999986,1.4210854715202004e-14,73.9704319828445,73.9704319828445,0.0,13.843369202406306,0.10815132189379927,0.5480986781062007
low_height_first_10000,primary,5,128,0.8,81,47,0,0.6328125,0.3671875,0.0,1.2373231598183216,1.2373231598183218e-10,0.013918350895622655,25.599999999999994,25.59999999999999,3.552713678800501e-15,80.17969150048086,80.17969150048086,0.0,8.173640827691004,0.06385656896633597,0.568955931033664
low_height_first_10000,primary,5,128,0.85,79,49,0,0.6171875,0.3828125,0.0,1.3771558573069669,1.3771558573069668e-10,0.01564394039351802,19.200000000000003,19.199999999999992,1.0658141036401503e-14,87.61535485796469,87.6153548579647,1.4210854715202004e-14,4.20748167484582,0.032870950584732966,0.584316549415267
low_height_first_10000,primary,5,128,0.9,76,52,0,0.59375,0.40625,0.0,1.5169885547956121,1.516988554795612e-10,0.005008799859005153,12.799999999999997,12.79999999999999,7.105427357601002e-15,96.27742205529606,96.27742205529609,2.842170943040401e-14,1.701748930355654,0.013294913518403548,0.5804550864815965
low_height_first_10000,primary,5,128,0.95,75,53,0,0.5859375,0.4140625,0.0,1.656821252284257,1.656821252284257e-10,0.013955526367145143,6.400000000000006,6.399999999999995,1.0658141036401503e-14,106.16589309247493,106.16589309247495,1.4210854715202004e-14,0.38581128841747886,0.0030141506907615536,0.5829233493092384
low_height_first_10000,primary,5,256,0.1,256,0,0,1.0,0.0,0.0,0.9991616636334517,1e-10,0.7203346049818489,230.4,230.39999999999998,2.842170943040401e-14,209.71190744094972,209.7119074409497,2.842170943040401e-14,253.12897416159996,0.9887850553187498,0.011214944681250172
low_height_first_10000,primary,5,256,0.15,256,0,0,1.0,0.0,0.0,0.9987424954501775,1e-10,0.5805019074727733,217.6,217.59999999999997,2.842170943040401e-14,190.2517917421368,190.2517917421368,0.0,248.87944321794797,0.9721853250701092,0.02781467492989076
low_height_first_10000,primary,5,256,0.2,256,0,0,1.0,0.0,0.0,0.9983233272669033,1e-10,0.44066920996369763,204.8,204.8,0.0,173.24762976379876,173.24762976379876,0.0,242.09878113301775,0.9456983638008506,0.054301636199149406
low_height_first_10000,primary,5,256,0.25,256,0,0,1.0,0.0,0.0,0.9979041590836292,1e-10,0.30083651245462206,192.0,191.99999999999997,2.842170943040401e-14,158.69942150593556,158.69942150593556,0.0,232.2881813316581,0.9073757083267895,0.09262429167321051
low_height_first_10000,primary,5,256,0.3,256,0,0,1.0,0.0,0.0,0.997484990900355,1e-10,0.1610038149455465,179.2,179.2,0.0,146.60716696854723,146.60716696854723,0.0,219.03867774001367,0.8556198349219284,0.1443801650780716
low_height_first_10000,primary,5,256,0.35,256,0,0,1.0,0.0,0.0,0.9970658227170809,1e-10,0.021171117436470932,166.4,166.39999999999998,2.842170943040401e-14,136.97086615163371,136.9708661516337,2.842170943040401e-14,202.1521859206681,0.7896569762526098,0.21034302374739022
low_height_first_10000,primary,5,256,0.4,227,29,0,0.88671875,0.11328125,0.0,0.9966466545338066,1e-10,0.003308104496384079,153.6,153.59999999999997,2.842170943040401e-14,129.79051905519506,129.79051905519503,2.842170943040401e-14,181.77722203242593,0.7100672735641638,0.17665147643583623
low_height_first_10000,primary,5,256,0.45,210,46,0,0.8203125,0.1796875,0.0,0.9962274863505325,1e-10,0.007430727240838042,140.8,140.8,0.0,125.06612567923125,125.06612567923122,2.842170943040401e-14,158.51326562114912,0.6191924438326137,0.20112005616738626
low_height_first_10000,primary,5,256,0.5,198,58,0,0.7734375,0.2265625,0.0,0.9958083181672583,1e-10,0.003942158719282274,128.0,128.0,0.0,122.79768602374227,122.79768602374226,1.4210854715202004e-14,133.42270958454577,0.5211824593146319,0.2522550406853681
low_height_first_10000,primary,5,256,0.55,192,64,0,0.75,0.25,0.0,0.9953891499839842,1e-10,0.01350407073591664,115.19999999999999,115.19999999999997,1.4210854715202004e-14,122.98520008872816,122.98520008872813,2.842170943040401e-14,107.9076180745777,0.42151413310381913,0.32848586689618087
low_height_first_10000,primary,5,256,0.6,183,73,0,0.71484375,0.28515625,0.0,0.9949699818007101,1e-10,0.008663575063885487,102.4,102.39999999999998,2.842170943040401e-14,125.62866787418886,125.62866787418886,0.0,83.46629935215896,0.3260402318443709,0.3888035181556291
low_height_first_10000,primary,5,256,0.65,176,80,0,0.6875,0.3125,0.0,0.9945508136174358,1e-10,0.00864865722123187,89.6,89.59999999999997,2.842170943040401e-14,130.72808938012446,130.7280893801244,5.684341886080802e-14,61.41113235929063,0.23988723577847904,0.44761276422152096
low_height_first_10000,primary,5,256,0.7,174,82,0,0.6796875,0.3203125,0.0,0.9941316454341617,1e-10,0.005420235093280601,76.80000000000001,76.79999999999998,2.842170943040401e-14,138.28346460653484,138.28346460653484,0.0,42.65325588118993,0.16661428078589816,0.5130732192141019
low_height_first_10000,primary,5,256,0.75,166,90,0,0.6484375,0.3515625,0.0,1.097490462636134,1.097490462636134e-10,0.0015671085437469756,64.0,63.999999999999986,1.4210854715202004e-14,148.2947935534201,148.2947935534201,0.0,27.620659511046835,0.1078932012150267,0.5405442987849733
low_height_first_10000,primary,5,256,0.8,161,95,0,0.62890625,0.37109375,0.0,1.2373231601452095,1.2373231601452096e-10,0.014759295083692558,51.19999999999999,51.19999999999997,2.1316282072803006e-14,160.76207622078027,160.76207622078022,5.684341886080802e-14,16.306333319556547,0.06369661452951776,0.5652096354704822
low_height_first_10000,primary,5,256,0.85,159,97,0,0.62109375,0.37890625,0.0,1.377155857654285,1.377155857654285e-10,0.0026419052787612918,38.400000000000006,38.39999999999998,2.842170943040401e-14,175.68531260861516,175.68531260861513,2.842170943040401e-14,8.393188810751456,0.032785893791997874,0.5883078562080021
low_height_first_10000,primary,5,256,0.9,155,101,0,0.60546875,0.39453125,0.0,1.5169885551633606,1.5169885551633606e-10,0.005248627742428402,25.599999999999994,25.599999999999966,2.842170943040401e-14,193.064502716925,193.06450271692495,5.684341886080802e-14,3.3945131848546053,0.013259817128338302,0.5922089328716617
low_height_first_10000,primary,5,256,0.95,152,104,0,0.59375,0.40625,0.0,1.6568212526724362,1.6568212526724362e-10,0.013985966481014911,12.800000000000011,12.799999999999997,1.4210854715202004e-14,212.89964654570963,212.89964654570957,5.684341886080802e-14,0.7695644528222539,0.0030061111438369295,0.590743888856163
low_height_first_10000,primary,5,512,0.1,512,0,0,1.0,0.0,0.0,0.9995866217416527,1e-10,0.7170197997376282,460.8,460.8,0.0,419.40915184176754,419.40915184176754,0.0,506.2756477000036,0.9888196244140696,0.011180375585930435
low_height_first_10000,primary,5,512,0.15,512,0,0,1.0,0.0,0.0,0.999379932612479,1e-10,0.5755296996064423,435.2,435.20000000000005,5.684341886080802e-14,380.4705916439769,380.47059164397695,5.684341886080802e-14,497.80204872504055,0.9722696264160948,0.027730373583905177
low_height_first_10000,primary,5,512,0.2,512,0,0,1.0,0.0,0.0,0.9991732434833054,1e-10,0.4340395994752563,409.6,409.6,0.0,346.43660736707005,346.43660736707005,0.0,484.2795375323472,0.9458584717428656,0.054141528257134364
low_height_first_10000,primary,5,512,0.25,512,0,0,1.0,0.0,0.0,0.9989665543541318,1e-10,0.2925494993440704,384.0,384.0,0.0,317.307199011047,317.3071990110469,5.684341886080802e-14,464.7105406356266,0.9076377746789582,0.09236222532104177
low_height_first_10000,primary,5,512,0.3,512,0,0,1.0,0.0,0.0,0.9987598652249582,1e-10,0.15105939921288447,358.4,358.4,0.0,293.0823665759076,293.0823665759076,0.0,438.2746103107217,0.8560050982631283,0.14399490173687168
low_height_first_10000,primary,5,512,0.35,512,0,0,1.0,0.0,0.0,0.9985531760957845,1e-10,0.009569299081698568,332.8,332.8,0.0,273.76211006165204,273.76211006165204,0.0,404.569646161251,0.7901750901586934,0.20982490984130664
low_height_first_10000,primary,5,512,0.4,453,59,0,0.884765625,0.115234375,0.0,0.9983464869666109,1e-10,0.0033081044963872985,307.2,307.2,0.0,259.34642946828023,259.3464294682802,5.684341886080802e-14,363.88332082876155,0.7107096109936749,0.1740560140063251
low_height_first_10000,primary,5,512,0.45,421,91,0,0.822265625,0.177734375,0.0,0.9981397978374372,1e-10,0.0013977002325964438,281.6,281.6,0.0,249.83532479579216,249.83532479579208,8.526512829121202e-14,317.4033138220796,0.6199283473087492,0.20233727769125076
low_height_first_10000,primary,5,512,0.5,395,117,0,0.771484375,0.228515625,0.0,0.9979331087082636,1e-10,0.0022930377804228907,256.0,256.0,0.0,245.22879604418785,245.22879604418782,2.842170943040401e-14,267.2443084057349,0.521961539854951,0.24952283514504903
low_height_first_10000,primary,5,512,0.55,383,129,0,0.748046875,0.251953125,0.0,0.9977264195790899,1e-10,0.0026085001214526393,230.39999999999998,230.39999999999998,0.0,245.52684321346732,245.52684321346723,8.526512829121202e-14,216.20511755550598,0.4222756202255976,0.3257712547744024
low_height_first_10000,primary,5,512,0.6,366,146,0,0.71484375,0.28515625,0.0,0.9975197304499163,1e-10,0.005188404527421531,204.8,204.79999999999998,2.842170943040401e-14,250.7294663036305,250.72946630363043,5.684341886080802e-14,167.2840476962826,0.326726655656802,0.388117094343198
low_height_first_10000,primary,5,512,0.65,355,157,0,0.693359375,0.306640625,0.0,0.9973130413207426,1e-10,0.008648565480442238,179.2,179.2,0.0,260.8366653146775,260.83666531467736,1.1368683772161603e-13,123.11398001219959,0.24045699221132733,0.4529023827886727
low_height_first_10000,primary,5,512,0.7,345,167,0,0.673828125,0.326171875,0.0,0.997106352191569,1e-10,0.005420235218832836,153.60000000000002,153.60000000000002,0.0,275.84844024660816,275.8484402466081,5.684341886080802e-14,85.52870546923495,0.1670482528695995,0.5067798721304004
low_height_first_10000,primary,5,512,0.75,334,178,0,0.65234375,0.34765625,0.0,1.1223515019677888,1.1223515019677888e-10,0.000261470924634466,128.0,128.0,0.0,295.7647910994226,295.7647910994225,1.1368683772161603e-13,55.39536987853449,0.10819408179401267,0.5441496682059873
low_height_first_10000,primary,5,512,0.8,323,189,0,0.630859375,0.369140625,0.0,1.263841602098975,1.263841602098975e-10,0.00962860163470225,102.39999999999998,102.39999999999998,0.0,320.585717873121,320.58571787312076,2.2737367544323206e-13,32.70813207015657,0.06388307044952456,0.5669763045504754
low_height_first_10000,primary,5,512,0.85,318,194,0,0.62109375,0.37890625,0.0,1.4053317022301606,1.4053317022301607e-10,0.0009552524752367564,76.80000000000001,76.80000000000001,0.0,350.3112205677028,350.31122056770266,1.1368683772161603e-13,16.837142671141134,0.03288504427957253,0.5882087057204275
low_height_first_10000,primary,5,512,0.9,310,202,0,0.60546875,0.39453125,0.0,1.5468218023613467,1.5468218023613468e-10,0.005248627710602749,51.19999999999999,51.20000000000002,2.842170943040401e-14,384.94129918316867,384.94129918316844,2.2737367544323206e-13,6.809973379220672,0.013300729256290375,0.5921680207437097
low_height_first_10000,primary,5,512,0.95,304,208,0,0.59375,0.40625,0.0,1.6883119024925324,1.6883119024925325e-10,0.004890410551421476,25.600000000000023,25.60000000000005,2.842170943040401e-14,424.4759537195181,424.47595371951786,2.2737367544323206e-13,1.5439272690415928,0.003015482947346861,0.5907345170526531
low_height_first_10000,primary,6,128,0.1,128,0,0,1.0,0.0,0.0,0.9995727356184205,1e-10,0.7193853315252412,115.2,115.2,0.0,104.84645855775747,104.84645855775747,0.0,126.57594908357629,0.9888746022154398,0.011125397784560231
low_height_first_10000,primary,6,128,0.15,128,0,0,1.0,0.0,0.0,0.9993591034276308,1e-10,0.5790779972878619,108.8,108.80000000000001,1.4210854715202004e-14,95.10453175495431,95.10453175495431,0.0,124.46767553096488,0.9724037150856631,0.027596284914336855
low_height_first_10000,primary,6,128,0.2,128,0,0,1.0,0.0,0.0,0.9991454712368412,1e-10,0.4387706630504825,102.4,102.39999999999999,1.4210854715202004e-14,86.58583423102988,86.58583423102988,0.0,121.10248856668296,0.9461131919272107,0.05388680807278934
low_height_first_10000,primary,6,128,0.25,128,0,0,1.0,0.0,0.0,0.9989318390460514,1e-10,0.2984633288131032,96.0,96.0,0.0,79.29036598598418,79.29036598598418,0.0,116.2310185531124,0.9080548324461907,0.09194516755380933
low_height_first_10000,primary,6,128,0.3,128,0,0,1.0,0.0,0.0,0.9987182068552617,1e-10,0.15815599457572393,89.6,89.6,0.0,73.21812701981723,73.21812701981722,1.4210854715202004e-14,109.64716425793159,0.8566184707650906,0.14338152923490943
low_height_first_10000,primary,6,128,0.35,128,0,0,1.0,0.0,0.0,0.998504574664472,1e-10,0.017848660338344535,83.2,83.19999999999999,1.4210854715202004e-14,68.36911733252902,68.36911733252902,0.0,101.24805277698826,0.7910004123202208,0.20899958767977922
low_height_first_10000,primary,6,128,0.4,113,15,0,0.8828125,0.1171875,0.0,0.9982909424736822,1e-10,0.01486866487549543,76.8,76.80000000000001,1.4210854715202004e-14,64.74333692411952,64.74333692411952,0.0,91.10188445975305,0.7117334723418207,0.17107902765817928
low_height_first_10000,primary,6,128,0.45,106,22,0,0.828125,0.171875,0.0,0.9980773102828925,1e-10,0.022603025287293743,70.4,70.39999999999998,2.842170943040401e-14,62.34078579458876,62.340785794588754,7.105427357601002e-15,79.50108322872953,0.6211022127244494,0.20702278727555057
low_height_first_10000,primary,6,128,0.5,99,29,0,0.7734375,0.2265625,0.0,0.9978636780921027,1e-10,0.0008045189821268561,64.0,63.999999999999986,1.4210854715202004e-14,61.161463943936745,61.16146394393675,7.105427357601002e-15,66.9702740234369,0.5232052658081008,0.2502322341918992
low_height_first_10000,primary,6,128,0.55,94,34,0,0.734375,0.265625,0.0,0.9976500459013131,1e-10,0.014228582345871876,57.599999999999994,57.59999999999999,7.105427357601002e-15,61.205371372163455,61.20537137216347,1.4210854715202004e-14,54.207007091356935,0.42349224290122606,0.31088275709877394
low_height_first_10000,primary,6,128,0.6,92,36,0,0.71875,0.28125,0.0,0.9974364137105234,1e-10,0.02395720920695177,51.2,51.19999999999999,1.4210854715202004e-14,62.47250807926892,62.47250807926892,0.0,41.96149763466768,0.32782420027084125,0.39092579972915875
low_height_first_10000,primary,6,128,0.65,90,38,0,0.703125,0.296875,0.0,0.9972227815197336,1e-10,0.010170500348128608,44.8,44.79999999999998,1.4210854715202004e-14,64.9628740652531,64.9628740652531,0.0,30.895184809465064,0.24136863132394581,0.4617563686760542
low_height_first_10000,primary,6,128,0.7,84,44,0,0.65625,0.34375,0.0,0.9970091493289439,1e-10,0.016507442914475146,38.400000000000006,38.39999999999999,1.4210854715202004e-14,68.67646933011602,68.67646933011603,1.4210854715202004e-14,21.471109601048987,0.1677430437581952,0.4885069562418048
low_height_first_10000,primary,6,128,0.75,83,45,0,0.6484375,0.3515625,0.0,1.1046100135606904,1.1046100135606905e-10,0.03137348073400559,32.0,31.999999999999986,1.4210854715202004e-14,73.61329387385769,73.6132938738577,1.4210854715202004e-14,13.910530912455929,0.10867602275356195,0.5397614772464381
low_height_first_10000,primary,6,128,0.8,81,47,0,0.6328125,0.3671875,0.0,1.24491734779807,1.24491734779807e-10,0.005613117790716826,25.599999999999994,25.59999999999998,1.4210854715202004e-14,79.77334769647808,79.77334769647811,2.842170943040401e-14,8.215275137925962,0.06418183701504658,0.5686306629849535
low_height_first_10000,primary,6,128,0.85,79,49,0,0.6171875,0.3828125,0.0,1.385224682035449,1.385224682035449e-10,0.000622728093117253,19.200000000000003,19.19999999999999,1.4210854715202004e-14,87.15663079797719,87.15663079797723,4.263256414560601e-14,4.229626554226048,0.033043957454891,0.584143542545109
low_height_first_10000,primary,6,128,0.9,79,49,0,0.6171875,0.3828125,0.0,1.5255320162728285,1.5255320162728287e-10,0.017463791722896693,12.799999999999997,12.79999999999998,1.7763568394002505e-14,95.76314317835505,95.76314317835511,5.684341886080802e-14,1.7108878694056064,0.0133663114797313,0.6038211885202687
low_height_first_10000,primary,6,128,0.95,77,51,0,0.6015625,0.3984375,0.0,1.6658393505102076,1.6658393505102077e-10,0.010332529563674253,6.400000000000006,6.39999999999999,1.5987211554602254e-14,105.59288483761165,105.59288483761169,4.263256414560601e-14,0.38790492430423995,0.0030305072211268746,0.5985319927788731
low_height_first_10000,primary,6,256,0.1,256,0,0,1.0,0.0,0.0,0.999664743757252,1e-10,0.719266328743724,230.4,230.39999999999998,2.842170943040401e-14,209.70626789843698,209.70626789843695,2.842170943040401e-14,253.13578145269955,0.9888116462996076,0.011188353700392395
low_height_first_10000,primary,6,256,0.15,256,0,0,1.0,0.0,0.0,0.9994971156358781,1e-10,0.5788994931155862,217.6,217.60000000000002,2.842170943040401e-14,190.23910277148315,190.23910277148315,0.0,248.89604350624452,0.9722501699462677,0.027749830053732327
low_height_first_10000,primary,6,256,0.2,256,0,0,1.0,0.0,0.0,0.9993294875145041,1e-10,0.4385326574874481,204.8,204.8,0.0,173.22507159374783,173.22507159374783,0.0,242.13030835609047,0.9458215170159784,0.054178482984021614
low_height_first_10000,primary,6,256,0.25,256,0,0,1.0,0.0,0.0,0.9991618593931301,1e-10,0.2981658218593102,192.0,192.0,0.0,158.66417436523096,158.66417436523096,0.0,232.33978399649513,0.9075772812363091,0.0924227187636909
low_height_first_10000,primary,6,256,0.3,256,0,0,1.0,0.0,0.0,0.9989942312717561,1e-10,0.15779898623117228,179.2,179.2,0.0,146.55641108593258,146.55641108593258,0.0,219.11453591184707,0.8559161559056526,0.14408384409434738
low_height_first_10000,primary,6,256,0.35,256,0,0,1.0,0.0,0.0,0.9988266031503822,1e-10,0.01743215060303427,166.4,166.39999999999998,2.842170943040401e-14,136.90178175585268,136.90178175585268,0.0,202.25419746091998,0.7900554588317187,0.20994454116828132
low_height_first_10000,primary,6,256,0.4,228,28,0,0.890625,0.109375,0.0,0.9986589750290081,1e-10,0.0023552547689097425,153.6,153.59999999999997,2.842170943040401e-14,129.70028637499126,129.70028637499126,0.0,181.90368471344547,0.7105612684118964,0.18006373158810363
low_height_first_10000,primary,6,256,0.45,211,45,0,0.82421875,0.17578125,0.0,0.9984913469076342,1e-10,0.006208890531607558,140.8,140.79999999999998,2.842170943040401e-14,124.9519249433483,124.9519249433483,0.0,158.65813999254718,0.6197583593458874,0.2044603906541126
low_height_first_10000,primary,6,256,0.5,199,57,0,0.77734375,0.22265625,0.0,0.9983237187862603,1e-10,0.0007848682672764173,128.0,127.99999999999999,1.4210854715202004e-14,122.65669746092384,122.65669746092385,1.4210854715202004e-14,133.5760732121427,0.5217815359849324,0.2555622140150676
low_height_first_10000,primary,6,256,0.55,191,65,0,0.74609375,0.25390625,0.0,0.9981560906648862,1e-10,0.0007341784693656317,115.19999999999999,115.19999999999999,0.0,122.81460392771785,122.81460392771784,1.4210854715202004e-14,108.05750762189996,0.4220996391480467,0.3239941108519533
low_height_first_10000,primary,6,256,0.6,183,73,0,0.71484375,0.28515625,0.0,0.9979884625435123,1e-10,0.009080058875559516,102.4,102.39999999999999,1.4210854715202004e-14,125.42564434373034,125.42564434373034,0.0,83.60140428111865,0.3265679854731197,0.3882757645268803
low_height_first_10000,primary,6,256,0.65,178,78,0,0.6953125,0.3046875,0.0,0.9978208344221382,1e-10,0.010188569380850554,89.6,89.6,0.0,130.48981870896128,130.4898187089613,2.842170943040401e-14,61.52326732789515,0.24032526299959042,0.45498723700040955
low_height_first_10000,primary,6,256,0.7,171,85,0,0.66796875,0.33203125,0.0,0.9976532063007643,1e-10,0.011060262905283946,76.80000000000001,76.8,1.4210854715202004e-14,138.0071270234107,138.00712702341073,2.842170943040401e-14,42.73866232284844,0.16694789969862672,0.5010208503013733
low_height_first_10000,primary,6,256,0.75,166,90,0,0.6484375,0.3515625,0.0,1.1055025344220697,1.1055025344220697e-10,0.008368777110659309,64.0,64.0,0.0,147.9775692870786,147.97756928707867,5.684341886080802e-14,27.67987080564691,0.10812449533455824,0.5403130046654417
low_height_first_10000,primary,6,256,0.8,163,93,0,0.63671875,0.36328125,0.0,1.2458693700502077,1.2458693700502077e-10,0.00561314128509971,51.19999999999999,51.19999999999996,2.842170943040401e-14,160.40114549996508,160.40114549996505,2.842170943040401e-14,16.343025430579416,0.06383994308820085,0.5728788069117992
low_height_first_10000,primary,6,256,0.85,159,97,0,0.62109375,0.37890625,0.0,1.3862362056783453,1.3862362056783452e-10,0.0006227645318561681,38.400000000000006,38.39999999999999,1.4210854715202004e-14,175.27785566206984,175.2778556620699,5.684341886080802e-14,8.412699906843368,0.03286210901110691,0.5882316409888931
low_height_first_10000,primary,6,256,0.9,157,99,0,0.61328125,0.38671875,0.0,1.5266030413064833,1.5266030413064833e-10,0.0174640112123009,25.599999999999994,25.59999999999998,1.4210854715202004e-14,192.60769977339322,192.60769977339328,5.684341886080802e-14,3.4025638682723676,0.013291265110438936,0.599989984889561
low_height_first_10000,primary,6,256,0.95,153,103,0,0.59765625,0.40234375,0.0,1.6669698769346213,1.6669698769346214e-10,0.013134117307976645,12.800000000000011,12.799999999999997,1.4210854715202004e-14,212.39067783393506,212.39067783393511,5.684341886080802e-14,0.7714086214655062,0.0030133149275996334,0.5946429350724004
low_height_first_10000,primary,6,512,0.1,512,0,0,1.0,0.0,0.0,0.9996714810479254,1e-10,0.7131906175728819,460.8,460.79999999999995,5.684341886080802e-14,419.4151461151721,419.4151461151721,0.0,506.26841201793894,0.988805492222537,0.011194507777463003
low_height_first_10000,primary,6,512,0.15,512,0,0,1.0,0.0,0.0,0.999507221571888,1e-10,0.5697859263593228,435.2,435.20000000000005,5.684341886080802e-14,380.48407875913716,380.48407875913716,0.0,497.784403010192,0.9722351621292813,0.027764837870718706
low_height_first_10000,primary,6,512,0.2,512,0,0,1.0,0.0,0.0,0.9993429620958507,1e-10,0.42638123514576376,409.6,409.6,0.0,346.46058446068827,346.46058446068827,0.0,484.2460225631715,0.9457930128186943,0.05420698718130568
low_height_first_10000,primary,6,512,0.25,512,0,0,1.0,0.0,0.0,0.9991787026198133,1e-10,0.2829765439322047,384.0,384.0,0.0,317.34466321982546,317.34466321982546,0.0,464.65567910892156,0.9075306232596124,0.09246937674038758
low_height_first_10000,primary,6,512,0.3,512,0,0,1.0,0.0,0.0,0.9990144431437761,1e-10,0.1395718527186457,358.4,358.4,0.0,293.13631503654864,293.13631503654864,0.0,438.193950769916,0.8558475600974922,0.1441524399025078
low_height_first_10000,primary,6,512,0.35,511,1,0,0.998046875,0.001953125,0.0,0.9988501836677387,1e-10,0.0038328384949133376,332.8,332.8,0.0,273.8355399108579,273.8355399108579,0.0,404.46115955604057,0.7899632022578917,0.20808367274210826
low_height_first_10000,primary,6,512,0.4,455,57,0,0.888671875,0.111328125,0.0,0.9986859241917014,1e-10,0.00033182778561713366,307.2,307.2,0.0,259.44233784275315,259.44233784275315,0.0,363.7488036250982,0.71044688208027,0.17822499291973004
low_height_first_10000,primary,6,512,0.45,424,88,0,0.828125,0.171875,0.0,0.9985216647156641,1e-10,0.004791418368346179,281.6,281.6,0.0,249.95670883223445,249.95670883223443,2.842170943040401e-14,317.2491763492673,0.6196272975571627,0.20849770244283727
low_height_first_10000,primary,6,512,0.5,396,116,0,0.7734375,0.2265625,0.0,0.9983574052396268,1e-10,0.0007848682682987107,256.0,256.00000000000006,5.684341886080802e-14,245.3786528793018,245.37865287930177,2.842170943040401e-14,267.0810978501712,0.5216427692386156,0.25179473076138437
low_height_first_10000,primary,6,512,0.55,380,132,0,0.7421875,0.2578125,0.0,0.9981931457635894,1e-10,0.0007341784990447797,230.39999999999998,230.39999999999998,0.0,245.7081699839552,245.7081699839552,0.0,216.04556333420413,0.42196399088711745,0.32022350911288255
low_height_first_10000,primary,6,512,0.6,366,146,0,0.71484375,0.28515625,0.0,0.9980288862875522,1e-10,0.009080025953065118,204.8,204.8,0.0,250.94526014619458,250.94526014619458,0.0,167.14019613506554,0.3264456955762999,0.3883980544237001
low_height_first_10000,primary,6,512,0.65,356,156,0,0.6953125,0.3046875,0.0,0.9978646268115148,1e-10,0.00776898772733059,179.2,179.2,0.0,261.08992336602006,261.08992336602,5.684341886080802e-14,122.99455906224891,0.2402237481684549,0.45508875183154507
low_height_first_10000,primary,6,512,0.7,343,169,0,0.669921875,0.330078125,0.0,1.0076656769898267,1.0076656769898267e-10,0.00016103319039428854,153.60000000000002,153.60000000000005,2.842170943040401e-14,276.1421596434315,276.14215964343146,5.684341886080802e-14,85.43773261737509,0.16687057151831072,0.5030513034816892
low_height_first_10000,primary,6,512,0.75,332,180,0,0.6484375,0.3515625,0.0,1.1510703682033858,1.1510703682033859e-10,0.00020638530066396932,128.0,127.99999999999997,2.842170943040401e-14,296.101968978429,296.101968978429,0.0,55.33228994229881,0.10807087879355236,0.5403666212064476
low_height_first_10000,primary,6,512,0.8,325,187,0,0.634765625,0.365234375,0.0,1.294475059416945,1.294475059416945e-10,0.005613141285101486,102.39999999999998,102.39999999999998,0.0,320.96935137101264,320.9693513710126,5.684341886080802e-14,32.66903819698152,0.06380671522847953,0.5709589097715204
low_height_first_10000,primary,6,512,0.85,317,195,0,0.619140625,0.380859375,0.0,1.4378797506305037,1.4378797506305037e-10,0.0006227645318528374,76.80000000000001,76.80000000000001,0.0,350.74430682118214,350.74430682118214,0.0,16.81635278261855,0.03284443902855186,0.5862961859714482
low_height_first_10000,primary,6,512,0.9,312,200,0,0.609375,0.390625,0.0,1.5812844418440632,1.5812844418440633e-10,0.015440539256688979,51.19999999999999,51.19999999999999,0.0,385.42683532893784,385.4268353289378,5.684341886080802e-14,6.801394609077395,0.013283973845854287,0.5960910261541457
low_height_first_10000,primary,6,512,0.95,307,205,0,0.599609375,0.400390625,0.0,1.724689133057622,1.724689133057622e-10,0.004562948247043952,25.600000000000023,25.600000000000023,0.0,425.0169368942795,425.0169368942794,1.1368683772161603e-13,1.5419620798853437,0.003011644687276062,0.5965977303127239
low_height_first_10000,primary,7,128,0.1,128,0,0,1.0,0.0,0.0,0.9999341649140396,1e-10,0.7150972144587311,115.2,115.2,0.0,104.84618740883268,104.84618740883268,0.0,126.57627642912263,0.9888771596025205,0.011122840397479461
low_height_first_10000,primary,7,128,0.15,128,0,0,1.0,0.0,0.0,0.9999012473710595,1e-10,0.5726458216880966,108.8,108.80000000000001,1.4210854715202004e-14,95.1039216698735,95.1039216698735,0.0,124.46847398249612,0.972409952988251,0.027590047011749053
low_height_first_10000,primary,7,128,0.2,128,0,0,1.0,0.0,0.0,0.9998683298280793,1e-10,0.4301944289174622,102.4,102.4,0.0,86.58474963533068,86.58474963533067,1.4210854715202004e-14,121.104005545583,0.9461250433248671,0.05387495667513287
low_height_first_10000,primary,7,128,0.25,128,0,0,1.0,0.0,0.0,0.9998354122850991,1e-10,0.2877430361468277,96.0,96.00000000000001,1.4210854715202004e-14,79.28867130520419,79.28867130520419,0.0,116.23350282318451,0.908074240806129,0.09192575919387103
low_height_first_10000,primary,7,128,0.3,128,0,0,1.0,0.0,0.0,0.9998024947421188,1e-10,0.14529164337619327,89.6,89.6,0.0,73.21568667949403,73.21568667949401,1.4210854715202004e-14,109.65081888999745,0.8566470225781051,0.1433529774218949
low_height_first_10000,primary,7,128,0.35,128,0,0,1.0,0.0,0.0,0.9997695771991386,1e-10,0.002840250605558925,83.2,83.19999999999999,1.4210854715202004e-14,68.36579575820019,68.3657957582002,1.4210854715202004e-14,101.25297194642405,0.7910388433314379,0.20896115666856208
low_height_first_10000,primary,7,128,0.4,113,15,0,0.8828125,0.1171875,0.0,0.9997366596561584,1e-10,0.00017155629026599506,76.8,76.8,0.0,64.7389985413227,64.73899854132272,1.4210854715202004e-14,91.10798951014313,0.7117811680479932,0.17103133195200682
low_height_first_10000,primary,7,128,0.45,107,21,0,0.8359375,0.1640625,0.0,0.9997037421131783,1e-10,0.016399216123600624,70.4,70.39999999999999,1.4210854715202004e-14,62.33529502886155,62.33529502886155,0.0,79.50808603224344,0.6211569221269019,0.21478057787309812
low_height_first_10000,primary,7,128,0.5,99,29,0,0.7734375,0.2265625,0.0,0.9996708245701981,1e-10,0.0033894500138060835,64.0,63.99999999999999,7.105427357601002e-15,61.15468522081673,61.15468522081673,0.0,66.97769737854432,0.5232632607698775,0.2501742392301225
low_height_first_10000,primary,7,128,0.55,97,31,0,0.7578125,0.2421875,0.0,0.9996379070272179,1e-10,0.0012572638253418589,57.599999999999994,57.599999999999994,0.0,61.19716911718824,61.197169117188245,7.105427357601002e-15,54.214272455098765,0.4235490035554591,0.3342634964445409
low_height_first_10000,primary,7,128,0.6,92,36,0,0.71875,0.28125,0.0,0.9996049894842377,1e-10,0.008695405390600097,51.2,51.19999999999999,1.4210854715202004e-14,62.46274671797609,62.4627467179761,1.4210854715202004e-14,41.96805516472075,0.3278754309743809,0.3908745690256191
low_height_first_10000,primary,7,128,0.65,90,38,0,0.703125,0.296875,0.0,0.9995720719412575,1e-10,0.009002043099345824,44.8,44.79999999999998,1.4210854715202004e-14,64.95141802318028,64.9514180231803,1.4210854715202004e-14,30.900634059809352,0.24141120359226056,0.46171379640773946
low_height_first_10000,primary,7,128,0.7,87,41,0,0.6796875,0.3203125,0.0,0.9995391543982773,1e-10,0.009835636256090186,38.400000000000006,38.4,7.105427357601002e-15,68.66318303280079,68.66318303280082,2.842170943040401e-14,21.47526425181301,0.16777550196728913,0.5119119980327109
low_height_first_10000,primary,7,128,0.75,84,44,0,0.65625,0.34375,0.0,1.1367708915595167,1.1367708915595168e-10,0.016021113426734956,32.0,31.99999999999999,1.0658141036401503e-14,73.59804174683765,73.59804174683767,1.4210854715202004e-14,13.913413668292323,0.10869854428353377,0.5475514557164662
low_height_first_10000,primary,7,128,0.8,80,48,0,0.625,0.375,0.0,1.2792222843301513,1.2792222843301512e-10,0.00885373591657812,25.599999999999994,25.59999999999998,1.4210854715202004e-14,79.75599416529084,79.75599416529087,2.842170943040401e-14,8.217062640355213,0.0641958018777751,0.5608041981222249
low_height_first_10000,primary,7,128,0.85,79,49,0,0.6171875,0.3828125,0.0,1.4216736771007858,1.421673677100786e-10,0.011655917705061247,19.200000000000003,19.19999999999999,1.4210854715202004e-14,87.13704028816034,87.13704028816036,2.842170943040401e-14,4.230577476362698,0.03305138653408358,0.5841361134659164
low_height_first_10000,primary,7,128,0.9,78,50,0,0.609375,0.390625,0.0,1.5641250698714204,1.5641250698714206e-10,0.014645171312892447,12.799999999999997,12.799999999999986,1.0658141036401503e-14,95.74118011544621,95.74118011544624,2.842170943040401e-14,1.7112803477295673,0.013369377716637244,0.5960056222833627
low_height_first_10000,primary,7,128,0.95,75,53,0,0.5859375,0.4140625,0.0,1.7065764626420545,1.7065764626420545e-10,0.006553171064107577,6.400000000000006,6.399999999999992,1.3322676295501878e-14,105.56841364714839,105.56841364714843,4.263256414560601e-14,0.3879948422537131,0.0030312097051071337,0.5829062902948928
low_height_first_10000,primary,7,256,0.1,256,0,0,1.0,0.0,0.0,0.9999341649140396,1e-10,0.7150972144586105,230.4,230.39999999999998,2.842170943040401e-14,209.72317854852264,209.7231785485226,2.842170943040401e-14,253.11537030571077,0.9887319152566827,0.011268084743317308
low_height_first_10000,primary,7,256,0.15,256,0,0,1.0,0.0,0.0,0.9999012473710595,1e-10,0.572645821687916,217.6,217.60000000000002,2.842170943040401e-14,190.27715173417587,190.2771517341759,2.842170943040401e-14,248.84627275769472,0.972055752959745,0.027944247040255
low_height_first_10000,primary,7,256,0.2,256,0,0,1.0,0.0,0.0,0.9998683298280794,1e-10,0.43019442891722115,204.8,204.79999999999998,2.842170943040401e-14,173.29271419409048,173.29271419409048,0.0,242.03579587900714,0.9454523276523716,0.05454767234762836
low_height_first_10000,primary,7,256,0.25,256,0,0,1.0,0.0,0.0,0.9998354122850992,1e-10,0.2877430361465265,192.0,192.0,0.0,158.76986592826637,158.76986592826637,0.0,232.18511765107544,0.9069731158245135,0.09302688417548655
low_height_first_10000,primary,7,256,0.3,256,0,0,1.0,0.0,0.0,0.999802494742119,1e-10,0.1452916433758319,179.2,179.20000000000002,2.842170943040401e-14,146.70860693670357,146.70860693670357,0.0,218.8872259816002,0.8550282264906258,0.14497177350937418
low_height_first_10000,primary,7,256,0.35,256,0,0,1.0,0.0,0.0,0.9997695771991388,1e-10,0.0028402506051371512,166.4,166.4,0.0,137.1089372194021,137.1089372194021,0.0,201.9486151781051,0.788861778039473,0.211138221960527
low_height_first_10000,primary,7,256,0.4,226,30,0,0.8828125,0.1171875,0.0,0.9997366596561587,1e-10,0.00017155629024645513,153.6,153.6,0.0,129.9708567763619,129.9708567763619,0.0,181.52500172093121,0.7090820379723876,0.17373046202761244
low_height_first_10000,primary,7,256,0.45,212,44,0,0.828125,0.171875,0.0,0.9997037421131785,1e-10,0.015431836256204146,140.8,140.8,0.0,125.29436560758303,125.29436560758305,1.4210854715202004e-14,158.22451316039212,0.6180645045327817,0.21006049546721828
low_height_first_10000,primary,7,256,0.5,198,58,0,0.7734375,0.2265625,0.0,0.9996708245701983,1e-10,0.0033894500076669942,128.0,128.0,0.0,123.07946371306546,123.0794637130655,2.842170943040401e-14,133.11725210467227,0.5199892660338761,0.2534482339661239
low_height_first_10000,primary,7,256,0.55,191,65,0,0.74609375,0.25390625,0.0,0.9996379070272182,1e-10,0.0012572900775030815,115.19999999999999,115.19999999999999,0.0,123.32615109280923,123.32615109280925,2.842170943040401e-14,107.60929358780412,0.42034880307735983,0.32574494692264017
low_height_first_10000,primary,7,256,0.6,184,72,0,0.71875,0.28125,0.0,0.999604989484238,1e-10,0.006100457658169134,102.4,102.4,0.0,126.03442774681429,126.0344277468143,1.4210854715202004e-14,83.19758487787513,0.3249905659291997,0.3937594340708003
low_height_first_10000,primary,7,256,0.65,178,78,0,0.6953125,0.3046875,0.0,0.9995720719412579,1e-10,0.00900027631387501,89.6,89.6,0.0,131.20429367508063,131.2042936750807,5.684341886080802e-14,61.18824144491219,0.23901656814418823,0.45629593185581174
low_height_first_10000,primary,7,256,0.7,173,83,0,0.67578125,0.32421875,0.0,0.9995391543982777,1e-10,0.005515807721488741,76.80000000000001,76.80000000000001,0.0,138.8357488776083,138.83574887760835,5.684341886080802e-14,42.48358256200743,0.1659514943828415,0.5098297556171585
low_height_first_10000,primary,7,256,0.75,166,90,0,0.6484375,0.3515625,0.0,1.1367708915604204,1.1367708915604205e-10,0.00917593580416698,64.0,64.0,0.0,148.92879335439727,148.92879335439736,8.526512829121202e-14,27.5030765223014,0.10743389266523984,0.5410036073347602
low_height_first_10000,primary,7,256,0.8,162,94,0,0.6328125,0.3671875,0.0,1.2792222843311154,1.2792222843311154e-10,0.008855340811294798,51.19999999999999,51.19999999999998,7.105427357601002e-15,161.48342710544762,161.48342710544767,5.684341886080802e-14,16.233492482719083,0.06341208001062142,0.5694004199893786
low_height_first_10000,primary,7,256,0.85,159,97,0,0.62109375,0.37890625,0.0,1.42167367710181,1.42167367710181e-10,0.0054654331920024335,38.400000000000006,38.40000000000002,1.4210854715202004e-14,176.49965013075916,176.49965013075922,5.684341886080802e-14,8.35446415280471,0.032634625596893396,0.5884591244031065
low_height_first_10000,primary,7,256,0.9,155,101,0,0.60546875,0.39453125,0.0,1.5641250698725044,1.5641250698725044e-10,0.003997736600256596,25.599999999999994,25.599999999999994,0.0,193.97746243033214,193.9774624303322,5.684341886080802e-14,3.3785368247889886,0.013197409471831987,0.592271340528168
low_height_first_10000,primary,7,256,0.95,151,105,0,0.58984375,0.41015625,0.0,1.706576462643199,1.706576462643199e-10,0.006593530269811465,12.800000000000011,12.800000000000011,0.0,213.9168640041663,213.9168640041664,8.526512829121202e-14,0.7659050199838816,0.0029918164843120375,0.586851933515688
low_height_first_10000,primary,7,512,0.1,512,0,0,1.0,0.0,0.0,0.9999341649140397,1e-10,0.7150972144586106,460.8,460.8,0.0,419.4186937923991,419.41869379239904,5.684341886080802e-14,506.26412971735806,0.988797128354215,0.01120287164578504
low_height_first_10000,primary,7,512,0.15,512,0,0,1.0,0.0,0.0,0.9999012473710596,1e-10,0.572645821687916,435.2,435.19999999999993,5.684341886080802e-14,380.4920610328978,380.4920610328978,0.0,497.7739600817172,0.9722147657846039,0.027785234215396137
low_height_first_10000,primary,7,512,0.2,512,0,0,1.0,0.0,0.0,0.9998683298280795,1e-10,0.43019442891722126,409.6,409.6,0.0,346.4747751695962,346.4747751695962,0.0,484.2261891010019,0.9457542755878944,0.05424572441210562
low_height_first_10000,primary,7,512,0.25,512,0,0,1.0,0.0,0.0,0.9998354122850993,1e-10,0.28774303614652663,384.0,384.0,0.0,317.3668362024941,317.3668362024941,0.0,464.6232157222519,0.9074672182075233,0.0925327817924767
low_height_first_10000,primary,7,512,0.3,512,0,0,1.0,0.0,0.0,0.9998024947421192,1e-10,0.145291643375832,358.4,358.40000000000003,5.684341886080802e-14,293.16824413159145,293.16824413159145,0.0,438.1462268551286,0.855754349326423,0.14424565067357698
low_height_first_10000,primary,7,512,0.35,512,0,0,1.0,0.0,0.0,0.9997695771991391,1e-10,0.0028402506051373733,332.8,332.8,0.0,273.8789989568884,273.8789989568884,0.0,404.39697976782156,0.7898378511090265,0.2101621488909735
low_height_first_10000,primary,7,512,0.4,455,57,0,0.888671875,0.111328125,0.0,0.999736659656159,1e-10,0.00014216598432081895,307.2,307.19999999999993,5.684341886080802e-14,259.4991006783848,259.4991006783848,0.0,363.6692372085002,0.7102914789228519,0.17838039607714806
low_height_first_10000,primary,7,512,0.45,424,88,0,0.828125,0.171875,0.0,0.9997037421131788,1e-10,0.003743214207257539,281.6,281.59999999999997,5.684341886080802e-14,250.0285492960808,250.02854929608077,2.842170943040401e-14,317.1580214469653,0.6194492606386041,0.20867573936139594
low_height_first_10000,primary,7,512,0.5,396,116,0,0.7734375,0.2265625,0.0,0.9996708245701987,1e-10,0.003389450007665218,256.0,256.0,0.0,245.46734480997628,245.46734480997628,0.0,266.98459646733625,0.5214542899752661,0.2519832100247339
low_height_first_10000,primary,7,512,0.55,382,130,0,0.74609375,0.25390625,0.0,0.9996379070272186,1e-10,0.0012572900774988627,230.39999999999998,230.39999999999998,0.0,245.8154872200713,245.81548722007128,2.842170943040401e-14,215.95124294375853,0.4217797713745284,0.3243139786254716
low_height_first_10000,primary,7,512,0.6,366,146,0,0.71484375,0.28515625,0.0,0.9996049894842384,1e-10,0.003852685761881691,204.8,204.79999999999995,5.684341886080802e-14,251.07297652636584,251.07297652636584,0.0,167.05517487500475,0.32627963842774366,0.38856411157225634
low_height_first_10000,primary,7,512,0.65,356,156,0,0.6953125,0.3046875,0.0,0.9995720719412583,1e-10,0.0009476131710084434,179.2,179.2,0.0,261.23981272885993,261.23981272885993,0.0,122.92398951200296,0.24008591701563078,0.45522658298436924
low_height_first_10000,primary,7,512,0.7,345,167,0,0.673828125,0.326171875,0.0,0.9995391543982781,1e-10,0.002525663286848334,153.60000000000002,153.6,2.842170943040401e-14,276.3159958275535,276.3159958275535,0.0,85.38398194914556,0.16676558974442493,0.5070625352555751
low_height_first_10000,primary,7,512,0.75,334,178,0,0.65234375,0.34765625,0.0,1.13677089156042,1.1367708915604201e-10,0.0076629421396986475,128.0,127.99999999999999,1.4210854715202004e-14,296.3015258224466,296.30152582244665,5.684341886080802e-14,55.29502406213669,0.10799809387136072,0.5443456561286393
low_height_first_10000,primary,7,512,0.8,326,186,0,0.63671875,0.36328125,0.0,1.279222284331115,1.2792222843311151e-10,0.008855340811292578,102.39999999999998,102.39999999999993,4.263256414560601e-14,321.1964027135393,321.1964027135393,0.0,32.64594469743104,0.06376161073717,0.57295713926283
low_height_first_10000,primary,7,512,0.85,320,192,0,0.625,0.375,0.0,1.4216736771018095,1.4216736771018095e-10,0.0021915749345402524,76.80000000000001,76.79999999999998,2.842170943040401e-14,351.00062650083134,351.0006265008315,1.7053025658242404e-13,16.80407257046885,0.032820454239196974,0.592179545760803
low_height_first_10000,primary,7,512,0.9,311,201,0,0.607421875,0.392578125,0.0,1.564125069872504,1.564125069872504e-10,0.0037771538621229617,51.19999999999999,51.19999999999996,2.842170943040401e-14,385.7141971843232,385.7141971843232,0.0,6.79632748583345,0.013274077120768456,0.5941477978792316
low_height_first_10000,primary,7,512,0.95,302,210,0,0.58984375,0.41015625,0.0,1.7065764626431985,1.7065764626431986e-10,0.006593530269716208,25.600000000000023,25.600000000000023,0.0,425.33711476401436,425.33711476401436,0.0,1.5408013485106,0.0030093776338097657,0.5868343723661902
low_height_first_10000,primary,8,128,0.1,128,0,0,1.0,0.0,0.0,0.9996459175599283,1e-10,0.7143197262730243,115.2,115.19999999999999,1.4210854715202004e-14,104.84090467890765,104.84090467890763,1.4210854715202004e-14,126.5826543622904,0.9889269872053937,0.011073012794606263
low_height_first_10000,primary,8,128,0.15,128,0,0,1.0,0.0,0.0,0.9994688763398923,1e-10,0.5714795894095364,108.8,108.79999999999998,1.4210854715202004e-14,95.09203552754218,95.09203552754218,0.0,124.48403206776909,0.972531500529446,0.027468499470553964
low_height_first_10000,primary,8,128,0.2,128,0,0,1.0,0.0,0.0,0.9992918351198564,1e-10,0.4286394525460485,102.4,102.4,0.0,86.56361871563057,86.56361871563055,1.4210854715202004e-14,121.13356806912944,0.9463560005400737,0.05364399945992626
low_height_first_10000,primary,8,128,0.25,128,0,0,1.0,0.0,0.0,0.9991147938998206,1e-10,0.2857993156825607,96.0,96.0,0.0,79.25565424317276,79.25565424317276,0.0,116.28192446337525,0.9084525348701191,0.09154746512988088
low_height_first_10000,primary,8,128,0.3,128,0,0,1.0,0.0,0.0,0.9989377526797847,1e-10,0.14295917881907283,89.6,89.60000000000001,1.4210854715202004e-14,73.16814211016877,73.16814211016876,1.4210854715202004e-14,109.7220698581092,0.8572036707664781,0.14279632923352192
low_height_first_10000,primary,8,128,0.35,128,0,0,1.0,0.0,0.0,0.9987607114597488,1e-10,0.00011904195558498643,83.2,83.2,0.0,68.3010823166186,68.30108231661859,1.4210854715202004e-14,101.34890641865749,0.7917883313957617,0.20821166860423834
low_height_first_10000,primary,8,128,0.4,114,14,0,0.890625,0.109375,0.0,0.998583670239713,1e-10,0.02097305931282012,76.8,76.79999999999998,1.4210854715202004e-14,64.65447486252225,64.65447486252225,0.0,91.22709623025624,0.7127116892988768,0.17791331070112315
low_height_first_10000,primary,8,128,0.45,107,21,0,0.8359375,0.1640625,0.0,0.998406629019677,1e-10,0.0010478943139247132,70.4,70.39999999999999,1.4210854715202004e-14,62.22831974787972,62.22831974787972,0.0,79.64476656416342,0.6222247387825267,0.2137127612174733
low_height_first_10000,primary,8,128,0.5,99,29,0,0.7734375,0.2265625,0.0,0.9982295877996411,1e-10,0.006333095857647519,64.0,64.0,0.0,61.02261697269102,61.02261697269101,7.105427357601002e-15,67.12265391425365,0.5243957337051066,0.24904176629489339
low_height_first_10000,primary,8,128,0.55,97,31,0,0.7578125,0.2421875,0.0,0.9980525465796053,1e-10,0.008988509707503312,57.599999999999994,57.599999999999994,0.0,61.03736653695613,61.037366536956135,7.105427357601002e-15,54.35621141995378,0.4246579017183889,0.3331545982816111
low_height_first_10000,primary,8,128,0.6,93,35,0,0.7265625,0.2734375,0.0,0.9978755053595694,1e-10,0.0014625445209667243,51.2,51.199999999999996,7.105427357601002e-15,62.27256844067507,62.272568440675066,7.105427357601002e-15,42.09622415843271,0.32887675123775556,0.39768574876224444
low_height_first_10000,primary,8,128,0.65,90,38,0,0.703125,0.296875,0.0,0.9976984641395334,1e-10,0.0062408018609774185,44.8,44.8,0.0,64.72822268384783,64.72822268384782,1.4210854715202004e-14,31.007185378825998,0.2422436357720781,0.4608813642279219
low_height_first_10000,primary,8,128,0.7,85,43,0,0.6640625,0.3359375,0.0,0.99976191608883,1e-10,0.011929335857196577,38.400000000000006,38.400000000000006,0.0,68.40432926647439,68.40432926647439,0.0,21.556530351401257,0.16841039337032232,0.4956521066296777
low_height_first_10000,primary,8,128,0.75,83,45,0,0.6484375,0.3515625,0.0,1.1426020529523182,1.1426020529523182e-10,0.004158615240885677,32.0,31.999999999999993,7.105427357601002e-15,73.30088818855478,73.3008881885548,1.4210854715202004e-14,13.969817082787923,0.10913919595928065,0.5392983040407193
low_height_first_10000,primary,8,128,0.8,82,46,0,0.640625,0.359375,0.0,1.285442189815806,1.285442189815806e-10,0.007351812685188364,25.599999999999994,25.599999999999987,7.105427357601002e-15,79.41789945008904,79.41789945008901,2.842170943040401e-14,8.252043991819088,0.06446909368608662,0.5761559063139133
low_height_first_10000,primary,8,128,0.85,81,47,0,0.6328125,0.3671875,0.0,1.4282823266792937,1.4282823266792937e-10,0.001867024013507801,19.200000000000003,19.2,3.552713678800501e-15,86.75536305107704,86.75536305107704,0.0,4.249189756522188,0.033196794972829596,0.5996157050271704
low_height_first_10000,primary,8,128,0.9,78,50,0,0.609375,0.390625,0.0,1.5711224635427818,1.5711224635427818e-10,0.02028778708184764,12.799999999999997,12.799999999999988,8.881784197001252e-15,95.3132789915189,95.31327899151891,1.4210854715202004e-14,1.7189630000514264,0.013429398437901769,0.5959456015620982
low_height_first_10000,primary,8,128,0.95,76,52,0,0.59375,0.40625,0.0,1.7139626004062691,1.713962600406269e-10,0.009827568688687505,6.400000000000006,6.400000000000002,3.552713678800501e-15,105.09164727141459,105.09164727141457,1.4210854715202004e-14,0.3897550477462292,0.0030449613105174157,0.5907050386894825
low_height_first_10000,primary,8,256,0.1,256,0,0,1.0,0.0,0.0,0.9999647151800152,1e-10,0.7143197262714553,230.4,230.39999999999998,2.842170943040401e-14,209.7312929898155,209.73129298981547,2.842170943040401e-14,253.10557734738114,0.9886936615132076,0.011306338486792411
low_height_first_10000,primary,8,256,0.15,256,0,0,1.0,0.0,0.0,0.9999470727700227,1e-10,0.5714795894071829,217.6,217.6,0.0,190.29540922708483,190.29540922708483,0.0,248.82239772529775,0.9719624911144443,0.028037508885555673
low_height_first_10000,primary,8,256,0.2,256,0,0,1.0,0.0,0.0,0.9999294303600302,1e-10,0.4286394525429106,204.8,204.8,0.0,173.32517195926192,173.32517195926192,0.0,241.9904710082055,0.9452752773758027,0.05472472262419725
low_height_first_10000,primary,8,256,0.25,256,0,0,1.0,0.0,0.0,0.9999117879500379,1e-10,0.28579931567863825,192.0,192.0,0.0,158.82058118634677,158.82058118634677,0.0,232.11097531967138,0.9066834973424663,0.09331650265753366
low_height_first_10000,primary,8,256,0.3,256,0,0,1.0,0.0,0.0,0.9998941455400454,1e-10,0.14295917881436593,179.2,179.20000000000002,2.842170943040401e-14,146.78163690833935,146.78163690833935,0.0,218.77832047923923,0.8546028143720282,0.14539718562797177
low_height_first_10000,primary,8,256,0.35,256,0,0,1.0,0.0,0.0,0.999876503130053,1e-10,0.0001190419500936013,166.4,166.4,0.0,137.20833912523966,137.20833912523966,0.0,201.80231155430246,0.788290279508994,0.211709720491006
low_height_first_10000,primary,8,256,0.4,227,29,0,0.88671875,0.11328125,0.0,0.9998588607200606,1e-10,0.0027743202377695786,153.6,153.6,0.0,130.1006878370477,130.10068783704773,2.842170943040401e-14,181.34385292067324,0.7083744254713799,0.17834432452862015
low_height_first_10000,primary,8,256,0.45,213,43,0,0.83203125,0.16796875,0.0,0.9998412183100681,1e-10,0.006106104863514816,140.8,140.79999999999998,2.842170943040401e-14,125.45868304376351,125.45868304376351,0.0,158.01728121986272,0.6172550047650888,0.21477624523491123
low_height_first_10000,primary,8,256,0.5,198,58,0,0.7734375,0.2265625,0.0,0.9998235759000758,1e-10,0.0048281889043134685,128.0,127.99999999999999,1.4210854715202004e-14,123.28232474538706,123.28232474538707,1.4210854715202004e-14,132.89820770201732,0.5191336238360051,0.25430387616399486
low_height_first_10000,primary,8,256,0.55,190,66,0,0.7421875,0.2578125,0.0,0.9998059334900833,1e-10,0.001827083524260198,115.19999999999999,115.19999999999999,0.0,123.57161294191835,123.57161294191835,0.0,107.3955391861536,0.4195138249459125,0.3226736750540875
low_height_first_10000,primary,8,256,0.6,184,72,0,0.71875,0.28125,0.0,0.9997882910800908,1e-10,0.0014627805661250326,102.4,102.39999999999999,1.4210854715202004e-14,126.32654763335736,126.32654763335736,0.0,83.0051972166076,0.32423905162737343,0.39451094837262657
low_height_first_10000,primary,8,256,0.65,179,77,0,0.69921875,0.30078125,0.0,0.9997706486700985,1e-10,0.006196010943087971,89.6,89.6,0.0,131.54712881970414,131.54712881970417,2.842170943040401e-14,61.02877403735078,0.23839364858340148,0.4608251014165985
low_height_first_10000,primary,8,256,0.7,171,85,0,0.66796875,0.33203125,0.0,0.9997619160998128,1e-10,0.015922774802620276,76.80000000000001,76.80000000000001,0.0,139.23335650095862,139.23335650095865,2.842170943040401e-14,42.362262522626125,0.1654775879790083,0.5024911620209918
low_height_first_10000,primary,8,256,0.75,169,87,0,0.66015625,0.33984375,0.0,1.1426020529640852,1.1426020529640852e-10,0.004121439449145781,64.0,64.0,0.0,149.3852306771209,149.3852306771209,0.0,27.419042574918507,0.10710563505827542,0.5530506149417246
low_height_first_10000,primary,8,256,0.8,162,94,0,0.6328125,0.3671875,0.0,1.2854421898283577,1.2854421898283578e-10,0.0034326275902851755,51.19999999999999,51.2,1.4210854715202004e-14,162.00275134819088,162.0027513481909,2.842170943040401e-14,16.181453575228264,0.06320880302823541,0.5696036969717646
low_height_first_10000,primary,8,256,0.85,160,96,0,0.625,0.375,0.0,1.4282823266926297,1.4282823266926297e-10,0.001867571088601916,38.400000000000006,38.400000000000006,0.0,177.08591851416855,177.0859185141686,5.684341886080802e-14,8.32680549855251,0.03252658397872074,0.5924734160212792
low_height_first_10000,primary,8,256,0.9,157,99,0,0.61328125,0.38671875,0.0,1.5711224635569025,1.5711224635569025e-10,0.01543536527322742,25.599999999999994,25.599999999999994,0.0,194.63473217505407,194.63473217505413,5.684341886080802e-14,3.3671277098199015,0.01315284261648399,0.600128407383516
low_height_first_10000,primary,8,256,0.95,153,103,0,0.59765625,0.40234375,0.0,1.7139626004211745,1.7139626004211746e-10,0.0018331722319440136,12.800000000000011,12.800000000000011,0.0,214.6491923308473,214.6491923308473,0.0,0.7632919472972775,0.00298160916912999,0.59467464083087
low_height_first_10000,primary,8,512,0.1,512,0,0,1.0,0.0,0.0,0.9999647151800152,1e-10,0.7143197262714547,460.8,460.8,0.0,419.4391732483288,419.43917324832876,5.684341886080802e-14,506.23941096290065,0.9887488495369153,0.01125115046308467
low_height_first_10000,primary,8,512,0.15,512,0,0,1.0,0.0,0.0,0.9999470727700227,1e-10,0.571479589407182,435.2,435.2,0.0,380.53813980873974,380.5381398087398,5.684341886080802e-14,497.71368540139713,0.9720970417996038,0.027902958200396233
low_height_first_10000,primary,8,512,0.2,512,0,0,1.0,0.0,0.0,0.9999294303600303,1e-10,0.42863945254290947,409.6,409.6,0.0,346.55669299331515,346.55669299331515,0.0,484.1117294573106,0.9455307215963098,0.0544692784036902
low_height_first_10000,primary,8,512,0.25,512,0,0,1.0,0.0,0.0,0.9999117879500379,1e-10,0.2857993156786368,384.0,384.0,0.0,317.49483280205493,317.494832802055,5.684341886080802e-14,464.4359049834767,0.9071013769208529,0.09289862307914709
low_height_first_10000,primary,8,512,0.3,512,0,0,1.0,0.0,0.0,0.9998941455400455,1e-10,0.14295917881436415,358.4,358.40000000000003,5.684341886080802e-14,293.35255923495913,293.35255923495913,0.0,437.8709370560432,0.8552166739375844,0.14478332606241562
low_height_first_10000,primary,8,512,0.35,512,0,0,1.0,0.0,0.0,0.999876503130053,1e-10,0.0001190419500916029,332.8,332.8,0.0,274.1298722920277,274.1298722920277,0.0,404.0268908818991,0.7891150212537091,0.21088497874629086
low_height_first_10000,primary,8,512,0.4,454,58,0,0.88671875,0.11328125,0.0,0.9998588607200607,1e-10,0.0027743202377681353,307.2,307.2,0.0,259.8267719732607,259.8267719732607,0.0,363.2106086808945,0.7093957200798721,0.17732302992012794
low_height_first_10000,primary,8,512,0.45,424,88,0,0.828125,0.171875,0.0,0.9998412183100682,1e-10,0.005440124457287032,281.6,281.59999999999997,5.684341886080802e-14,250.44325827865808,250.44325827865805,2.842170943040401e-14,316.6328394904035,0.6184235146296944,0.20970148537030564
low_height_first_10000,primary,8,512,0.5,396,116,0,0.7734375,0.2265625,0.0,0.9998235759000759,1e-10,0.004824107349865936,256.0,256.0,0.0,245.97933120821983,245.97933120821983,0.0,266.4288892814503,0.5203689243778327,0.25306857562216734
low_height_first_10000,primary,8,512,0.55,385,127,0,0.751953125,0.248046875,0.0,0.9998059334900834,1e-10,0.0019868624461187867,230.39999999999998,230.39999999999995,2.842170943040401e-14,246.43499076194598,246.43499076194604,5.684341886080802e-14,215.4083713350545,0.42071947526377834,0.33123364973622166
low_height_first_10000,primary,8,512,0.6,366,146,0,0.71484375,0.28515625,0.0,0.999788291080091,1e-10,0.0014627805661249216,204.8,204.8,0.0,251.81023693983656,251.81023693983656,0.0,166.56606383330316,0.32532434342442024,0.38951940657557976
low_height_first_10000,primary,8,512,0.65,355,157,0,0.693359375,0.306640625,0.0,0.9997706486700986,1e-10,0.0061960109430875265,179.2,179.2,0.0,262.10506974189155,262.10506974189155,0.0,122.51819482783365,0.2392933492731126,0.45406602572688737
low_height_first_10000,primary,8,512,0.7,341,171,0,0.666015625,0.333984375,0.0,0.9997619160998168,1e-10,0.0043281398997410125,153.60000000000002,153.60000000000002,0.0,277.31948916811086,277.31948916811086,0.0,85.07501607901048,0.16616214077931735,0.49985348422068265
low_height_first_10000,primary,8,512,0.75,335,177,0,0.654296875,0.345703125,0.0,1.1426020529640897,1.1426020529640898e-10,0.0038686475759008854,128.0,128.0,0.0,297.4534952184946,297.45349521849465,5.684341886080802e-14,55.08087907309721,0.10757984193964298,0.546717033060357
low_height_first_10000,primary,8,512,0.8,327,185,0,0.638671875,0.361328125,0.0,1.2854421898283621,1.2854421898283622e-10,0.0018675918168484795,102.39999999999998,102.39999999999996,1.4210854715202004e-14,322.5070878930428,322.5070878930428,0.0,32.51326992068318,0.06350248031383433,0.5751693946861657
low_height_first_10000,primary,8,512,0.85,320,192,0,0.625,0.375,0.0,1.428282326692635,1.428282326692635e-10,0.0018675710876425722,76.80000000000001,76.80000000000001,0.0,352.4802671917553,352.48026719175533,5.684341886080802e-14,16.733532481099882,0.03268268062714821,0.5923173193728518
low_height_first_10000,primary,8,512,0.9,313,199,0,0.611328125,0.388671875,0.0,1.5711224635569074,1.5711224635569074e-10,0.004490821090443853,51.19999999999999,51.19999999999999,0.0,387.37303311463234,387.37303311463234,0.0,6.767223776323779,0.013217233938132381,0.5981108910618677
low_height_first_10000,primary,8,512,0.95,307,205,0,0.599609375,0.400390625,0.0,1.7139626004211799,1.71396260042118e-10,0.0017020343439793084,25.600000000000023,25.600000000000023,0.0,427.18538566167365,427.1853856616736,5.684341886080802e-14,1.5341348791342768,0.0029963571858091344,0.5966130178141908
low_height_first_10000,primary,9,128,0.1,128,0,0,1.0,0.0,0.0,0.9993163772869799,1e-10,0.7205909841469311,115.2,115.19999999999999,1.4210854715202004e-14,104.85377218854819,104.85377218854818,1.4210854715202004e-14,126.56712031433642,0.9888056274557533,0.011194372544246711
low_height_first_10000,primary,9,128,0.15,128,0,0,1.0,0.0,0.0,0.9989745659304697,1e-10,0.5808864762203967,108.8,108.80000000000001,1.4210854715202004e-14,95.12098742423342,95.12098742423342,0.0,124.44614296533514,0.9722354919166808,0.027764508083319206
low_height_first_10000,primary,9,128,0.2,128,0,0,1.0,0.0,0.0,0.9986327545739596,1e-10,0.44118196829386225,102.4,102.4,0.0,86.61508875419275,86.61508875419275,0.0,121.06158581396616,0.9457936391716106,0.054206360828389366
low_height_first_10000,primary,9,128,0.25,128,0,0,1.0,0.0,0.0,0.9982909432174496,1e-10,0.3014774603673278,96.0,96.0,0.0,79.3360761784262,79.33607617842618,1.4210854715202004e-14,116.1640510084377,0.9075316485034195,0.0924683514965805
low_height_first_10000,primary,9,128,0.3,128,0,0,1.0,0.0,0.0,0.9979491318609395,1e-10,0.16177295244079337,89.6,89.6,0.0,73.28394969693372,73.28394969693372,0.0,109.54868062107064,0.8558490673521144,0.1441509326478856
low_height_first_10000,primary,9,128,0.35,128,0,0,1.0,0.0,0.0,0.9976073205044294,1e-10,0.022068444514259045,83.2,83.2,0.0,68.45870930971535,68.45870930971533,1.4210854715202004e-14,101.11554935520276,0.7899652293375216,0.21003477066247844
low_height_first_10000,primary,9,128,0.4,113,15,0,0.8828125,0.1171875,0.0,0.9972655091479193,1e-10,0.005977894693722674,76.8,76.8,0.0,64.86035501677105,64.86035501677105,0.0,90.9375225971995,0.7104493952906211,0.17236310470937888
low_height_first_10000,primary,9,128,0.45,106,22,0,0.828125,0.171875,0.0,0.9969236977914092,1e-10,0.01402259777035253,70.4,70.39999999999999,1.4210854715202004e-14,62.48888681810086,62.48888681810085,7.105427357601002e-15,79.31266265675217,0.6196301770058763,0.2084948229941237
low_height_first_10000,primary,9,128,0.5,98,30,0,0.765625,0.234375,0.0,0.9965818864348991,1e-10,0.001749221122138156,64.0,63.99999999999999,7.105427357601002e-15,61.344304713704766,61.34430471370476,7.105427357601002e-15,66.77066467891557,0.5216458178040279,0.24397918219597214
low_height_first_10000,primary,9,128,0.55,95,33,0,0.7421875,0.2578125,0.0,0.9962400750783891,1e-10,0.0005907376460181357,57.599999999999994,57.599999999999994,0.0,61.42660870358277,61.426608703582765,7.105427357601002e-15,54.01177225996667,0.4219669707809896,0.3202205292190104
low_height_first_10000,primary,9,128,0.6,92,36,0,0.71875,0.28125,0.0,0.995898263721879,1e-10,0.04519270493749694,51.2,51.19999999999999,1.4210854715202004e-14,62.735798787734865,62.73579878773485,1.4210854715202004e-14,41.78539288022111,0.3264483818767274,0.3923016181232726
low_height_first_10000,primary,9,128,0.65,89,39,0,0.6953125,0.3046875,0.0,0.9955564523653688,1e-10,0.011551874532631845,44.8,44.79999999999999,7.105427357601002e-15,65.27187496616106,65.27187496616105,1.4210854715202004e-14,30.74892518470644,0.24022597800551906,0.45508652199448096
low_height_first_10000,primary,9,128,0.7,86,42,0,0.671875,0.328125,0.0,0.9952146410088588,1e-10,0.005237945366088015,38.400000000000006,38.4,7.105427357601002e-15,69.03483723886134,69.03483723886133,1.4210854715202004e-14,21.359650561614355,0.16687227001261215,0.5050027299873878
low_height_first_10000,primary,9,128,0.75,84,44,0,0.65625,0.34375,0.0,1.0955676188980163,1.0955676188980164e-10,0.01882280097761746,32.0,32.0,0.0,74.02468560583571,74.02468560583571,0.0,13.833223223028092,0.10807205642990697,0.5481779435700931
low_height_first_10000,primary,9,128,0.8,83,45,0,0.6484375,0.3515625,0.0,1.235272126824551,1.235272126824551e-10,0.01956443343993819,25.599999999999994,25.599999999999984,1.0658141036401503e-14,80.24142006708422,80.24142006708419,2.842170943040401e-14,8.167352963744898,0.06380744502925702,0.5846300549707429
low_height_first_10000,primary,9,128,0.85,79,49,0,0.6171875,0.3828125,0.0,1.3749766347510852,1.3749766347510852e-10,0.018151142183973068,19.200000000000003,19.199999999999996,7.105427357601002e-15,87.68504062260675,87.68504062260675,0.0,4.2041378709809045,0.03284482711703832,0.5843426728829617
low_height_first_10000,primary,9,128,0.9,76,52,0,0.59375,0.40625,0.0,1.5146811426776199,1.51468114267762e-10,0.007595488860267174,12.799999999999997,12.799999999999992,5.329070518200751e-15,96.35554727240344,96.35554727240344,0.0,1.700369149861331,0.013284133983291648,0.5804658660167084
low_height_first_10000,primary,9,128,0.95,75,53,0,0.5859375,0.4140625,0.0,1.654385650604154,1.6543856506041543e-10,0.006472097204953675,6.400000000000006,6.399999999999997,8.881784197001252e-15,106.25294001647421,106.2529400164742,1.4210854715202004e-14,0.3854952154137979,0.003011681370420296,0.5829258186295797
low_height_first_10000,primary,9,256,0.1,256,0,0,1.0,0.0,0.0,0.9995206470093959,1e-10,0.7174254660901793,230.4,230.39999999999998,2.842170943040401e-14,209.71657106840286,209.71657106840286,0.0,253.12334513940553,0.9887630669508028,0.01123693304919715
low_height_first_10000,primary,9,256,0.15,256,0,0,1.0,0.0,0.0,0.9992809705140938,1e-10,0.576138199135269,217.6,217.60000000000002,2.842170943040401e-14,190.26228490390636,190.2622849039064,2.842170943040401e-14,248.86571725927925,0.9721317080440596,0.027868291955940427
low_height_first_10000,primary,9,256,0.2,256,0,0,1.0,0.0,0.0,0.9990412940187917,1e-10,0.43485093218035864,204.8,204.8,0.0,173.26628427361135,173.26628427361135,0.0,242.0727158537443,0.9455965463036887,0.05440345369631128
low_height_first_10000,primary,9,256,0.25,256,0,0,1.0,0.0,0.0,0.9988016175234897,1e-10,0.2935636652254483,192.0,192.0,0.0,158.72856917751773,158.72856917751773,0.0,232.24552574887954,0.9072090849565607,0.09279091504343928
low_height_first_10000,primary,9,256,0.3,256,0,0,1.0,0.0,0.0,0.9985619410281876,1e-10,0.15227639827053796,179.2,179.20000000000002,2.842170943040401e-14,146.64913961562553,146.64913961562553,0.0,218.97598638606934,0.8553749468205833,0.14462505317941665
low_height_first_10000,primary,9,256,0.35,256,0,0,1.0,0.0,0.0,0.9983222645328855,1e-10,0.010989131315627731,166.4,166.4,0.0,137.02799558793473,137.02799558793475,2.842170943040401e-14,202.06790503792502,0.7893277540543946,0.2106722459456054
low_height_first_10000,primary,9,256,0.4,226,30,0,0.8828125,0.1171875,0.0,0.9980825880375835,1e-10,0.004134053235280044,153.6,153.60000000000002,2.842170943040401e-14,129.86513709444537,129.86513709444537,0.0,181.6727762959342,0.709659282405993,0.17315321759400704
low_height_first_10000,primary,9,256,0.45,212,44,0,0.828125,0.171875,0.0,0.9978429115422814,1e-10,0.010160063870796598,140.8,140.8,0.0,125.16056413515741,125.16056413515741,0.0,158.39366127011002,0.6187252393363672,0.20939976066363275
low_height_first_10000,primary,9,256,0.5,199,57,0,0.77734375,0.22265625,0.0,0.9976032350469793,1e-10,0.0017492190865545654,128.0,128.00000000000003,2.842170943040401e-14,122.91427671007088,122.91427671007088,0.0,133.2961510943634,0.5206880902123571,0.25665565978764293
low_height_first_10000,primary,9,256,0.55,190,66,0,0.7421875,0.2578125,0.0,0.9973635585516774,1e-10,0.000590740343827445,115.19999999999999,115.2,1.4210854715202004e-14,123.12627481918577,123.12627481918577,0.0,107.78398046630481,0.42103117369650317,0.32115632630349683
low_height_first_10000,primary,9,256,0.6,183,73,0,0.71484375,0.28515625,0.0,0.9971238820563753,1e-10,0.02397382750989041,102.4,102.40000000000002,1.4210854715202004e-14,125.79655846250208,125.79655846250206,1.4210854715202004e-14,83.35490356936623,0.32560509206783683,0.38923865793216317
low_height_first_10000,primary,9,256,0.65,178,78,0,0.6953125,0.3046875,0.0,0.9968842055610732,1e-10,0.011898649433734865,89.6,89.60000000000001,1.4210854715202004e-14,130.9251276400198,130.92512764001978,2.842170943040401e-14,61.31871050814264,0.23952621292243217,0.45578628707756785
low_height_first_10000,primary,9,256,0.7,170,86,0,0.6640625,0.3359375,0.0,0.9966445290657712,1e-10,0.002571698208732265,76.80000000000001,76.80000000000004,2.842170943040401e-14,138.5119823517389,138.51198235173888,2.842170943040401e-14,42.58288633124854,0.1663393997314396,0.49772310026856037
low_height_first_10000,primary,9,256,0.75,166,90,0,0.6484375,0.3515625,0.0,1.119309004323655,1.1193090043236552e-10,0.005077011972573153,64.0,64.00000000000003,2.842170943040401e-14,148.5571225976595,148.55712259765943,5.684341886080802e-14,27.57188567183875,0.10770267840562012,0.5407348215943799
low_height_first_10000,primary,9,256,0.8,164,92,0,0.640625,0.359375,0.0,1.2605962712785654,1.2605962712785656e-10,0.017138189263117387,51.19999999999999,51.2,1.4210854715202004e-14,161.06054837778152,161.0605483777814,1.1368683772161603e-13,16.276114954303914,0.06357857404024966,0.5770464259597503
low_height_first_10000,primary,9,256,0.85,158,98,0,0.6171875,0.3828125,0.0,1.4018835382334758,1.401883538233476e-10,0.015204467615050898,38.400000000000006,38.400000000000034,2.842170943040401e-14,176.0222596921048,176.0222596921048,0.0,8.377122317252807,0.03272313405176878,0.5844643659482313
low_height_first_10000,primary,9,256,0.9,154,102,0,0.6015625,0.3984375,0.0,1.5431708051883861,1.543170805188386e-10,0.0007129998586319353,25.599999999999994,25.599999999999994,0.0,193.44225654062967,193.44225654062961,5.684341886080802e-14,3.3878843832777097,0.013233923372178553,0.5883285766278215
low_height_first_10000,primary,9,256,0.95,151,105,0,0.58984375,0.41015625,0.0,1.6844580721432965,1.6844580721432964e-10,0.006472041996572253,12.800000000000011,12.800000000000026,1.4210854715202004e-14,213.32053892335585,213.3205389233558,5.684341886080802e-14,0.7680460626384716,0.00300017993218153,0.5868435700678185
low_height_first_10000,primary,9,512,0.1,512,0,0,1.0,0.0,0.0,0.9998459418810713,1e-10,0.7142018720376462,460.8,460.8,0.0,419.42141497557134,419.42141497557134,0.0,506.2608451034082,0.9887907130925941,0.011209286907405858
low_height_first_10000,primary,9,512,0.15,512,0,0,1.0,0.0,0.0,0.999768912821607,1e-10,0.5713028080564693,435.2,435.2,0.0,380.4981836950355,380.4981836950355,0.0,497.76595031476137,0.9721991217085183,0.0278008782914817
low_height_first_10000,primary,9,512,0.2,512,0,0,1.0,0.0,0.0,0.9996918837621426,1e-10,0.42840374407529225,409.6,409.6,0.0,346.48565990228536,346.48565990228536,0.0,484.21097729503305,0.9457245650293614,0.05427543497063858
low_height_first_10000,primary,9,512,0.25,512,0,0,1.0,0.0,0.0,0.9996148547026783,1e-10,0.28550468009411534,384.0,384.0,0.0,317.3838435973209,317.3838435973209,0.0,464.59831832865456,0.9074185904856534,0.09258140951434657
low_height_first_10000,primary,9,512,0.3,512,0,0,1.0,0.0,0.0,0.9995378256432139,1e-10,0.14260561611293843,358.4,358.4,0.0,293.1927347801421,293.1927347801421,0.0,438.1096281131313,0.8556828674084596,0.14431713259154044
low_height_first_10000,primary,9,512,0.35,511,1,0,0.998046875,0.001953125,0.0,0.9994607965837496,1e-10,0.0002934478682383723,332.8,332.8,0.0,273.9123334507489,273.9123334507489,0.0,404.3477655960117,0.7897417296797103,0.20830514532028965
low_height_first_10000,primary,9,512,0.4,452,60,0,0.8828125,0.1171875,0.0,0.9993837675242853,1e-10,0.002923697289793026,307.2,307.20000000000005,5.684341886080802e-14,259.5426396091415,259.5426396091415,0.0,363.60823077903257,0.710172325740298,0.17264017425970202
low_height_first_10000,primary,9,512,0.45,423,89,0,0.826171875,0.173828125,0.0,0.9993067384648209,1e-10,0.005459914083103978,281.6,281.6,0.0,250.08365325531963,250.0836532553197,5.684341886080802e-14,317.088138180072,0.6193127698829531,0.20685910511704686
low_height_first_10000,primary,9,512,0.5,397,115,0,0.775390625,0.224609375,0.0,0.9992297094053566,1e-10,0.0013859406617662273,256.0,256.0,0.0,245.5353743892835,245.53537438928356,5.684341886080802e-14,266.9106240312897,0.5213098125611126,0.25408081243888736
low_height_first_10000,primary,9,512,0.55,382,130,0,0.74609375,0.25390625,0.0,0.9991526803458922,1e-10,0.0005907403438257797,230.39999999999998,230.39999999999998,0.0,245.89780301103303,245.8978030110331,5.684341886080802e-14,215.87895194662715,0.42163857802075616,0.32445517197924384
low_height_first_10000,primary,9,512,0.6,368,144,0,0.71875,0.28125,0.0,0.9990756512864278,1e-10,0.00404880828006593,204.8,204.8,0.0,251.17093912056828,251.17093912056828,0.0,166.99001941409435,0.326152381668153,0.392597618331847
low_height_first_10000,primary,9,512,0.65,356,156,0,0.6953125,0.3046875,0.0,0.9989986222269636,1e-10,0.002919079396748847,179.2,179.2,0.0,261.3547827178891,261.3547827178892,5.684341886080802e-14,122.86991523955747,0.2399803032022607,0.4553321967977393
low_height_first_10000,primary,9,512,0.7,342,170,0,0.66796875,0.33203125,0.0,1.0005868957364767,1.0005868957364767e-10,0.001016774365924955,153.60000000000002,153.60000000000002,0.0,276.4493338029956,276.44933380299574,1.1368683772161603e-13,85.34279925887942,0.16668515480249887,0.5012835951975011
low_height_first_10000,primary,9,512,0.75,332,180,0,0.6484375,0.3515625,0.0,1.1434859597176539,1.143485959717654e-10,0.005076736544695315,128.0,128.0,0.0,296.45459237588784,296.45459237588796,1.1368683772161603e-13,55.26647392672536,0.10794233188813547,0.5404951681118645
low_height_first_10000,primary,9,512,0.8,326,186,0,0.63671875,0.36328125,0.0,1.286385023698831,1.286385023698831e-10,0.0033102038477901274,102.39999999999998,102.39999999999999,1.4210854715202004e-14,321.37055843656583,321.37055843656583,0.0,32.628253350313486,0.06372705732483103,0.572991692675169
low_height_first_10000,primary,9,512,0.85,318,194,0,0.62109375,0.37890625,0.0,1.4292840876800077,1.4292840876800078e-10,0.010097053599463557,76.80000000000001,76.80000000000004,2.842170943040401e-14,351.19723198502925,351.1972319850294,1.7053025658242404e-13,16.794665398306527,0.032802080856067437,0.5882916691439326
low_height_first_10000,primary,9,512,0.9,309,203,0,0.603515625,0.396484375,0.0,1.5721831516611848,1.5721831516611849e-10,0.0006716082610742635,51.19999999999999,51.20000000000002,2.842170943040401e-14,385.93461302127855,385.93461302127866,1.1368683772161603e-13,6.792445952121597,0.013266496000237495,0.5902491289997625
low_height_first_10000,primary,9,512,0.95,304,208,0,0.59375,0.40625,0.0,1.7150822156423615,1.7150822156423617e-10,0.0014578050023854594,25.600000000000023,25.60000000000008,5.684341886080802e-14,425.5827015453135,425.5827015453135,0.0,1.5399122135847017,0.0030076410421576204,0.5907423589578423
low_height_first_10000,primary,10,128,0.1,128,0,0,1.0,0.0,0.0,0.9996866742675367,1e-10,0.7175060732315521,115.2,115.2,0.0,104.83968126988724,104.83968126988724,0.0,126.58413149727687,0.9889385273224756,0.011061472677524442
low_height_first_10000,primary,10,128,0.15,128,0,0,1.0,0.0,0.0,0.9995300114013049,1e-10,0.5762591098473282,108.8,108.80000000000001,1.4210854715202004e-14,95.08928285724625,95.08928285724627,2.842170943040401e-14,124.48763566522082,0.9725596536345377,0.02744034636546233
low_height_first_10000,primary,10,128,0.2,128,0,0,1.0,0.0,0.0,0.9993733485350732,1e-10,0.43501214646310415,102.4,102.4,0.0,86.5587250795489,86.5587250795489,0.0,121.14041640936155,0.9464095031981371,0.0535904968018629
low_height_first_10000,primary,10,128,0.25,128,0,0,1.0,0.0,0.0,0.9992166856688415,1e-10,0.2937651830788802,96.0,96.0,0.0,79.24800793679516,79.24800793679516,0.0,116.2931440163176,0.9085401876274812,0.09145981237251877
low_height_first_10000,primary,10,128,0.3,128,0,0,1.0,0.0,0.0,0.9990600228026099,1e-10,0.1525182196946563,89.6,89.60000000000001,1.4210854715202004e-14,73.15713142898502,73.15713142898502,0.0,109.7385838288791,0.857332686163118,0.14266731383688203
low_height_first_10000,primary,10,128,0.35,128,0,0,1.0,0.0,0.0,0.9989033599363781,1e-10,0.011271256310432354,83.2,83.20000000000002,1.4210854715202004e-14,68.28609555611851,68.28609555611852,1.4210854715202004e-14,101.37114947963605,0.7919621053096566,0.2080378946903434
low_height_first_10000,primary,10,128,0.4,116,12,0,0.90625,0.09375,0.0,0.9987466970701464,1e-10,0.006695245561611718,76.8,76.80000000000001,1.4210854715202004e-14,64.6349003181956,64.6349003181956,0.0,91.25472416547636,0.7129275325427841,0.19332246745721593
low_height_first_10000,primary,10,128,0.45,106,22,0,0.828125,0.171875,0.0,0.9985900342039147,1e-10,0.009107385097217313,70.4,70.4,0.0,62.20354571521631,62.20354571521631,0.0,79.67648697536576,0.622472554495045,0.20565244550495498
low_height_first_10000,primary,10,128,0.5,100,28,0,0.78125,0.21875,0.0,0.9984333713376831,1e-10,0.006277202706830298,64.0,64.00000000000001,1.4210854715202004e-14,60.992031747180626,60.992031747180626,0.0,67.15631341776606,0.5246586985762973,0.2565913014237027
low_height_first_10000,primary,10,128,0.55,96,32,0,0.75,0.25,0.0,0.9982767084714513,1e-10,0.012722143837989974,57.599999999999994,57.60000000000001,1.4210854715202004e-14,61.00035841408855,61.00035841408855,0.0,54.389188625385756,0.4249155361358262,0.3250844638641738
low_height_first_10000,primary,10,128,0.6,92,36,0,0.71875,0.28125,0.0,0.9981200456052196,1e-10,0.002711640606786414,51.2,51.20000000000001,7.105427357601002e-15,62.22852571594011,62.228525715940094,1.4210854715202004e-14,42.12601808961878,0.32910951632514673,0.38964048367485327
low_height_first_10000,primary,10,128,0.65,89,39,0,0.6953125,0.3046875,0.0,0.9979633827389879,1e-10,0.004056706880756655,44.8,44.800000000000004,7.105427357601002e-15,64.67653365273526,64.67653365273526,0.0,31.03196610344499,0.24243723518316398,0.45287526481683604
low_height_first_10000,primary,10,128,0.7,86,42,0,0.671875,0.328125,0.0,0.9978067198727563,1e-10,0.020555453106934185,38.400000000000006,38.40000000000002,1.4210854715202004e-14,68.34438222447402,68.344382224474,1.4210854715202004e-14,21.57543827313963,0.16855811150890335,0.5033168884910967
low_height_first_10000,primary,10,128,0.75,84,44,0,0.65625,0.34375,0.0,1.1187044507633592,1.1187044507633593e-10,0.007076663630482205,32.0,32.000000000000014,1.4210854715202004e-14,73.23207143115641,73.2320714311564,1.4210854715202004e-14,13.982944630518011,0.10924175492592196,0.5470082450740781
low_height_first_10000,primary,10,128,0.8,80,48,0,0.625,0.375,0.0,1.2599514141475834,1.2599514141475835e-10,0.011108343949562505,25.599999999999994,25.60000000000001,1.4210854715202004e-14,79.33960127278243,79.33960127278239,4.263256414560601e-14,8.260187718195931,0.06453271654840571,0.5604672834515942
low_height_first_10000,primary,10,128,0.85,79,49,0,0.6171875,0.3828125,0.0,1.401198377531807,1.401198377531807e-10,0.021350853853283835,19.200000000000003,19.20000000000002,1.7763568394002505e-14,86.666971749352,86.66697174935199,1.4210854715202004e-14,4.253523488349602,0.033230652252731266,0.5839568477472687
low_height_first_10000,primary,10,128,0.9,78,50,0,0.609375,0.390625,0.0,1.5424453409160312,1.5424453409160314e-10,0.02398407252908108,12.799999999999997,12.800000000000018,2.1316282072803006e-14,95.21418286086524,95.21418286086521,2.842170943040401e-14,1.7207520463565429,0.013443375362160491,0.5959316246378396
low_height_first_10000,primary,10,128,0.95,77,51,0,0.6015625,0.3984375,0.0,1.683692304300255,1.683692304300255e-10,0.005723930332563021,6.400000000000006,6.4000000000000234,1.7763568394002505e-14,104.98123460732205,104.98123460732202,2.842170943040401e-14,0.3901649676078706,0.003048163809436489,0.5985143361905635
low_height_first_10000,primary,10,256,0.1,256,0,0,1.0,0.0,0.0,0.9996866742675367,1e-10,0.7175060732315508,230.4,230.4,0.0,209.70302709345964,209.70302709345964,0.0,253.13969347872913,0.9888269276512857,0.011173072348714341
low_height_first_10000,primary,10,256,0.15,256,0,0,1.0,0.0,0.0,0.999530011401305,1e-10,0.5762591098473264,217.6,217.6,0.0,190.23181096028415,190.23181096028415,0.0,248.90558398713605,0.9722874374497502,0.027712562550249786
low_height_first_10000,primary,10,256,0.2,256,0,0,1.0,0.0,0.0,0.9993733485350733,1e-10,0.4350121464631017,204.8,204.79999999999998,2.842170943040401e-14,173.2121083738385,173.2121083738385,0.0,242.14842942431946,0.9458923024387479,0.05410769756125211
low_height_first_10000,primary,10,256,0.25,256,0,0,1.0,0.0,0.0,0.9992166856688417,1e-10,0.2937651830788772,192.0,192.0,0.0,158.64391933412267,158.64391933412267,0.0,232.36944822549486,0.9076931571308393,0.09230684286916069
low_height_first_10000,primary,10,256,0.3,256,0,0,1.0,0.0,0.0,0.99906002280261,1e-10,0.15251821969465273,179.2,179.2,0.0,146.52724384113662,146.52724384113662,0.0,219.15815215098291,0.856086531839777,0.143913468160223
low_height_first_10000,primary,10,256,0.35,256,0,0,1.0,0.0,0.0,0.9989033599363784,1e-10,0.011271256310428135,166.4,166.39999999999998,2.842170943040401e-14,136.86208189488042,136.86208189488042,0.0,202.31286574514516,0.7902846318169733,0.20971536818302672
low_height_first_10000,primary,10,256,0.4,227,29,0,0.88671875,0.11328125,0.0,0.9987466970701466,1e-10,0.006695245574332542,153.6,153.6,0.0,129.64843349535403,129.648433495354,2.842170943040401e-14,181.97643707623706,0.710845457329051,0.17587329267094898
low_height_first_10000,primary,10,256,0.45,213,43,0,0.83203125,0.16796875,0.0,0.998590034203915,1e-10,0.00910807020965032,140.8,140.79999999999998,2.842170943040401e-14,124.88629864255742,124.88629864255743,1.4210854715202004e-14,158.74151300408846,0.6200840351722205,0.21194721482777945
low_height_first_10000,primary,10,256,0.5,199,57,0,0.77734375,0.22265625,0.0,0.9984333713376833,1e-10,0.007944392987162319,128.0,127.99999999999999,1.4210854715202004e-14,122.57567733649064,122.57567733649064,0.0,133.6643643830186,0.5221264233711664,0.25521732662883356
low_height_first_10000,primary,10,256,0.55,193,63,0,0.75390625,0.24609375,0.0,0.9982767084714517,1e-10,0.0074981725859506465,115.19999999999999,115.19999999999997,1.4210854715202004e-14,122.71656957715368,122.71656957715368,0.0,108.14383131575646,0.42243684107717366,0.33146940892282634
low_height_first_10000,primary,10,256,0.6,183,73,0,0.71484375,0.28515625,0.0,0.99812004560522,1e-10,0.0017730969113838313,102.4,102.39999999999999,1.4210854715202004e-14,125.30897536454654,125.30897536454654,0.0,83.67924140705024,0.32687203674629,0.38797171325371
low_height_first_10000,primary,10,256,0.65,178,78,0,0.6953125,0.3046875,0.0,0.9979633827389883,1e-10,0.005565860620561636,89.6,89.59999999999998,1.4210854715202004e-14,130.3528946986692,130.3528946986692,0.0,61.58789199548141,0.24057770310734924,0.45473479689265073
low_height_first_10000,primary,10,256,0.7,171,85,0,0.66796875,0.33203125,0.0,0.9978067198727567,1e-10,0.014598775003449305,76.80000000000001,76.8,1.4210854715202004e-14,137.84832757952165,137.84832757952165,0.0,42.787896694629374,0.167140221463396,0.500828528536604
low_height_first_10000,primary,10,256,0.75,168,88,0,0.65625,0.34375,0.0,1.118704450763368,1.1187044507633682e-10,0.007076845874763427,64.0,63.99999999999998,2.1316282072803006e-14,147.79527400710396,147.79527400710396,0.0,27.71401201775316,0.10825785944434828,0.5479921405556517
low_height_first_10000,primary,10,256,0.8,162,94,0,0.6328125,0.3671875,0.0,1.2599514141475932,1.2599514141475933e-10,0.0031396211434686627,51.19999999999999,51.199999999999974,1.4210854715202004e-14,160.19373398141607,160.19373398141607,0.0,16.364185632280158,0.06392260012609437,0.5688898998739056
low_height_first_10000,primary,10,256,0.85,158,98,0,0.6171875,0.3828125,0.0,1.4011983775318173,1.4011983775318174e-10,0.0016810895682595195,38.400000000000006,38.39999999999998,2.842170943040401e-14,175.04370750245795,175.043707502458,5.684341886080802e-14,8.42395320025597,0.03290606718849988,0.5842814328115001
low_height_first_10000,primary,10,256,0.9,155,101,0,0.60546875,0.39453125,0.0,1.542445340916042,1.542445340916042e-10,0.013035546720471247,25.599999999999994,25.599999999999966,2.842170943040401e-14,192.3451945702297,192.34519457022975,5.684341886080802e-14,3.407207554440423,0.013309404509532902,0.5921593454904671
low_height_first_10000,primary,10,256,0.95,154,102,0,0.6015625,0.3984375,0.0,1.6836923043002665,1.6836923043002666e-10,0.005683507347778338,12.800000000000011,12.799999999999997,1.4210854715202004e-14,212.09819518473125,212.09819518473125,0.0,0.7724723911832465,0.0030174702780595567,0.5985450297219405
low_height_first_10000,primary,10,512,0.1,512,0,0,1.0,0.0,0.0,0.9998226998918897,1e-10,0.7137386911240339,460.8,460.8,0.0,419.43877766002447,419.43877766002447,0.0,506.2398884161092,0.9887497820627132,0.011250217937286755
low_height_first_10000,primary,10,512,0.15,512,0,0,1.0,0.0,0.0,0.9997340498378344,1e-10,0.5706080366860509,435.2,435.20000000000005,5.684341886080802e-14,380.53724973505496,380.537249735055,5.684341886080802e-14,497.71484954985897,0.9720993155270683,0.027900684472931703
low_height_first_10000,primary,10,512,0.2,512,0,0,1.0,0.0,0.0,0.9996453997837792,1e-10,0.42747738224806775,409.6,409.6,0.0,346.5551106400977,346.5551106400977,0.0,484.113939887136,0.9455350388420625,0.05446496115793753
low_height_first_10000,primary,10,512,0.25,512,0,0,1.0,0.0,0.0,0.999556749729724,1e-10,0.28434672781008474,384.0,384.0,0.0,317.4923603751527,317.49236037515277,5.684341886080802e-14,464.43952171247287,0.9071084408446736,0.09289155915532643
low_height_first_10000,primary,10,512,0.3,512,0,0,1.0,0.0,0.0,0.9994680996756689,1e-10,0.14121607337210174,358.4,358.4,0.0,293.34899894021993,293.34899894021993,0.0,437.87625137311704,0.8552270534631192,0.14477294653688078
low_height_first_10000,primary,10,512,0.35,511,1,0,0.998046875,0.001953125,0.0,0.9993794496216136,1e-10,0.0019145810658813822,332.8,332.80000000000007,5.684341886080802e-14,274.12502633529937,274.12502633529937,0.0,404.0340332317111,0.7891289711556857,0.2089179038443143
low_height_first_10000,primary,10,512,0.4,452,60,0,0.8828125,0.1171875,0.0,0.9992907995675584,1e-10,0.00669524557433121,307.2,307.20000000000005,5.684341886080802e-14,259.82044256039103,259.82044256039103,0.0,363.21945675257945,0.7094130014698817,0.17339949853011827
low_height_first_10000,primary,10,512,0.45,423,89,0,0.826171875,0.173828125,0.0,0.9992021495135033,1e-10,0.001585921731694917,281.6,281.6,0.0,250.43524761549483,250.43524761549486,2.842170943040401e-14,316.64296761353205,0.6184432961201798,0.2077285788798202
low_height_first_10000,primary,10,512,0.5,397,115,0,0.775390625,0.224609375,0.0,0.999113499459448,1e-10,0.0025088499244207974,256.0,256.0,0.0,245.9694415006109,245.96944150061097,5.684341886080802e-14,266.4396016032635,0.520389846881374,0.255000778118626
low_height_first_10000,primary,10,512,0.55,383,129,0,0.748046875,0.251953125,0.0,0.9990248494053928,1e-10,0.0008019968142616296,230.39999999999998,230.40000000000003,5.684341886080802e-14,246.4230242157392,246.42302421573925,5.684341886080802e-14,215.41883177898873,0.42073990581833737,0.32730696918166263
low_height_first_10000,primary,10,512,0.6,365,147,0,0.712890625,0.287109375,0.0,0.9989361993513376,1e-10,0.0017730969165425936,204.8,204.80000000000004,2.842170943040401e-14,251.79599576087975,251.79599576087978,2.842170943040401e-14,166.57548454357305,0.3253427432491661,0.3875478817508339
low_height_first_10000,primary,10,512,0.65,355,157,0,0.693359375,0.306640625,0.0,0.9988475492972825,1e-10,0.0055658782598175804,179.2,179.20000000000005,5.684341886080802e-14,262.0883561360325,262.0883561360325,0.0,122.52600792128469,0.23930860922125916,0.4540507657787408
low_height_first_10000,primary,10,512,0.7,343,169,0,0.669921875,0.330078125,0.0,1.0038291621317628,1.0038291621317628e-10,0.008883227215572775,153.60000000000002,153.60000000000008,5.684341886080802e-14,277.30010534119737,277.3001053411974,5.684341886080802e-14,85.0809629912351,0.16617375584225605,0.503748119157744
low_height_first_10000,primary,10,512,0.75,335,177,0,0.654296875,0.345703125,0.0,1.1469598165697459,1.146959816569746e-10,0.0003356755001369116,128.0,128.00000000000006,5.684341886080802e-14,297.4312433763746,297.4312433763746,0.0,55.08499986084988,0.10758789035322242,0.5467089846467776
low_height_first_10000,primary,10,512,0.8,325,187,0,0.634765625,0.365234375,0.0,1.290090471007729,1.290090471007729e-10,0.003139502844132891,102.39999999999998,102.4,2.842170943040401e-14,322.48177024156405,322.481770241564,5.684341886080802e-14,32.51582249795187,0.06350746581631225,0.5712581591836877
low_height_first_10000,primary,10,512,0.85,319,193,0,0.623046875,0.376953125,0.0,1.4332211254457117,1.4332211254457118e-10,0.00015401673722814646,76.80000000000001,76.80000000000007,5.684341886080802e-14,352.45168593676544,352.45168593676556,1.1368683772161603e-13,16.734889448246886,0.0326853309536072,0.5903615440463928
low_height_first_10000,primary,10,512,0.9,313,199,0,0.611328125,0.388671875,0.0,1.5763517798836948,1.5763517798836948e-10,0.004360115471239934,51.19999999999999,51.20000000000002,2.842170943040401e-14,387.34099046197935,387.3409904619794,5.684341886080802e-14,6.76778359262577,0.013218327329347208,0.5981097976706528
low_height_first_10000,primary,10,512,0.95,309,203,0,0.603515625,0.396484375,0.0,1.719482434321678,1.7194824343216779e-10,0.0056835073477397025,25.600000000000023,25.600000000000136,1.1368683772161603e-13,427.1496838172054,427.1496838172054,0.0,1.5342631045478103,0.002996607626069942,0.6005190173739301
low_height_first_10000,primary,11,128,0.1,128,0,0,1.0,0.0,0.0,0.9994086015925662,1e-10,0.7163828158752854,115.2,115.19999999999999,1.4210854715202004e-14,104.84961377919852,104.8496137791985,1.4210854715202004e-14,126.57214005525397,0.9888448441816716,0.011155155818328377
low_height_first_10000,primary,11,128,0.15,128,0,0,1.0,0.0,0.0,0.9991129023888492,1e-10,0.5745742238129283,108.8,108.79999999999998,1.4210854715202004e-14,95.11163100319665,95.11163100319665,0.0,124.4583851117236,0.9723311336853406,0.02766886631465937
low_height_first_10000,primary,11,128,0.2,128,0,0,1.0,0.0,0.0,0.9988172031851322,1e-10,0.4327656317505709,102.4,102.4,0.0,86.59845511679404,86.59845511679404,0.0,121.0848390523597,0.9459753050965601,0.05402469490343986
low_height_first_10000,primary,11,128,0.25,128,0,0,1.0,0.0,0.0,0.9985215039814153,1e-10,0.29095703968821374,96.0,96.0,0.0,79.3100861199907,79.3100861199907,0.0,116.20211817771609,0.9078290482634069,0.09217095173659307
low_height_first_10000,primary,11,128,0.3,128,0,0,1.0,0.0,0.0,0.9982258047776984,1e-10,0.14914844762585655,89.6,89.6,0.0,73.24652401278661,73.24652401278661,0.0,109.60465507685426,0.8562863677879239,0.14371363221207611
low_height_first_10000,primary,11,128,0.35,128,0,0,1.0,0.0,0.0,0.9979301055739814,1e-10,0.0073398555634992535,83.2,83.19999999999999,1.4210854715202004e-14,68.40776879518177,68.40776879518177,0.0,101.19084603863826,0.7905534846768614,0.20944651532313863
low_height_first_10000,primary,11,128,0.4,113,15,0,0.8828125,0.1171875,0.0,0.9976344063702645,1e-10,0.0008001703446745001,76.8,76.79999999999998,1.4210854715202004e-14,64.7938204671762,64.79382046717619,1.4210854715202004e-14,91.03090321688902,0.7111789313819454,0.17163356861805457
low_height_first_10000,primary,11,128,0.45,106,22,0,0.828125,0.171875,0.0,0.9973387071665476,1e-10,0.0011821046845592598,70.4,70.39999999999998,2.842170943040401e-14,62.40467902876987,62.404679028769856,1.4210854715202004e-14,79.41968578534163,0.6204662951979815,0.20765870480201853
low_height_first_10000,primary,11,128,0.5,100,28,0,0.78125,0.21875,0.0,0.9970430079628306,1e-10,0.021891395608653275,64.0,64.0,0.0,61.2403444799628,61.2403444799628,0.0,66.88401306005338,0.522531352031667,0.258718647968333
low_height_first_10000,primary,11,128,0.55,97,31,0,0.7578125,0.2421875,0.0,0.9967473087591137,1e-10,0.021860811762828947,57.599999999999994,57.59999999999999,7.105427357601002e-15,61.30081682075499,61.30081682075499,0.0,54.12260671340166,0.42283286494845046,0.33497963505154954
low_height_first_10000,primary,11,128,0.6,92,36,0,0.71875,0.28125,0.0,0.9964516095553967,1e-10,0.0031891473174189278,51.2,51.2,0.0,62.58609605114644,62.58609605114643,1.4210854715202004e-14,41.88534140007254,0.3272292296880667,0.3915207703119333
low_height_first_10000,primary,11,128,0.65,87,41,0,0.6796875,0.3203125,0.0,0.9961559103516798,1e-10,0.013078216813141808,44.8,44.8,0.0,65.09618217113714,65.09618217113713,1.4210854715202004e-14,30.831915683219542,0.24087434127515267,0.43881315872484733
low_height_first_10000,primary,11,128,0.7,86,42,0,0.671875,0.328125,0.0,0.9958602111479629,1e-10,0.0016517869564209864,38.400000000000006,38.4,7.105427357601002e-15,68.83107518072708,68.83107518072708,0.0,21.422881977773926,0.1673662654513588,0.5045087345486412
low_height_first_10000,primary,11,128,0.75,82,46,0,0.640625,0.359375,0.0,1.1271288809353588,1.1271288809353588e-10,0.005776618765363506,32.0,31.99999999999999,1.0658141036401503e-14,73.7907750799163,73.7907750799163,0.0,13.87707337253194,0.10841463572290579,0.5322103642770942
low_height_first_10000,primary,11,128,0.8,80,48,0,0.625,0.375,0.0,1.2689374729977163,1.2689374729977164e-10,0.00040393869293642304,25.599999999999994,25.59999999999998,1.4210854715202004e-14,79.9752818687048,79.97528186870477,2.842170943040401e-14,8.194531918948437,0.06401978061678466,0.5609802193832153
low_height_first_10000,primary,11,128,0.85,80,48,0,0.625,0.375,0.0,1.4107460650600734,1.4107460650600734e-10,0.021443710882427025,19.200000000000003,19.19999999999999,1.4210854715202004e-14,87.38459554709249,87.38459554709249,0.0,4.21859250697494,0.03295775396074172,0.5920422460392583
low_height_first_10000,primary,11,128,0.9,77,51,0,0.6015625,0.3984375,0.0,1.5525546571224305,1.5525546571224304e-10,0.005672510249615348,12.799999999999997,12.79999999999999,7.105427357601002e-15,96.01871611507949,96.01871611507949,0.0,1.7063340005883423,0.013330734379596424,0.5882317656204036
low_height_first_10000,primary,11,128,0.95,76,52,0,0.59375,0.40625,0.0,1.6943632491847875,1.6943632491847877e-10,0.0001814573335409131,6.400000000000006,6.399999999999995,1.0658141036401503e-14,105.8776435726657,105.8776435726657,0.0,0.3868616510329539,0.0030223566486949523,0.590727643351305
low_height_first_10000,primary,11,256,0.1,256,0,0,1.0,0.0,0.0,0.99942083934503,1e-10,0.716382815875285,230.4,230.39999999999998,2.842170943040401e-14,209.70869448445825,209.70869448445825,0.0,253.13285236218059,0.9888002045397679,0.011199795460232087
low_height_first_10000,primary,11,256,0.15,256,0,0,1.0,0.0,0.0,0.999131259017545,1e-10,0.5745742238129274,217.6,217.60000000000002,2.842170943040401e-14,190.244562590031,190.24456259003102,2.842170943040401e-14,248.88890045197627,0.9722222673905323,0.027777732609467698
low_height_first_10000,primary,11,256,0.2,256,0,0,1.0,0.0,0.0,0.99884167869006,1e-10,0.43276563175057003,204.8,204.8,0.0,173.2347779378329,173.23477793783292,2.842170943040401e-14,242.11674179564397,0.9457685226392343,0.05423147736076572
low_height_first_10000,primary,11,256,0.25,256,0,0,1.0,0.0,0.0,0.998552098362575,1e-10,0.2909570396882125,192.0,192.0,0.0,158.6793405278639,158.6793405278639,0.0,232.31757755841394,0.9074905373375545,0.09250946266244553
low_height_first_10000,primary,11,256,0.3,256,0,0,1.0,0.0,0.0,0.99826251803509,1e-10,0.149148447625855,179.2,179.20000000000002,2.842170943040401e-14,146.57825036012403,146.57825036012403,0.0,219.08188916911848,0.8557886295668691,0.14421137043313093
low_height_first_10000,primary,11,256,0.35,256,0,0,1.0,0.0,0.0,0.997972937707605,1e-10,0.007339855563497588,166.4,166.4,0.0,136.93150743461325,136.93150743461325,0.0,202.2102912525218,0.7898839502051633,0.21011604979483667
low_height_first_10000,primary,11,256,0.4,227,29,0,0.88671875,0.11328125,0.0,0.9976833573801199,1e-10,0.0008001703507678481,153.6,153.60000000000002,2.842170943040401e-14,129.73911175133162,129.7391117513316,2.842170943040401e-14,181.84924870782342,0.7103486277649352,0.17637012223506476
low_height_first_10000,primary,11,256,0.45,211,45,0,0.82421875,0.17578125,0.0,0.997393777052635,1e-10,0.0011821070347979301,140.8,140.8,0.0,125.00106331027906,125.00106331027905,1.4210854715202004e-14,158.59577090789264,0.6195147301089556,0.20470401989104436
low_height_first_10000,primary,11,256,0.5,199,57,0,0.77734375,0.22265625,0.0,0.9971041967251499,1e-10,0.013234084673358404,128.0,128.00000000000003,2.842170943040401e-14,122.71736211145563,122.71736211145563,0.0,133.51004061772085,0.5215235961629721,0.25582015383702794
low_height_first_10000,primary,11,256,0.55,191,65,0,0.74609375,0.25390625,0.0,0.996814616397665,1e-10,0.004408122324684016,115.19999999999999,115.2,1.4210854715202004e-14,122.8880081548613,122.88800815486131,1.4210854715202004e-14,107.99296204130893,0.421847507973863,0.324246242026137
low_height_first_10000,primary,11,256,0.6,184,72,0,0.71875,0.28125,0.0,0.99652503607018,1e-10,0.002996742045186296,102.4,102.4,0.0,125.51300144049611,125.51300144049608,2.842170943040401e-14,83.54321767192499,0.326340694030957,0.392409305969043
low_height_first_10000,primary,11,256,0.65,176,80,0,0.6875,0.3125,0.0,0.9962354557426949,1e-10,0.004039699306330746,89.6,89.60000000000001,1.4210854715202004e-14,130.59234196836002,130.59234196836002,0.0,61.474967666519575,0.2401365924473421,0.4473634075526579
low_height_first_10000,primary,11,256,0.7,172,84,0,0.671875,0.328125,0.0,0.99594587541521,1e-10,0.012848731612931985,76.80000000000001,76.80000000000001,0.0,138.126029738453,138.12602973845298,2.842170943040401e-14,42.70187169767022,0.1668041863190243,0.5050708136809757
low_height_first_10000,primary,11,256,0.75,168,88,0,0.65625,0.34375,0.0,1.1271288809353623,1.1271288809353624e-10,0.005776596620469254,64.0,64.0,0.0,148.11406475077519,148.11406475077513,5.684341886080802e-14,27.654362243667766,0.10802485251432721,0.5482251474856727
low_height_first_10000,primary,11,256,0.8,163,93,0,0.63671875,0.36328125,0.0,1.2689374729977199,1.26893747299772e-10,0.000403858991542716,51.19999999999999,51.19999999999999,0.0,160.55644700532645,160.5564470053264,5.684341886080802e-14,16.327217305157685,0.06377819259827221,0.5729405574017278
low_height_first_10000,primary,11,256,0.85,161,95,0,0.62890625,0.37109375,0.0,1.4107460650600774,1.4107460650600775e-10,0.004327600500849127,38.400000000000006,38.400000000000006,0.0,175.45317650210671,175.45317650210671,0.0,8.404293552258913,0.03282927168851138,0.5960769783114886
low_height_first_10000,primary,11,256,0.9,154,102,0,0.6015625,0.3984375,0.0,1.552554657122435,1.552554657122435e-10,0.0021288257363740737,25.599999999999994,25.59999999999998,1.4210854715202004e-14,192.80425324111627,192.80425324111621,5.684341886080802e-14,3.3990951391535047,0.013277715387318378,0.5882847846126816
low_height_first_10000,primary,11,256,0.95,153,103,0,0.59765625,0.40234375,0.0,1.6943632491847924,1.6943632491847926e-10,0.00018131383591601935,12.800000000000011,12.800000000000011,0.0,212.60967722235483,212.60967722235475,8.526512829121202e-14,0.77061402914718,0.003010211051356172,0.5946460389486439
low_height_first_10000,primary,11,512,0.1,512,0,0,1.0,0.0,0.0,0.9999703206480083,1e-10,0.7089161491042326,460.8,460.8,0.0,419.43602855236776,419.4360285523677,5.684341886080802e-14,506.2432064619103,0.9887562626209185,0.011243737379081464
low_height_first_10000,primary,11,512,0.15,512,0,0,1.0,0.0,0.0,0.9999554809720124,1e-10,0.5633742236563489,435.2,435.20000000000005,5.684341886080802e-14,380.53106424282737,380.5310642428274,5.684341886080802e-14,497.72293985213054,0.9721151168986925,0.027884883101307545
low_height_first_10000,primary,11,512,0.2,512,0,0,1.0,0.0,0.0,0.9999406412960165,1e-10,0.41783229820846524,409.6,409.6,0.0,346.54411420947093,346.544114209471,5.684341886080802e-14,484.12930164091324,0.9455650422674087,0.05443495773259133
low_height_first_10000,primary,11,512,0.25,512,0,0,1.0,0.0,0.0,0.9999258016200206,1e-10,0.27229037276058154,384.0,384.0,0.0,317.47517845229834,317.47517845229834,0.0,464.4646574225195,0.9071575340283584,0.09284246597164159
low_height_first_10000,primary,11,512,0.3,512,0,0,1.0,0.0,0.0,0.9999109619440247,1e-10,0.12674844731269785,358.4,358.40000000000003,5.684341886080802e-14,293.32425697130964,293.32425697130964,0.0,437.9131863361845,0.8552991920628603,0.14470080793713969
low_height_first_10000,primary,11,512,0.35,511,1,0,0.998046875,0.001953125,0.0,0.9998961222680289,1e-10,0.006682728827891671,332.8,332.8,0.0,274.0913497665048,274.0913497665048,0.0,404.0836753671782,0.78922592845152,0.20882094654848005
low_height_first_10000,primary,11,512,0.4,452,60,0,0.8828125,0.1171875,0.0,0.999881282592033,1e-10,0.0004459797283873357,307.2,307.2,0.0,259.77645683788376,259.7764568378838,5.684341886080802e-14,363.28095759229535,0.7095331202974519,0.17327937970254814
low_height_first_10000,primary,11,512,0.45,423,89,0,0.826171875,0.173828125,0.0,0.9998664429160371,1e-10,0.000164467232150578,281.6,281.6,0.0,250.37957818544666,250.37957818544663,2.842170943040401e-14,316.71337005475175,0.618580800888187,0.207591074111813
low_height_first_10000,primary,11,512,0.5,398,114,0,0.77734375,0.22265625,0.0,0.9998516032400413,1e-10,0.0010524831756151265,256.0,256.0,0.0,245.9007138091934,245.9007138091934,0.0,266.5140697836796,0.5205352925462492,0.2568084574537508
low_height_first_10000,primary,11,512,0.55,383,129,0,0.748046875,0.251953125,0.0,0.9998367635640454,1e-10,0.004408122967965111,230.39999999999998,230.39999999999998,0.0,246.33986370912402,246.33986370912402,0.0,215.49155382614526,0.42088194106668997,0.32716493393331003
low_height_first_10000,primary,11,512,0.6,369,143,0,0.720703125,0.279296875,0.0,0.9998219238880495,1e-10,0.0029967420451635363,204.8,204.8,0.0,251.69702788523853,251.6970278852385,2.842170943040401e-14,166.64098242401167,0.3254706687968978,0.3952324562031022
low_height_first_10000,primary,11,512,0.65,354,158,0,0.69140625,0.30859375,0.0,0.9998070842120537,1e-10,0.004039656894258448,179.2,179.20000000000002,2.842170943040401e-14,261.9722063375369,261.9722063375369,0.0,122.58033189453927,0.239414710731522,0.451991539268478
low_height_first_10000,primary,11,512,0.7,343,169,0,0.669921875,0.330078125,0.0,1.0375869562703715,1.0375869562703714e-10,0.012848731692869264,153.60000000000002,153.60000000000002,0.0,277.16539906601906,277.16539906601906,0.0,85.12231353373338,0.166254518620573,0.503667356379427
low_height_first_10000,primary,11,512,0.75,336,176,0,0.65625,0.34375,0.0,1.1831288817182553,1.1831288817182554e-10,0.0011623338400186256,128.0,128.00000000000003,2.842170943040401e-14,297.27660607068515,297.27660607068515,0.0,55.11365396880333,0.107643855407819,0.548606144592181
low_height_first_10000,primary,11,512,0.8,326,186,0,0.63671875,0.36328125,0.0,1.328670807166139,1.328670807166139e-10,0.00040385898930539454,102.39999999999998,102.4,2.842170943040401e-14,322.3058273515352,322.30582735153513,5.684341886080802e-14,32.53357249592419,0.06354213378110193,0.573176616218898
low_height_first_10000,primary,11,512,0.85,323,189,0,0.630859375,0.369140625,0.0,1.4742127326140229,1.4742127326140228e-10,0.004327546503422375,76.80000000000001,76.80000000000004,2.842170943040401e-14,352.25306290856884,352.25306290856895,1.1368683772161603e-13,16.744325659791226,0.03270376105427974,0.5981556139457203
low_height_first_10000,primary,11,512,0.9,312,200,0,0.609375,0.390625,0.0,1.6197546580619067,1.6197546580619068e-10,0.004812277203816162,51.19999999999999,51.19999999999999,0.0,387.11831274178667,387.11831274178667,0.0,6.771676548788163,0.01322593075935188,0.5961490692406481
low_height_first_10000,primary,11,512,0.95,307,205,0,0.599609375,0.400390625,0.0,1.76529658350979,1.76529658350979e-10,0.00018131383593389394,25.600000000000023,25.60000000000005,2.842170943040401e-14,426.9015768511882,426.9015768511881,1.1368683772161603e-13,1.5351547886843488,0.002998349196649119,0.5966110258033509
low_height_first_10000,primary,12,128,0.1,128,0,0,1.0,0.0,0.0,0.9996891003784044,1e-10,0.7182433430814712,115.2,115.2,0.0,104.8476069781141,104.8476069781141,0.0,126.57456266760765,0.9888637708406848,0.011136229159315225
low_height_first_10000,primary,12,128,0.15,128,0,0,1.0,0.0,0.0,0.9995336505676067,1e-10,0.5773650146222069,108.8,108.80000000000001,1.4210854715202004e-14,95.10711570075671,95.10711570075672,1.4210854715202004e-14,124.46429389410886,0.9723772960477255,0.027622703952274508
low_height_first_10000,primary,12,128,0.2,128,0,0,1.0,0.0,0.0,0.9993782007568089,1e-10,0.4364866861629425,102.4,102.4,0.0,86.59042791245636,86.59042791245638,1.4210854715202004e-14,121.09606399683337,0.9460629999752607,0.053937000024739334
low_height_first_10000,primary,12,128,0.25,128,0,0,1.0,0.0,0.0,0.9992227509460111,1e-10,0.2956083577036782,96.0,96.0,0.0,79.29754361321308,79.29754361321308,0.0,116.22049788770971,0.9079726397477321,0.09202736025226788
low_height_first_10000,primary,12,128,0.3,128,0,0,1.0,0.0,0.0,0.9990673011352134,1e-10,0.15473002924441392,89.6,89.6,0.0,73.22846280302684,73.22846280302684,0.0,109.63168818106286,0.8564975639145536,0.14350243608544644
low_height_first_10000,primary,12,128,0.35,128,0,0,1.0,0.0,0.0,0.9989118513244156,1e-10,0.013851700785149523,83.2,83.20000000000002,1.4210854715202004e-14,68.38318548189764,68.38318548189764,0.0,101.22722349388728,0.7908376835459944,0.20916231645400563
low_height_first_10000,primary,12,128,0.4,114,14,0,0.890625,0.109375,0.0,0.9987564015136178,1e-10,0.007703823515384234,76.8,76.80000000000001,1.4210854715202004e-14,64.76171164982549,64.76171164982549,0.0,91.07603628348346,0.7115315334647145,0.17909346653528546
low_height_first_10000,primary,12,128,0.45,108,20,0,0.84375,0.15625,0.0,0.99860095170282,1e-10,0.0007980064631755157,70.4,70.40000000000002,1.4210854715202004e-14,62.36404130681038,62.364041306810385,7.105427357601002e-15,79.47143732423207,0.620870604095563,0.22287939590443695
low_height_first_10000,primary,12,128,0.5,99,29,0,0.7734375,0.2265625,0.0,0.9984455018920223,1e-10,0.023075799963582222,64.0,64.00000000000001,1.4210854715202004e-14,61.19017445285232,61.19017445285232,0.0,66.93885148433449,0.5229597772213632,0.2504777227786368
low_height_first_10000,primary,12,128,0.55,94,34,0,0.734375,0.265625,0.0,0.9982900520812245,1e-10,0.011763717711580357,57.599999999999994,57.60000000000001,1.4210854715202004e-14,61.240111087951306,61.240111087951306,0.0,54.176257048834,0.42325200819401565,0.31112299180598435
low_height_first_10000,primary,12,128,0.6,92,36,0,0.71875,0.28125,0.0,0.9981346022704267,1e-10,0.007375896798216264,51.2,51.20000000000002,1.4210854715202004e-14,62.51385121210734,62.51385121210734,0.0,41.93374666848704,0.327607395847555,0.391142604152445
low_height_first_10000,primary,12,128,0.65,89,39,0,0.6953125,0.3046875,0.0,0.997979152459629,1e-10,0.029883358958684436,44.8,44.80000000000002,2.1316282072803006e-14,65.01139482532042,65.01139482532042,0.0,30.87212642326364,0.2411884876817472,0.45412401231825283
low_height_first_10000,primary,12,128,0.7,86,42,0,0.671875,0.328125,0.0,0.9978237026488312,1e-10,0.005802905267357383,38.400000000000006,38.40000000000002,1.4210854715202004e-14,68.73274192759054,68.73274192759054,0.0,21.453530859476537,0.16760570983966044,0.5042692901603396
low_height_first_10000,primary,12,128,0.75,83,45,0,0.6484375,0.3515625,0.0,1.1131749268889655,1.1131749268889655e-10,0.007719239426471125,32.0,32.00000000000002,2.1316282072803006e-14,73.6778925189177,73.67789251891772,1.4210854715202004e-14,13.898334561307864,0.10858073876021769,0.5398567612397823
low_height_first_10000,primary,12,128,0.8,81,47,0,0.6328125,0.3671875,0.0,1.25405325534823,1.25405325534823e-10,0.035515529365440335,25.599999999999994,25.600000000000016,2.1316282072803006e-14,79.84684659930195,79.84684659930193,2.842170943040401e-14,8.2077129894536,0.06412275773010626,0.5686897422698938
low_height_first_10000,primary,12,128,0.85,79,49,0,0.6171875,0.3828125,0.0,1.394931583807494,1.394931583807494e-10,0.005542662777945351,19.200000000000003,19.20000000000003,2.842170943040401e-14,87.2396041687432,87.23960416874317,2.842170943040401e-14,4.225603766919416,0.03301252942905794,0.584174970570942
low_height_first_10000,primary,12,128,0.9,76,52,0,0.59375,0.40625,0.0,1.5358099122667586,1.5358099122667586e-10,0.0026738498122582666,12.799999999999997,12.800000000000018,2.1316282072803006e-14,95.85616522724152,95.85616522724149,2.842170943040401e-14,1.709227566235228,0.01335334036121272,0.5803966596387873
low_height_first_10000,primary,12,128,0.95,76,52,0,0.59375,0.40625,0.0,1.6766882407260226,1.6766882407260226e-10,0.0477705297412353,6.400000000000006,6.400000000000034,2.842170943040401e-14,105.69652977479689,105.69652977479683,5.684341886080802e-14,0.38752454869873026,0.00302753553670883,0.5907224644632911
low_height_first_10000,primary,12,256,0.1,256,0,0,1.0,0.0,0.0,0.9998590100255211,1e-10,0.7018419306030488,230.4,230.39999999999998,2.842170943040401e-14,209.7175455281918,209.71754552819178,2.842170943040401e-14,253.12216899307566,0.9887584726292018,0.011241527370798199
low_height_first_10000,primary,12,256,0.15,256,0,0,1.0,0.0,0.0,0.9997885150382817,1e-10,0.5527628959045732,217.6,217.59999999999997,2.842170943040401e-14,190.26447743843153,190.26447743843153,0.0,248.86284942664665,0.9721205055728385,0.027879494427161533
low_height_first_10000,primary,12,256,0.2,256,0,0,1.0,0.0,0.0,0.9997180200510423,1e-10,0.40368386120609756,204.8,204.79999999999998,2.842170943040401e-14,173.27018211276717,173.27018211276715,2.842170943040401e-14,242.06727025139713,0.94557527441952,0.05442472558047995
low_height_first_10000,primary,12,256,0.25,256,0,0,1.0,0.0,0.0,0.9996475250638028,1e-10,0.25460482650762195,192.0,192.00000000000003,2.842170943040401e-14,158.7346595511987,158.7346595511987,0.0,232.23661489071193,0.9071742769168435,0.09282572308315651
low_height_first_10000,primary,12,256,0.3,256,0,0,1.0,0.0,0.0,0.9995770300765635,1e-10,0.10552579180914634,179.2,179.2,0.0,146.65790975372613,146.6579097537261,2.842170943040401e-14,218.96289162940366,0.855323795427358,0.14467620457264196
low_height_first_10000,primary,12,256,0.35,255,1,0,0.99609375,0.00390625,0.0,0.9995065350893241,1e-10,0.009233730800607187,166.4,166.4,0.0,137.03993272034944,137.03993272034944,0.0,202.0503035163005,0.7892589981105488,0.20683475188945122
low_height_first_10000,primary,12,256,0.4,228,28,0,0.890625,0.109375,0.0,0.9994360401020846,1e-10,0.007553633057204134,153.6,153.6,0.0,129.88072845106865,129.88072845106865,0.0,181.6509676328804,0.709574092315939,0.18105090768406096
low_height_first_10000,primary,12,256,0.45,212,44,0,0.828125,0.171875,0.0,0.9993655451148452,1e-10,0.0007980076294614724,140.8,140.79999999999998,2.842170943040401e-14,125.18029694588378,125.18029694588377,1.4210854715202004e-14,158.36869286682008,0.618627706511016,0.20949729348898405
low_height_first_10000,primary,12,256,0.5,200,56,0,0.78125,0.21875,0.0,0.9992950501276058,1e-10,0.0019015386211722607,128.0,128.0,0.0,122.93863820479478,122.93863820479476,2.842170943040401e-14,133.26973715706086,0.520584910769769,0.260665089230231
low_height_first_10000,primary,12,256,0.55,188,68,0,0.734375,0.265625,0.0,0.9992245551403663,1e-10,0.008212901581524434,115.19999999999999,115.19999999999997,1.4210854715202004e-14,123.15575222780168,123.15575222780166,2.842170943040401e-14,107.75818230116042,0.4209303996139079,0.3134446003860921
low_height_first_10000,primary,12,256,0.6,185,71,0,0.72265625,0.27734375,0.0,0.9991540601531269,1e-10,0.011623795114735436,102.4,102.4,0.0,125.83163901490448,125.83163901490447,1.4210854715202004e-14,83.33166508907976,0.3255143167542178,0.3971419332457822
low_height_first_10000,primary,12,256,0.65,177,79,0,0.69140625,0.30859375,0.0,0.9990835651658875,1e-10,0.013298295650990832,89.6,89.6,0.0,130.9662985661032,130.96629856610315,5.684341886080802e-14,61.29943418953625,0.23945091480287597,0.45195533519712405
low_height_first_10000,primary,12,256,0.7,172,84,0,0.671875,0.328125,0.0,1.0871064857786585,1.0871064857786586e-10,0.005802065357767727,76.80000000000001,76.80000000000001,0.0,138.55973088139777,138.55973088139774,2.842170943040401e-14,42.568212008499685,0.1662820781582019,0.505592921841798
low_height_first_10000,primary,12,256,0.75,166,90,0,0.6484375,0.3515625,0.0,1.2361855204771341,1.2361855204771343e-10,0.0037697398603606658,64.0,64.0,0.0,148.6119359607883,148.6119359607882,8.526512829121202e-14,27.561716180594956,0.10766295383044905,0.540774546169551
low_height_first_10000,primary,12,256,0.8,163,93,0,0.63671875,0.36328125,0.0,1.3852645551756098,1.3852645551756098e-10,0.020502215624605746,51.19999999999999,51.199999999999974,1.4210854715202004e-14,161.12291380427467,161.12291380427462,5.684341886080802e-14,16.269815000890645,0.06355396484722908,0.5731647851527709
low_height_first_10000,primary,12,256,0.85,159,97,0,0.62109375,0.37890625,0.0,1.5343435898740854,1.5343435898740855e-10,0.0033184298491857334,38.400000000000006,38.400000000000006,0.0,176.0926644118569,176.09266441185684,5.684341886080802e-14,8.37377300709815,0.03271005080897715,0.5883836991910228
low_height_first_10000,primary,12,256,0.9,154,102,0,0.6015625,0.3984375,0.0,1.683422624572561,1.683422624572561e-10,2.515761678756334e-06,25.599999999999994,25.599999999999994,0.0,193.52118778353514,193.52118778353505,8.526512829121202e-14,3.3865025711451215,0.013228525668535631,0.5883339743314644
low_height_first_10000,primary,12,256,0.95,152,104,0,0.59375,0.40625,0.0,1.8325016592710366,1.8325016592710367e-10,0.005486123759976369,12.800000000000011,12.799999999999997,1.4210854715202004e-14,213.40848391930916,213.40848391930905,1.1368683772161603e-13,0.7677295531603562,0.0029989435670326413,0.5907510564329673
low_height_first_10000,primary,12,512,0.1,512,0,0,1.0,0.0,0.0,0.9998592955945984,1e-10,0.7018358837859837,460.8,460.79999999999995,5.684341886080802e-14,419.4323425209385,419.4323425209385,0.0,506.24765539963084,0.988764951952404,0.011235048047596008
low_height_first_10000,primary,12,512,0.15,512,0,0,1.0,0.0,0.0,0.9997889433918976,1e-10,0.5527538256789755,435.2,435.2,0.0,380.52277067211156,380.52277067211156,0.0,497.7337878242276,0.9721363043441945,0.027863695655805487
low_height_first_10000,primary,12,512,0.2,512,0,0,1.0,0.0,0.0,0.9997185911891968,1e-10,0.4036717675719673,409.6,409.6,0.0,346.529370083754,346.5293700837539,5.684341886080802e-14,484.14990036616683,0.9456052741526696,0.054394725847330405
low_height_first_10000,primary,12,512,0.25,512,0,0,1.0,0.0,0.0,0.999648238986496,1e-10,0.2545897094649592,384.0,384.0,0.0,317.45214075586557,317.45214075586557,0.0,464.4983639073962,0.9072233670066332,0.0927766329933668
low_height_first_10000,primary,12,512,0.3,512,0,0,1.0,0.0,0.0,0.9995778867837952,1e-10,0.10550765135795104,358.4,358.4,0.0,293.2910826884464,293.29108268844635,5.684341886080802e-14,437.96271888855495,0.8553959353292089,0.14460406467079112
low_height_first_10000,primary,12,512,0.35,511,1,0,0.998046875,0.001953125,0.0,0.9995075345810943,1e-10,0.006791298809507462,332.8,332.8,0.0,274.0461958814965,274.0461958814965,0.0,404.1502551923517,0.789355967172562,0.20869090782743804
low_height_first_10000,primary,12,512,0.4,454,58,0,0.88671875,0.11328125,0.0,0.9994371823783935,1e-10,0.005251524303859112,307.2,307.2,0.0,259.7174803350158,259.7174803350158,0.0,363.36345123272986,0.7096942406889255,0.1770245093110745
low_height_first_10000,primary,12,512,0.45,424,88,0,0.828125,0.171875,0.0,0.9993668301756927,1e-10,0.0007980076294605842,281.6,281.6,0.0,250.30493604900437,250.3049360490044,2.842170943040401e-14,316.8078155057839,0.6187652646597341,0.20935973534026586
low_height_first_10000,primary,12,512,0.5,399,113,0,0.779296875,0.220703125,0.0,0.9992964779729919,1e-10,0.001901538490266752,256.0,255.99999999999994,5.684341886080802e-14,245.80856302346217,245.80856302346223,5.684341886080802e-14,266.61398282428695,0.5207304352036854,0.25856643979631455
low_height_first_10000,primary,12,512,0.55,379,133,0,0.740234375,0.259765625,0.0,0.9992261257702911,1e-10,0.001093561779839547,230.39999999999998,230.39999999999992,5.684341886080802e-14,246.2283612583892,246.2283612583893,8.526512829121202e-14,215.58913737111737,0.4210725339279636,0.3191618410720364
low_height_first_10000,primary,12,512,0.6,369,143,0,0.720703125,0.279296875,0.0,0.9991557735675903,1e-10,0.009681363255120923,204.8,204.79999999999995,5.684341886080802e-14,251.56433075378555,251.5643307537856,5.684341886080802e-14,166.72888351986222,0.3256423506247309,0.3950607743752691
low_height_first_10000,primary,12,512,0.65,353,159,0,0.689453125,0.310546875,0.0,0.9990854213648895,1e-10,3.0111865749749e-06,179.2,179.19999999999996,2.842170943040401e-14,261.8164715096511,261.8164715096512,1.1368683772161603e-13,122.65324566799174,0.23955712044529637,0.44989600455470363
low_height_first_10000,primary,12,512,0.7,341,171,0,0.666015625,0.333984375,0.0,1.0871488134981142,1.0871488134981142e-10,0.004768609339181662,153.60000000000002,153.6,2.842170943040401e-14,276.98478352598585,276.984783525986,1.7053025658242404e-13,85.17781987755508,0.16636292944834977,0.49965269555165026
low_height_first_10000,primary,12,512,0.75,333,179,0,0.650390625,0.349609375,0.0,1.2362308716051222,1.2362308716051224e-10,0.0037697309781408173,128.0,127.99999999999996,4.263256414560601e-14,297.0692668027899,297.06926680279,1.1368683772161603e-13,55.15212050150093,0.107718985354494,0.542671639645506
low_height_first_10000,primary,12,512,0.8,326,186,0,0.63671875,0.36328125,0.0,1.3853129297121307,1.3853129297121308e-10,0.006996678489707753,102.39999999999998,102.39999999999992,5.684341886080802e-14,322.0699213400633,322.0699213400634,1.1368683772161603e-13,32.557402306837645,0.06358867638054228,0.5731300736194578
low_height_first_10000,primary,12,512,0.85,319,193,0,0.623046875,0.376953125,0.0,1.5343949878191387,1.5343949878191387e-10,0.0033174607347388196,76.80000000000001,76.79999999999993,8.526512829121202e-14,351.98674713780565,351.9867471378059,2.2737367544323206e-13,16.756994540168847,0.03272850496126728,0.5903183700387327
low_height_first_10000,primary,12,512,0.9,310,202,0,0.60546875,0.39453125,0.0,1.6834770459261472,1.6834770459261472e-10,3.036391771327196e-05,51.19999999999999,51.19999999999993,5.684341886080802e-14,386.8197441960175,386.8197441960177,2.2737367544323206e-13,6.776903297551448,0.013236139253030172,0.5922326107469699
low_height_first_10000,primary,12,512,0.95,304,208,0,0.59375,0.40625,0.0,1.8325591040331548,1.8325591040331548e-10,0.0004030732495423628,25.600000000000023,25.599999999999966,5.684341886080802e-14,426.56891251469847,426.5689125146987,2.2737367544323206e-13,1.5363519955932539,0.003000687491393074,0.590749312508607
low_height_first_10000,primary,13,128,0.1,128,0,0,1.0,0.0,0.0,0.9994892907684839,1e-10,0.7094905686419142,115.2,115.2,0.0,104.8442514502103,104.8442514502103,0.0,126.57861367155941,0.9888954193090579,0.011104580690942112
low_height_first_10000,primary,13,128,0.15,128,0,0,1.0,0.0,0.0,0.9992339361527259,1e-10,0.5642358529628715,108.8,108.80000000000001,1.4210854715202004e-14,95.09956576297316,95.09956576297316,0.0,124.47417509248906,0.9724544929100708,0.0275455070899292
low_height_first_10000,primary,13,128,0.2,128,0,0,1.0,0.0,0.0,0.9989785815369678,1e-10,0.41898113728382846,102.4,102.39999999999999,1.4210854715202004e-14,86.57700580084118,86.57700580084118,0.0,121.11483762930183,0.9462096689789206,0.05379033102107944
low_height_first_10000,primary,13,128,0.25,128,0,0,1.0,0.0,0.0,0.9987232269212099,1e-10,0.27372642160478566,96.0,96.0,0.0,79.27657156381434,79.27657156381434,0.0,116.25124318830441,0.9082128374086282,0.09178716259137176
low_height_first_10000,primary,13,128,0.3,128,0,0,1.0,0.0,0.0,0.9984678723054518,1e-10,0.12847170592574286,89.6,89.6,0.0,73.19826305189265,73.19826305189267,1.4210854715202004e-14,109.67691944149784,0.8568509331367019,0.1431490668632981
low_height_first_10000,primary,13,128,0.35,127,1,0,0.9921875,0.0078125,0.0,0.9982125176896938,1e-10,0.016783009753299938,83.2,83.2,0.0,68.3420802650761,68.3420802650761,0.0,101.28810790000749,0.7913133429688085,0.2008741570311915
low_height_first_10000,primary,13,128,0.4,114,14,0,0.890625,0.109375,0.0,0.9979571630739357,1e-10,0.0031387890849012834,76.8,76.8,0.0,64.70802320336472,64.70802320336472,0.0,91.15160235173589,0.7121218933729366,0.17850310662706337
low_height_first_10000,primary,13,128,0.45,106,22,0,0.828125,0.171875,0.0,0.9977018084581777,1e-10,0.00933815447848052,70.4,70.39999999999999,1.4210854715202004e-14,62.296091866758466,62.29609186675846,7.105427357601002e-15,79.55812076623437,0.621547818486206,0.206577181513794
low_height_first_10000,primary,13,128,0.5,99,29,0,0.7734375,0.2265625,0.0,0.9974464538424196,1e-10,0.010625440446855094,64.0,63.999999999999986,1.4210854715202004e-14,61.106286255257366,61.10628625525736,7.105427357601002e-15,67.03074676948798,0.5236777091366248,0.2497597908633752
low_height_first_10000,primary,13,128,0.55,96,32,0,0.75,0.25,0.0,0.9971910992266616,1e-10,0.011209285241791767,57.599999999999994,57.599999999999994,0.0,61.13860636886142,61.1386063688614,1.4210854715202004e-14,54.266202601729105,0.42395470782600864,0.32604529217399136
low_height_first_10000,primary,13,128,0.6,93,35,0,0.7265625,0.2734375,0.0,0.9969357446109035,1e-10,0.011648557941420945,51.2,51.2,0.0,62.393052207570605,62.3930522075706,7.105427357601002e-15,42.014934471853294,0.32824167556135386,0.39832082443864614
low_height_first_10000,primary,13,128,0.65,89,39,0,0.6953125,0.3046875,0.0,0.9966803899951455,1e-10,0.01081364847838795,44.8,44.8,0.0,64.86962377138495,64.86962377138494,1.4210854715202004e-14,30.939596737500086,0.24171559951171942,0.4535969004882806
low_height_first_10000,primary,13,128,0.7,85,43,0,0.6640625,0.3359375,0.0,1.0335660195065999,1.0335660195065999e-10,0.0298288660768804,38.400000000000006,38.40000000000001,7.105427357601002e-15,68.56832106030443,68.56832106030441,1.4210854715202004e-14,21.504974559653505,0.168007613747293,0.496054886252707
low_height_first_10000,primary,13,128,0.75,84,44,0,0.65625,0.34375,0.0,1.178820735185643,1.178820735185643e-10,0.0010515412794840362,32.0,32.0,0.0,73.48914407432906,73.48914407432906,0.0,13.93403084085857,0.10885961594420758,0.5473903840557924
low_height_first_10000,primary,13,128,0.8,81,47,0,0.6328125,0.3671875,0.0,1.3240754508646861,1.324075450864686e-10,0.01155757127242718,25.599999999999994,25.599999999999998,3.552713678800501e-15,79.63209281345888,79.63209281345884,4.263256414560601e-14,8.229847751649636,0.06429568555976278,0.5685168144402373
low_height_first_10000,primary,13,128,0.85,79,49,0,0.6171875,0.3828125,0.0,1.4693301665437288,1.4693301665437288e-10,0.014153397502736142,19.200000000000003,19.2,3.552713678800501e-15,86.99716727769376,86.99716727769376,0.0,4.237379348494259,0.0331045261601114,0.5840829738398886
low_height_first_10000,primary,13,128,0.9,78,50,0,0.609375,0.390625,0.0,1.6145848822227715,1.6145848822227717e-10,0.011957573789017406,12.799999999999997,12.799999999999994,3.552713678800501e-15,95.58436746703387,95.58436746703384,2.842170943040401e-14,1.7140878193968982,0.013391311089038268,0.5959836889109618
low_height_first_10000,primary,13,128,0.95,76,52,0,0.59375,0.40625,0.0,1.7598395979018142,1.7598395979018143e-10,0.0012603370103341227,6.400000000000006,6.400000000000008,2.6645352591003757e-15,105.3936933814791,105.39369338147907,2.842170943040401e-14,0.38863805495213816,0.0030362348043135793,0.5907137651956864
low_height_first_10000,primary,13,256,0.1,256,0,0,1.0,0.0,0.0,0.9997108952421478,1e-10,0.709490568641914,230.4,230.4,0.0,209.70825490579662,209.70825490579665,2.842170943040401e-14,253.1333829650436,0.9888022772072016,0.011197722792798404
low_height_first_10000,primary,13,256,0.15,256,0,0,1.0,0.0,0.0,0.9995663428632219,1e-10,0.5642358529628709,217.6,217.60000000000002,2.842170943040401e-14,190.2435735380424,190.24357353804243,2.842170943040401e-14,248.89019439351318,0.9722273218496609,0.027772678150339125
low_height_first_10000,primary,13,256,0.2,256,0,0,1.0,0.0,0.0,0.9994217904842958,1e-10,0.4189811372838279,204.8,204.8,0.0,173.2330196231865,173.2330196231865,0.0,242.11919927987051,0.9457781221869942,0.0542218778130058
low_height_first_10000,primary,13,256,0.25,256,0,0,1.0,0.0,0.0,0.9992772381053697,1e-10,0.2737264216047849,192.0,192.0,0.0,158.67659316122888,158.67659316122888,0.0,232.32159996366352,0.9075062498580606,0.09249375014193939
low_height_first_10000,primary,13,256,0.3,256,0,0,1.0,0.0,0.0,0.9991326857264436,1e-10,0.12847170592574186,179.2,179.2,0.0,146.5742941521696,146.5742941521696,0.0,219.08780244004785,0.8558117282814369,0.14418827171856308
low_height_first_10000,primary,13,256,0.35,255,1,0,0.99609375,0.00390625,0.0,0.9989881333475176,1e-10,0.00856930739266537,166.4,166.4,0.0,136.9261225960086,136.9261225960086,0.0,202.2182434953952,0.7899150136538875,0.2061787363461125
low_height_first_10000,primary,13,256,0.4,228,28,0,0.890625,0.109375,0.0,0.9988435809685915,1e-10,0.003138692805016774,153.6,153.6,0.0,129.73207849274596,129.73207849274596,0.0,181.8591074320852,0.7103871384065829,0.18023786159341715
low_height_first_10000,primary,13,256,0.45,212,44,0,0.828125,0.171875,0.0,0.9986990285896655,1e-10,0.0006902868097785619,140.8,140.8,0.0,124.99216184238159,124.99216184238159,0.0,158.6070654974301,0.6195588495993364,0.20856615040066362
low_height_first_10000,primary,13,256,0.5,199,57,0,0.77734375,0.22265625,0.0,0.9985544762107395,1e-10,0.010625444956697816,128.0,128.0,0.0,122.70637264491555,122.70637264491555,0.0,133.5219976505343,0.5215703033223996,0.2557734466776004
low_height_first_10000,primary,13,256,0.55,189,67,0,0.73828125,0.26171875,0.0,0.9984099238318134,1e-10,0.006317887339332806,115.19999999999999,115.2,1.4210854715202004e-14,122.87471090034782,122.87471090034778,4.263256414560601e-14,108.00464882283951,0.42189315946421685,0.31638809053578315
low_height_first_10000,primary,13,256,0.6,184,72,0,0.71875,0.28125,0.0,0.9982653714528873,1e-10,0.011648555497731805,102.4,102.40000000000003,2.842170943040401e-14,125.49717660867839,125.49717660867836,2.842170943040401e-14,83.55375223058915,0.3263818446507389,0.3923681553492611
low_height_first_10000,primary,13,256,0.65,176,80,0,0.6875,0.3125,0.0,0.9981208190739612,1e-10,0.002160945206813869,89.6,89.60000000000001,1.4210854715202004e-14,130.57376976990727,130.57376976990724,2.842170943040401e-14,61.48371157658199,0.2401707483460234,0.44732925165397663
low_height_first_10000,primary,13,256,0.7,172,84,0,0.671875,0.328125,0.0,1.033566019506602,1.0335660195066021e-10,0.013817943188865534,76.80000000000001,76.80000000000004,2.842170943040401e-14,138.10449038403445,138.10449038403442,2.842170943040401e-14,42.70853166032802,0.16683020179815633,0.5050447982018437
low_height_first_10000,primary,13,256,0.75,170,86,0,0.6640625,0.3359375,0.0,1.1788207351856452,1.1788207351856453e-10,0.006234039522912793,64.0,64.00000000000004,4.263256414560601e-14,148.08933845105997,148.08933845105992,5.684341886080802e-14,27.6589796594549,0.1080428892947457,0.5560196107052543
low_height_first_10000,primary,13,256,0.8,166,90,0,0.6484375,0.3515625,0.0,1.3240754508646884,1.3240754508646884e-10,0.011557331147529104,51.19999999999999,51.20000000000003,4.263256414560601e-14,160.52831397098385,160.52831397098373,1.1368683772161603e-13,16.33007869548692,0.06378936990424579,0.5846481300957542
low_height_first_10000,primary,13,256,0.85,159,97,0,0.62109375,0.37890625,0.0,1.4693301665437315,1.4693301665437316e-10,0.008891965594152396,38.400000000000006,38.40000000000005,4.263256414560601e-14,175.42141694380592,175.42141694380584,8.526512829121202e-14,8.405815126167619,0.03283521533659226,0.5882585346634077
low_height_first_10000,primary,13,256,0.9,157,99,0,0.61328125,0.38671875,0.0,1.6145848822227746,1.6145848822227748e-10,0.005910333723227135,25.599999999999994,25.600000000000037,4.263256414560601e-14,192.76864736952638,192.76864736952626,1.1368683772161603e-13,3.399722978517935,0.013280167884835683,0.6000010821151643
low_height_first_10000,primary,13,256,0.95,153,103,0,0.59765625,0.40234375,0.0,1.7598395979018173,1.7598395979018174e-10,0.0014989581070796731,12.800000000000011,12.80000000000004,2.842170943040401e-14,212.57000524814515,212.57000524814498,1.7053025658242404e-13,0.7707578489671695,0.0030107728475280058,0.594645477152472
low_height_first_10000,primary,13,512,0.1,512,0,0,1.0,0.0,0.0,0.9997108952975818,1e-10,0.7094905686419146,460.8,460.8,0.0,419.4377923353371,419.4377923353371,0.0,506.2410776524367,0.9887521047899154,0.011247895210084624
low_height_first_10000,primary,13,512,0.15,512,0,0,1.0,0.0,0.0,0.9995663429463727,1e-10,0.5642358529628719,435.2,435.20000000000005,5.684341886080802e-14,380.53503275450845,380.5350327545085,5.684341886080802e-14,497.71774921492045,0.9721049789353915,0.027895021064608505
low_height_first_10000,primary,13,512,0.2,512,0,0,1.0,0.0,0.0,0.9994217905951637,1e-10,0.41898113728382935,409.6,409.6,0.0,346.55116934134844,346.55116934134844,0.0,484.1194456762794,0.9455457923364832,0.05445420766351683
low_height_first_10000,primary,13,512,0.25,512,0,0,1.0,0.0,0.0,0.9992772382439545,1e-10,0.27372642160478666,384.0,384.0,0.0,317.4862020958569,317.4862020958569,0.0,464.44853044504714,0.9071260360254827,0.0928739639745173
low_height_first_10000,primary,13,512,0.3,512,0,0,1.0,0.0,0.0,0.9991326858927455,1e-10,0.12847170592574397,358.4,358.4,0.0,293.34013101803396,293.3401310180339,5.684341886080802e-14,437.8894887454151,0.8552529077058889,0.1447470922941111
low_height_first_10000,primary,13,512,0.35,511,1,0,0.998046875,0.001953125,0.0,0.9989881335415364,1e-10,0.008569307392664482,332.8,332.8,0.0,274.11295610787954,274.11295610787954,0.0,404.05182437422286,0.789163719480904,0.20888315551909598
low_height_first_10000,primary,13,512,0.4,452,60,0,0.8828125,0.1171875,0.0,0.9988435811903273,1e-10,0.000655420654555483,307.2,307.2,0.0,259.8046773653937,259.8046773653937,0.0,363.24149725477747,0.7094560493257372,0.17335645067426275
low_height_first_10000,primary,13,512,0.45,423,89,0,0.826171875,0.173828125,0.0,0.9986990288391182,1e-10,0.0006902866425727572,281.6,281.6,0.0,250.41529479057638,250.41529479057635,2.842170943040401e-14,316.6681973891324,0.6184925730256492,0.2076793019743508
low_height_first_10000,primary,13,512,0.5,398,114,0,0.77734375,0.22265625,0.0,0.9985544764879092,1e-10,0.0010781508981878574,256.0,256.0,0.0,245.9448083834276,245.94480838342758,2.842170943040401e-14,266.46628741936877,0.5204419676159546,0.2569017823840454
low_height_first_10000,primary,13,512,0.55,380,132,0,0.7421875,0.2578125,0.0,0.9984099241367,1e-10,0.0027981716665406164,230.39999999999998,230.39999999999998,0.0,246.39321814394742,246.3932181439474,2.842170943040401e-14,215.4448908938202,0.4207908025269926,0.3213966974730074
low_height_first_10000,primary,13,512,0.6,369,143,0,0.720703125,0.279296875,0.0,0.998265371785491,1e-10,1.728963645741821e-05,204.8,204.8,0.0,251.76052407213575,251.7605240721357,5.684341886080802e-14,166.59895412349184,0.325388582272445,0.395314542727555
low_height_first_10000,primary,13,512,0.65,353,159,0,0.689453125,0.310546875,0.0,0.9981208194342819,1e-10,0.0002824145876718642,179.2,179.2,0.0,262.0467261679927,262.0467261679926,1.1368683772161603e-13,122.5454729757366,0.23934662690573555,0.45010649809426445
low_height_first_10000,primary,13,512,0.7,342,170,0,0.66796875,0.33203125,0.0,1.0335660195065972,1.0335660195065972e-10,0.0014050785963310997,153.60000000000002,153.60000000000002,0.0,277.2518244315181,277.25182443151806,5.684341886080802e-14,85.0957790751257,0.1662026935061049,0.501766056493895
low_height_first_10000,primary,13,512,0.75,335,177,0,0.654296875,0.345703125,0.0,1.17882073518564,1.1788207351856398e-10,0.006234039523001167,128.0,128.0,0.0,297.3758188627121,297.37581886271204,5.684341886080802e-14,55.0952665306116,0.10760794244260079,0.5466889325573993
low_height_first_10000,primary,13,512,0.8,327,185,0,0.638671875,0.361328125,0.0,1.3240754508646826,1.3240754508646827e-10,0.01081867666252867,102.39999999999998,102.39999999999999,1.4210854715202004e-14,322.41870946157474,322.4187094615746,1.1368683772161603e-13,32.522182157204085,0.06351988702578923,0.5751519879742107
low_height_first_10000,primary,13,512,0.85,319,193,0,0.623046875,0.376953125,0.0,1.4693301665437253,1.4693301665437254e-10,0.0012378184840434736,76.80000000000001,76.80000000000001,0.0,352.3804962281057,352.3804962281057,0.0,16.738270316135505,0.03269193421120216,0.5903549407887978
low_height_first_10000,primary,13,512,0.9,311,201,0,0.607421875,0.392578125,0.0,1.614584882222768,1.614584882222768e-10,0.003882995699515668,51.19999999999999,51.19999999999999,0.0,387.26117916230555,387.26117916230544,1.1368683772161603e-13,6.769178376388002,0.013221051516382816,0.5942008234836171
low_height_first_10000,primary,13,512,0.95,305,207,0,0.595703125,0.404296875,0.0,1.7598395979018107,1.7598395979018107e-10,0.0014989581127256013,25.600000000000023,25.600000000000023,0.0,427.0607582641737,427.06075826417356,1.7053025658242404e-13,1.5345825794525583,0.002997231600493278,0.5927058933995067
low_height_first_10000,primary,14,128,0.1,128,0,0,1.0,0.0,0.0,0.9992754592563591,1e-10,0.7137951025393101,115.2,115.19999999999999,1.4210854715202004e-14,104.8622141507646,104.86221415076459,1.4210854715202004e-14,126.55693099250885,0.9887260233789754,0.011273976621024584
low_height_first_10000,primary,14,128,0.15,128,0,0,1.0,0.0,0.0,0.9989131888845386,1e-10,0.5706926538089652,108.8,108.8,0.0,95.13998183922034,95.13998183922034,0.0,124.42129766226373,0.9720413879864354,0.027958612013564643
low_height_first_10000,primary,14,128,0.2,128,0,0,1.0,0.0,0.0,0.9985509185127182,1e-10,0.42759020507862033,102.4,102.4,0.0,86.64885660305839,86.64885660305839,0.0,121.01440701099676,0.9454250547734122,0.05457494522658779
low_height_first_10000,primary,14,128,0.25,128,0,0,1.0,0.0,0.0,0.9981886481408977,1e-10,0.2844877563482754,96.0,96.0,0.0,79.38883844227874,79.38883844227874,0.0,116.08684773364809,0.9069284979191257,0.09307150208087434
low_height_first_10000,primary,14,128,0.3,128,0,0,1.0,0.0,0.0,0.9978263777690772,1e-10,0.14138530761793044,89.6,89.6,0.0,73.35992735688137,73.35992735688139,1.4210854715202004e-14,109.43522286962754,0.8549626786689651,0.14503732133103486
low_height_first_10000,primary,14,128,0.35,127,1,0,0.9921875,0.0078125,0.0,0.9974641073972568,1e-10,0.0017171411124143887,83.2,83.19999999999999,1.4210854715202004e-14,68.56212334686631,68.56212334686633,1.4210854715202004e-14,100.96303413736656,0.7887737041981763,0.20341379580182373
low_height_first_10000,primary,14,128,0.4,114,14,0,0.890625,0.109375,0.0,0.9971018370254363,1e-10,0.014250411324767787,76.8,76.79999999999998,1.4210854715202004e-14,64.99542641223357,64.99542641223356,1.4210854715202004e-14,90.74853917551684,0.7089729623087253,0.1816520376912747
low_height_first_10000,primary,14,128,0.45,104,24,0,0.8125,0.1875,0.0,0.9967395666536158,1e-10,0.005093434105508887,70.4,70.39999999999999,1.4210854715202004e-14,62.6598365529831,62.65983655298311,7.105427357601002e-15,79.09628037106727,0.617939690398963,0.19456030960103698
low_height_first_10000,primary,14,128,0.5,98,30,0,0.765625,0.234375,0.0,0.9963772962817953,1e-10,0.015556992793469337,64.0,63.99999999999999,7.105427357601002e-15,61.55535376911494,61.555353769114944,7.105427357601002e-15,66.54173437721587,0.519857299821999,0.24576770017800098
low_height_first_10000,primary,14,128,0.55,94,34,0,0.734375,0.265625,0.0,0.9960150259099748,1e-10,0.011893299319576611,57.599999999999994,57.599999999999994,0.0,61.68197806062908,61.68197806062908,0.0,53.78815829704542,0.42021998669566735,0.31415501330433265
low_height_first_10000,primary,14,128,0.6,92,36,0,0.71875,0.28125,0.0,0.9956527555381544,1e-10,0.030623376827086934,51.2,51.19999999999999,1.4210854715202004e-14,63.03970942752551,63.03970942752552,1.4210854715202004e-14,41.58394801952214,0.3248745939025167,0.3938754060974833
low_height_first_10000,primary,14,128,0.65,90,38,0,0.703125,0.296875,0.0,0.9952904851663339,1e-10,0.023106204314446765,44.8,44.8,0.0,65.62854786980425,65.62854786980427,1.4210854715202004e-14,30.581813328882756,0.23892041663189653,0.46420458336810344
low_height_first_10000,primary,14,128,0.7,85,43,0,0.6640625,0.3359375,0.0,1.0034342822248288,1.0034342822248288e-10,0.003323391902543049,38.400000000000006,38.400000000000006,0.0,69.44849338746528,69.4484933874653,2.842170943040401e-14,21.232426048081024,0.165878328500633,0.498184171499367
low_height_first_10000,primary,14,128,0.75,83,45,0,0.6484375,0.3515625,0.0,1.146536730955174,1.146536730955174e-10,0.02538767996156377,32.0,31.999999999999993,7.105427357601002e-15,74.4995459805086,74.49954598050863,2.842170943040401e-14,13.745050208331609,0.1073832047525907,0.5410542952474093
low_height_first_10000,primary,14,128,0.8,83,45,0,0.6484375,0.3515625,0.0,1.2896391796855187,1.2896391796855187e-10,0.011141630388853851,25.599999999999994,25.599999999999987,7.105427357601002e-15,80.78170564893426,80.78170564893426,0.0,8.112727934318452,0.0633806869868629,0.5850568130131371
low_height_first_10000,primary,14,128,0.85,81,47,0,0.6328125,0.3671875,0.0,1.4327416284158638,1.432741628415864e-10,0.008949277578124581,19.200000000000003,19.2,3.552713678800501e-15,88.29497239274215,88.29497239274218,2.842170943040401e-14,4.175096157913316,0.03261793873369778,0.6001945612663022
low_height_first_10000,primary,14,128,0.9,78,50,0,0.609375,0.390625,0.0,1.5758440771462086,1.5758440771462085e-10,0.013251389456234053,12.799999999999997,12.79999999999999,7.105427357601002e-15,97.03934621193241,97.03934621193244,2.842170943040401e-14,1.6883873026326448,0.013190525801817538,0.5961844741981824
low_height_first_10000,primary,14,128,0.95,77,51,0,0.6015625,0.3984375,0.0,1.7189465258765533,1.7189465258765533e-10,0.0008528317171890842,6.400000000000006,6.399999999999995,1.0658141036401503e-14,107.01482710650492,107.01482710650495,2.842170943040401e-14,0.38275070013648893,0.0029902398448163198,0.5985722601551837
low_height_first_10000,primary,14,256,0.1,256,0,0,1.0,0.0,0.0,0.999611158696385,1e-10,0.7113672837097162,230.4,230.4,0.0,209.71199066958476,209.71199066958474,2.842170943040401e-14,253.12887370201756,0.9887846628985061,0.011215337101493916
low_height_first_10000,primary,14,256,0.15,256,0,0,1.0,0.0,0.0,0.9994167380445774,1e-10,0.5670509255645744,217.6,217.60000000000002,2.842170943040401e-14,190.25197900656568,190.2519790065657,2.842170943040401e-14,248.87919824668913,0.9721843681511294,0.027815631848870592
low_height_first_10000,primary,14,256,0.2,256,0,0,1.0,0.0,0.0,0.9992223173927699,1e-10,0.4227345674194324,204.8,204.8,0.0,173.24796267833904,173.247962678339,2.842170943040401e-14,242.09831591424592,0.9456965465400231,0.05430345345997689
low_height_first_10000,primary,14,256,0.25,256,0,0,1.0,0.0,0.0,0.9990278967409623,1e-10,0.2784182092742905,192.0,192.0,0.0,158.69994168490473,158.69994168490473,0.0,232.28741994872732,0.9073727341747161,0.09262726582528391
low_height_first_10000,primary,14,256,0.3,256,0,0,1.0,0.0,0.0,0.9988334760891547,1e-10,0.13410185112914863,179.2,179.2,0.0,146.6079160262628,146.6079160262628,0.0,219.03755861482577,0.8556154633391632,0.14438453666083684
low_height_first_10000,primary,14,256,0.35,253,3,0,0.98828125,0.01171875,0.0,0.9986390554373472,1e-10,0.0017171411130574299,166.4,166.39999999999998,2.842170943040401e-14,136.97188570241326,136.97188570241326,0.0,202.15068120006293,0.7896510984377458,0.19863015156225416
low_height_first_10000,primary,14,256,0.4,227,29,0,0.88671875,0.11328125,0.0,0.9984446347855397,1e-10,0.0011287663952366245,153.6,153.6,0.0,129.7918507133561,129.7918507133561,0.0,181.77535700684936,0.7100599883080053,0.17665876169199468
low_height_first_10000,primary,14,256,0.45,211,45,0,0.82421875,0.17578125,0.0,0.9982502141337322,1e-10,0.005094092767992775,140.8,140.79999999999998,2.842170943040401e-14,125.06781105909131,125.06781105909133,1.4210854715202004e-14,158.51112953942538,0.6191840997633804,0.2050346502366196
low_height_first_10000,primary,14,256,0.5,200,56,0,0.78125,0.21875,0.0,0.9980557934819246,1e-10,0.002831724565040883,128.0,128.0,0.0,122.7997667396189,122.79976673961892,1.4210854715202004e-14,133.42044887381718,0.5211736284133484,0.26007637158665164
low_height_first_10000,primary,14,256,0.55,189,67,0,0.73828125,0.26171875,0.0,0.9978613728301171,1e-10,0.0004186785346266264,115.19999999999999,115.19999999999996,2.842170943040401e-14,122.98771775493887,122.98771775493891,4.263256414560601e-14,107.90540911120425,0.4215055043406416,0.3167757456593584
low_height_first_10000,primary,14,256,0.6,183,73,0,0.71484375,0.28515625,0.0,0.9976669521783096,1e-10,0.010195440901280106,102.4,102.39999999999999,1.4210854715202004e-14,125.63166410505121,125.63166410505126,4.263256414560601e-14,83.46430873694369,0.3260324560036863,0.3888112939963137
low_height_first_10000,primary,14,256,0.65,178,78,0,0.6953125,0.3046875,0.0,0.9974725315265021,1e-10,0.004002697506469977,89.6,89.59999999999997,2.842170943040401e-14,130.73160578995595,130.731605789956,5.684341886080802e-14,61.4094805268337,0.23988078330794413,0.45543171669205584
low_height_first_10000,primary,14,256,0.7,170,86,0,0.6640625,0.3359375,0.0,1.0204290140319863,1.0204290140319863e-10,0.005716233008558946,76.80000000000001,76.79999999999998,2.842170943040401e-14,138.28754280965305,138.2875428096531,5.684341886080802e-14,42.65199800475651,0.1666093672060801,0.4974531327939199
low_height_first_10000,primary,14,256,0.75,167,89,0,0.65234375,0.34765625,0.0,1.1647453721771286,1.1647453721771287e-10,0.019294905000095453,64.0,63.99999999999997,2.842170943040401e-14,148.2994751641425,148.2994751641426,8.526512829121202e-14,27.619787564766625,0.10788979517486963,0.5444539548251304
low_height_first_10000,primary,14,256,0.8,165,91,0,0.64453125,0.35546875,0.0,1.3090617303222705,1.3090617303222706e-10,0.008715799546300529,51.19999999999999,51.19999999999997,2.1316282072803006e-14,160.76740285342441,160.76740285342447,5.684341886080802e-14,16.305793049291402,0.06369450409879454,0.5808367459012055
low_height_first_10000,primary,14,256,0.85,160,96,0,0.625,0.375,0.0,1.4533780884674123,1.4533780884674125e-10,0.004562663255132993,38.400000000000006,38.39999999999996,4.263256414560601e-14,175.69132587749863,175.6913258774987,8.526512829121202e-14,8.392901542721251,0.03278477165125489,0.5922152283487451
low_height_first_10000,primary,14,256,0.9,156,100,0,0.609375,0.390625,0.0,1.5976944466125542,1.5976944466125542e-10,0.011677717765721796,25.599999999999994,25.599999999999966,2.842170943040401e-14,193.07124423636526,193.07124423636535,8.526512829121202e-14,3.394394657744489,0.01325935413181441,0.5961156458681856
low_height_first_10000,primary,14,256,0.95,152,104,0,0.59375,0.40625,0.0,1.742010804757696,1.742010804757696e-10,0.0008549388432612659,12.800000000000011,12.799999999999983,2.842170943040401e-14,212.90715793002425,212.90715793002434,8.526512829121202e-14,0.7695373025168522,0.0030060050879564537,0.5907439949120435
low_height_first_10000,primary,14,512,0.1,512,0,0,1.0,0.0,0.0,0.9996262063026568,1e-10,0.7113672837097165,460.8,460.8,0.0,419.43912708066483,419.43912708066483,0.0,506.2394666846717,0.9887489583684994,0.011251041631500591
low_height_first_10000,primary,14,512,0.15,512,0,0,1.0,0.0,0.0,0.9994393094539851,1e-10,0.5670509255645748,435.2,435.20000000000005,5.684341886080802e-14,380.53803593149576,380.53803593149576,0.0,497.71382126462515,0.972097307157471,0.027902692842528998
low_height_first_10000,primary,14,512,0.2,512,0,0,1.0,0.0,0.0,0.9992524126053135,1e-10,0.42273456741943305,409.6,409.6,0.0,346.55650832265917,346.55650832265917,0.0,484.11198742744966,0.9455312254442376,0.05446877455576238
low_height_first_10000,primary,14,512,0.25,512,0,0,1.0,0.0,0.0,0.9990655157566418,1e-10,0.2784182092742914,384.0,384.0,0.0,317.49454425415496,317.494544254155,5.684341886080802e-14,464.43632707578496,0.9071022013198925,0.0928977986801075
low_height_first_10000,primary,14,512,0.3,512,0,0,1.0,0.0,0.0,0.9988786189079703,1e-10,0.13410185112914974,358.4,358.40000000000003,5.684341886080802e-14,293.3521437259832,293.3521437259832,0.0,437.8715572639011,0.8552178852810568,0.1447821147189432
low_height_first_10000,primary,14,512,0.35,509,3,0,0.994140625,0.005859375,0.0,0.9986917220592986,1e-10,0.00026269854721583386,332.8,332.8,0.0,274.1293067381437,274.1293067381438,5.684341886080802e-14,404.0277244264044,0.7891166492703211,0.2050239757296789
low_height_first_10000,primary,14,512,0.4,452,60,0,0.8828125,0.1171875,0.0,0.998504825210627,1e-10,0.0011287663952372906,307.2,307.20000000000005,5.684341886080802e-14,259.8260332906367,259.8260332906367,0.0,363.21164128475675,0.7093977368842905,0.17341476311570947
low_height_first_10000,primary,14,512,0.45,422,90,0,0.82421875,0.17578125,0.0,0.9983179283619553,1e-10,7.899777248143725e-05,281.6,281.6,0.0,250.44232338346208,250.4423233834621,2.842170943040401e-14,316.6340214732111,0.6184258231898654,0.2057929268101346
low_height_first_10000,primary,14,512,0.5,399,113,0,0.779296875,0.220703125,0.0,0.9981310315132838,1e-10,0.002832028565937894,256.0,256.0,0.0,245.97817701661987,245.9781770166199,2.842170943040401e-14,266.43013943294636,0.5203713660799734,0.25892550892002664
low_height_first_10000,primary,14,512,0.55,379,133,0,0.740234375,0.259765625,0.0,0.9979441346646121,1e-10,0.0004186784155137957,230.39999999999998,230.4,2.842170943040401e-14,246.43359419011006,246.43359419011009,2.842170943040401e-14,215.40959208284102,0.42072185953679886,0.31951251546320114
low_height_first_10000,primary,14,512,0.6,365,147,0,0.712890625,0.287109375,0.0,0.9977572378159405,1e-10,0.0005268888443745734,204.8,204.8,0.0,251.8085749039326,251.80857490393265,5.684341886080802e-14,166.56716323501567,0.32532649069339,0.38756413430661
low_height_first_10000,primary,14,512,0.65,354,158,0,0.69140625,0.30859375,0.0,0.9975703409672688,1e-10,0.0037361421140578166,179.2,179.20000000000005,5.684341886080802e-14,262.10311915808757,262.10311915808757,0.0,122.51910661403174,0.23929513010553075,0.4521111198944693
low_height_first_10000,primary,14,512,0.7,341,171,0,0.666015625,0.333984375,0.0,1.020429014031984,1.0204290140319842e-10,0.0057162329573903214,153.60000000000002,153.60000000000002,0.0,277.3172269525749,277.31722695257497,5.684341886080802e-14,85.07571007853302,0.1661634962471348,0.4998521287528652
low_height_first_10000,primary,14,512,0.75,334,178,0,0.65234375,0.34765625,0.0,1.164745372177126,1.164745372177126e-10,0.0022206386941614475,128.0,128.00000000000006,5.684341886080802e-14,297.4508982873947,297.4508982873947,0.0,55.08135996338431,0.10758078117848498,0.544762968821515
low_height_first_10000,primary,14,512,0.8,329,183,0,0.642578125,0.357421875,0.0,1.3090617303222678,1.3090617303222677e-10,0.008735004538343083,102.39999999999998,102.40000000000005,7.105427357601002e-14,322.50413316254696,322.50413316254685,1.1368683772161603e-13,32.51356780198228,0.06350306211324665,0.5790750628867534
low_height_first_10000,primary,14,512,0.85,320,192,0,0.625,0.375,0.0,1.4533780884674092,1.4533780884674094e-10,0.004562662889225466,76.80000000000001,76.80000000000004,2.842170943040401e-14,352.4769315780313,352.47693157803144,1.1368683772161603e-13,16.733690836429247,0.03268298991490087,0.5923170100850992
low_height_first_10000,primary,14,512,0.9,310,202,0,0.60546875,0.39453125,0.0,1.5976944466125511,1.597694446612551e-10,0.006498990492687762,51.19999999999999,51.200000000000074,8.526512829121202e-14,387.36929353384835,387.36929353384835,0.0,6.767289105663036,0.013217361534498118,0.5922513884655018
low_height_first_10000,primary,14,512,0.95,305,207,0,0.595703125,0.404296875,0.0,1.7420108047576925,1.7420108047576927e-10,0.0008549388432825822,25.600000000000023,25.60000000000008,5.684341886080802e-14,427.1812190299977,427.18121902999764,5.684341886080802e-14,1.5341498427485414,0.002996386411618245,0.5927067385883817
low_height_first_10000,primary,15,128,0.1,128,0,0,1.0,0.0,0.0,0.9996694529798432,1e-10,0.717666017958349,115.2,115.20000000000002,1.4210854715202004e-14,104.84264365749043,104.84264365749044,1.4210854715202004e-14,126.58055479176062,0.9889105843106298,0.011089415689370163
low_height_first_10000,primary,15,128,0.15,128,0,0,1.0,0.0,0.0,0.9995041794697648,1e-10,0.5764990269375234,108.8,108.80000000000001,1.4210854715202004e-14,95.09594822935345,95.09594822935347,1.4210854715202004e-14,124.47891019973144,0.9724914859354019,0.02750851406459809
low_height_first_10000,primary,15,128,0.2,128,0,0,1.0,0.0,0.0,0.9993389059596863,1e-10,0.4353320359166979,102.4,102.39999999999999,1.4210854715202004e-14,86.57057462996171,86.5705746299617,1.4210854715202004e-14,121.12383503078799,0.9462799611780311,0.05372003882196885
low_height_first_10000,primary,15,128,0.25,128,0,0,1.0,0.0,0.0,0.9991736324496079,1e-10,0.29416504489587236,96.0,96.00000000000001,1.4210854715202004e-14,79.26652285931516,79.26652285931516,0.0,116.26598048657767,0.9083279725513881,0.09167202744861191
low_height_first_10000,primary,15,128,0.3,128,0,0,1.0,0.0,0.0,0.9990083589395296,1e-10,0.15299805387504684,89.6,89.6,0.0,73.18379291741384,73.18379291741383,1.4210854715202004e-14,109.69860511410751,0.8570203524539649,0.1429796475460351
low_height_first_10000,primary,15,128,0.35,128,0,0,1.0,0.0,0.0,0.9988430854294511,1e-10,0.011831062854221419,83.2,83.2,0.0,68.32238480425772,68.32238480425772,0.0,101.31730647037689,0.7915414567998195,0.20845854320018053
low_height_first_10000,primary,15,128,0.4,114,14,0,0.890625,0.109375,0.0,0.9986778119193727,1e-10,0.0023718609946294933,76.8,76.80000000000001,1.4210854715202004e-14,64.68229851984682,64.68229851984682,0.0,91.18785409566438,0.712405110122378,0.17821988987762205
low_height_first_10000,primary,15,128,0.45,104,24,0,0.8125,0.1875,0.0,0.9985125384092942,1e-10,0.002302796746295188,70.4,70.4,0.0,62.263534064181144,62.263534064181144,0.0,79.59972196392192,0.62187282784314,0.19062717215685998
low_height_first_10000,primary,15,128,0.5,100,28,0,0.78125,0.21875,0.0,0.9983472648992159,1e-10,0.025060580586492742,64.0,64.00000000000001,1.4210854715202004e-14,61.06609143726067,61.06609143726067,0.0,67.07486763268994,0.5240224033803902,0.2572275966196098
low_height_first_10000,primary,15,128,0.55,96,32,0,0.75,0.25,0.0,0.9981819913891374,1e-10,0.010308457812511662,57.599999999999994,57.599999999999994,0.0,61.08997063908541,61.0899706390854,7.105427357601002e-15,54.3094057059064,0.42429223207739375,0.32570776792260625
low_height_first_10000,primary,15,128,0.6,93,35,0,0.7265625,0.2734375,0.0,0.998016717879059,1e-10,0.006718790658918339,51.2,51.20000000000001,7.105427357601002e-15,62.33517166965537,62.33517166965535,1.4210854715202004e-14,42.05394690965634,0.32854646023169015,0.39801603976830985
low_height_first_10000,primary,15,128,0.65,89,39,0,0.6953125,0.3046875,0.0,0.9978514443689805,1e-10,0.03975199751145908,44.8,44.8,0.0,64.80169452897053,64.80169452897053,0.0,30.97202958331165,0.24196898111962226,0.4533435188803777
low_height_first_10000,primary,15,128,0.7,88,40,0,0.6875,0.3125,0.0,0.9976861708589022,1e-10,0.0011048640316608793,38.400000000000006,38.400000000000006,0.0,68.48953921703091,68.4895392170309,1.4210854715202004e-14,21.529711206369598,0.16820086879976248,0.5192991312002375
low_height_first_10000,primary,15,128,0.75,85,43,0,0.6640625,0.3359375,0.0,1.117504865312383,1.1175048653123829e-10,0.013710195034651873,32.0,32.00000000000001,7.105427357601002e-15,73.3987057338365,73.3987057338365,0.0,13.951199680731431,0.1089937475057143,0.5550687524942857
low_height_first_10000,primary,15,128,0.8,83,45,0,0.6484375,0.3515625,0.0,1.2586718563332084,1.2586718563332086e-10,0.009944853191250158,25.599999999999994,25.6,7.105427357601002e-15,79.52919407938734,79.5291940793873,4.263256414560601e-14,8.240495928398428,0.06437887444061272,0.5840586255593873
low_height_first_10000,primary,15,128,0.85,80,48,0,0.625,0.375,0.0,1.399838847354034,1.399838847354034e-10,0.02035606914411703,19.200000000000003,19.20000000000001,7.105427357601002e-15,86.8810042536833,86.8810042536833,0.0,4.243044876917058,0.03314878810091452,0.5918512118990855
low_height_first_10000,primary,15,128,0.9,79,49,0,0.6171875,0.3828125,0.0,1.5410058383748595,1.5410058383748596e-10,0.02881978031837218,12.799999999999997,12.800000000000013,1.5987211554602254e-14,95.45413625672458,95.45413625672455,2.842170943040401e-14,1.7164264056546599,0.01340958129417703,0.603777918705823
low_height_first_10000,primary,15,128,0.95,77,51,0,0.6015625,0.3984375,0.0,1.682172829395685,1.6821728293956851e-10,0.014014345401816786,6.400000000000006,6.400000000000013,7.105427357601002e-15,105.24859008851101,105.24859008851098,2.842170943040401e-14,0.3891738593890322,0.003040420776476814,0.5985220792235232
low_height_first_10000,primary,15,256,0.1,256,0,0,1.0,0.0,0.0,0.9996694529798431,1e-10,0.714637665461286,230.4,230.4,0.0,209.71099134366645,209.71099134366642,2.842170943040401e-14,253.13007992512746,0.9887893747075291,0.011210625292470855
low_height_first_10000,primary,15,256,0.15,256,0,0,1.0,0.0,0.0,0.9995041794697647,1e-10,0.5719564981919292,217.6,217.6,0.0,190.2497305232495,190.2497305232495,0.0,248.88213964757028,0.9721958579983214,0.027804142001678578
low_height_first_10000,primary,15,256,0.2,256,0,0,1.0,0.0,0.0,0.9993389059596862,1e-10,0.4292753309225722,204.8,204.8,0.0,173.24396537466578,173.24396537466578,0.0,242.1039019124964,0.9457183668456891,0.05428163315431089
low_height_first_10000,primary,15,256,0.25,256,0,0,1.0,0.0,0.0,0.9991736324496078,1e-10,0.28659416365321533,192.0,192.0,0.0,158.69369589791526,158.69369589791526,0.0,232.29656220064302,0.9074084460962618,0.09259155390373819
low_height_first_10000,primary,15,256,0.3,256,0,0,1.0,0.0,0.0,0.9990083589395293,1e-10,0.14391299638385846,179.2,179.2,0.0,146.598922092998,146.598922092998,0.0,219.05099670261347,0.8556679558695839,0.14433204413041612
low_height_first_10000,primary,15,256,0.35,256,0,0,1.0,0.0,0.0,0.9988430854294509,1e-10,0.0012318291145014815,166.4,166.39999999999998,2.842170943040401e-14,136.95964395991393,136.95964395991393,0.0,202.16874985527966,0.7897216791221862,0.21027832087781384
low_height_first_10000,primary,15,256,0.4,228,28,0,0.890625,0.109375,0.0,0.9986778119193724,1e-10,0.002371863689345055,153.6,153.59999999999997,2.842170943040401e-14,129.7758614986631,129.77586149866306,2.842170943040401e-14,181.7977528913807,0.7101474722319558,0.18047752776804415
low_height_first_10000,primary,15,256,0.45,208,48,0,0.8125,0.1875,0.0,0.998512538409294,1e-10,0.002302794990627355,140.8,140.8,0.0,125.04757470924547,125.04757470924547,0.0,158.53678126981103,0.6192843018351993,0.19321569816480066
low_height_first_10000,primary,15,256,0.5,200,56,0,0.78125,0.21875,0.0,0.9983472648992155,1e-10,0.015155223116817718,128.0,127.99999999999999,1.4210854715202004e-14,122.77478359166108,122.77478359166108,0.0,133.4475982828188,0.521279680792261,0.25997031920773905
low_height_first_10000,primary,15,256,0.55,191,65,0,0.74609375,0.25390625,0.0,0.9981819913891371,1e-10,0.007478918881177243,115.19999999999999,115.19999999999997,1.4210854715202004e-14,122.9574881459099,122.9574881459099,0.0,107.93193810410033,0.4216091332191419,0.3244846167808581
low_height_first_10000,primary,15,256,0.6,186,70,0,0.7265625,0.2734375,0.0,0.9980167178790587,1e-10,0.001410259675126646,102.4,102.4,0.0,125.59568837199197,125.59568837199195,1.4210854715202004e-14,83.48821632270572,0.32612584501056924,0.40043665498943076
low_height_first_10000,primary,15,256,0.65,176,80,0,0.6875,0.3125,0.0,0.9978514443689802,1e-10,0.00019797023420209392,89.6,89.6,0.0,130.68938426990724,130.68938426990724,0.0,61.42931994705692,0.23995828104319109,0.44754171895680894
low_height_first_10000,primary,15,256,0.7,172,84,0,0.671875,0.328125,0.0,0.9976861708589018,1e-10,0.0011030876492331698,76.80000000000001,76.8,1.4210854715202004e-14,138.2385758396557,138.2385758396557,0.0,42.66710622685688,0.1666683836986597,0.5052066163013403
low_height_first_10000,primary,15,256,0.75,168,88,0,0.65625,0.34375,0.0,1.1402175090403541,1.1402175090403541e-10,0.009514592618655282,64.0,63.99999999999997,2.842170943040401e-14,148.24326308123744,148.24326308123744,0.0,27.63026065984117,0.10793070570250457,0.5483192942974955
low_height_first_10000,primary,15,256,0.8,163,93,0,0.63671875,0.36328125,0.0,1.2828986763097112,1.2828986763097113e-10,0.014982727708511168,51.19999999999999,51.19999999999996,2.842170943040401e-14,160.70344599465238,160.70344599465238,0.0,16.312282439091135,0.06371985327769975,0.5729988967223003
low_height_first_10000,primary,15,256,0.85,158,98,0,0.6171875,0.3828125,0.0,1.4255798435790679,1.425579843579068e-10,0.013729131622775559,38.400000000000006,38.400000000000006,0.0,175.61912457990047,175.6191245799005,2.842170943040401e-14,8.396352068872362,0.032798250269032665,0.5843892497309673
low_height_first_10000,primary,15,256,0.9,155,101,0,0.60546875,0.39453125,0.0,1.568261010848425,1.568261010848425e-10,0.009436446475981297,25.599999999999994,25.59999999999998,1.4210854715202004e-14,192.99029883698188,192.99029883698194,5.684341886080802e-14,3.3958183595206495,0.013264915466877537,0.5922038345331224
low_height_first_10000,primary,15,256,0.95,151,105,0,0.58984375,0.41015625,0.0,1.7109421781177816,1.7109421781177817e-10,0.0006355659554246884,12.800000000000011,12.799999999999983,2.842170943040401e-14,212.8169687658965,212.8169687658965,0.0,0.7698634227810472,0.003007278995238466,0.5868364710047616
low_height_first_10000,primary,15,512,0.1,512,0,0,1.0,0.0,0.0,0.9996933380500543,1e-10,0.70973026104479,460.8,460.79999999999995,5.684341886080802e-14,419.4465897317486,419.4465897317486,0.0,506.2304598442368,0.988731366883275,0.011268633116724991
low_height_first_10000,primary,15,512,0.15,512,0,0,1.0,0.0,0.0,0.9995400070750815,1e-10,0.5645953915671849,435.2,435.2,0.0,380.5548268964342,380.55482689643424,5.684341886080802e-14,497.69186097209547,0.972054415961124,0.027945584038876037
low_height_first_10000,primary,15,512,0.2,512,0,0,1.0,0.0,0.0,0.9993866761001088,1e-10,0.41946052208957985,409.6,409.6,0.0,346.58635892699414,346.58635892699414,0.0,484.07029208942413,0.9454497892371565,0.0545502107628435
low_height_first_10000,primary,15,512,0.25,512,0,0,1.0,0.0,0.0,0.999233345125136,1e-10,0.27432565261197484,384.0,384.0,0.0,317.54118582342835,317.54118582342835,0.0,464.3681090300968,0.9069689629494078,0.09303103705059224
low_height_first_10000,primary,15,512,0.3,512,0,0,1.0,0.0,0.0,0.9990800141501631,1e-10,0.12919078313436982,358.4,358.4,0.0,293.4193075857369,293.4193075857368,5.684341886080802e-14,437.7713281954591,0.855022125381756,0.14497787461824396
low_height_first_10000,primary,15,512,0.35,511,1,0,0.998046875,0.001953125,0.0,0.9989266831751903,1e-10,0.0012318291145051452,332.8,332.80000000000007,5.684341886080802e-14,274.2207242139196,274.2207242139196,0.0,403.89303294815664,0.7888535799768684,0.20919329502313155
low_height_first_10000,primary,15,512,0.4,455,57,0,0.888671875,0.111328125,0.0,0.9987733522002175,1e-10,0.0013724188643144952,307.2,307.20000000000005,5.684341886080802e-14,259.9454357079766,259.9454357079766,0.0,363.04480493366907,0.7090718846360724,0.1795999903639276
low_height_first_10000,primary,15,512,0.45,420,92,0,0.8203125,0.1796875,0.0,0.9986200212252446,1e-10,0.0011146293243777805,281.6,281.6,0.0,250.59344206790792,250.5934420679079,2.842170943040401e-14,316.44307746294106,0.6180528856698068,0.20225961433019324
low_height_first_10000,primary,15,512,0.5,400,112,0,0.78125,0.21875,0.0,0.9984666902502719,1e-10,0.002154107145271311,256.0,256.0,0.0,246.16474329371346,246.1647432937134,5.684341886080802e-14,266.22821417527365,0.5199769808110813,0.26127301918891865
low_height_first_10000,primary,15,512,0.55,381,131,0,0.744140625,0.255859375,0.0,0.9983133592752991,1e-10,0.001975900852650203,230.39999999999998,230.4,2.842170943040401e-14,246.6593393853933,246.65933938539325,5.684341886080802e-14,215.21244698161846,0.42033681051097355,0.32380381448902645
low_height_first_10000,primary,15,512,0.6,368,144,0,0.71875,0.28125,0.0,0.9981600283003262,1e-10,0.004228195092031983,204.8,204.80000000000004,2.842170943040401e-14,252.07723034294736,252.0772303429473,5.684341886080802e-14,166.3896415512703,0.3249797686548248,0.3937702313451752
low_height_first_10000,primary,15,512,0.65,352,160,0,0.6875,0.3125,0.0,0.9980066973253534,1e-10,0.00019797022050616064,179.2,179.20000000000002,2.842170943040401e-14,262.4184161663758,262.41841616637566,1.1368683772161603e-13,122.37189930923246,0.23900761583834465,0.4484923841616554
low_height_first_10000,primary,15,512,0.7,343,169,0,0.669921875,0.330078125,0.0,1.0318881726864704,1.0318881726864704e-10,0.0011030876492320596,153.60000000000002,153.60000000000008,5.684341886080802e-14,277.68289685567834,277.6828968556783,5.684341886080802e-14,84.96367715532047,0.1659446819439853,0.5039771930560147
low_height_first_10000,primary,15,512,0.75,335,177,0,0.654296875,0.345703125,0.0,1.1770230421640755,1.1770230421640756e-10,0.007297760592185121,128.0,128.00000000000006,5.684341886080802e-14,297.87067241085526,297.87067241085515,1.1368683772161603e-13,55.003736579348185,0.10742917300653942,0.5468677019934606
low_height_first_10000,primary,15,512,0.8,325,187,0,0.634765625,0.365234375,0.0,1.3221579116416806,1.3221579116416807e-10,0.014565584308059876,102.39999999999998,102.40000000000005,7.105427357601002e-14,322.98174283190656,322.9817428319063,2.8421709430404007e-13,32.46548832160222,0.06340915687812934,0.5713564681218707
low_height_first_10000,primary,15,512,0.85,318,194,0,0.62109375,0.37890625,0.0,1.4672927811192853,1.4672927811192853e-10,0.009266924985317893,76.80000000000001,76.80000000000007,5.684341886080802e-14,353.0161081188319,353.01610811883165,2.2737367544323206e-13,16.708132757541314,0.03263307179207288,0.5884606782079271
low_height_first_10000,primary,15,512,0.9,310,202,0,0.60546875,0.39453125,0.0,1.6124276505968909,1.6124276505968909e-10,0.0074181894380769275,51.19999999999999,51.20000000000002,2.842170943040401e-14,387.9737682716317,387.97376827163134,3.410605131648481e-13,6.756745466782828,0.01319676848981021,0.5922719815101898
low_height_first_10000,primary,15,512,0.95,305,207,0,0.595703125,0.404296875,0.0,1.7575625200744955,1.7575625200744957e-10,0.0006355659556858129,25.600000000000023,25.60000000000008,5.684341886080802e-14,427.8547232903056,427.8547232903053,3.410605131648481e-13,1.5317348724354969,0.00299166967272558,0.5927114553272744
low_height_first_10000,primary,16,128,0.1,128,0,0,1.0,0.0,0.0,0.9996699639573572,1e-10,0.7183389956139528,115.2,115.2,0.0,104.8417218032386,104.84172180323858,1.4210854715202004e-14,126.58166779162963,0.9889192796221065,0.011080720377893538
low_height_first_10000,primary,16,128,0.15,128,0,0,1.0,0.0,0.0,0.9995049459360358,1e-10,0.5775084934209294,108.8,108.80000000000001,1.4210854715202004e-14,95.09387405728681,95.09387405728683,1.4210854715202004e-14,124.48162531341234,0.9725126977610339,0.027487302238966116
low_height_first_10000,primary,16,128,0.2,128,0,0,1.0,0.0,0.0,0.9993399279147143,1e-10,0.4366779912279056,102.4,102.4,0.0,86.56688721295436,86.56688721295434,1.4210854715202004e-14,121.12899444108525,0.9463202690709785,0.05367973092902145
low_height_first_10000,primary,16,128,0.25,128,0,0,1.0,0.0,0.0,0.9991749098933929,1e-10,0.2958474890348821,96.0,96.0,0.0,79.26076127024118,79.26076127024118,0.0,116.274432043087,0.9083940003366172,0.09160599966338279
low_height_first_10000,primary,16,128,0.3,128,0,0,1.0,0.0,0.0,0.9990098918720715,1e-10,0.1550169868418586,89.6,89.6,0.0,73.17549622914729,73.1754962291473,1.4210854715202004e-14,109.71104281766688,0.8571175220130225,0.1428824779869775
low_height_first_10000,primary,16,128,0.35,128,0,0,1.0,0.0,0.0,0.99884487385075,1e-10,0.014186484648834985,83.2,83.20000000000002,1.4210854715202004e-14,68.3110920896727,68.31109208967268,1.4210854715202004e-14,101.33405554273826,0.7916723089276426,0.20832769107235738
low_height_first_10000,primary,16,128,0.4,114,14,0,0.890625,0.109375,0.0,0.9986798558294286,1e-10,0.0044546994851868416,76.8,76.8,0.0,64.6675488518174,64.6675488518174,0.0,91.20865263527361,0.7125675987130751,0.17805740128692493
low_height_first_10000,primary,16,128,0.45,105,23,0,0.8203125,0.1796875,0.0,0.9985148378081072,1e-10,0.007007104088176175,70.4,70.4,0.0,62.24486651558141,62.24486651558141,0.0,79.62359432097671,0.6220593306326305,0.19825316936736948
low_height_first_10000,primary,16,128,0.5,100,28,0,0.78125,0.21875,0.0,0.9983498197867857,1e-10,0.012787631364634455,64.0,64.0,0.0,61.043045080964696,61.0430450809647,7.105427357601002e-15,67.10019125958172,0.5242202442154822,0.2570297557845178
low_height_first_10000,primary,16,128,0.55,96,32,0,0.75,0.25,0.0,0.9981848017654643,1e-10,0.011968125192247214,57.599999999999994,57.599999999999994,0.0,61.06208454796729,61.06208454796729,0.0,54.334207955081105,0.42448599964907113,0.32551400035092887
low_height_first_10000,primary,16,128,0.6,92,36,0,0.71875,0.28125,0.0,0.9980197837441429,1e-10,0.022179921098680833,51.2,51.2,0.0,62.30198491658916,62.30198491658916,0.0,42.07634802502078,0.3287214689454748,0.3900285310545252
low_height_first_10000,primary,16,128,0.65,88,40,0,0.6875,0.3125,0.0,0.9978547657228215,1e-10,0.008638852203020075,44.8,44.8,0.0,64.76274618683034,64.76274618683033,1.4210854715202004e-14,30.990656174616266,0.24211450136418958,0.44538549863581045
low_height_first_10000,primary,16,128,0.7,86,42,0,0.671875,0.328125,0.0,0.9976897477015001,1e-10,0.002702066262650904,38.400000000000006,38.400000000000006,0.0,68.4443683586908,68.4443683586908,0.0,21.543920053033357,0.1683118754143231,0.5035631245856769
low_height_first_10000,primary,16,128,0.75,84,44,0,0.65625,0.34375,0.0,1.1124575328953537,1.1124575328953537e-10,0.020295476388863976,32.0,32.00000000000001,7.105427357601002e-15,73.34685143217055,73.34685143217057,1.4210854715202004e-14,13.961062813268422,0.10907080322865954,0.5471791967713404
low_height_first_10000,primary,16,128,0.8,81,47,0,0.6328125,0.3671875,0.0,1.2532880350883775,1.2532880350883776e-10,0.009046605802855323,25.599999999999994,25.6,7.105427357601002e-15,79.47019540726964,79.47019540726963,1.4210854715202004e-14,8.246613672476887,0.06442666931622568,0.5683858306837744
low_height_first_10000,primary,16,128,0.85,79,49,0,0.6171875,0.3828125,0.0,1.394118537281401,1.394118537281401e-10,0.0045036456436291505,19.200000000000003,19.200000000000003,0.0,86.81440028398796,86.81440028398796,0.0,4.246300139079485,0.03317421983655847,0.5840132801634416
low_height_first_10000,primary,16,128,0.9,78,50,0,0.609375,0.390625,0.0,1.5349490394744243,1.5349490394744244e-10,0.007908345452926957,12.799999999999997,12.800000000000002,5.329070518200751e-15,95.37946606232563,95.3794660623256,2.842170943040401e-14,1.7177701528853055,0.01342007931941645,0.5959549206805835
low_height_first_10000,primary,16,128,0.95,77,51,0,0.6015625,0.3984375,0.0,1.6757795416674477,1.6757795416674477e-10,0.006240784145655542,6.400000000000006,6.40000000000001,4.440892098500626e-15,105.16539274228256,105.16539274228253,2.842170943040401e-14,0.389481738544697,0.003042826082380445,0.5985196739176195
low_height_first_10000,primary,16,256,0.1,256,0,0,1.0,0.0,0.0,0.9998128479169309,1e-10,0.7162376996173285,230.4,230.39999999999998,2.842170943040401e-14,209.70881664466773,209.7088166446677,2.842170943040401e-14,253.13270490647145,0.9887996285409041,0.011200371459095915
low_height_first_10000,primary,16,256,0.15,256,0,0,1.0,0.0,0.0,0.9997192718753964,1e-10,0.5743565494259928,217.6,217.59999999999997,2.842170943040401e-14,190.24483745050233,190.24483745050236,2.842170943040401e-14,248.88854086418718,0.9722208627507312,0.027779137249268837
low_height_first_10000,primary,16,256,0.2,256,0,0,1.0,0.0,0.0,0.999625695833862,1e-10,0.43247539923465705,204.8,204.8,0.0,173.23526657867083,173.23526657867083,0.0,242.11605886237106,0.945765854931137,0.05423414506886304
low_height_first_10000,primary,16,256,0.25,256,0,0,1.0,0.0,0.0,0.9995321197923275,1e-10,0.2905942490433213,192.0,192.0,0.0,158.68010402917318,158.68010402917318,0.0,232.31645974483726,0.9074861708782705,0.09251382912172945
low_height_first_10000,primary,16,256,0.3,256,0,0,1.0,0.0,0.0,0.9994385437507929,1e-10,0.14871309885198558,179.2,179.20000000000002,2.842170943040401e-14,146.5793498020094,146.57934980200938,2.842170943040401e-14,219.08024591032654,0.855782210587213,0.14421778941278696
low_height_first_10000,primary,16,256,0.35,256,0,0,1.0,0.0,0.0,0.9993449677092584,1e-10,0.006831948660649956,166.4,166.39999999999998,2.842170943040401e-14,136.93300389717945,136.93300389717945,0.0,202.20808141177673,0.7898753180147529,0.21012468198524714
low_height_first_10000,primary,16,256,0.4,226,30,0,0.8828125,0.1171875,0.0,0.9992513916677239,1e-10,0.004454699246611016,153.6,153.6,0.0,129.74106631468334,129.74106631468334,0.0,181.8465091290057,0.7103379262851786,0.17247457371482144
low_height_first_10000,primary,16,256,0.45,210,46,0,0.8203125,0.1796875,0.0,0.9991578156261894,1e-10,0.0007283855385011861,140.8,140.8,0.0,125.00353705452112,125.0035370545211,1.4210854715202004e-14,158.59263239370063,0.6195024702878931,0.20081002971210693
low_height_first_10000,primary,16,256,0.5,201,55,0,0.78515625,0.21484375,0.0,0.9990642395846548,1e-10,0.012791524340011629,128.0,128.0,0.0,122.72041611669273,122.72041611669272,1.4210854715202004e-14,133.5067181032106,0.5215106175906664,0.2636456324093336
low_height_first_10000,primary,16,256,0.55,192,64,0,0.75,0.25,0.0,0.9989706635431204,1e-10,0.0032505483464342344,115.19999999999999,115.19999999999999,0.0,122.89170350119821,122.8917035011982,1.4210854715202004e-14,107.98971469925635,0.42183482304397013,0.32816517695602987
low_height_first_10000,primary,16,256,0.6,184,72,0,0.71875,0.28125,0.0,0.9988770875015859,1e-10,0.0022771115580655366,102.4,102.40000000000002,1.4210854715202004e-14,125.51739920803755,125.51739920803752,2.842170943040401e-14,83.54029055860602,0.32632925999455475,0.39242074000544525
low_height_first_10000,primary,16,256,0.65,175,81,0,0.68359375,0.31640625,0.0,0.9987835114600514,1e-10,0.005914653379797019,89.6,89.6,0.0,130.59750323721073,130.5975032372107,2.842170943040401e-14,61.47253814966166,0.24012710214711586,0.44346664785288414
low_height_first_10000,primary,16,256,0.7,172,84,0,0.671875,0.328125,0.0,0.9986899354185168,1e-10,0.00525636842267263,76.80000000000001,76.80000000000001,0.0,138.13201558871773,138.13201558871773,0.0,42.70002124316902,0.16679695798112898,0.505078042018871
low_height_first_10000,primary,16,256,0.75,167,89,0,0.65234375,0.34765625,0.0,1.1282172528700363,1.1282172528700364e-10,0.018450460684858783,64.0,64.0,0.0,148.12093626255864,148.12093626255862,2.842170943040401e-14,27.653079323907626,0.10801984110901416,0.5443239088909858
low_height_first_10000,primary,16,256,0.8,163,93,0,0.63671875,0.36328125,0.0,1.2700984030613718,1.2700984030613719e-10,0.004665032998534269,51.19999999999999,51.19999999999998,7.105427357601002e-15,160.56426525873343,160.56426525873337,5.684341886080802e-14,16.326422294374204,0.06377508708739923,0.5729436629126008
low_height_first_10000,primary,16,256,0.85,159,97,0,0.62109375,0.37890625,0.0,1.4119795532527073,1.4119795532527074e-10,0.01517679841400743,38.400000000000006,38.40000000000002,1.4210854715202004e-14,175.46200257724195,175.46200257724198,2.842170943040401e-14,8.403870800180052,0.032827620313203326,0.5882661296867967
low_height_first_10000,primary,16,256,0.9,155,101,0,0.60546875,0.39453125,0.0,1.5538607034440433,1.5538607034440434e-10,0.0013874302730716437,25.599999999999994,25.599999999999994,0.0,192.81414821808448,192.81414821808443,5.684341886080802e-14,3.398920701912122,0.013277033991844227,0.5921917160081558
low_height_first_10000,primary,16,256,0.95,154,102,0,0.6015625,0.3984375,0.0,1.6957418536353788,1.6957418536353789e-10,0.005657670020781325,12.800000000000011,12.800000000000011,0.0,212.62070218126075,212.6207021812607,5.684341886080802e-14,0.7705740707239573,0.0030100549637654584,0.5985524450362345
low_height_first_10000,primary,16,512,0.1,512,0,0,1.0,0.0,0.0,0.9998665789196474,1e-10,0.7128780190507356,460.8,460.79999999999995,5.684341886080802e-14,419.4263748433737,419.42637484337365,5.684341886080802e-14,506.25485838674985,0.9887790202866208,0.011220979713379209
low_height_first_10000,primary,16,512,0.15,512,0,0,1.0,0.0,0.0,0.9997998683794711,1e-10,0.5693170285761033,435.2,435.20000000000005,5.684341886080802e-14,380.5093433975908,380.5093433975908,0.0,497.751351672063,0.972170608734498,0.02782939126550199
low_height_first_10000,primary,16,512,0.2,512,0,0,1.0,0.0,0.0,0.9997331578392947,1e-10,0.4257560381014711,409.6,409.6,0.0,346.5054993734948,346.5054993734948,0.0,484.18325337792146,0.9456704167537529,0.05432958324624715
low_height_first_10000,primary,16,512,0.25,512,0,0,1.0,0.0,0.0,0.9996664472991185,1e-10,0.2821950476268389,384.0,383.99999999999994,5.684341886080802e-14,317.41484277108566,317.41484277108566,0.0,464.5529450125394,0.907329970727616,0.09267002927238399
low_height_first_10000,primary,16,512,0.3,512,0,0,1.0,0.0,0.0,0.9995997367589421,1e-10,0.13863405715220667,358.4,358.4,0.0,293.23737359036335,293.23737359036335,0.0,438.04293575292496,0.8555526088924316,0.14444739110756843
low_height_first_10000,primary,16,512,0.35,511,1,0,0.998046875,0.001953125,0.0,0.9995330262187658,1e-10,0.004926933322425553,332.8,332.8,0.0,273.9730918313279,273.97309183132785,5.684341886080802e-14,404.25809432477797,0.789566590478082,0.20848028452191802
low_height_first_10000,primary,16,512,0.4,452,60,0,0.8828125,0.1171875,0.0,0.9994663156785895,1e-10,0.0035604206879635836,307.2,307.19999999999993,5.684341886080802e-14,259.6219974939793,259.6219974939793,0.0,363.4970877311292,0.7099552494748618,0.17285725052513823
low_height_first_10000,primary,16,512,0.45,420,92,0,0.8203125,0.1796875,0.0,0.9993996051384132,1e-10,0.001286030726239451,281.6,281.59999999999997,5.684341886080802e-14,250.1840905783175,250.1840905783175,0.0,316.9608419811828,0.6190641444944976,0.20124835550550235
low_height_first_10000,primary,16,512,0.5,399,113,0,0.779296875,0.220703125,0.0,0.9993328945982368,1e-10,0.0026122074553065477,256.0,255.99999999999997,2.842170943040401e-14,245.65937108434258,245.65937108434264,5.684341886080802e-14,266.7759007552756,0.5210466811626476,0.25825019383735237
low_height_first_10000,primary,16,512,0.55,382,130,0,0.74609375,0.25390625,0.0,0.9992661840580606,1e-10,0.0032505546208878577,230.39999999999998,230.39999999999992,5.684341886080802e-14,246.0478390120545,246.04783901205457,5.684341886080802e-14,215.74731244601284,0.42138146962111883,0.32471228037888117
low_height_first_10000,primary,16,512,0.6,369,143,0,0.720703125,0.279296875,0.0,0.9991994735178842,1e-10,0.0022771124644551666,204.8,204.79999999999995,5.684341886080802e-14,251.3494943614533,251.34949436145337,5.684341886080802e-14,166.87139198968825,0.32592068747985986,0.39478243752014014
low_height_first_10000,primary,16,512,0.65,352,160,0,0.6875,0.3125,0.0,0.9991327629777079,1e-10,0.0010294801162973322,179.2,179.19999999999993,5.684341886080802e-14,261.564337132539,261.564337132539,0.0,122.77147699889986,0.23978804101347628,0.4477119589865237
low_height_first_10000,primary,16,512,0.7,343,169,0,0.669921875,0.330078125,0.0,1.009853866644851,1.0098538666448511e-10,0.0013969056367566512,153.60000000000002,153.60000000000002,0.0,276.69236732531147,276.6923673253115,5.684341886080802e-14,85.26783817011258,0.16653874642600114,0.5033831285739989
low_height_first_10000,primary,16,512,0.75,334,178,0,0.65234375,0.34765625,0.0,1.1534148571194835,1.1534148571194835e-10,0.01715247581394408,128.0,127.99999999999994,5.684341886080802e-14,296.7335849397708,296.73358493977094,1.1368683772161603e-13,55.21451170862754,0.10784084318091317,0.5445029068190869
low_height_first_10000,primary,16,512,0.8,327,185,0,0.638671875,0.361328125,0.0,1.2969758475941155,1.2969758475941157e-10,0.0005629520588846804,102.39999999999998,102.39999999999995,2.842170943040401e-14,321.68798997591705,321.6879899759171,5.684341886080802e-14,32.596056821347304,0.06366417347919395,0.575007701520806
low_height_first_10000,primary,16,512,0.85,320,192,0,0.625,0.375,0.0,1.4405368380687475,1.4405368380687477e-10,0.006543687980412161,76.80000000000001,76.79999999999995,5.684341886080802e-14,351.55558243375003,351.55558243375015,1.1368683772161603e-13,16.777546125615892,0.03276864477659354,0.5922313552234064
low_height_first_10000,primary,16,512,0.9,310,202,0,0.60546875,0.39453125,0.0,1.58409782854338,1.58409782854338e-10,0.00012618743503467478,51.19999999999999,51.19999999999999,0.0,386.33636231327,386.3363623132701,1.1368683772161603e-13,6.785382520826093,0.013252700235988462,0.5922160497640115
low_height_first_10000,primary,16,512,0.95,306,206,0,0.59765625,0.40234375,0.0,1.727658819018012,1.727658819018012e-10,0.004263704910513422,25.600000000000023,25.599999999999966,5.684341886080802e-14,426.0303296144767,426.03032961447684,1.1368683772161603e-13,1.5382942350443674,0.00300448092782103,0.594651769072179
near_1e12,secondary_control,1,128,0.1,128,0,0,1.0,0.0,0.0,0.9999454444848139,1e-10,0.6834271517734551,115.2,115.19999999999999,1.4210854715202004e-14,104.87186413454948,104.87186413454948,0.0,126.54528561610574,0.9886350438758261,0.011364956124173875
near_1e12,secondary_control,1,128,0.15,128,0,0,1.0,0.0,0.0,0.9999181667272209,1e-10,0.5251407276601829,108.8,108.8,0.0,95.16169430273631,95.16169430273632,1.4210854715202004e-14,124.39290921346722,0.9718196032302127,0.02818039676978734
near_1e12,secondary_control,1,128,0.2,128,0,0,1.0,0.0,0.0,0.9998908889696279,1e-10,0.3668543035469104,102.4,102.4,0.0,86.68745653819789,86.68745653819789,0.0,120.96052207252805,0.9450040786916254,0.05499592130837461
near_1e12,secondary_control,1,128,0.25,128,0,0,1.0,0.0,0.0,0.9998636112120348,1e-10,0.20856787943363808,96.0,96.0,0.0,79.44915084093421,79.44915084093421,0.0,115.99872248416385,0.9062400194075301,0.09375998059246993
near_1e12,secondary_control,1,128,0.3,128,0,0,1.0,0.0,0.0,0.9998363334544418,1e-10,0.050281455320365764,89.6,89.6,0.0,73.44677721094526,73.44677721094526,0.0,109.3058171489602,0.8539516964762516,0.14604830352374842
near_1e12,secondary_control,1,128,0.35,124,4,0,0.96875,0.03125,0.0,0.9998090556968487,1e-10,0.007130009878119958,83.2,83.2,0.0,68.68033564823105,68.68033564823105,0.0,100.78925699278075,0.7874160702560996,0.1813339297439004
near_1e12,secondary_control,1,128,0.4,114,14,0,0.890625,0.109375,0.0,0.9997817779392557,1e-10,0.0029934679930079255,76.8,76.8,0.0,65.14982615279158,65.14982615279158,0.0,90.5334725862084,0.7072927545797532,0.18333224542024684
near_1e12,secondary_control,1,128,0.45,106,22,0,0.828125,0.171875,0.0,0.9997545001816627,1e-10,0.009157173731645152,70.4,70.4,0.0,62.855248724626826,62.85524872462683,7.105427357601002e-15,78.85037607142849,0.616018563058035,0.21210643694196496
near_1e12,secondary_control,1,128,0.5,99,29,0,0.7734375,0.2265625,0.0,0.9997272224240696,1e-10,0.006822680858526553,64.0,64.0,0.0,61.79660336373682,61.79660336373682,0.0,66.28196012474683,0.5178278134745846,0.2556096865254154
near_1e12,secondary_control,1,128,0.55,95,33,0,0.7421875,0.2578125,0.0,0.9996999446664766,1e-10,0.04086626785167091,57.599999999999994,57.599999999999994,0.0,61.973890070121556,61.97389007012156,7.105427357601002e-15,53.534803063775016,0.4182406489357423,0.3239468510642577
near_1e12,secondary_control,1,128,0.6,92,36,0,0.71875,0.28125,0.0,0.9996726669088836,1e-10,0.03312624368732209,51.2,51.2,0.0,63.38710884378102,63.38710884378103,7.105427357601002e-15,41.35604301594823,0.32309408606209555,0.39565591393790445
near_1e12,secondary_control,1,128,0.65,90,38,0,0.703125,0.296875,0.0,1.0577235134725411,1.0577235134725411e-10,0.002279273792300751,44.8,44.8,0.0,66.03625968471523,66.03625968471525,1.4210854715202004e-14,30.39299938522335,0.23744530769705743,0.4656796923029426
near_1e12,secondary_control,1,128,0.7,86,42,0,0.671875,0.328125,0.0,1.216009937585813,1.216009937585813e-10,0.002047815303994893,38.400000000000006,38.40000000000001,7.105427357601002e-15,69.92134259292416,69.92134259292418,1.4210854715202004e-14,21.088839906647067,0.1647565617706802,0.5071184382293198
near_1e12,secondary_control,1,128,0.75,84,44,0,0.65625,0.34375,0.0,1.374296361699086,1.374296361699086e-10,0.00751281719909791,32.0,31.99999999999999,1.0658141036401503e-14,75.04235756840785,75.04235756840787,1.4210854715202004e-14,13.645626725766604,0.1066064587950516,0.5496435412049484
near_1e12,secondary_control,1,128,0.8,81,47,0,0.6328125,0.3671875,0.0,1.5325827858123584,1.5325827858123585e-10,0.006580891707462566,25.599999999999994,25.599999999999994,0.0,81.39930461116629,81.39930461116627,1.4210854715202004e-14,8.051174431164586,0.06289980024347333,0.5699126997565267
near_1e12,secondary_control,1,128,0.85,78,50,0,0.609375,0.390625,0.0,1.6908692099256304,1.6908692099256303e-10,0.007486125069841032,19.200000000000003,19.20000000000001,7.105427357601002e-15,88.99218372119941,88.99218372119942,1.4210854715202004e-14,4.142386270179635,0.0323623927357784,0.5770126072642217
near_1e12,secondary_control,1,128,0.9,76,52,0,0.59375,0.40625,0.0,1.8491556340389028,1.849155634038903e-10,0.0016302759627115915,12.799999999999997,12.799999999999999,1.7763568394002505e-15,97.82099489850731,97.82099489850734,2.842170943040401e-14,1.674896070828043,0.013085125553344085,0.5806648744466559
near_1e12,secondary_control,1,128,0.95,76,52,0,0.59375,0.40625,0.0,2.0074420581521752,2.0074420581521753e-10,0.0014328604730214911,6.400000000000006,6.4000000000000075,1.7763568394002505e-15,107.88573814308992,107.88573814308994,1.4210854715202004e-14,0.37966093299259274,0.0029661010390046308,0.5907838989609954
near_1e12,secondary_control,1,256,0.1,256,0,0,1.0,0.0,0.0,0.9999454444848139,1e-10,0.6834271517728334,230.4,230.39999999999998,2.842170943040401e-14,209.75778633189697,209.75778633189694,2.842170943040401e-14,253.073608986346,0.988568785102914,0.011431214897085984
near_1e12,secondary_control,1,256,0.15,256,0,0,1.0,0.0,0.0,0.9999181667272209,1e-10,0.5251407276592501,217.6,217.60000000000002,2.842170943040401e-14,190.3550192467681,190.3550192467681,0.0,248.74447853995272,0.9716581192966903,0.028341880703309674
near_1e12,secondary_control,1,256,0.2,256,0,0,1.0,0.0,0.0,0.9998908889696279,1e-10,0.36685430354566684,204.8,204.79999999999998,2.842170943040401e-14,173.43114532758776,173.43114532758776,0.0,241.84260514900788,0.944697676363312,0.05530232363668797
near_1e12,secondary_control,1,256,0.25,256,0,0,1.0,0.0,0.0,0.9998636112120348,1e-10,0.20856787943208355,192.0,192.0,0.0,158.98616457435588,158.98616457435588,0.0,231.86923276433376,0.9057391904856787,0.09426080951432125
near_1e12,secondary_control,1,256,0.3,256,0,0,1.0,0.0,0.0,0.9998363334544418,1e-10,0.05028145531850026,179.2,179.20000000000002,2.842170943040401e-14,147.02007698707246,147.02007698707246,0.0,218.4235014570403,0.8532168025665636,0.14678319743343637
near_1e12,secondary_control,1,256,0.35,250,6,0,0.9765625,0.0234375,0.0,0.9998090556968487,1e-10,0.0021919616069616676,166.4,166.4,0.0,137.53288256573754,137.53288256573754,0.0,201.32610822553886,0.7864301102560112,0.19013238974398883
near_1e12,secondary_control,1,256,0.4,229,27,0,0.89453125,0.10546875,0.0,0.9997817779392557,1e-10,0.0010280340243683517,153.6,153.60000000000002,2.842170943040401e-14,130.52458131035107,130.52458131035104,2.842170943040401e-14,180.75491806330731,0.7060738986847942,0.1884573513152058
near_1e12,secondary_control,1,256,0.45,208,48,0,0.8125,0.1875,0.0,0.9997545001816627,1e-10,0.000972790391389422,140.8,140.8,0.0,125.99517322091306,125.99517322091307,1.4210854715202004e-14,157.34444021312277,0.6146267195825108,0.1978732804174892
near_1e12,secondary_control,1,256,0.5,198,58,0,0.7734375,0.2265625,0.0,0.9997272224240696,1e-10,0.0021933747151394734,128.0,128.0,0.0,123.94465829742353,123.94465829742352,1.4210854715202004e-14,132.1880283108625,0.5163594855893067,0.25707801441069333
near_1e12,secondary_control,1,256,0.55,190,66,0,0.7421875,0.2578125,0.0,0.9996999446664766,1e-10,0.008027838795542697,115.19999999999999,115.19999999999999,0.0,124.37303653988246,124.37303653988249,2.842170943040401e-14,106.70351363291189,0.4168106001285621,0.3253768998714379
near_1e12,secondary_control,1,256,0.6,184,72,0,0.71875,0.28125,0.0,0.9996726669088836,1e-10,0.0033562842092428324,102.4,102.39999999999999,1.4210854715202004e-14,127.28030794828987,127.28030794828989,1.4210854715202004e-14,82.38320733997634,0.32180940367178257,0.39694059632821743
near_1e12,secondary_control,1,256,0.65,179,77,0,0.69921875,0.30078125,0.0,1.0577235134765828,1.0577235134765828e-10,0.0021925698025089257,89.6,89.59999999999998,1.4210854715202004e-14,132.66647252264576,132.6664725226458,2.842170943040401e-14,60.5138574000271,0.23638225546885586,0.46283649453114417
near_1e12,secondary_control,1,256,0.7,173,83,0,0.67578125,0.32421875,0.0,1.216009937590166,1.216009937590166e-10,0.000943216527166113,76.80000000000001,76.80000000000001,0.0,140.5315302629501,140.53153026295013,2.842170943040401e-14,41.970936977372546,0.1639489725678615,0.5118322774321384
near_1e12,secondary_control,1,256,0.75,169,87,0,0.66015625,0.33984375,0.0,1.3742963617037494,1.3742963617037494e-10,0.01587958848601745,64.0,64.00000000000001,1.4210854715202004e-14,150.87548116920294,150.87548116920294,0.0,27.148214993305917,0.10604771481760124,0.5541085351823988
near_1e12,secondary_control,1,256,0.8,164,92,0,0.640625,0.359375,0.0,1.5325827858173326,1.5325827858173327e-10,0.006580907831415628,51.19999999999999,51.2,1.4210854715202004e-14,163.6983252414043,163.69832524140426,2.842170943040401e-14,16.0138473996859,0.06255409140502305,0.5780709085949769
near_1e12,secondary_control,1,256,0.85,159,97,0,0.62109375,0.37890625,0.0,1.690869209930916,1.690869209930916e-10,0.0074861240589152445,38.400000000000006,38.400000000000006,0.0,179.00006247955395,179.000062479554,5.684341886080802e-14,8.237762487755724,0.032178759717795796,0.5889149902822042
near_1e12,secondary_control,1,256,0.9,156,100,0,0.609375,0.390625,0.0,1.8491556340444992,1.8491556340444993e-10,0.001628850466998344,25.599999999999994,25.599999999999994,0.0,196.78069288365225,196.78069288365228,2.842170943040401e-14,3.330408031378796,0.013009406372573421,0.5963655936274266
near_1e12,secondary_control,1,256,0.95,153,103,0,0.59765625,0.40234375,0.0,2.0074420581580825,2.0074420581580826e-10,0.0011137590436166578,12.800000000000011,12.800000000000011,0.0,217.04021645369897,217.04021645369892,5.684341886080802e-14,0.7548831395261355,0.002948762263773967,0.5947074877362261
near_1e12,secondary_control,1,512,0.1,512,0,0,1.0,0.0,0.0,0.9999454444848139,1e-10,0.6771811057891268,460.8,460.8,0.0,419.5071893239599,419.5071893239599,0.0,506.15733270789156,0.9885885404451007,0.011411459554899306
near_1e12,secondary_control,1,512,0.15,512,0,0,1.0,0.0,0.0,0.9999181667272209,1e-10,0.5157716586836905,435.2,435.20000000000005,5.684341886080802e-14,380.69117597890965,380.69117597890965,0.0,497.51360669965385,0.9717062630852614,0.028293736914738576
near_1e12,secondary_control,1,512,0.2,512,0,0,1.0,0.0,0.0,0.9998908889696277,1e-10,0.35436221157825376,409.6,409.6,0.0,346.82875729583947,346.82875729583947,0.0,483.7319757106906,0.9447890150599426,0.055210984940057384
near_1e12,secondary_control,1,512,0.25,512,0,0,1.0,0.0,0.0,0.9998636112120347,1e-10,0.19295276447281728,384.0,384.00000000000006,5.684341886080802e-14,317.91993327474916,317.91993327474916,0.0,463.8148935209019,0.9058884639080115,0.09411153609198852
near_1e12,secondary_control,1,512,0.3,512,0,0,1.0,0.0,0.0,0.9998363334544417,1e-10,0.03154331736738081,358.4,358.4,0.0,293.9647039156388,293.9647039156388,0.0,436.9591256672175,0.8534357923187842,0.1465642076812158
near_1e12,secondary_control,1,512,0.35,500,12,0,0.9765625,0.0234375,0.0,0.9998090556968486,1e-10,0.0021919616069472347,332.8,332.8,0.0,274.96306921850834,274.96306921850834,0.0,402.80260296332483,0.7867238339127438,0.1898386660872562
near_1e12,secondary_control,1,512,0.4,457,55,0,0.892578125,0.107421875,0.0,0.9997817779392556,1e-10,0.00046826630208318676,307.2,307.19999999999993,5.684341886080802e-14,260.9150291833578,260.9150291833578,0.0,361.69568420560506,0.7064368832140724,0.1861412417859276
near_1e12,secondary_control,1,512,0.45,420,92,0,0.8203125,0.1796875,0.0,0.9997545001816626,1e-10,0.001016094478314411,281.6,281.6,0.0,251.82058381018723,251.82058381018726,2.842170943040401e-14,314.9010251670779,0.615041064779449,0.20527143522055102
near_1e12,secondary_control,1,512,0.5,399,113,0,0.779296875,0.220703125,0.0,0.9997272224240695,1e-10,0.002052877062819647,256.0,256.0,0.0,247.67973309899656,247.67973309899656,0.0,264.5997683379509,0.5167964225350603,0.2625004524649397
near_1e12,secondary_control,1,512,0.55,380,132,0,0.7421875,0.2578125,0.0,0.9996999446664764,1e-10,0.0022962320716684026,230.39999999999998,230.39999999999998,0.0,248.49247704978586,248.49247704978586,0.0,213.624817259013,0.4172359712090098,0.3249515287909902
near_1e12,secondary_control,1,512,0.6,366,146,0,0.71484375,0.28515625,0.0,0.9996726669088833,1e-10,0.0033562842083970645,204.8,204.8,0.0,254.25881566255504,254.25881566255507,2.842170943040401e-14,164.96198918689845,0.32219138513066103,0.39265236486933897
near_1e12,secondary_control,1,512,0.65,356,156,0,0.6953125,0.3046875,0.0,1.0983228123706752,1.0983228123706752e-10,0.0021925698025115903,179.2,179.2,0.0,264.9787489373042,264.9787489373042,0.0,121.18949209620605,0.23669822675040245,0.4586142732495976
near_1e12,secondary_control,1,512,0.7,348,164,0,0.6796875,0.3203125,0.0,1.2597322594761113,1.2597322594761113e-10,0.0009421332827579398,153.60000000000002,153.60000000000002,0.0,280.65227687403325,280.6522768740333,5.684341886080802e-14,84.06473755632265,0.16418894053969268,0.5154985594603073
near_1e12,secondary_control,1,512,0.75,338,174,0,0.66015625,0.33984375,0.0,1.4211417065815484,1.4211417065815484e-10,0.001944710981021558,128.0,128.00000000000006,5.684341886080802e-14,301.2793994727423,301.2793994727423,0.0,54.381414821833225,0.10621370082389302,0.553942549176107
near_1e12,secondary_control,1,512,0.8,330,182,0,0.64453125,0.35546875,0.0,1.582551153686985,1.582551153686985e-10,0.005257931106677383,102.39999999999998,102.39999999999999,1.4210854715202004e-14,326.86011673343125,326.86011673343125,0.0,32.08026756152569,0.06265677258110486,0.5818744774188951
near_1e12,secondary_control,1,512,0.85,320,192,0,0.625,0.375,0.0,1.743960600792421,1.743960600792421e-10,0.0005162234019039369,76.80000000000001,76.80000000000001,0.0,357.3944286561,357.3944286561001,1.1368683772161603e-13,16.50344696804308,0.03223329485945914,0.5927667051405409
near_1e12,secondary_control,1,512,0.9,312,200,0,0.609375,0.390625,0.0,1.9053700478978577,1.9053700478978577e-10,0.0016288504669894621,51.19999999999999,51.20000000000002,2.842170943040401e-14,392.88233524074894,392.8823352407489,5.684341886080802e-14,6.672328493449935,0.013031891588769405,0.5963431084112306
near_1e12,secondary_control,1,512,0.95,307,205,0,0.599609375,0.400390625,0.0,2.0667794950032943,2.0667794950032942e-10,0.001113756590097159,25.600000000000023,25.60000000000008,5.684341886080802e-14,433.32383648737766,433.32383648737755,1.1368683772161603e-13,1.5124023762747498,0.0029539108911616208,0.5966554641088384
near_1e12,secondary_control,2,128,0.1,128,0,0,1.0,0.0,0.0,0.9997702655314659,1e-10,0.6994727801822398,115.2,115.2,0.0,104.87759709012519,104.87759709012518,1.4210854715202004e-14,126.53836823316715,0.9885810018216183,0.011418998178381656
near_1e12,secondary_control,2,128,0.15,128,0,0,1.0,0.0,0.0,0.9996553982971987,1e-10,0.5492091702733599,108.8,108.8,0.0,95.17459345278166,95.17459345278166,0.0,124.37605006290705,0.9716878911164614,0.028312108883538634
near_1e12,secondary_control,2,128,0.2,128,0,0,1.0,0.0,0.0,0.9995405310629316,1e-10,0.3989455603644797,102.4,102.4,0.0,86.71038836050073,86.71038836050073,0.0,120.92853230463203,0.9447541586299377,0.055245841370062276
near_1e12,secondary_control,2,128,0.25,128,0,0,1.0,0.0,0.0,0.9994256638286646,1e-10,0.2486819504555997,96.0,96.0,0.0,79.4849818132824,79.48498181328239,1.4210854715202004e-14,115.94643151141733,0.9058314961829479,0.09416850381705211
near_1e12,secondary_control,2,128,0.3,128,0,0,1.0,0.0,0.0,0.9993107965943975,1e-10,0.09841834054671972,89.6,89.60000000000001,1.4210854715202004e-14,73.49837381112667,73.49837381112664,2.842170943040401e-14,109.22908336217697,0.8533522137670075,0.14664778623299246
near_1e12,secondary_control,2,128,0.35,126,2,0,0.984375,0.015625,0.0,0.9991959293601305,1e-10,0.005822516388408583,83.2,83.2,0.0,68.75056435403351,68.75056435403351,0.0,100.68630076043705,0.7866117246909144,0.19776327530908555
near_1e12,secondary_control,2,128,0.4,114,14,0,0.890625,0.109375,0.0,0.9990810621258633,1e-10,0.012340627740351051,76.8,76.79999999999998,1.4210854715202004e-14,65.24155344200295,65.24155344200292,2.842170943040401e-14,90.40618576385205,0.7062983262800941,0.18432667371990585
near_1e12,secondary_control,2,128,0.45,104,24,0,0.8125,0.1875,0.0,0.9989661948915962,1e-10,0.008839676454398426,70.4,70.39999999999999,1.4210854715202004e-14,62.971341075034985,62.97134107503497,1.4210854715202004e-14,78.70500953909131,0.6148828870241508,0.19761711297584916
near_1e12,secondary_control,2,128,0.5,100,28,0,0.78125,0.21875,0.0,0.9988513276573292,1e-10,0.0015944415278570379,64.0,64.0,0.0,61.93992725312961,61.939927253129596,1.4210854715202004e-14,66.12858912896193,0.5166296025700151,0.2646203974299849
near_1e12,secondary_control,2,128,0.55,95,33,0,0.7421875,0.2578125,0.0,0.9987364604230621,1e-10,0.01897412960359146,57.599999999999994,57.599999999999994,0.0,62.14731197628683,62.147311976286815,1.4210854715202004e-14,53.38541434046153,0.4170735495348557,0.3251139504651443
near_1e12,secondary_control,2,128,0.6,92,36,0,0.71875,0.28125,0.0,0.998621593188795,1e-10,0.005698768975814339,51.2,51.2,0.0,63.59349524450664,63.59349524450662,2.1316282072803006e-14,41.221826067603146,0.3220455161531496,0.3967044838468504
near_1e12,secondary_control,2,128,0.65,89,39,0,0.6953125,0.3046875,0.0,0.9985067259545279,1e-10,0.003452169843119357,44.8,44.79999999999999,7.105427357601002e-15,66.27847705778905,66.27847705778902,2.842170943040401e-14,30.281926940627137,0.2365775542236495,0.4587349457763505
near_1e12,secondary_control,2,128,0.7,85,43,0,0.6640625,0.3359375,0.0,1.1036905387243205,1.1036905387243206e-10,0.02032569162198039,38.400000000000006,38.400000000000006,0.0,70.20225741613403,70.20225741613402,1.4210854715202004e-14,21.00445276651622,0.16409728723840797,0.499965212761592
near_1e12,secondary_control,2,128,0.75,84,44,0,0.65625,0.34375,0.0,1.253954148633201,1.253954148633201e-10,0.049651044690735446,32.0,31.999999999999996,3.552713678800501e-15,75.36483631954161,75.3648363195416,1.4210854715202004e-14,13.587238425866301,0.10615030020208048,0.5500996997979195
near_1e12,secondary_control,2,128,0.8,84,44,0,0.65625,0.34375,0.0,1.4042177585420812,1.4042177585420813e-10,0.014182221897830694,25.599999999999994,25.599999999999984,1.0658141036401503e-14,81.76621376801182,81.76621376801178,4.263256414560601e-14,8.015046432985091,0.06261755025769603,0.593632449742304
near_1e12,secondary_control,2,128,0.85,82,46,0,0.640625,0.359375,0.0,1.5544813684509609,1.5544813684509608e-10,0.0064083244372986625,19.200000000000003,19.199999999999992,1.0658141036401503e-14,89.40638976154457,89.40638976154455,2.842170943040401e-14,4.123195232278122,0.03221246275217283,0.6084125372478272
near_1e12,secondary_control,2,128,0.9,80,48,0,0.625,0.375,0.0,1.704744978359841,1.704744978359841e-10,0.002765664702772508,12.799999999999997,12.799999999999986,1.0658141036401503e-14,98.28536430013995,98.28536430013992,2.842170943040401e-14,1.6669826801442362,0.013023302188626846,0.6119766978113732
near_1e12,secondary_control,2,128,0.95,79,49,0,0.6171875,0.3828125,0.0,1.855008588268721,1.8550085882687212e-10,0.018129923856916474,6.400000000000006,6.3999999999999995,6.217248937900877e-15,108.40313738379791,108.40313738379785,5.684341886080802e-14,0.37784884264910595,0.0029519440831961403,0.6142355559168039
near_1e12,secondary_control,2,256,0.1,256,0,0,1.0,0.0,0.0,0.9997955508468942,1e-10,0.6879541506174094,230.4,230.39999999999998,2.842170943040401e-14,209.7689739740128,209.76897397401277,2.842170943040401e-14,253.06011177123042,0.9885160616063688,0.011483938393631155
near_1e12,secondary_control,2,256,0.15,256,0,0,1.0,0.0,0.0,0.9996933262703412,1e-10,0.531931225926114,217.6,217.60000000000002,2.842170943040401e-14,190.38019144152872,190.38019144152872,0.0,248.71158938057104,0.9715296460178556,0.02847035398214437
near_1e12,secondary_control,2,256,0.2,256,0,0,1.0,0.0,0.0,0.9995911016937883,1e-10,0.37590830123481866,204.8,204.79999999999998,2.842170943040401e-14,173.4758958960511,173.4758958960511,0.0,241.78021841796854,0.9444539781951896,0.055546021804810386
near_1e12,secondary_control,2,256,0.25,256,0,0,1.0,0.0,0.0,0.9994888771172353,1e-10,0.21988537654352336,192.0,192.0,0.0,159.0560873375798,159.05608733757984,2.842170943040401e-14,231.76730056083952,0.9053410178157794,0.09465898218422064
near_1e12,secondary_control,2,256,0.3,256,0,0,1.0,0.0,0.0,0.9993866525406825,1e-10,0.06386245185222805,179.2,179.20000000000002,2.842170943040401e-14,147.12076576611494,147.12076576611497,2.842170943040401e-14,218.27401341188659,0.852632864890182,0.14736713510981803
near_1e12,secondary_control,2,256,0.35,251,5,0,0.98046875,0.01953125,0.0,0.9992844279641295,1e-10,0.0008503115466980127,166.4,166.4,0.0,137.66993118165647,137.66993118165647,0.0,201.12569071792606,0.7856472293668987,0.19482152063310132
near_1e12,secondary_control,2,256,0.4,224,32,0,0.875,0.125,0.0,0.9991822033875766,1e-10,0.0016699817923073734,153.6,153.59999999999997,2.842170943040401e-14,130.70358358420435,130.70358358420435,0.0,180.50736906383668,0.705106910405612,0.16989308959438798
near_1e12,secondary_control,2,256,0.45,210,46,0,0.8203125,0.1796875,0.0,0.9990799788110236,1e-10,0.008834926740611482,140.8,140.79999999999998,2.842170943040401e-14,126.22172297375863,126.22172297375863,0.0,157.0620296802756,0.6135235534385766,0.20678894656142344
near_1e12,secondary_control,2,256,0.5,202,54,0,0.7890625,0.2109375,0.0,0.9989777542344708,1e-10,0.0016475728894259634,128.0,128.0,0.0,124.2243493503193,124.22434935031932,1.4210854715202004e-14,131.89040703925318,0.5151969024970827,0.2738655975029173
near_1e12,secondary_control,2,256,0.55,190,66,0,0.7421875,0.2578125,0.0,0.9988755296579178,1e-10,0.0007655284366232529,115.19999999999999,115.19999999999997,1.4210854715202004e-14,124.71146271388636,124.71146271388636,0.0,106.41395515059014,0.41567951230699274,0.32650798769300726
near_1e12,secondary_control,2,256,0.6,185,71,0,0.72265625,0.27734375,0.0,0.9987733050813649,1e-10,0.0017802412898768605,102.4,102.39999999999999,1.4210854715202004e-14,127.68306306445979,127.68306306445979,0.0,82.1233431305321,0.32079430910364104,0.40186194089635896
near_1e12,secondary_control,2,256,0.65,176,80,0,0.6875,0.3125,0.0,1.0282980209868393,1.0282980209868394e-10,0.0034657416965556687,89.6,89.6,0.0,133.13915040203963,133.13915040203966,2.842170943040401e-14,60.299017800229336,0.23554303828214584,0.45195696171785416
near_1e12,secondary_control,2,256,0.7,170,86,0,0.6640625,0.3359375,0.0,1.1843209456781345,1.1843209456781346e-10,0.006762876174105981,76.80000000000001,76.8,1.4210854715202004e-14,141.0797247266258,141.07972472662584,2.842170943040401e-14,41.807850216813144,0.16331191490942634,0.5007505850905737
near_1e12,secondary_control,2,256,0.75,168,88,0,0.65625,0.34375,0.0,1.3403438703694297,1.3403438703694298e-10,0.011674014073507433,64.0,64.0,0.0,151.5047860382184,151.50478603821847,5.684341886080802e-14,27.03544955316955,0.10560722481706855,0.5506427751829315
near_1e12,secondary_control,2,256,0.8,166,90,0,0.6484375,0.3515625,0.0,1.4963667950607253,1.4963667950607255e-10,0.014182226505307205,51.19999999999999,51.19999999999998,7.105427357601002e-15,164.41433433681743,164.41433433681743,0.0,15.944108587452874,0.06228167416973779,0.5861558258302622
near_1e12,secondary_control,2,256,0.85,162,94,0,0.6328125,0.3671875,0.0,1.6523897197520205,1.6523897197520205e-10,0.006604310926522916,38.400000000000006,38.39999999999999,1.4210854715202004e-14,179.80836962242273,179.8083696224228,5.684341886080802e-14,8.200730606124786,0.032034103930174945,0.6007783960698251
near_1e12,secondary_control,2,256,0.9,160,96,0,0.625,0.375,0.0,1.8084126444433162,1.8084126444433162e-10,0.0052419583780561885,25.599999999999994,25.599999999999966,2.842170943040401e-14,197.68689189503453,197.6868918950346,5.684341886080802e-14,3.3151414022330576,0.012949771102472881,0.6120502288975271
near_1e12,secondary_control,2,256,0.95,157,99,0,0.61328125,0.38671875,0.0,1.964435569134611,1.964435569134611e-10,0.0028364971939758288,12.800000000000011,12.800000000000011,0.0,218.04990115465267,218.04990115465267,0.0,0.7513876371069583,0.002935107957449056,0.610346142042551
near_1e12,secondary_control,2,512,0.1,512,0,0,1.0,0.0,0.0,0.9998037516060899,1e-10,0.687954150614388,460.8,460.79999999999995,5.684341886080802e-14,419.5651904451551,419.5651904451551,0.0,506.08736100035526,0.9884518769538189,0.011548123046181136
near_1e12,secondary_control,2,512,0.15,512,0,0,1.0,0.0,0.0,0.9997056274091348,1e-10,0.5319312259215822,435.2,435.20000000000005,5.684341886080802e-14,380.8216785015989,380.82167850159897,5.684341886080802e-14,497.34311540566557,0.9713732722766906,0.02862672772330943
near_1e12,secondary_control,2,512,0.2,512,0,0,1.0,0.0,0.0,0.9996075032121798,1e-10,0.37590830122877605,409.6,409.6,0.0,347.0607617806204,347.0607617806204,0.0,483.40860873823016,0.9441574389418558,0.055842561058144224
near_1e12,secondary_control,2,512,0.25,512,0,0,1.0,0.0,0.0,0.9995093790152247,1e-10,0.21988537653597018,384.0,384.0,0.0,318.28244028221934,318.28244028221934,0.0,463.28663268149995,0.9048567044560546,0.0951432955439454
near_1e12,secondary_control,2,512,0.3,512,0,0,1.0,0.0,0.0,0.9994112548182698,1e-10,0.0638624518431643,358.4,358.4,0.0,294.48671400639586,294.48671400639586,0.0,436.1845675564508,0.851922983508693,0.148077016491307
near_1e12,secondary_control,2,512,0.35,500,12,0,0.9765625,0.0234375,0.0,0.9993131306213147,1e-10,0.0008503115466914624,332.8,332.80000000000007,5.684341886080802e-14,275.6735829531499,275.6735829531499,0.0,401.7644302857366,0.7846961529018293,0.19186634709817074
near_1e12,secondary_control,2,512,0.4,452,60,0,0.8828125,0.1171875,0.0,0.9992150064243596,1e-10,0.0012266064333097404,307.2,307.2,0.0,261.8430471224815,261.8430471224815,0.0,360.4137709100826,0.703933146308755,0.17887935369124497
near_1e12,secondary_control,2,512,0.45,417,95,0,0.814453125,0.185546875,0.0,0.9991168822274046,1e-10,0.005549037666997103,281.6,281.6000000000001,5.684341886080802e-14,252.9951065143906,252.9951065143906,0.0,313.43910596740903,0.6121857538425958,0.20226737115740423
near_1e12,secondary_control,2,512,0.5,400,112,0,0.78125,0.21875,0.0,0.9990187580304495,1e-10,0.001647572889423743,256.0,256.00000000000006,5.684341886080802e-14,249.1297611288773,249.1297611288773,0.0,263.05969910233875,0.5137884748092554,0.2674615251907446
near_1e12,secondary_control,2,512,0.55,378,134,0,0.73828125,0.26171875,0.0,0.9989206338334945,1e-10,0.0007655284170691168,230.39999999999998,230.4,2.842170943040401e-14,250.2470109659415,250.24701096594157,5.684341886080802e-14,212.12704917072801,0.41431064291157815,0.32397060708842185
near_1e12,secondary_control,2,512,0.6,366,146,0,0.71484375,0.28515625,0.0,0.9988225096365394,1e-10,0.00022994534487863483,204.8,204.80000000000004,2.842170943040401e-14,256.34685602558335,256.34685602558335,0.0,163.61831250941538,0.3195670166199519,0.3952767333800481
near_1e12,secondary_control,2,512,0.65,356,156,0,0.6953125,0.3046875,0.0,1.0282980210064778,1.0282980210064778e-10,0.003465741696552893,179.2,179.20000000000005,5.684341886080802e-14,267.42929630780264,267.42929630780264,0.0,120.07899075888591,0.23452927882594904,0.46078322117405096
near_1e12,secondary_control,2,512,0.7,340,172,0,0.6640625,0.3359375,0.0,1.1843209456992834,1.1843209456992835e-10,0.006763600561705441,153.60000000000002,153.60000000000005,2.842170943040401e-14,283.4943318125995,283.4943318125995,0.0,83.22198136785269,0.1625429323590873,0.5015195676409128
near_1e12,secondary_control,2,512,0.75,337,175,0,0.658203125,0.341796875,0.0,1.3403438703920894,1.3403438703920894e-10,0.015847426986019153,128.0,128.00000000000006,5.684341886080802e-14,304.54196253997395,304.54196253997395,0.0,53.798825827982405,0.10507583169527814,0.5531272933047219
near_1e12,secondary_control,2,512,0.8,333,179,0,0.650390625,0.349609375,0.0,1.4963667950848958,1.4963667950848957e-10,0.0031064389675451443,102.39999999999998,102.4,2.842170943040401e-14,330.572188489926,330.5721884899259,1.1368683772161603e-13,31.72003079841528,0.061953185153154844,0.5884374398468452
near_1e12,secondary_control,2,512,0.85,322,190,0,0.62890625,0.37109375,0.0,1.6523897197777013,1.6523897197777013e-10,0.0025259646652799894,76.80000000000001,76.80000000000007,5.684341886080802e-14,361.5850096624554,361.5850096624554,0.0,16.31218065568064,0.03185972784312625,0.5970465221568737
near_1e12,secondary_control,2,512,0.9,318,194,0,0.62109375,0.37890625,0.0,1.8084126444705073,1.8084126444705074e-10,0.005202597185644531,51.19999999999999,51.200000000000074,8.526512829121202e-14,397.5804260575625,397.5804260575625,0.0,6.593483552483697,0.01287789756344472,0.6082158524365553
near_1e12,secondary_control,2,512,0.95,310,202,0,0.60546875,0.39453125,0.0,1.9644355691633133,1.9644355691633133e-10,0.0027861597306862995,25.600000000000023,25.60000000000008,5.684341886080802e-14,438.5584376752471,438.558437675247,1.1368683772161603e-13,1.4943504529840919,0.0029186532284845544,0.6025500967715155
near_1e12,secondary_control,3,128,0.1,128,0,0,1.0,0.0,0.0,0.9997397334981919,1e-10,0.6917773050843947,115.2,115.19999999999999,1.4210854715202004e-14,104.90652469005045,104.90652469005043,1.4210854715202004e-14,126.50347572955731,0.9883084041371665,0.011691595862833526
near_1e12,secondary_control,3,128,0.15,128,0,0,1.0,0.0,0.0,0.9996096002472878,1e-10,0.5376659576265921,108.8,108.8,0.0,95.23968055261348,95.23968055261346,1.4210854715202004e-14,124.29105107571853,0.971023836529051,0.028976163470949
near_1e12,secondary_control,3,128,0.2,128,0,0,1.0,0.0,0.0,0.9994794669963838,1e-10,0.38355461016878933,102.4,102.4,0.0,86.82609876020175,86.82609876020175,0.0,120.76737466875953,0.9434951145996838,0.056504885400316174
near_1e12,secondary_control,3,128,0.25,128,0,0,1.0,0.0,0.0,0.9993493337454796,1e-10,0.2294432627109867,96.0,96.0,0.0,79.66577931281523,79.66577931281523,0.0,115.68329688726828,0.9037757569317835,0.09622424306821653
near_1e12,secondary_control,3,128,0.3,128,0,0,1.0,0.0,0.0,0.9992192004945756,1e-10,0.07533191525318406,89.6,89.6,0.0,73.75872221045393,73.75872221045393,0.0,108.84353415306532,0.8503401105708228,0.14965988942917718
near_1e12,secondary_control,3,128,0.35,126,2,0,0.984375,0.015625,0.0,0.9990890672436715,1e-10,0.01701746271790905,83.2,83.2,0.0,69.10492745311785,69.10492745311784,1.4210854715202004e-14,100.1699915638604,0.7825780590926594,0.20179694090734057
near_1e12,secondary_control,3,128,0.4,113,15,0,0.8828125,0.1171875,0.0,0.9989589339927675,1e-10,0.006191588051638552,76.8,76.8,0.0,65.70439504080699,65.70439504080699,0.0,89.76933729222807,0.7013229475955318,0.18148955240446818
near_1e12,secondary_control,3,128,0.45,101,27,0,0.7890625,0.2109375,0.0,0.9988288007418634,1e-10,0.0012496864019513332,70.4,70.39999999999999,1.4210854715202004e-14,63.55712497352133,63.557124973521326,7.105427357601002e-15,77.97961286110404,0.6092157254773753,0.17984677452262465
near_1e12,secondary_control,3,128,0.5,100,28,0,0.78125,0.21875,0.0,0.9986986674909594,1e-10,0.017229444295912,64.0,64.0,0.0,62.66311725126091,62.6631172512609,7.105427357601002e-15,65.36540439851132,0.5106672218633697,0.27058277813663034
near_1e12,secondary_control,3,128,0.55,96,32,0,0.75,0.25,0.0,0.9985685342400553,1e-10,0.006298633934845754,57.599999999999994,57.59999999999999,7.105427357601002e-15,63.022371874025694,63.0223718740257,7.105427357601002e-15,52.644162721006616,0.4112825212578642,0.3387174787421358
near_1e12,secondary_control,3,128,0.6,92,36,0,0.71875,0.28125,0.0,0.9984384009891513,1e-10,0.004875557302259637,51.2,51.2,0.0,64.63488884181571,64.6348888418157,1.4210854715202004e-14,40.55766238595359,0.31685673739026243,0.40189326260973757
near_1e12,secondary_control,3,128,0.65,88,40,0,0.6875,0.3125,0.0,1.0034475169514345,1.0034475169514345e-10,0.0013021099163981198,44.8,44.79999999999998,1.4210854715202004e-14,67.50066815463094,67.50066815463093,1.4210854715202004e-14,29.733631604982936,0.23229399691392918,0.45520600308607084
near_1e12,secondary_control,3,128,0.7,83,45,0,0.6484375,0.3515625,0.0,1.157558864409237,1.157558864409237e-10,0.007942114636582343,38.400000000000006,38.39999999999999,1.4210854715202004e-14,71.61970981247137,71.61970981247137,0.0,20.58874580560267,0.16084957660627086,0.48758792339372914
near_1e12,secondary_control,3,128,0.75,83,45,0,0.6484375,0.3515625,0.0,1.3116702118670398,1.3116702118670397e-10,0.01743571691657353,32.0,31.999999999999993,7.105427357601002e-15,76.99201381533703,76.99201381533703,0.0,13.300080738971609,0.10390688077321569,0.5445306192267843
near_1e12,secondary_control,3,128,0.8,80,48,0,0.625,0.375,0.0,1.4657815593248427,1.4657815593248427e-10,0.0065361989478713856,25.599999999999994,25.59999999999999,3.552713678800501e-15,83.61758016322793,83.61758016322793,0.0,7.837586291312027,0.06123114290087521,0.5637688570991248
near_1e12,secondary_control,3,128,0.85,80,48,0,0.625,0.375,0.0,1.619892906782645,1.6198929067826452e-10,0.00728528956242358,19.200000000000003,19.199999999999996,7.105427357601002e-15,91.496408856144,91.49640885614401,1.4210854715202004e-14,4.029010587504013,0.0314766452148751,0.5935233547851249
near_1e12,secondary_control,3,128,0.9,78,50,0,0.609375,0.390625,0.0,1.774004254240448,1.774004254240448e-10,0.018066872139577583,12.799999999999997,12.799999999999988,8.881784197001252e-15,100.62849989408534,100.62849989408534,0.0,1.628166972303539,0.012720054471121399,0.5966549455288787
near_1e12,secondary_control,3,128,0.95,76,52,0,0.59375,0.40625,0.0,1.9281156016982504,1.9281156016982504e-10,0.0019084112219298621,6.400000000000006,6.399999999999999,7.105427357601002e-15,111.01385327705188,111.01385327705188,0.0,0.3689629608457801,0.002882523131607657,0.5908674768683924
near_1e12,secondary_control,3,256,0.1,256,0,0,1.0,0.0,0.0,0.9997397334981919,1e-10,0.6917751173762241,230.4,230.39999999999998,2.842170943040401e-14,209.77203938447173,209.7720393844717,2.842170943040401e-14,253.05641378976617,0.9885016163662741,0.011498383633725906
near_1e12,secondary_control,3,256,0.15,256,0,0,1.0,0.0,0.0,0.9996096002472878,1e-10,0.5376626760643364,217.6,217.6,0.0,190.38708861506134,190.38708861506134,0.0,248.7025792790772,0.9714944503088954,0.028505549691104637
near_1e12,secondary_control,3,256,0.2,256,0,0,1.0,0.0,0.0,0.9994794669963838,1e-10,0.3835502347524483,204.8,204.8,0.0,173.48815753788682,173.48815753788685,2.842170943040401e-14,241.76313009053874,0.9443872269161669,0.055612773083833056
near_1e12,secondary_control,3,256,0.25,256,0,0,1.0,0.0,0.0,0.9993493337454797,1e-10,0.22943779344056048,192.0,192.0,0.0,159.07524615294818,159.07524615294818,0.0,231.73938680915748,0.9052319797232714,0.09476802027672859
near_1e12,secondary_control,3,256,0.3,256,0,0,1.0,0.0,0.0,0.9992192004945757,1e-10,0.07532535212867264,179.2,179.2,0.0,147.14835446024537,147.14835446024537,0.0,218.2330894408729,0.8524730056284098,0.14752699437159023
near_1e12,secondary_control,3,256,0.35,250,6,0,0.9765625,0.0234375,0.0,0.9990890672436716,1e-10,0.01007082349102073,166.4,166.40000000000003,2.842170943040401e-14,137.70748245977842,137.70748245977842,0.0,201.070846009311,0.7854329922238711,0.19112950777612892
near_1e12,secondary_control,3,256,0.4,227,29,0,0.88671875,0.11328125,0.0,0.9989589339927676,1e-10,0.00606864042134625,153.6,153.6,0.0,130.75263015154735,130.75263015154732,2.842170943040401e-14,180.43965901607368,0.7048424180315378,0.1818763319684622
near_1e12,secondary_control,3,256,0.45,206,50,0,0.8046875,0.1953125,0.0,0.9988288007418635,1e-10,0.0012496999735585046,140.8,140.79999999999998,2.842170943040401e-14,126.28379753555208,126.28379753555208,0.0,156.98482613669316,0.6132219770964576,0.19146552290354235
near_1e12,secondary_control,3,256,0.5,201,55,0,0.78515625,0.21484375,0.0,0.9986986674909595,1e-10,0.0052463068968074955,128.0,127.99999999999999,1.4210854715202004e-14,124.3009846117927,124.3009846117927,0.0,131.80909267267072,0.51487926825262,0.27027698174738
near_1e12,secondary_control,3,256,0.55,193,63,0,0.75390625,0.24609375,0.0,0.9985685342400554,1e-10,0.002302463682785527,115.19999999999999,115.19999999999999,0.0,124.80419138026917,124.80419138026917,0.0,106.33489030479846,0.415370665253119,0.338535584746881
near_1e12,secondary_control,3,256,0.6,183,73,0,0.71484375,0.28515625,0.0,0.9984384009891514,1e-10,0.004875471620970906,102.4,102.39999999999999,1.4210854715202004e-14,127.7934178409815,127.79341784098146,4.263256414560601e-14,82.05242630765112,0.3205172902642622,0.3943264597357378
near_1e12,secondary_control,3,256,0.65,176,80,0,0.6875,0.3125,0.0,1.003461737054543,1.0034617370545429e-10,0.0012672393395924963,89.6,89.59999999999998,1.4210854715202004e-14,133.26866399392966,133.26866399392964,2.842170943040401e-14,60.24041781018889,0.23531413207105034,0.45218586792894966
near_1e12,secondary_control,3,256,0.7,169,87,0,0.66015625,0.33984375,0.0,1.1575741783664304,1.1575741783664304e-10,0.005934611192197181,76.80000000000001,76.80000000000001,0.0,141.22992983911368,141.22992983911368,0.0,41.76338547161468,0.16313822449849485,0.49701802550150515
near_1e12,secondary_control,3,256,0.75,167,89,0,0.65234375,0.34765625,0.0,1.3116866196783183,1.3116866196783184e-10,0.008251994452098455,64.0,63.999999999999986,1.4210854715202004e-14,151.67721537653358,151.67721537653358,0.0,27.004715176447682,0.10548716865799876,0.5468565813420012
near_1e12,secondary_control,3,256,0.8,164,92,0,0.640625,0.359375,0.0,1.4657990609902067,1.465799060990207e-10,0.0038230807460264415,51.19999999999999,51.19999999999999,0.0,164.61052060618937,164.61052060618934,2.842170943040401e-14,15.925106064584261,0.06220744556478227,0.5784175544352177
near_1e12,secondary_control,3,256,0.85,161,95,0,0.62890625,0.37109375,0.0,1.6199115023020942,1.6199115023020944e-10,0.00607189252590401,38.400000000000006,38.39999999999998,2.842170943040401e-14,180.0298455280809,180.0298455280809,0.0,8.190641922036198,0.0319946950079539,0.5969115549920461
near_1e12,secondary_control,3,256,0.9,158,98,0,0.6171875,0.3828125,0.0,1.7740239436139822,1.7740239436139824e-10,0.0080506862425197,25.599999999999994,25.59999999999998,1.4210854715202004e-14,197.93519014220834,197.93519014220834,0.0,3.3109827490965618,0.012933526363658444,0.6042539736363416
near_1e12,secondary_control,3,256,0.95,152,104,0,0.59375,0.40625,0.0,1.9281363849258701,1.92813638492587e-10,0.001908411754110384,12.800000000000011,12.799999999999997,1.4210854715202004e-14,218.32655444857164,218.32655444857164,0.0,0.7504355135077898,0.002931388724639804,0.5908186112753602
near_1e12,secondary_control,3,512,0.1,512,0,0,1.0,0.0,0.0,0.9999363691201266,1e-10,0.6901960240554404,460.8,460.8,0.0,419.5290293580925,419.52902935809243,5.684341886080802e-14,506.13098293791325,0.9885370760506118,0.011462923949388193
near_1e12,secondary_control,3,512,0.15,512,0,0,1.0,0.0,0.0,0.9999045536801899,1e-10,0.5352940360831607,435.2,435.20000000000005,5.684341886080802e-14,380.740316055708,380.74031605570804,5.684341886080802e-14,497.4493953308797,0.9715808502556245,0.028419149744375538
near_1e12,secondary_control,3,512,0.2,512,0,0,1.0,0.0,0.0,0.9998727382402532,1e-10,0.3803920481108809,409.6,409.6,0.0,346.9161174323698,346.9161174323698,0.0,483.610162715218,0.9445510990531601,0.05544890094683985
near_1e12,secondary_control,3,512,0.25,512,0,0,1.0,0.0,0.0,0.9998409228003167,1e-10,0.22549006013860118,384.0,384.0,0.0,318.05643348807774,318.0564334880778,5.684341886080802e-14,463.61583817963344,0.9054996839445966,0.09450031605540343
near_1e12,secondary_control,3,512,0.3,512,0,0,1.0,0.0,0.0,0.99980910736038,1e-10,0.07058807216632146,358.4,358.4,0.0,294.16126422283196,294.16126422283196,0.0,436.6671469792725,0.8528655214438916,0.1471344785561084
near_1e12,secondary_control,3,512,0.35,500,12,0,0.9765625,0.0234375,0.0,0.9997772919204433,1e-10,0.0014226088379901691,332.8,332.80000000000007,5.684341886080802e-14,275.2306096366324,275.23060963663244,5.684341886080802e-14,402.41105502844744,0.7859590918524364,0.1906034081475636
near_1e12,secondary_control,3,512,0.4,455,57,0,0.888671875,0.111328125,0.0,0.9997454764805066,1e-10,0.0037877287614696,307.2,307.2,0.0,261.26446972947906,261.26446972947906,0.0,361.2119171723403,0.7054920257272271,0.18317984927277287
near_1e12,secondary_control,3,512,0.45,414,98,0,0.80859375,0.19140625,0.0,0.9997136610405699,1e-10,0.0009840556758111685,281.6,281.6,0.0,252.26284450137194,252.26284450137197,2.842170943040401e-14,314.3489488384356,0.6139627907000695,0.19463095929993046
near_1e12,secondary_control,3,512,0.5,404,108,0,0.7890625,0.2109375,0.0,0.9996818456006332,1e-10,0.0014270390953056156,256.0,256.0,0.0,248.22573395231103,248.2257339523111,5.684341886080802e-14,264.01775092581954,0.5156596697769913,0.2734028302230087
near_1e12,secondary_control,3,512,0.55,384,128,0,0.75,0.25,0.0,0.9996500301606965,1e-10,0.00020781213367082607,230.39999999999998,230.40000000000003,5.684341886080802e-14,249.15313808229632,249.15313808229638,5.684341886080802e-14,213.05836405907948,0.4161296173028896,0.3338703826971104
near_1e12,secondary_control,3,512,0.6,365,147,0,0.712890625,0.287109375,0.0,0.9996182147207598,1e-10,0.004517842806775141,204.8,204.80000000000007,5.684341886080802e-14,255.04505689132787,255.0450568913279,2.842170943040401e-14,164.45345191642556,0.3211981482742687,0.3916924767257313
near_1e12,secondary_control,3,512,0.65,353,159,0,0.689453125,0.310546875,0.0,1.0137258436396368,1.0137258436396368e-10,0.00023144272917019482,179.2,179.20000000000002,2.842170943040401e-14,265.9014903794057,265.9014903794057,0.0,120.76893572194565,0.2358768275819251,0.4535762974180749
near_1e12,secondary_control,3,512,0.7,340,172,0,0.6640625,0.3359375,0.0,1.1686278316119165,1.1686278316119166e-10,0.0005210492754514906,153.60000000000002,153.60000000000008,5.684341886080802e-14,281.7224385465296,281.72243854652965,5.684341886080802e-14,83.74540601636659,0.163565246125716,0.500497253874284
near_1e12,secondary_control,3,512,0.75,335,177,0,0.654296875,0.345703125,0.0,1.3235298195841967,1.3235298195841966e-10,0.007025028543599987,128.0,128.00000000000003,2.842170943040401e-14,302.50790139269986,302.50790139269986,0.0,54.160568780420554,0.1057823608992589,0.5485145141007411
near_1e12,secondary_control,3,512,0.8,330,182,0,0.64453125,0.35546875,0.0,1.4784318075564764,1.4784318075564764e-10,0.0004126001651829636,102.39999999999998,102.4,2.842170943040401e-14,328.2578789179163,328.2578789179163,0.0,31.94366585979814,0.062389972382418245,0.5821412776175817
near_1e12,secondary_control,3,512,0.85,325,187,0,0.634765625,0.365234375,0.0,1.6333337955287561,1.6333337955287562e-10,0.006071891960171882,76.80000000000001,76.80000000000007,5.684341886080802e-14,358.97237112217886,358.97237112217886,0.0,16.43090241614303,0.03209160628152936,0.6026740187184706
near_1e12,secondary_control,3,512,0.9,319,193,0,0.623046875,0.376953125,0.0,1.7882357835010358,1.788235783501036e-10,5.69319409574609e-05,51.19999999999999,51.20000000000002,2.842170943040401e-14,394.6513780054878,394.6513780054878,0.0,6.642419477282419,0.012973475541567225,0.6100733994584328
near_1e12,secondary_control,3,512,0.95,307,205,0,0.599609375,0.400390625,0.0,1.9431377714733156,1.9431377714733157e-10,0.0019084117541039447,25.600000000000023,25.60000000000008,5.684341886080802e-14,435.2948995678429,435.2948995678428,1.1368683772161603e-13,1.5055540523232342,0.002940535258443817,0.5966688397415562
near_1e12,secondary_control,4,128,0.1,128,0,0,1.0,0.0,0.0,0.9998399710897633,1e-10,0.6873048998561171,115.2,115.19999999999999,1.4210854715202004e-14,104.89045166842315,104.89045166842314,1.4210854715202004e-14,126.52286065038648,0.9884598488311443,0.01154015116885565
near_1e12,secondary_control,4,128,0.15,128,0,0,1.0,0.0,0.0,0.9997599566346449,1e-10,0.5309573497841755,108.8,108.79999999999998,1.4210854715202004e-14,95.20351625395207,95.20351625395209,1.4210854715202004e-14,124.3382646542596,0.9713926926114032,0.028607307388596848
near_1e12,secondary_control,4,128,0.2,128,0,0,1.0,0.0,0.0,0.9996799421795265,1e-10,0.37460979971223407,102.4,102.4,0.0,86.76180667369259,86.7618066736926,1.4210854715202004e-14,120.85686550346391,0.9441942617458118,0.05580573825418822
near_1e12,secondary_control,4,128,0.25,128,0,0,1.0,0.0,0.0,0.9995999277244081,1e-10,0.21826224964029262,96.0,96.0,0.0,79.56532292764469,79.56532292764467,1.4210854715202004e-14,115.82935455915725,0.904916832493416,0.09508316750658397
near_1e12,secondary_control,4,128,0.3,128,0,0,1.0,0.0,0.0,0.9995199132692898,1e-10,0.06191469956835116,89.6,89.60000000000001,1.4210854715202004e-14,73.61406501580834,73.61406501580834,0.0,109.05741991392517,0.8520110930775404,0.14798890692245958
near_1e12,secondary_control,4,128,0.35,122,6,0,0.953125,0.046875,0.0,0.9994398988141714,1e-10,0.0025201595716057845,83.2,83.19999999999999,1.4210854715202004e-14,68.90803293818358,68.90803293818357,1.4210854715202004e-14,100.45621250297253,0.7848141601794729,0.16831083982052708
near_1e12,secondary_control,4,128,0.4,114,14,0,0.890625,0.109375,0.0,0.999359884359053,1e-10,0.004765099352324831,76.8,76.79999999999998,1.4210854715202004e-14,65.4472266947704,65.44722669477038,1.4210854715202004e-14,90.12207694464925,0.7040787261300723,0.18654627386992773
near_1e12,secondary_control,4,128,0.45,105,23,0,0.8203125,0.1796875,0.0,0.9992798699039347,1e-10,0.003467642946051841,70.4,70.4,0.0,63.231646285568765,63.23164628556877,7.105427357601002e-15,78.38100525829795,0.6123516035804527,0.2079608964195473
near_1e12,secondary_control,4,128,0.5,100,28,0,0.78125,0.21875,0.0,0.9991998554488163,1e-10,0.01519162572858046,64.0,64.0,0.0,62.261291710578725,62.26129171057872,7.105427357601002e-15,65.78726344195096,0.5139629956402418,0.26728700435975816
near_1e12,secondary_control,4,128,0.55,97,31,0,0.7578125,0.2421875,0.0,0.9991198409936979,1e-10,0.0021396806852415073,57.599999999999994,57.599999999999994,0.0,62.53616296980026,62.53616296980025,7.105427357601002e-15,53.05346286759231,0.4144801786530649,0.3433323213469351
near_1e12,secondary_control,4,128,0.6,93,35,0,0.7265625,0.2734375,0.0,0.9990398265385795,1e-10,0.004292937449208445,51.2,51.20000000000001,7.105427357601002e-15,64.05626006323337,64.05626006323337,0.0,40.92402518367817,0.3197189467474857,0.4068435532525143
near_1e12,secondary_control,4,128,0.65,90,38,0,0.703125,0.296875,0.0,1.0325181509352395,1.0325181509352395e-10,0.01118899900899828,44.8,44.800000000000004,7.105427357601002e-15,66.82158299087806,66.82158299087806,0.0,30.035804453689533,0.23465472229444947,0.4684702777055505
near_1e12,secondary_control,4,128,0.7,87,41,0,0.6796875,0.3203125,0.0,1.1888657010071806,1.1888657010071807e-10,0.014866677283267293,38.400000000000006,38.400000000000006,0.0,70.8321317527343,70.83213175273428,1.4210854715202004e-14,20.817670787425914,0.16263805302676496,0.5170494469732351
near_1e12,secondary_control,4,128,0.75,85,43,0,0.6640625,0.3359375,0.0,1.3452132510791222,1.3452132510791223e-10,0.011239340180647872,32.0,32.00000000000001,7.105427357601002e-15,76.08790634880214,76.08790634880211,2.842170943040401e-14,13.458117710661925,0.10514154461454629,0.5589209553854537
near_1e12,secondary_control,4,128,0.8,82,46,0,0.640625,0.359375,0.0,1.5015608011510637,1.5015608011510638e-10,0.010820842929215813,25.599999999999994,25.6,7.105427357601002e-15,82.58890677908155,82.58890677908153,2.842170943040401e-14,7.935206137950622,0.06199379795273923,0.5786312020472608
near_1e12,secondary_control,4,128,0.85,81,47,0,0.6328125,0.3671875,0.0,1.6579083512230048,1.657908351223005e-10,0.021529430647100334,19.200000000000003,19.20000000000001,7.105427357601002e-15,90.33513304357251,90.33513304357248,2.842170943040401e-14,4.080804307026251,0.03188128364864259,0.6009312163513574
near_1e12,secondary_control,4,128,0.9,80,48,0,0.625,0.375,0.0,1.8142559012949468,1.814255901294947e-10,0.016547257879266364,12.799999999999997,12.800000000000008,1.0658141036401503e-14,99.32658514227506,99.32658514227505,1.4210854715202004e-14,1.6495080321679847,0.01288678150131238,0.6121132184986876
near_1e12,secondary_control,4,128,0.95,78,50,0,0.609375,0.390625,0.0,1.970603451366888,1.970603451366888e-10,0.00016078076037617794,6.400000000000006,6.400000000000019,1.3322676295501878e-14,109.56326307518921,109.56326307518916,5.684341886080802e-14,0.37384793817149037,0.0029206870169647685,0.6064543129830352
near_1e12,secondary_control,4,256,0.1,256,0,0,1.0,0.0,0.0,0.999897844762608,1e-10,0.6873048997042778,230.4,230.39999999999998,2.842170943040401e-14,209.79526764581726,209.79526764581726,0.0,253.02839571013723,0.9883921707427236,0.011607829257276436
near_1e12,secondary_control,4,256,0.15,256,0,0,1.0,0.0,0.0,0.999846767143912,1e-10,0.5309573495564167,217.6,217.6,0.0,190.43935220308882,190.43935220308882,0.0,248.6343261108405,0.9712278363704707,0.02877216362952928
near_1e12,secondary_control,4,256,0.2,256,0,0,1.0,0.0,0.0,0.9997956895252159,1e-10,0.37460979940855554,204.8,204.8,0.0,173.58107058326902,173.58107058326902,0.0,241.63372111407392,0.9438817231018513,0.056118276898148745
near_1e12,secondary_control,4,256,0.25,256,0,0,1.0,0.0,0.0,0.99974461190652,1e-10,0.21826224926069449,192.0,192.0,0.0,159.22042278635786,159.22042278635786,0.0,231.52808763398497,0.9044065923202538,0.09559340767974622
near_1e12,secondary_control,4,256,0.3,256,0,0,1.0,0.0,0.0,0.9996935342878239,1e-10,0.06191469911283343,179.2,179.2,0.0,147.35740881235535,147.35740881235535,0.0,217.92348453203445,0.8512636114532596,0.14873638854674043
near_1e12,secondary_control,4,256,0.35,244,12,0,0.953125,0.046875,0.0,0.9996424566691279,1e-10,0.00071547601228239,166.4,166.39999999999998,2.842170943040401e-14,137.99202866126143,137.9920286612614,2.842170943040401e-14,200.6562282519232,0.783813391609075,0.16931160839092496
near_1e12,secondary_control,4,256,0.4,228,28,0,0.890625,0.109375,0.0,0.9995913790504318,1e-10,0.00040384426825301745,153.6,153.59999999999997,2.842170943040401e-14,131.12428233307617,131.12428233307617,0.0,179.9282297696028,0.702844647537511,0.18778035246248903
near_1e12,secondary_control,4,256,0.45,211,45,0,0.82421875,0.17578125,0.0,0.9995403014317359,1e-10,0.0034676429543188947,140.8,140.79999999999998,2.842170943040401e-14,126.7541698277995,126.7541698277995,0.0,156.4022708438906,0.6109463704839476,0.21327237951605238
near_1e12,secondary_control,4,256,0.5,199,57,0,0.77734375,0.22265625,0.0,0.9994892238130398,1e-10,0.01445578337223985,128.0,128.0,0.0,124.88169114543149,124.88169114543147,1.4210854715202004e-14,131.1961733519443,0.5124850521560325,0.26485869784396754
near_1e12,secondary_control,4,256,0.55,192,64,0,0.75,0.25,0.0,0.9994381461943438,1e-10,0.002139828184206105,115.19999999999999,115.19999999999997,1.4210854715202004e-14,125.5068462859721,125.5068462859721,0.0,105.7395703319756,0.4130451966092797,0.3369548033907203
near_1e12,secondary_control,4,256,0.6,185,71,0,0.72265625,0.27734375,0.0,0.9993870685756479,1e-10,0.0042915852180394065,102.4,102.39999999999999,1.4210854715202004e-14,128.62963524942134,128.62963524942134,0.0,81.51900594032955,0.3184336169544123,0.4042226330455877
near_1e12,secondary_control,4,256,0.65,180,76,0,0.703125,0.296875,0.0,1.0325181519221944,1.0325181519221944e-10,0.011548314560143935,89.6,89.6,0.0,134.25005803577923,134.2500580357792,2.842170943040401e-14,59.800048636555516,0.23359393998654499,0.469531060013455
near_1e12,secondary_control,4,256,0.7,174,82,0,0.6796875,0.3203125,0.0,1.1888657020700553,1.1888657020700553e-10,0.005085503288508431,76.80000000000001,76.8,1.4210854715202004e-14,142.36811464504572,142.3681146450457,2.842170943040401e-14,41.42950136486376,0.16183398970649907,0.5178535102935009
near_1e12,secondary_control,4,256,0.75,170,86,0,0.6640625,0.3359375,0.0,1.3452132522179165,1.3452132522179165e-10,0.008562858904441972,64.0,63.99999999999997,2.842170943040401e-14,152.98380507722084,152.98380507722084,0.0,26.77407584373054,0.10458623376457242,0.5594762662354276
near_1e12,secondary_control,4,256,0.8,162,94,0,0.6328125,0.3671875,0.0,1.5015608023657778,1.5015608023657778e-10,0.009534260636959724,51.19999999999999,51.19999999999997,2.1316282072803006e-14,166.09712933230463,166.09712933230463,0.0,15.782572585919752,0.06165067416374903,0.571161825836251
near_1e12,secondary_control,4,256,0.85,160,96,0,0.625,0.375,0.0,1.6579083525136387,1.6579083525136388e-10,0.007910050103858035,38.400000000000006,38.39999999999998,2.842170943040401e-14,181.70808741029697,181.708087410297,2.842170943040401e-14,8.114993784896559,0.03169919447225218,0.5933008055277478
near_1e12,secondary_control,4,256,0.9,157,99,0,0.61328125,0.38671875,0.0,1.8142559026615,1.8142559026615e-10,0.010109179193624307,25.599999999999994,25.59999999999995,4.263256414560601e-14,199.81667931119802,199.81667931119807,5.684341886080802e-14,3.2798062817335207,0.012811743288021565,0.6004695067119784
near_1e12,secondary_control,4,256,0.95,152,104,0,0.59375,0.40625,0.0,1.9706034528093608,1.9706034528093608e-10,0.00016185610419305885,12.800000000000011,12.799999999999997,1.4210854715202004e-14,220.42290503500766,220.42290503500766,0.0,0.7432984334090831,0.002903509505504231,0.5908464904944958
near_1e12,secondary_control,4,512,0.1,512,0,0,1.0,0.0,0.0,0.999897844762608,1e-10,0.6873048997042777,460.8,460.8,0.0,419.5950112444137,419.5950112444136,5.684341886080802e-14,506.0513931523226,0.9883816272506301,0.011618372749369943
near_1e12,secondary_control,4,512,0.15,512,0,0,1.0,0.0,0.0,0.999846767143912,1e-10,0.5309573495564164,435.2,435.2,0.0,380.88877529993067,380.88877529993067,0.0,497.2555041845426,0.9712021566104347,0.02879784338956526
near_1e12,secondary_control,4,512,0.2,512,0,0,1.0,0.0,0.0,0.9997956895252159,1e-10,0.3746097994085552,409.6,409.6,0.0,347.1800449776546,347.1800449776546,0.0,483.2425204933604,0.9438330478385946,0.05616695216140544
near_1e12,secondary_control,4,512,0.25,512,0,0,1.0,0.0,0.0,0.99974461190652,1e-10,0.21826224926069404,384.0,384.0,0.0,318.4688202775852,318.4688202775853,5.684341886080802e-14,463.0154998265568,0.9043271480987437,0.0956728519012563
near_1e12,secondary_control,4,512,0.3,512,0,0,1.0,0.0,0.0,0.9996935342878239,1e-10,0.06191469911283287,358.4,358.4,0.0,294.75510119972273,294.7551011997228,5.684341886080802e-14,435.7874027529157,0.8511472710017884,0.14885272899821156
near_1e12,secondary_control,4,512,0.35,492,20,0,0.9609375,0.0390625,0.0,0.9996424566691279,1e-10,0.0004069622620330726,332.8,332.79999999999995,5.684341886080802e-14,276.0388877440671,276.03888774406715,5.684341886080802e-14,401.23274262244047,0.783657700434454,0.17727979956554596
near_1e12,secondary_control,4,512,0.4,455,57,0,0.888671875,0.111328125,0.0,0.9995913790504319,1e-10,0.0004038442682539056,307.2,307.2,0.0,262.3201799106182,262.3201799106182,0.0,359.7582162079785,0.702652766031208,0.18601910896879204
near_1e12,secondary_control,4,512,0.45,422,90,0,0.82421875,0.17578125,0.0,0.9995403014317359,1e-10,0.0034625877535618965,281.6,281.59999999999997,5.684341886080802e-14,253.5989776993762,253.59897769937623,2.842170943040401e-14,312.69274316240694,0.6107280139890761,0.21349073601092394
near_1e12,secondary_control,4,512,0.5,397,115,0,0.775390625,0.224609375,0.0,0.99948922381304,1e-10,0.002138455163350983,256.0,256.0,0.0,249.87528111034098,249.87528111034104,5.684341886080802e-14,262.27484250857265,0.512255551774556,0.26313507322544405
near_1e12,secondary_control,4,512,0.55,382,130,0,0.74609375,0.25390625,0.0,0.9994381461943439,1e-10,0.002139828184204773,230.39999999999998,230.39999999999995,2.842170943040401e-14,251.14909014351258,251.14909014351264,5.684341886080802e-14,211.3651296513415,0.4128225188502764,0.3332712311497236
near_1e12,secondary_control,4,512,0.6,369,143,0,0.720703125,0.279296875,0.0,0.9993870685756479,1e-10,0.004291585218041405,204.8,204.79999999999998,2.842170943040401e-14,257.420404798891,257.42040479889107,5.684341886080802e-14,162.93595697189542,0.31823429096073325,0.40246883403926675
near_1e12,secondary_control,4,512,0.65,354,158,0,0.69140625,0.30859375,0.0,1.0325181519221958,1.0325181519221958e-10,0.001906260944409377,179.2,179.19999999999996,2.842170943040401e-14,268.68922507647625,268.6892250764763,5.684341886080802e-14,119.51592026386568,0.23342953176536266,0.45797671823463737
near_1e12,secondary_control,4,512,0.7,347,165,0,0.677734375,0.322265625,0.0,1.1888657020700566,1.1888657020700566e-10,0.0010445957265742267,153.60000000000002,153.59999999999997,5.684341886080802e-14,284.9555509762683,284.95555097626846,1.7053025658242404e-13,82.79522865643308,0.16170943096959586,0.5160249440304041
near_1e12,secondary_control,4,512,0.75,338,174,0,0.66015625,0.33984375,0.0,1.3452132522179179,1.3452132522179178e-10,0.0011540252953956553,128.0,127.99999999999999,1.4210854715202004e-14,306.21938249826724,306.21938249826735,1.1368683772161603e-13,53.504124612662984,0.10450024338410739,0.5556560066158927
near_1e12,secondary_control,4,512,0.8,328,184,0,0.640625,0.359375,0.0,1.5015608023657792,1.5015608023657793e-10,0.0027870588592704415,102.39999999999998,102.39999999999996,1.4210854715202004e-14,332.480719642473,332.4807196424731,1.1368683772161603e-13,31.53794906145434,0.06159755676065301,0.579027443239347
near_1e12,secondary_control,4,512,0.85,321,191,0,0.626953125,0.373046875,0.0,1.65790835251364,1.65790835251364e-10,0.006475733320511434,76.80000000000001,76.79999999999998,2.842170943040401e-14,363.7395624088854,363.7395624088856,2.2737367544323206e-13,16.21555807935376,0.03167101187373781,0.5952821131262622
near_1e12,secondary_control,4,512,0.9,314,198,0,0.61328125,0.38671875,0.0,1.8142559026615017,1.8142559026615018e-10,0.004529245912256563,51.19999999999999,51.19999999999996,2.842170943040401e-14,399.99591079750485,399.99591079750496,1.1368683772161603e-13,6.5536669981786,0.012800130855817578,0.6004811191441825
near_1e12,secondary_control,4,512,0.95,306,206,0,0.59765625,0.40234375,0.0,1.9706034528093626,1.9706034528093626e-10,0.00016185610425889507,25.600000000000023,25.599999999999994,2.842170943040401e-14,441.24976480833095,441.2497648083311,1.7053025658242404e-13,1.4852359191277413,0.00290085140454637,0.5947553985954537
near_1e12,secondary_control,5,128,0.1,128,0,0,1.0,0.0,0.0,0.9997863860658313,1e-10,0.6838758508670588,115.2,115.19999999999999,1.4210854715202004e-14,104.92118353525746,104.92118353525746,0.0,126.48580155922882,0.9881703246814751,0.011829675318524857
near_1e12,secondary_control,5,128,0.15,128,0,0,1.0,0.0,0.0,0.9996795790987468,1e-10,0.5258137763005883,108.8,108.80000000000001,1.4210854715202004e-14,95.27266295432926,95.27266295432928,1.4210854715202004e-14,124.24802281085076,0.9706876782097715,0.02931232179022847
near_1e12,secondary_control,5,128,0.2,128,0,0,1.0,0.0,0.0,0.9995727721316625,1e-10,0.36775170173411764,102.4,102.39999999999999,1.4210854715202004e-14,86.88473414102982,86.88473414102981,1.4210854715202004e-14,120.68587311298778,0.942858383695217,0.05714161630478298
near_1e12,secondary_control,5,128,0.25,128,0,0,1.0,0.0,0.0,0.9994659651645781,1e-10,0.20968962716764716,96.0,96.0,0.0,79.7573970953591,79.7573970953591,0.0,115.55041081620577,0.9027375845016076,0.09726241549839243
near_1e12,secondary_control,5,128,0.3,128,0,0,1.0,0.0,0.0,0.9993591581974937,1e-10,0.051627552601176685,89.6,89.6,0.0,73.8906518173171,73.89065181731709,1.4210854715202004e-14,108.64919719274299,0.8488218530683046,0.1511781469316954
near_1e12,secondary_control,5,128,0.35,123,5,0,0.9609375,0.0390625,0.0,0.9992523512304093,1e-10,5.232725779569236e-06,83.2,83.2,0.0,69.28449830690383,69.28449830690384,1.4210854715202004e-14,99.91037200467449,0.7805497812865194,0.18038771871348058
near_1e12,secondary_control,5,128,0.4,113,15,0,0.8828125,0.1171875,0.0,0.9991455442633249,1e-10,0.0007047382191991414,76.8,76.8,0.0,65.9389365641193,65.93893656411927,2.842170943040401e-14,89.45003221676961,0.6988283766935126,0.1839841233064874
near_1e12,secondary_control,5,128,0.45,105,23,0,0.8203125,0.1796875,0.0,0.9990387372962405,1e-10,0.017067125368336322,70.4,70.4,0.0,63.85396658896347,63.85396658896349,1.4210854715202004e-14,77.61710453954201,0.606383629215172,0.21392887078482803
near_1e12,secondary_control,5,128,0.5,100,28,0,0.78125,0.21875,0.0,0.9989319303291562,1e-10,0.009121046364927832,64.0,63.99999999999999,7.105427357601002e-15,63.02958838143639,63.02958838143639,0.0,64.98535220017973,0.5076980640639042,0.27355193593609584
near_1e12,secondary_control,5,128,0.55,96,32,0,0.75,0.25,0.0,0.9988251233620717,1e-10,0.004904765235630881,57.599999999999994,57.59999999999999,7.105427357601002e-15,63.46580194153803,63.46580194153805,1.4210854715202004e-14,52.27634251050947,0.40840892586335525,0.34159107413664475
near_1e12,secondary_control,5,128,0.6,92,36,0,0.71875,0.28125,0.0,0.9987183163949874,1e-10,0.006225492979980762,51.2,51.199999999999996,7.105427357601002e-15,65.1626072692684,65.16260726926842,1.4210854715202004e-14,40.229206746862445,0.31429067770986285,0.40445932229013715
near_1e12,secondary_control,5,128,0.65,88,40,0,0.6875,0.3125,0.0,1.0548069693641176,1.0548069693641176e-10,0.004826096243782718,44.8,44.8,0.0,68.1200043646275,68.1200043646275,0.0,29.463298170928923,0.2301820169603822,0.4573179830396178
near_1e12,secondary_control,5,128,0.7,88,40,0,0.6875,0.3125,0.0,1.2128690439305876,1.2128690439305875e-10,0.0009141515190734806,38.400000000000006,38.400000000000006,0.0,72.33799322761531,72.33799322761536,4.263256414560601e-14,20.384308911642318,0.1592524133722056,0.5282475866277944
near_1e12,secondary_control,5,128,0.75,84,44,0,0.65625,0.34375,0.0,1.3709311184970585,1.3709311184970586e-10,0.0034881597316984703,32.0,31.999999999999993,7.105427357601002e-15,77.81657385823189,77.8165738582319,1.4210854715202004e-14,13.159150412681338,0.10280586259907296,0.553444137400927
near_1e12,secondary_control,5,128,0.8,82,46,0,0.640625,0.359375,0.0,1.5289931930635294,1.5289931930635294e-10,0.012119744106217745,25.599999999999994,25.599999999999987,7.105427357601002e-15,84.55574625647719,84.55574625647719,0.0,7.750626409376611,0.060551768823254776,0.5800732311767453
near_1e12,secondary_control,5,128,0.85,80,48,0,0.625,0.375,0.0,1.6870552676299995,1.6870552676299995e-10,0.010550854370792617,19.200000000000003,19.199999999999992,1.0658141036401503e-14,92.55551042235115,92.5555104223512,5.684341886080802e-14,3.9829071042643998,0.031116461752065623,0.5938835382479344
near_1e12,secondary_control,5,128,0.9,79,49,0,0.6171875,0.3828125,0.0,1.8451173421964704,1.8451173421964706e-10,0.006478521240712354,12.799999999999997,12.799999999999988,8.881784197001252e-15,101.8158663558539,101.81586635585394,4.263256414560601e-14,1.609179451730707,0.012571714466646148,0.6046157855333538
near_1e12,secondary_control,5,128,0.95,78,50,0,0.609375,0.390625,0.0,2.0031794167629404,2.0031794167629406e-10,0.0014278194530605859,6.400000000000006,6.399999999999997,8.881784197001252e-15,112.33681405698536,112.3368140569854,4.263256414560601e-14,0.36461778219224017,0.0028485764233768763,0.6065264235766231
near_1e12,secondary_control,5,256,0.1,256,0,0,1.0,0.0,0.0,0.9999075134645854,1e-10,0.6838758508670586,230.4,230.39999999999998,2.842170943040401e-14,209.81552555364485,209.81552555364482,2.842170943040401e-14,253.0039655546255,0.9882967404477558,0.01170325955224416
near_1e12,secondary_control,5,256,0.15,256,0,0,1.0,0.0,0.0,0.9998612701968781,1e-10,0.5258137763005881,217.6,217.60000000000002,2.842170943040401e-14,190.4849324957009,190.48493249570092,2.842170943040401e-14,248.57483150835904,0.9709954355795275,0.0290045644204725
near_1e12,secondary_control,5,256,0.2,256,0,0,1.0,0.0,0.0,0.9998150269291709,1e-10,0.3677517017341173,204.8,204.8,0.0,173.66210221457936,173.66210221457936,0.0,241.52097357530886,0.9434413030285502,0.05655869697144977
near_1e12,secondary_control,5,256,0.25,256,0,0,1.0,0.0,0.0,0.9997687836614636,1e-10,0.20968962716764672,192.0,192.0,0.0,159.34703471028027,159.34703471028027,0.0,231.34412301443172,0.9036879805251239,0.09631201947487611
near_1e12,secondary_control,5,256,0.3,256,0,0,1.0,0.0,0.0,0.9997225403937563,1e-10,0.05162755260117613,179.2,179.20000000000002,2.842170943040401e-14,147.5397299828036,147.53972998280358,2.842170943040401e-14,217.6541871382228,0.8502116685086828,0.1497883314913172
near_1e12,secondary_control,5,256,0.35,247,9,0,0.96484375,0.03515625,0.0,0.999676297126049,1e-10,5.232807106070325e-06,166.4,166.4,0.0,138.24018803214935,138.24018803214935,0.0,200.29602385639564,0.7824063431890455,0.18243740681095455
near_1e12,secondary_control,5,256,0.4,227,29,0,0.88671875,0.11328125,0.0,0.9996300538583417,1e-10,9.461145092592993e-06,153.6,153.6,0.0,131.44840885831752,131.44840885831746,5.684341886080802e-14,179.48456131888076,0.701111567651878,0.185607182348122
near_1e12,secondary_control,5,256,0.45,210,46,0,0.8203125,0.1796875,0.0,0.9995838105906344,1e-10,0.0008198945616990638,140.8,140.79999999999998,2.842170943040401e-14,127.16439246130808,127.16439246130807,1.4210854715202004e-14,155.89772904417396,0.6089755040788045,0.21133699592119548
near_1e12,secondary_control,5,256,0.5,201,55,0,0.78515625,0.21484375,0.0,0.9995375673229272,1e-10,0.0008146879500451343,128.0,128.0,0.0,125.38813884112109,125.38813884112108,1.4210854715202004e-14,130.66626677312846,0.510415104582533,0.27474114541746697
near_1e12,secondary_control,5,256,0.55,193,63,0,0.75390625,0.24609375,0.0,0.9994913240552199,1e-10,0.0016328608860204374,115.19999999999999,115.19999999999999,0.0,126.11964799775652,126.11964799775649,2.842170943040401e-14,105.22579321055566,0.41103825472873307,0.34286799527126693
near_1e12,secondary_control,5,256,0.6,184,72,0,0.71875,0.28125,0.0,0.9994450807875126,1e-10,0.006225820202021559,102.4,102.39999999999999,1.4210854715202004e-14,129.3589199312144,129.35891993121433,5.684341886080802e-14,81.05942756460648,0.31663838892424406,0.40211161107575594
near_1e12,secondary_control,5,256,0.65,176,80,0,0.6875,0.3125,0.0,1.0548069693641184,1.0548069693641185e-10,0.0048142471807011145,89.6,89.60000000000001,1.4210854715202004e-14,135.10595464149466,135.1059546414946,5.684341886080802e-14,59.42121515889379,0.23211412171442886,0.45538587828557114
near_1e12,secondary_control,5,256,0.7,172,84,0,0.671875,0.328125,0.0,1.212869043930589,1.212869043930589e-10,0.000914151651302153,76.80000000000001,76.8,1.4210854715202004e-14,143.36075212859734,143.36075212859726,8.526512829121202e-14,41.142641290756956,0.16071344254201936,0.5111615574579806
near_1e12,secondary_control,5,256,0.75,167,89,0,0.65234375,0.34765625,0.0,1.3709311184970598,1.37093111849706e-10,0.0034881595940281507,64.0,64.00000000000001,1.4210854715202004e-14,154.12331239252245,154.1233123925224,5.684341886080802e-14,26.57612230373219,0.10381297774895387,0.5485307722510462
near_1e12,secondary_control,5,256,0.8,164,92,0,0.640625,0.359375,0.0,1.5289931930635308,1.5289931930635307e-10,0.012120008346691136,51.19999999999999,51.199999999999974,1.4210854715202004e-14,167.39363543327005,167.39363543326994,1.1368683772161603e-13,15.660332564107623,0.0611731740785454,0.5794518259214546
near_1e12,secondary_control,5,256,0.85,161,95,0,0.62890625,0.37109375,0.0,1.6870552676300012,1.6870552676300013e-10,0.0014839221122355806,38.400000000000006,38.400000000000006,0.0,183.17172125083994,183.17172125083988,5.684341886080802e-14,8.050150918114161,0.03144590202388344,0.5974603479761166
near_1e12,secondary_control,5,256,0.9,159,97,0,0.62109375,0.37890625,0.0,1.8451173421964717,1.8451173421964718e-10,0.012583995763437716,25.599999999999994,25.599999999999994,0.0,201.45756984523234,201.45756984523223,1.1368683772161603e-13,3.253091956303618,0.012707390454311008,0.608386359545689
near_1e12,secondary_control,5,256,0.95,155,101,0,0.60546875,0.39453125,0.0,2.003179416762942,2.0031794167629422e-10,0.0014278020274136605,12.800000000000011,12.800000000000011,0.0,222.25118121644715,222.25118121644704,1.1368683772161603e-13,0.7371839335262697,0.002879624740336991,0.602589125259663
near_1e12,secondary_control,5,512,0.1,512,0,0,1.0,0.0,0.0,0.9999465937152965,1e-10,0.6821489948367092,460.8,460.79999999999995,5.684341886080802e-14,419.54714618130976,419.5471461813097,5.684341886080802e-14,506.10912726417996,0.9884943891878515,0.011505610812148515
near_1e12,secondary_control,5,512,0.15,512,0,0,1.0,0.0,0.0,0.9999198905729447,1e-10,0.5232234922550639,435.2,435.20000000000005,5.684341886080802e-14,380.7810789079469,380.78107890794695,5.684341886080802e-14,497.39614306252554,0.9714768419189952,0.028523158081004807
near_1e12,secondary_control,5,512,0.2,512,0,0,1.0,0.0,0.0,0.999893187430593,1e-10,0.3642979896734184,409.6,409.6,0.0,346.9885847252389,346.9885847252389,0.0,483.5091625070304,0.9443538330215437,0.05564616697845626
near_1e12,secondary_control,5,512,0.25,512,0,0,1.0,0.0,0.0,0.9998664842882412,1e-10,0.20537248709177314,384.0,384.0,0.0,318.16966363318585,318.1696636331859,5.684341886080802e-14,463.4508466841148,0.9051774349299118,0.09482256507008824
near_1e12,secondary_control,5,512,0.3,512,0,0,1.0,0.0,0.0,0.9998397811458895,1e-10,0.04644698451012785,358.4,358.40000000000003,5.684341886080802e-14,294.3243156317876,294.3243156317876,0.0,436.4252397029172,0.8523930462947602,0.1476069537052398
near_1e12,secondary_control,5,512,0.35,497,15,0,0.970703125,0.029296875,0.0,0.9998130780035376,1e-10,5.232807106736459e-06,332.8,332.80000000000007,5.684341886080802e-14,275.4525407210443,275.45254072104433,5.684341886080802e-14,402.0868339427097,0.7853258475443549,0.18537727745564514
near_1e12,secondary_control,5,512,0.4,456,56,0,0.890625,0.109375,0.0,0.9997863748611858,1e-10,0.00017156481259661405,307.2,307.20000000000005,5.684341886080802e-14,261.55433890095577,261.55433890095577,0.0,360.81160188948843,0.7047101599404071,0.1859148400595929
near_1e12,secondary_control,5,512,0.45,420,92,0,0.8203125,0.1796875,0.0,0.9997596717188341,1e-10,0.0008199049988849572,281.6,281.6,0.0,252.62971017152216,252.62971017152216,0.0,313.89245527044505,0.613071201700088,0.207241298299912
near_1e12,secondary_control,5,512,0.5,399,113,0,0.779296875,0.220703125,0.0,0.9997329685764823,1e-10,0.0008146879396550011,256.0,256.00000000000006,5.684341886080802e-14,248.6786545327434,248.67865453274337,2.842170943040401e-14,263.53689311669854,0.5147204943685518,0.26457638063144817
near_1e12,secondary_control,5,512,0.55,382,130,0,0.74609375,0.25390625,0.0,0.9997062654341305,1e-10,0.0016328608857703042,230.39999999999998,230.4,2.842170943040401e-14,249.70117198461952,249.70117198461952,0.0,212.59075229038066,0.41521631306714973,0.33087743693285027
near_1e12,secondary_control,5,512,0.6,367,145,0,0.716796875,0.283203125,0.0,0.9996795622917788,1e-10,0.0019341885616670496,204.8,204.8,0.0,255.69726252715049,255.69726252715049,0.0,164.0339813788441,0.32037886988055486,0.39641800511944514
near_1e12,secondary_control,5,512,0.65,354,158,0,0.69140625,0.30859375,0.0,1.06603153356139,1.06603153356139e-10,0.0013270593078862358,179.2,179.20000000000005,5.684341886080802e-14,266.66692616033635,266.6669261603363,5.684341886080802e-14,120.42228281692469,0.23519977112680604,0.456206478873194
near_1e12,secondary_control,5,512,0.7,346,166,0,0.67578125,0.32421875,0.0,1.224957036143035,1.224957036143035e-10,0.0009141516513022641,153.60000000000002,153.60000000000008,5.684341886080802e-14,282.61016288417704,282.61016288417693,1.1368683772161603e-13,83.48234811948068,0.1630514611708607,0.5127297888291393
near_1e12,secondary_control,5,512,0.75,334,178,0,0.65234375,0.34765625,0.0,1.3838825387246807,1.3838825387246807e-10,0.0034881595940277066,128.0,128.00000000000003,2.842170943040401e-14,303.5269726986726,303.5269726986726,0.0,53.978728329575084,0.10542720376870134,0.5469165462312987
near_1e12,secondary_control,5,512,0.8,327,185,0,0.638671875,0.361328125,0.0,1.5428080413063263,1.5428080413063264e-10,0.005364163365799368,102.39999999999998,102.40000000000005,7.105427357601002e-14,329.4173556038231,329.417355603823,1.1368683772161603e-13,31.831231177178147,0.06217037339292607,0.5765015016070739
near_1e12,secondary_control,5,512,0.85,321,191,0,0.626953125,0.373046875,0.0,1.701733543887971,1.7017335438879712e-10,0.0014823913911652387,76.80000000000001,76.8000000000001,8.526512829121202e-14,360.28131159962834,360.2813115996283,5.684341886080802e-14,16.371207193101842,0.031975014049027035,0.594978110950973
near_1e12,secondary_control,5,512,0.9,315,197,0,0.615234375,0.384765625,0.0,1.8606590464696167,1.8606590464696168e-10,0.002163958213620143,51.19999999999999,51.200000000000045,5.684341886080802e-14,396.1188406860887,396.11884068608845,2.2737367544323206e-13,6.617811956279567,0.01292541397710853,0.6023089610228914
near_1e12,secondary_control,5,512,0.95,308,204,0,0.6015625,0.3984375,0.0,2.019584549051262,2.019584549051262e-10,0.001189370696468517,25.600000000000023,25.60000000000008,5.684341886080802e-14,436.9299428632037,436.9299428632035,1.7053025658242404e-13,1.4999200917781566,0.002929531429254212,0.5986329685707458
near_1e12,secondary_control,6,128,0.1,128,0,0,1.0,0.0,0.0,0.999954469344224,1e-10,0.6971094314260309,115.2,115.2,0.0,104.8903396790152,104.8903396790152,0.0,126.52299573642301,0.9884609041908048,0.01153909580919521
near_1e12,secondary_control,6,128,0.15,128,0,0,1.0,0.0,0.0,0.9999317040163361,1e-10,0.5456641471390464,108.8,108.8,0.0,95.20326427778419,95.20326427778419,0.0,124.33859374254966,0.9713952636136692,0.028604736386330765
near_1e12,secondary_control,6,128,0.2,128,0,0,1.0,0.0,0.0,0.9999089386884482,1e-10,0.39421886285206176,102.4,102.4,0.0,86.76135871606078,86.76135871606076,2.842170943040401e-14,120.85748949963062,0.9441991367158642,0.055800863284135804
near_1e12,secondary_control,6,128,0.25,128,0,0,1.0,0.0,0.0,0.9998861733605603,1e-10,0.2427735785650773,96.0,96.00000000000001,1.4210854715202004e-14,79.56462299384496,79.56462299384496,0.0,115.83037351553769,0.9049247930901382,0.09507520690986182
near_1e12,secondary_control,6,128,0.3,128,0,0,1.0,0.0,0.0,0.9998634080326723,1e-10,0.09132829427809286,89.6,89.6,0.0,73.61305711113675,73.61305711113675,0.0,109.05891312025726,0.8520227587520098,0.14797724124799017
near_1e12,secondary_control,6,128,0.35,125,3,0,0.9765625,0.0234375,0.0,0.9998406427047843,1e-10,0.026253409443646625,83.2,83.2,0.0,68.90666106793613,68.90666106793614,1.4210854715202004e-14,100.45821249668822,0.7848297851303767,0.1917327148696233
near_1e12,secondary_control,6,128,0.4,111,17,0,0.8671875,0.1328125,0.0,0.9998178773768964,1e-10,0.0007679533415625439,76.8,76.80000000000001,1.4210854715202004e-14,65.44543486424311,65.44543486424311,0.0,90.12454439694729,0.7040980031011507,0.16308949689884933
near_1e12,secondary_control,6,128,0.45,105,23,0,0.8203125,0.1796875,0.0,0.9997951120490085,1e-10,0.010727586182402327,70.4,70.4,0.0,63.229378500057685,63.229378500057685,0.0,78.38381647220334,0.6123735661890886,0.20793893381091144
near_1e12,secondary_control,6,128,0.5,99,29,0,0.7734375,0.2265625,0.0,0.9997723467211205,1e-10,0.0006985945113946457,64.0,64.0,0.0,62.258491975379854,62.258491975379854,0.0,65.79022186434848,0.5139861083152225,0.2594513916847775
near_1e12,secondary_control,6,128,0.55,96,32,0,0.75,0.25,0.0,0.9997495813932326,1e-10,0.0046382249373400075,57.599999999999994,57.599999999999994,0.0,62.53277529020963,62.53277529020963,0.0,53.05633701051232,0.4145026328946275,0.3354973671053725
near_1e12,secondary_control,6,128,0.6,91,37,0,0.7109375,0.2890625,0.0,0.9997268160653446,1e-10,0.003888162653203242,51.2,51.2,0.0,64.052228444547,64.05222844454698,1.4210854715202004e-14,40.926601051351454,0.31973907071368324,0.39119842928631676
near_1e12,secondary_control,6,128,0.65,89,39,0,0.6953125,0.3046875,0.0,0.9997040507374567,1e-10,0.0005358396000119114,44.8,44.8,0.0,66.81685143839196,66.81685143839195,1.4210854715202004e-14,30.03793140193949,0.23467133907765225,0.46064116092234775
near_1e12,secondary_control,6,128,0.7,86,42,0,0.671875,0.328125,0.0,1.1202339800177832,1.1202339800177832e-10,0.028653864415646435,38.400000000000006,38.400000000000006,0.0,70.82664427174451,70.8266442717445,1.4210854715202004e-14,20.819283691353135,0.16265065383869637,0.5092243461613036
near_1e12,secondary_control,6,128,0.75,84,44,0,0.65625,0.34375,0.0,1.271679264304768,1.271679264304768e-10,0.009769668302736623,32.0,31.999999999999996,3.552713678800501e-15,76.08160694460469,76.08160694460469,0.0,13.45923201576931,0.10515025012319773,0.5510997498768022
near_1e12,secondary_control,6,128,0.8,82,46,0,0.640625,0.359375,0.0,1.423124548591753,1.423124548591753e-10,0.0016019082223621695,25.599999999999994,25.599999999999994,0.0,82.58173945697246,82.58173945697243,2.842170943040401e-14,7.935894839578449,0.06199917843420663,0.5786258215657933
near_1e12,secondary_control,6,128,0.85,80,48,0,0.625,0.375,0.0,1.574569832878737,1.574569832878737e-10,0.028785176962750514,19.200000000000003,19.2,3.552713678800501e-15,90.32704180884775,90.32704180884778,2.842170943040401e-14,4.081169853653847,0.03188413948167068,0.5931158605183293
near_1e12,secondary_control,6,128,0.9,79,49,0,0.6171875,0.3828125,0.0,1.7260151171657219,1.726015117165722e-10,0.009769172390380332,12.799999999999997,12.799999999999994,3.552713678800501e-15,99.31751400023074,99.31751400023074,0.0,1.6496586896004997,0.012887958512503904,0.6042995414874961
near_1e12,secondary_control,6,128,0.95,77,51,0,0.6015625,0.3984375,0.0,1.8774604014527059,1.8774604014527058e-10,0.0008997463964655061,6.400000000000006,6.400000000000002,3.552713678800501e-15,109.55315603112129,109.55315603112126,2.842170943040401e-14,0.3738824282557809,0.002920956470748288,0.5986415435292517
near_1e12,secondary_control,6,256,0.1,256,0,0,1.0,0.0,0.0,0.999954469344224,1e-10,0.6971094314260307,230.4,230.4,0.0,209.8106225280238,209.81062252802377,2.842170943040401e-14,253.00987795748858,0.9883198357714398,0.01168016422856022
near_1e12,secondary_control,6,256,0.15,256,0,0,1.0,0.0,0.0,0.9999317040163361,1e-10,0.5456641471390462,217.6,217.60000000000002,2.842170943040401e-14,190.4739006880535,190.47390068805356,5.684341886080802e-14,248.5892283874972,0.9710516733886609,0.02894832661133906
near_1e12,secondary_control,6,256,0.2,256,0,0,1.0,0.0,0.0,0.9999089386884482,1e-10,0.3942188628520614,204.8,204.8,0.0,173.64249011209515,173.64249011209515,0.0,241.54825223321563,0.9435478602859986,0.056452139714001426
near_1e12,secondary_control,6,256,0.25,256,0,0,1.0,0.0,0.0,0.9998861733605602,1e-10,0.24277357856507686,192.0,192.00000000000003,2.842170943040401e-14,159.31639080014867,159.31639080014867,0.0,231.38862118865927,0.9038618015182003,0.09613819848179972
near_1e12,secondary_control,6,256,0.3,256,0,0,1.0,0.0,0.0,0.9998634080326723,1e-10,0.0913282942780923,179.2,179.2,0.0,147.4956027522141,147.4956027522141,0.0,217.71930417442866,0.8504660319313619,0.14953396806863806
near_1e12,secondary_control,6,256,0.35,247,9,0,0.96484375,0.03515625,0.0,0.9998406427047842,1e-10,0.014904414713830083,166.4,166.40000000000003,2.842170943040401e-14,138.18012596829138,138.18012596829138,0.0,200.38308552674118,0.7827464278388327,0.18209732216116725
near_1e12,secondary_control,6,256,0.4,225,31,0,0.87890625,0.12109375,0.0,0.9998178773768963,1e-10,0.0007679533510920322,153.6,153.59999999999997,2.842170943040401e-14,131.3699604483806,131.3699604483806,0.0,179.59174166966747,0.7015302408971386,0.17737600910286144
near_1e12,secondary_control,6,256,0.45,212,44,0,0.828125,0.171875,0.0,0.9997951120490084,1e-10,0.01072758618244718,140.8,140.79999999999998,2.842170943040401e-14,127.06510619248168,127.06510619248168,0.0,156.01954457873825,0.6094513460106963,0.21867365398930372
near_1e12,secondary_control,6,256,0.5,199,57,0,0.77734375,0.22265625,0.0,0.9997723467211204,1e-10,0.0006985944168449443,128.0,128.0,0.0,125.26556320059466,125.26556320059467,1.4210854715202004e-14,130.79412714381363,0.510914559155522,0.266429190844478
near_1e12,secondary_control,6,256,0.55,191,65,0,0.74609375,0.25390625,0.0,0.9997495813932324,1e-10,0.004035771572154512,115.19999999999999,115.19999999999999,0.0,125.97133147271953,125.97133147271954,1.4210854715202004e-14,105.34968428807936,0.41152220425031,0.33457154574969
near_1e12,secondary_control,6,256,0.6,180,76,0,0.703125,0.296875,0.0,0.9997268160653445,1e-10,0.0038886301456366734,102.4,102.40000000000002,1.4210854715202004e-14,129.18241100885632,129.18241100885632,0.0,81.17018344920915,0.31707102909847323,0.38605397090152677
near_1e12,secondary_control,6,256,0.65,176,80,0,0.6875,0.3125,0.0,0.9997040507374565,1e-10,0.0015034764014760782,89.6,89.6,0.0,134.89880180900496,134.898801809005,2.842170943040401e-14,59.51246336024974,0.23247056000097555,0.45502943999902445
near_1e12,secondary_control,6,256,0.7,173,83,0,0.67578125,0.32421875,0.0,1.1202339800177845,1.1202339800177845e-10,0.011694102876506185,76.80000000000001,76.80000000000001,0.0,143.12050387316552,143.12050387316555,2.842170943040401e-14,41.21170510430194,0.16098322306367946,0.5147980269363206
near_1e12,secondary_control,6,256,0.75,165,91,0,0.64453125,0.35546875,0.0,1.2716792643047694,1.2716792643047696e-10,0.009390026233812465,64.0,64.0,0.0,153.84751720133795,153.847517201338,5.684341886080802e-14,26.62376406529607,0.10399907838006277,0.5405321716199373
near_1e12,secondary_control,6,256,0.8,163,93,0,0.63671875,0.36328125,0.0,1.4231245485917543,1.4231245485917545e-10,0.0016019033292380414,51.19999999999999,51.199999999999996,7.105427357601002e-15,167.07984179352235,167.07984179352235,0.0,15.689744327383194,0.0612880637788406,0.5754306862211594
near_1e12,secondary_control,6,256,0.85,159,97,0,0.62109375,0.37890625,0.0,1.5745698328787388,1.5745698328787389e-10,0.0013827913673352121,38.400000000000006,38.400000000000006,0.0,182.8174776497185,182.81747764971857,5.684341886080802e-14,8.06574961517237,0.03150683443426707,0.589586915565733
near_1e12,secondary_control,6,256,0.9,158,98,0,0.6171875,0.3828125,0.0,1.7260151171657232,1.7260151171657233e-10,0.009741531402169379,25.599999999999994,25.60000000000001,1.4210854715202004e-14,201.06042476992673,201.06042476992673,0.0,3.259517633815444,0.012732490757091578,0.6044550092429084
near_1e12,secondary_control,6,256,0.95,156,100,0,0.609375,0.390625,0.0,1.8774604014527077,1.8774604014527076e-10,0.0008698644269331535,12.800000000000011,12.800000000000026,1.4210854715202004e-14,221.8086831541467,221.8086831541467,0.0,0.7386545813724484,0.0028853694584861267,0.6064896305415138
near_1e12,secondary_control,6,512,0.1,512,0,0,1.0,0.0,0.0,0.9999544693442242,1e-10,0.6826565067031296,460.8,460.8,0.0,419.5557400869197,419.5557400869197,0.0,506.09876045554773,0.9884741415147417,0.011525858485258333
near_1e12,secondary_control,6,512,0.15,512,0,0,1.0,0.0,0.0,0.9999317040163362,1e-10,0.5239847600546944,435.2,435.20000000000005,5.684341886080802e-14,380.80041519556926,380.80041519556926,0.0,497.37088627576605,0.9714275122573556,0.028572487742644426
near_1e12,secondary_control,6,512,0.2,512,0,0,1.0,0.0,0.0,0.9999089386884483,1e-10,0.3653130134062592,409.6,409.6,0.0,347.0229603476787,347.02296034767875,5.684341886080802e-14,483.46126674705,0.944260286615332,0.05573971338466799
near_1e12,secondary_control,6,512,0.25,512,0,0,1.0,0.0,0.0,0.9998861733605604,1e-10,0.20664126675782402,384.0,384.0,0.0,318.2233755432479,318.223375543248,5.684341886080802e-14,463.37262229172757,0.9050246529135304,0.0949753470864696
near_1e12,secondary_control,6,512,0.3,512,0,0,1.0,0.0,0.0,0.9998634080326725,1e-10,0.04796952010938882,358.4,358.40000000000003,5.684341886080802e-14,294.4016607822771,294.4016607822771,0.0,436.31058214374275,0.8521691057494976,0.14783089425050244
near_1e12,secondary_control,6,512,0.35,498,14,0,0.97265625,0.02734375,0.0,0.9998406427047846,1e-10,0.010273058643908484,332.8,332.8,0.0,275.557816064766,275.557816064766,0.0,401.93321888560916,0.7850258181359554,0.1876304318640446
near_1e12,secondary_control,6,512,0.4,452,60,0,0.8828125,0.1171875,0.0,0.9998178773768966,1e-10,0.0007679533510935865,307.2,307.20000000000005,5.684341886080802e-14,261.6918413907147,261.6918413907147,0.0,360.622018242822,0.7043398793805117,0.17847262061948832
near_1e12,secondary_control,6,512,0.45,424,88,0,0.828125,0.171875,0.0,0.9997951120490087,1e-10,0.005973228900171157,281.6,281.6,0.0,252.80373676012331,252.80373676012334,2.842170943040401e-14,313.6763760546928,0.6126491719818219,0.2154758280181781
near_1e12,secondary_control,6,512,0.5,397,115,0,0.775390625,0.224609375,0.0,0.9997723467211207,1e-10,0.0006985944168440561,256.0,256.00000000000006,5.684341886080802e-14,248.89350217299176,248.89350217299182,5.684341886080802e-14,263.30940513846616,0.5142761819110667,0.2611144430889333
near_1e12,secondary_control,6,512,0.55,379,133,0,0.740234375,0.259765625,0.0,0.9997495813932328,1e-10,0.004035771573144498,230.39999999999998,230.40000000000006,8.526512829121202e-14,249.96113762932004,249.9611376293201,5.684341886080802e-14,212.36965275266576,0.4147844780325503,0.3254498969674497
near_1e12,secondary_control,6,512,0.6,364,148,0,0.7109375,0.2890625,0.0,0.9997268160653449,1e-10,0.003888630145635341,204.8,204.8000000000001,8.526512829121202e-14,256.00664312910817,256.00664312910817,0.0,163.83574850769585,0.31999169630409346,0.39094580369590654
near_1e12,secondary_control,6,512,0.65,355,157,0,0.693359375,0.306640625,0.0,1.0627327064296574,1.0627327064296574e-10,0.0011537888575245958,179.2,179.20000000000005,5.684341886080802e-14,267.0300186723561,267.0300186723561,0.0,120.25853931951363,0.23487995960842506,0.45847941539157494
near_1e12,secondary_control,6,512,0.7,345,167,0,0.673828125,0.326171875,0.0,1.2214044530780925,1.2214044530780926e-10,0.0047726515912647205,153.60000000000002,153.60000000000005,2.842170943040401e-14,283.03126425906385,283.03126425906385,0.0,83.35814088158446,0.16280886890934465,0.5110192560906553
near_1e12,secondary_control,6,512,0.75,335,177,0,0.654296875,0.345703125,0.0,1.380076199726528,1.380076199726528e-10,0.007482187883822378,128.0,128.00000000000006,5.684341886080802e-14,304.01037988923144,304.0103798892315,5.684341886080802e-14,53.89289670296665,0.10525956387298174,0.5490373111270183
near_1e12,secondary_control,6,512,0.8,328,184,0,0.640625,0.359375,0.0,1.5387479463749631,1.5387479463749633e-10,0.001341374366909509,102.39999999999998,102.40000000000003,5.684341886080802e-14,329.96736556285896,329.96736556285896,0.0,31.77817291753494,0.062066743979560426,0.5785582560204395
near_1e12,secondary_control,6,512,0.85,320,192,0,0.625,0.375,0.0,1.6974196930233982,1.6974196930233983e-10,0.0013827915438835436,76.80000000000001,76.80000000000007,5.684341886080802e-14,360.90222127994616,360.9022212799462,5.684341886080802e-14,16.343041555914475,0.03192000303889546,0.5930799969611046
near_1e12,secondary_control,6,512,0.9,314,198,0,0.61328125,0.38671875,0.0,1.8560914396718338,1.8560914396718338e-10,0.00974153140217271,51.19999999999999,51.200000000000045,5.684341886080802e-14,396.8149470404933,396.8149470404933,0.0,6.606202764162742,0.012902739773755355,0.6003785102262447
near_1e12,secondary_control,6,512,0.95,307,205,0,0.599609375,0.400390625,0.0,2.0147631863202684,2.0147631863202686e-10,0.0008698644269462541,25.600000000000023,25.600000000000108,8.526512829121202e-14,437.7055428445003,437.7055428445002,1.1368683772161603e-13,1.497262282174994,0.002924340394873035,0.596685034605127
near_1e12,secondary_control,7,128,0.1,128,0,0,1.0,0.0,0.0,0.9999072436792037,1e-10,0.6800753492525333,115.2,115.19999999999999,1.4210854715202004e-14,104.90148675999497,104.90148675999497,0.0,126.50955110257807,0.9883558679888912,0.01164413201110881
near_1e12,secondary_control,7,128,0.15,128,0,0,1.0,0.0,0.0,0.9998608655188056,1e-10,0.5201130238788001,108.8,108.80000000000001,1.4210854715202004e-14,95.22834520998867,95.22834520998867,0.0,124.30584584765364,0.9711394206847941,0.028860579315205914
near_1e12,secondary_control,7,128,0.2,128,0,0,1.0,0.0,0.0,0.9998144873584075,1e-10,0.36015069850506665,102.4,102.4,0.0,86.80594703997987,86.80594703997987,0.0,120.79541042470993,0.9437141439430463,0.05628585605695369
near_1e12,secondary_control,7,128,0.25,128,0,0,1.0,0.0,0.0,0.9997681091980094,1e-10,0.20018837313133342,96.0,96.0,0.0,79.63429224996854,79.63429224996855,1.4210854715202004e-14,115.72903757430758,0.904133106049278,0.09586689395072201
near_1e12,secondary_control,7,128,0.3,128,0,0,1.0,0.0,0.0,0.9997217310376112,1e-10,0.04022604775760019,89.6,89.60000000000001,1.4210854715202004e-14,73.71338083995471,73.71338083995471,0.0,108.91048420951698,0.8508631578868514,0.1491368421131486
near_1e12,secondary_control,7,128,0.35,121,7,0,0.9453125,0.0546875,0.0,0.9996753528772131,1e-10,0.00960644922946341,83.2,83.2,0.0,69.04321280993834,69.04321280993835,1.4210854715202004e-14,100.25952904386841,0.783277570655222,0.16203492934477803
near_1e12,secondary_control,7,128,0.4,114,14,0,0.890625,0.109375,0.0,0.999628974716815,1e-10,0.010437362329282385,76.8,76.80000000000001,1.4210854715202004e-14,65.62378815991947,65.62378815991947,0.0,89.87960258597845,0.7021843952029566,0.1884406047970434
near_1e12,secondary_control,7,128,0.45,106,22,0,0.828125,0.171875,0.0,0.9995825965564169,1e-10,0.0055725636394210465,70.4,70.4,0.0,63.455106889898076,63.45510688989808,7.105427357601002e-15,78.10498229243407,0.6101951741596412,0.2179298258403588
near_1e12,secondary_control,7,128,0.5,101,27,0,0.7890625,0.2109375,0.0,0.9995362183960187,1e-10,0.017135589121876182,64.0,64.00000000000001,1.4210854715202004e-14,62.53716899987417,62.537168999874176,7.105427357601002e-15,65.4970486433155,0.5116956925259023,0.2773668074740977
near_1e12,secondary_control,7,128,0.55,97,31,0,0.7578125,0.2421875,0.0,0.9994898402356206,1e-10,0.003050560606306152,57.599999999999994,57.6,7.105427357601002e-15,62.86997448984775,62.86997448984775,0.0,52.77177264539453,0.41227947379214475,0.34553302620785525
near_1e12,secondary_control,7,128,0.6,92,36,0,0.71875,0.28125,0.0,0.9994434620752225,1e-10,0.0007308932828375969,51.2,51.20000000000002,1.4210854715202004e-14,64.4535233598188,64.4535233598188,0.0,40.67178741130297,0.31774833915080447,0.40100166084919553
near_1e12,secondary_control,7,128,0.65,87,41,0,0.6796875,0.3203125,0.0,1.079510229858533,1.0795102298585331e-10,0.00023775565741090965,44.8,44.80000000000001,1.4210854715202004e-14,67.28781560978734,67.28781560978734,0.0,29.827688442721062,0.2330288159587583,0.4466586840412417
near_1e12,secondary_control,7,128,0.7,84,44,0,0.65625,0.34375,0.0,1.239472555232266,1.239472555232266e-10,0.023716515907956204,38.400000000000006,38.40000000000002,1.4210854715202004e-14,71.37285123975336,71.37285123975337,1.4210854715202004e-14,20.659956473459445,0.16140590994890192,0.4948440900510981
near_1e12,secondary_control,7,128,0.75,84,44,0,0.65625,0.34375,0.0,1.399434880606,1.399434880606e-10,0.03253142682245169,32.0,32.000000000000014,1.4210854715202004e-14,76.70863024971689,76.70863024971688,1.4210854715202004e-14,13.349215031822046,0.10429074243610974,0.5519592575638903
near_1e12,secondary_control,7,128,0.8,83,45,0,0.6484375,0.3515625,0.0,1.5593972059797334,1.5593972059797334e-10,0.01778276682660007,25.599999999999994,25.60000000000001,1.4210854715202004e-14,83.2951526396779,83.29515263967787,2.842170943040401e-14,7.867924833933457,0.06146816276510513,0.5869693372348949
near_1e12,secondary_control,7,128,0.85,81,47,0,0.6328125,0.3671875,0.0,1.7193595313534664,1.7193595313534664e-10,0.007395253954625813,19.200000000000003,19.200000000000017,1.4210854715202004e-14,91.13241840963633,91.13241840963633,0.0,4.0451027903482055,0.031602365549595356,0.6012101344504046
near_1e12,secondary_control,7,128,0.9,79,49,0,0.6171875,0.3828125,0.0,1.8793218567271999,1.8793218567272e-10,0.009496547978345315,12.799999999999997,12.80000000000001,1.2434497875801753e-14,100.22042755959231,100.22042755959231,0.0,1.634796458063189,0.012771847328618665,0.6044156526713813
near_1e12,secondary_control,7,128,0.95,78,50,0,0.609375,0.390625,0.0,2.039284182100933,2.039284182100933e-10,0.012956041743149127,6.400000000000006,6.400000000000021,1.509903313490213e-14,110.55918008954575,110.55918008954572,2.842170943040401e-14,0.3704803162145842,0.002894377470426439,0.6064806225295736
near_1e12,secondary_control,7,256,0.1,256,0,0,1.0,0.0,0.0,0.9999072436792037,1e-10,0.680075349252532,230.4,230.4,0.0,209.7677366137312,209.76773661373116,2.842170943040401e-14,253.06160450093338,0.988521892581771,0.011478107418228967
near_1e12,secondary_control,7,256,0.15,256,0,0,1.0,0.0,0.0,0.9998608655188056,1e-10,0.5201130238787981,217.6,217.60000000000002,2.842170943040401e-14,190.3774073808951,190.37740738089514,2.842170943040401e-14,248.71522651459154,0.9715438535726232,0.028456146427376816
near_1e12,secondary_control,7,256,0.2,256,0,0,1.0,0.0,0.0,0.9998144873584075,1e-10,0.360150698505064,204.8,204.8,0.0,173.47094645492467,173.47094645492467,0.0,241.78711684667405,0.9444809251823205,0.05551907481767948
near_1e12,secondary_control,7,256,0.25,256,0,0,1.0,0.0,0.0,0.9997681091980093,1e-10,0.2001883731313301,192.0,192.0,0.0,159.0483538358198,159.0483538358198,0.0,231.7785699187648,0.905385038745175,0.09461496125482505
near_1e12,secondary_control,7,256,0.3,256,0,0,1.0,0.0,0.0,0.9997217310376112,1e-10,0.040226047757596195,179.2,179.2,0.0,147.10962952358048,147.10962952358048,0.0,218.290536819363,0.8526974094506368,0.14730259054936323
near_1e12,secondary_control,7,256,0.35,248,8,0,0.96875,0.03125,0.0,0.9996753528772131,1e-10,0.0008295478288395941,166.4,166.4,0.0,137.65477351820678,137.65477351820675,2.842170943040401e-14,201.14783739292375,0.7857337398161084,0.1830162601838916
near_1e12,secondary_control,7,256,0.4,226,30,0,0.8828125,0.1171875,0.0,0.9996289747168149,1e-10,0.001320262186703891,153.6,153.59999999999997,2.842170943040401e-14,130.68378581969864,130.68378581969864,0.0,180.53471478512762,0.7052137296294048,0.17759877037059524
near_1e12,secondary_control,7,256,0.45,213,43,0,0.83203125,0.16796875,0.0,0.9995825965564168,1e-10,0.005572563685051324,140.8,140.8,0.0,126.19666642805609,126.19666642805609,0.0,157.09321459217708,0.6136453695006917,0.2183858804993083
near_1e12,secondary_control,7,256,0.5,201,55,0,0.78515625,0.21484375,0.0,0.9995362183960187,1e-10,0.00012332153100225174,128.0,128.0,0.0,124.19341534327913,124.19341534327913,0.0,131.92325820747823,0.5153252273729618,0.2698310226270382
near_1e12,secondary_control,7,256,0.55,192,64,0,0.75,0.25,0.0,0.9994898402356205,1e-10,0.0030505478419758925,115.19999999999999,115.19999999999999,0.0,124.67403256536775,124.67403256536774,1.4210854715202004e-14,106.44590318390374,0.415804309312124,0.334195690687876
near_1e12,secondary_control,7,256,0.6,181,75,0,0.70703125,0.29296875,0.0,0.9994434620752224,1e-10,0.0007308931753391423,102.4,102.39999999999999,1.4210854715202004e-14,127.63851809432194,127.63851809432194,0.0,82.15200361579932,0.3209062641242161,0.3861249858757839
near_1e12,secondary_control,7,256,0.65,176,80,0,0.6875,0.3125,0.0,1.079510229858542,1.0795102298585419e-10,0.0002430779013560258,89.6,89.60000000000001,1.4210854715202004e-14,133.08687193014174,133.0868719301417,2.842170943040401e-14,60.32270413729491,0.23563556303630825,0.4518644369636917
near_1e12,secondary_control,7,256,0.7,171,85,0,0.66796875,0.33203125,0.0,1.2394725552322754,1.2394725552322753e-10,0.005636443276324066,76.80000000000001,76.80000000000001,0.0,141.01909407282707,141.01909407282707,0.0,41.8258253520899,0.16338213028160117,0.5045866197183988
near_1e12,secondary_control,7,256,0.75,168,88,0,0.65625,0.34375,0.0,1.3994348806060097,1.39943488060601e-10,0.0082829111289624,64.0,64.0,0.0,151.43518452237805,151.43518452237805,0.0,27.047875385886435,0.10565576322611889,0.5505942367738811
near_1e12,secondary_control,7,256,0.8,164,92,0,0.640625,0.359375,0.0,1.559397205979744,1.5593972059797442e-10,0.004973445314584213,51.19999999999999,51.19999999999999,0.0,164.3351432787946,164.3351432787946,0.0,15.951791854726565,0.062311686932525645,0.5783133130674744
near_1e12,secondary_control,7,256,0.85,161,95,0,0.62890625,0.37109375,0.0,1.7193595313534775,1.7193595313534775e-10,0.007992679167016625,38.400000000000006,38.39999999999999,1.4210854715202004e-14,179.71897034207666,179.7189703420767,2.842170943040401e-14,8.204809971887366,0.032050038952685024,0.596856211047315
near_1e12,secondary_control,7,256,0.9,157,99,0,0.61328125,0.38671875,0.0,1.8793218567272119,1.8793218567272118e-10,0.0017312572039761553,25.599999999999994,25.599999999999994,0.0,197.58666571222437,197.58666571222437,0.0,3.3168230135251155,0.012956339896582483,0.6003249101034175
near_1e12,secondary_control,7,256,0.95,155,101,0,0.60546875,0.39453125,0.0,2.0392841821009453,2.0392841821009454e-10,0.003253429264572505,12.800000000000011,12.800000000000026,1.4210854715202004e-14,217.93822938923768,217.93822938923765,2.842170943040401e-14,0.7517726488792476,0.0029366119096845607,0.6025321380903155
near_1e12,secondary_control,7,512,0.1,512,0,0,1.0,0.0,0.0,0.9999546582685025,1e-10,0.6800753492525318,460.8,460.79999999999995,5.684341886080802e-14,419.5160908948321,419.516090894832,5.684341886080802e-14,506.14659272564205,0.9885675639172696,0.011432436082730368
near_1e12,secondary_control,7,512,0.15,512,0,0,1.0,0.0,0.0,0.9999319874027537,1e-10,0.5201130238787979,435.2,435.2,0.0,380.7112045133721,380.7112045133721,0.0,497.48743340005257,0.9716551433594777,0.02834485664052233
near_1e12,secondary_control,7,512,0.2,512,0,0,1.0,0.0,0.0,0.9999093165370049,1e-10,0.36015069850506365,409.6,409.6,0.0,346.86436357932814,346.86436357932814,0.0,483.6823197077448,0.944692030679189,0.055307969320810946
near_1e12,secondary_control,7,512,0.25,512,0,0,1.0,0.0,0.0,0.9998866456712562,1e-10,0.20018837313132964,384.0,384.0,0.0,317.97556809270026,317.9755680927002,5.684341886080802e-14,463.7337418232452,0.9057299644985258,0.09427003550147417
near_1e12,secondary_control,7,512,0.3,512,0,0,1.0,0.0,0.0,0.9998639748055074,1e-10,0.04022604775759564,358.4,358.4,0.0,294.04481805348837,294.0448180534883,5.684341886080802e-14,436.8400737354063,0.8532032690144654,0.14679673098553458
near_1e12,secondary_control,7,512,0.35,499,13,0,0.974609375,0.025390625,0.0,0.9998413039397586,1e-10,0.0008295480249342901,332.8,332.79999999999995,5.684341886080802e-14,275.0721134616925,275.0721134616925,0.0,402.64292372706933,0.7864119604044323,0.1881974145955677
near_1e12,secondary_control,7,512,0.4,452,60,0,0.8828125,0.1171875,0.0,0.9998186330740099,1e-10,0.00022654140386868526,307.2,307.19999999999993,5.684341886080802e-14,261.0574543173126,261.0574543173126,0.0,361.4983538653986,0.7060514723933566,0.17676102760664336
near_1e12,secondary_control,7,512,0.45,425,87,0,0.830078125,0.169921875,0.0,0.9997959622082611,1e-10,0.0008354962674925748,281.6,281.59999999999997,5.684341886080802e-14,252.00084062034875,252.0008406203488,5.684341886080802e-14,314.6757757029353,0.6146011244197955,0.21547700058020447
near_1e12,secondary_control,7,512,0.5,404,108,0,0.7890625,0.2109375,0.0,0.9997732913425124,1e-10,0.00012300416313293372,256.0,255.99999999999994,5.684341886080802e-14,247.90227237080094,247.902272370801,5.684341886080802e-14,264.3622398990124,0.5163324998027586,0.27273000019724136
near_1e12,secondary_control,7,512,0.55,383,129,0,0.748046875,0.251953125,0.0,0.9997506204767636,1e-10,0.0030505478872714376,230.39999999999998,230.39999999999995,2.842170943040401e-14,248.76174956866913,248.76174956866922,8.526512829121202e-14,213.39357876378995,0.41678433352302724,0.33126254147697276
near_1e12,secondary_control,7,512,0.6,364,148,0,0.7109375,0.2890625,0.0,0.9997279496110147,1e-10,0.0007308931753393644,204.8,204.79999999999995,5.684341886080802e-14,254.57927221395335,254.5792722139534,5.684341886080802e-14,164.75434011277346,0.32178582053276067,0.38915167946723933
near_1e12,secondary_control,7,512,0.65,353,159,0,0.689453125,0.310546875,0.0,1.0795102298585428,1.0795102298585428e-10,0.0002430778910729181,179.2,179.19999999999993,5.684341886080802e-14,265.3548403066536,265.3548403066537,1.1368683772161603e-13,121.01772842315397,0.2363627508264726,0.4530903741735274
near_1e12,secondary_control,7,512,0.7,343,169,0,0.669921875,0.330078125,0.0,1.2394725552322767,1.239472555232277e-10,0.002304489225154027,153.60000000000002,153.59999999999997,5.684341886080802e-14,281.0884538467698,281.08845384677,1.7053025658242404e-13,83.93429070857984,0.163934161540195,0.505987713459805
near_1e12,secondary_control,7,512,0.75,336,176,0,0.65625,0.34375,0.0,1.399434880606011,1.3994348806060112e-10,0.002005694769180555,128.0,127.99999999999996,4.263256414560601e-14,301.78011283430214,301.78011283430226,1.1368683772161603e-13,54.29118521469946,0.10603747112245988,0.5502125288775401
near_1e12,secondary_control,7,512,0.8,330,182,0,0.64453125,0.35546875,0.0,1.5593972059797454,1.5593972059797455e-10,0.0010782812683791665,102.39999999999998,102.3999999999999,7.105427357601002e-14,327.4298172692505,327.42981726925063,1.1368683772161603e-13,32.02445057524311,0.0625477550297717,0.5819834949702283
near_1e12,secondary_control,7,512,0.85,322,190,0,0.62890625,0.37109375,0.0,1.7193595313534793,1.7193595313534793e-10,0.0056934593557610436,76.80000000000001,76.79999999999998,2.842170943040401e-14,358.03756715161467,358.0375671516149,2.2737367544323206e-13,16.473802028440026,0.03217539458679693,0.596730855413203
near_1e12,secondary_control,7,512,0.9,312,200,0,0.609375,0.390625,0.0,1.8793218567272132,1.8793218567272134e-10,0.0007128345499638478,51.19999999999999,51.1999999999999,8.526512829121202e-14,393.60336248139504,393.60336248139527,2.2737367544323206e-13,6.66010570507743,0.013008018955229355,0.5963669810447706
near_1e12,secondary_control,7,512,0.95,308,204,0,0.6015625,0.3984375,0.0,2.039284182100947,2.0392841821009472e-10,0.0030599562872511976,25.600000000000023,25.599999999999937,8.526512829121202e-14,434.1272032585914,434.12720325859163,2.2737367544323206e-13,1.5096036255752225,0.0029484445812016065,0.5986140554187984
near_1e12,secondary_control,8,128,0.1,128,0,0,1.0,0.0,0.0,0.999990579100394,1e-10,0.6612992402203609,115.2,115.2,0.0,104.93402380938016,104.93402380938016,0.0,126.47032409724184,0.9880494070097019,0.011950592990298103
near_1e12,secondary_control,8,128,0.15,128,0,0,1.0,0.0,0.0,0.9999858686505911,1e-10,0.4919488603305414,108.8,108.8,0.0,95.30155357110534,95.30155357110534,0.0,124.2103570868651,0.9703934147411336,0.02960658525886639
near_1e12,secondary_control,8,128,0.2,128,0,0,1.0,0.0,0.0,0.9999811582007881,1e-10,0.3225984804407218,102.4,102.39999999999999,1.4210854715202004e-14,86.93609523752063,86.93609523752063,0.0,120.61457293833537,0.9423013510807451,0.05769864891925491
near_1e12,secondary_control,8,128,0.25,128,0,0,1.0,0.0,0.0,0.9999764477509852,1e-10,0.15324810055090232,96.0,96.0,0.0,79.83764880862599,79.83764880862599,0.0,115.43426112273319,0.901830165021353,0.09816983497864695
near_1e12,secondary_control,8,128,0.3,126,2,0,0.984375,0.015625,0.0,0.9999717373011822,1e-10,0.01186554646711624,89.6,89.60000000000001,1.4210854715202004e-14,74.00621428442142,74.00621428442142,0.0,108.4795388823173,0.8474963975181039,0.1368786024818961
near_1e12,secondary_control,8,128,0.35,122,6,0,0.953125,0.046875,0.0,0.9999670268513792,1e-10,0.002560438307628754,83.2,83.19999999999999,1.4210854715202004e-14,69.44179166490693,69.44179166490693,0.0,99.6840639337683,0.7787817494825648,0.17434325051743516
near_1e12,secondary_control,8,128,0.4,112,16,0,0.875,0.125,0.0,0.9999623164015763,1e-10,0.002523400255301178,76.8,76.80000000000001,1.4210854715202004e-14,66.14438095008254,66.14438095008254,0.0,89.17220049955944,0.6966578164028081,0.1783421835971919
near_1e12,secondary_control,8,128,0.45,105,23,0,0.8203125,0.1796875,0.0,0.9999576059517733,1e-10,0.006248583873845748,70.4,70.4,0.0,64.1139821399482,64.11398213994818,2.842170943040401e-14,77.30232680262597,0.6039244281455154,0.2163880718544846
near_1e12,secondary_control,8,128,0.5,101,27,0,0.7890625,0.2109375,0.0,0.9999528955019703,1e-10,0.017621898480304488,64.0,64.0,0.0,63.35059523450395,63.350595234503935,1.4210854715202004e-14,64.65606179133594,0.5051254827448121,0.28393701725518794
near_1e12,secondary_control,8,128,0.55,98,30,0,0.765625,0.234375,0.0,0.9999481850521673,1e-10,0.0017706421139218609,57.599999999999994,57.6,7.105427357601002e-15,63.854220233749786,63.85422023374976,2.842170943040401e-14,51.958351192055055,0.4059246186879301,0.3597003813120699
near_1e12,secondary_control,8,128,0.6,94,34,0,0.734375,0.265625,0.0,1.0322045586778343,1.0322045586778344e-10,0.0032767695782840445,51.2,51.20000000000001,7.105427357601002e-15,65.6248571376857,65.62485713768565,4.263256414560601e-14,39.94583934102942,0.31207686985179234,0.42229813014820766
near_1e12,secondary_control,8,128,0.65,89,39,0,0.6953125,0.3046875,0.0,1.201554938567654,1.201554938567654e-10,0.033333013043695514,44.8,44.80000000000001,1.4210854715202004e-14,68.66250594631168,68.66250594631165,2.842170943040401e-14,29.230509028746148,0.22836335178707928,0.4669491482129207
near_1e12,secondary_control,8,128,0.7,87,41,0,0.6796875,0.3203125,0.0,1.3709053184574733,1.3709053184574735e-10,0.006320297936538433,38.400000000000006,38.40000000000002,1.4210854715202004e-14,72.96716665962774,72.9671666596277,4.263256414560601e-14,20.208541286499823,0.15787922880077987,0.5218082711992201
near_1e12,secondary_control,8,128,0.75,86,42,0,0.671875,0.328125,0.0,1.540255698347293,1.540255698347293e-10,0.03978489101622418,32.0,32.000000000000014,1.4210854715202004e-14,78.53883927763388,78.53883927763384,4.263256414560601e-14,13.038135136937433,0.10186043075732369,0.5700145692426763
near_1e12,secondary_control,8,128,0.8,84,44,0,0.65625,0.34375,0.0,1.7096060782371127,1.7096060782371128e-10,0.0020855291285086786,25.599999999999994,25.60000000000001,1.4210854715202004e-14,85.37752380033012,85.37752380033007,5.684341886080802e-14,7.676024916495243,0.05996894466011909,0.596281055339881
near_1e12,secondary_control,8,128,0.85,82,46,0,0.640625,0.359375,0.0,1.878956458126932,1.8789564581269322e-10,0.021849326115095824,19.200000000000003,19.200000000000017,1.4210854715202004e-14,93.4832202277164,93.48322022771634,5.684341886080802e-14,3.943381487094983,0.030807667867929555,0.6098173321320705
near_1e12,secondary_control,8,128,0.9,80,48,0,0.625,0.375,0.0,2.0483068380167517,2.048306838016752e-10,0.010459268605030103,12.799999999999997,12.80000000000001,1.2434497875801753e-14,102.8559285597928,102.85592855979273,7.105427357601002e-14,1.5929076942293658,0.01244459136116692,0.6125554086388331
near_1e12,secondary_control,8,128,0.95,79,49,0,0.6171875,0.3828125,0.0,2.217657217906571,2.217657217906571e-10,0.01460554157277405,6.400000000000006,6.400000000000016,1.0658141036401503e-14,113.49564879655927,113.49564879655917,9.947598300641403e-14,0.3608948927497722,0.0028194913496075954,0.6143680086503924
near_1e12,secondary_control,8,256,0.1,256,0,0,1.0,0.0,0.0,0.9999905791003969,1e-10,0.6612992402203604,230.4,230.39999999999998,2.842170943040401e-14,209.81266236448536,209.81266236448533,2.842170943040401e-14,253.0074181499232,0.9883102271481375,0.011689772851862457
near_1e12,secondary_control,8,256,0.15,256,0,0,1.0,0.0,0.0,0.9999858686505952,1e-10,0.4919488603305405,217.6,217.6,0.0,190.47849032009202,190.47849032009202,0.0,248.58323856111252,0.9710282756293458,0.028971724370654206
near_1e12,secondary_control,8,256,0.2,256,0,0,1.0,0.0,0.0,0.9999811582007937,1e-10,0.3225984804407206,204.8,204.8,0.0,173.65064945794143,173.65064945794143,0.0,241.53690257380066,0.9435035256789088,0.05649647432109117
near_1e12,secondary_control,8,256,0.25,256,0,0,1.0,0.0,0.0,0.9999764477509921,1e-10,0.15324810055090077,192.0,192.0,0.0,159.32913977803346,159.32913977803344,2.842170943040401e-14,231.37010625524258,0.9037894775595413,0.09621052244045869
near_1e12,secondary_control,8,256,0.3,254,2,0,0.9921875,0.0078125,0.0,0.9999717373011906,1e-10,0.011865546467117571,179.2,179.2,0.0,147.5139612803682,147.51396128036816,2.842170943040401e-14,217.692208393523,0.8503601890371992,0.14182731096280077
near_1e12,secondary_control,8,256,0.35,248,8,0,0.96875,0.03125,0.0,0.9999670268513889,1e-10,0.0020557008174848512,166.4,166.4,0.0,138.20511396494558,138.20511396494558,0.0,200.3468555224595,0.7826049043846074,0.1861450956153926
near_1e12,secondary_control,8,256,0.4,227,29,0,0.88671875,0.11328125,0.0,0.9999623164015874,1e-10,0.0025234002553122803,153.6,153.6,0.0,131.40259783176566,131.40259783176566,0.0,179.54713521117742,0.7013559969186618,0.1853627530813382
near_1e12,secondary_control,8,256,0.45,210,46,0,0.8203125,0.1796875,0.0,0.9999576059517858,1e-10,0.00309243113745139,140.8,140.79999999999998,2.842170943040401e-14,127.1064128808284,127.1064128808284,0.0,155.96884178131168,0.6092532882082488,0.21105921179175124
near_1e12,secondary_control,8,256,0.5,200,56,0,0.78125,0.21875,0.0,0.9999528955019843,1e-10,0.012407596763375217,128.0,127.99999999999999,1.4210854715202004e-14,125.31655911213383,125.31655911213383,0.0,130.7409022086181,0.5107066492524145,0.2705433507475855
near_1e12,secondary_control,8,256,0.55,195,61,0,0.76171875,0.23828125,0.0,0.9999481850521827,1e-10,0.0017706419458053402,115.19999999999999,115.19999999999999,0.0,126.03303652568192,126.03303652568195,2.842170943040401e-14,105.29810568593052,0.4113207253356661,0.3503980246643339
near_1e12,secondary_control,8,256,0.6,185,71,0,0.72265625,0.27734375,0.0,1.032204558677838,1.032204558677838e-10,0.0034095616471785384,102.4,102.39999999999999,1.4210854715202004e-14,129.25584512147273,129.25584512147273,0.0,81.12406823958824,0.31689089156089156,0.40576535843910844
near_1e12,secondary_control,8,256,0.65,178,78,0,0.6953125,0.3046875,0.0,1.201554938567658,1.2015549385676582e-10,1.6579380624159867e-05,89.6,89.59999999999998,1.4210854715202004e-14,134.98498489950617,134.9849848995062,2.842170943040401e-14,59.474466778485144,0.2323221358534576,0.4629903641465424
near_1e12,secondary_control,8,256,0.7,174,82,0,0.6796875,0.3203125,0.0,1.3709053184574778,1.3709053184574778e-10,0.007224845279730885,76.80000000000001,76.79999999999998,2.842170943040401e-14,143.2204558597823,143.22045585978233,2.842170943040401e-14,41.182943906941475,0.16087087463649014,0.5188166253635098
near_1e12,secondary_control,8,256,0.75,170,86,0,0.6640625,0.3359375,0.0,1.5402556983472975,1.5402556983472975e-10,0.0206712589931477,64.0,64.0,0.0,153.9622580023011,153.96225800230116,5.684341886080802e-14,26.603922631082625,0.1039215727776665,0.5601409272223334
near_1e12,secondary_control,8,256,0.8,167,89,0,0.65234375,0.34765625,0.0,1.7096060782371176,1.7096060782371177e-10,0.002084681842678071,51.19999999999999,51.19999999999997,2.1316282072803006e-14,167.21039132706267,167.21039132706267,0.0,15.677494557574926,0.061240213115527055,0.5911035368844729
near_1e12,secondary_control,8,256,0.85,163,93,0,0.63671875,0.36328125,0.0,1.8789564581269373,1.8789564581269374e-10,0.0007833489157311746,38.400000000000006,38.400000000000006,0.0,182.96485583406673,182.9648558340668,8.526512829121202e-14,8.059252654167086,0.03148145568034018,0.6052372943196598
near_1e12,secondary_control,8,256,0.9,158,98,0,0.6171875,0.3828125,0.0,2.0483068380167575,2.0483068380167576e-10,0.01045926742676806,25.599999999999994,25.599999999999966,2.842170943040401e-14,201.22565152331362,201.22565152331367,5.684341886080802e-14,3.2568412378780196,0.012722036085461014,0.604465463914539
near_1e12,secondary_control,8,256,0.95,155,101,0,0.60546875,0.39453125,0.0,2.2176572179065768,2.2176572179065767e-10,0.014517633851955702,12.800000000000011,12.799999999999983,2.842170943040401e-14,221.9927783948031,221.99277839480317,5.684341886080802e-14,0.7380420263429426,0.0028829766654021195,0.6025857733345978
near_1e12,secondary_control,8,512,0.1,512,0,0,1.0,0.0,0.0,0.9999905791003969,1e-10,0.661299240220359,460.8,460.79999999999995,5.684341886080802e-14,419.64654760639735,419.64654760639735,0.0,505.9892454999027,0.9882602451169975,0.011739754883002496
near_1e12,secondary_control,8,512,0.15,512,0,0,1.0,0.0,0.0,0.9999858686505954,1e-10,0.49194886033053853,435.2,435.2,0.0,381.00473211439396,381.00473211439396,0.0,497.10416705043514,0.9709065762703811,0.029093423729618872
near_1e12,secondary_control,8,512,0.2,512,0,0,1.0,0.0,0.0,0.9999811582007937,1e-10,0.3225984804407179,409.6,409.6,0.0,347.3861904255893,347.38619042558923,5.684341886080802e-14,482.9557553639632,0.9432729596952406,0.05672704030475939
near_1e12,secondary_control,8,512,0.25,512,0,0,1.0,0.0,0.0,0.9999764477509921,1e-10,0.15324810055089744,384.0,384.0,0.0,318.7909225399832,318.7909225399833,5.684341886080802e-14,462.54767489970124,0.903413427538479,0.09658657246152103
near_1e12,secondary_control,8,512,0.3,510,2,0,0.99609375,0.00390625,0.0,0.9999717373011906,1e-10,0.011865546467114907,358.4,358.4,0.0,295.2189284575759,295.2189284575759,0.0,435.1027241752855,0.8498100081548545,0.14628374184514548
near_1e12,secondary_control,8,512,0.35,498,14,0,0.97265625,0.02734375,0.0,0.999967026851389,1e-10,0.0005770188983587055,332.8,332.8,0.0,276.67020817836715,276.6702081783672,5.684341886080802e-14,400.31718893490904,0.7818695096384942,0.19078674036150578
near_1e12,secondary_control,8,512,0.4,451,61,0,0.880859375,0.119140625,0.0,0.9999623164015875,1e-10,7.495805978696701e-05,307.2,307.19999999999993,5.684341886080802e-14,263.1447617023571,263.1447617023571,0.0,358.6308896649972,0.7004509563769477,0.18040841862305235
near_1e12,secondary_control,8,512,0.45,421,91,0,0.822265625,0.177734375,0.0,0.999957605951786,1e-10,0.0030922620517866983,281.6,281.59999999999997,5.684341886080802e-14,254.64258902954572,254.64258902954575,2.842170943040401e-14,311.41122269534867,0.6082250443268529,0.21404058067314713
near_1e12,secondary_control,8,512,0.5,398,114,0,0.77734375,0.22265625,0.0,0.9999528955019843,1e-10,0.003283242502576278,256.0,256.0,0.0,251.16369015993297,251.16369015993303,5.684341886080802e-14,260.92943593187687,0.509627804554447,0.267715945445553
near_1e12,secondary_control,8,512,0.55,385,127,0,0.751953125,0.248046875,0.0,0.9999481850521827,1e-10,0.001770641945809337,230.39999999999998,230.39999999999995,2.842170943040401e-14,252.70806509351888,252.708065093519,1.1368683772161603e-13,210.0612023615285,0.41027578586236035,0.34167733913763965
near_1e12,secondary_control,8,512,0.6,370,142,0,0.72265625,0.27734375,0.0,1.0322045586778459,1.0322045586778459e-10,0.0034038176328128333,204.8,204.8,0.0,259.27571383030346,259.2757138303036,1.1368683772161603e-13,161.7700299822598,0.3159570898091012,0.4066991601908988
near_1e12,secondary_control,8,512,0.65,356,156,0,0.6953125,0.3046875,0.0,1.201554938567667,1.201554938567667e-10,1.657936111920666e-05,179.2,179.19999999999996,2.842170943040401e-14,270.86663637028676,270.86663637028687,1.1368683772161603e-13,118.55516954882766,0.23155306552505403,0.46375943447494594
near_1e12,secondary_control,8,512,0.7,349,163,0,0.681640625,0.318359375,0.0,1.370905318457487,1.3709053184574872e-10,0.007224845270816127,153.60000000000002,153.6,2.842170943040401e-14,287.4808327134686,287.4808327134687,1.1368683772161603e-13,82.06794093822265,0.1602889471449661,0.5213516778550339
near_1e12,secondary_control,8,512,0.75,341,171,0,0.666015625,0.333984375,0.0,1.5402556983473077,1.5402556983473079e-10,0.007525500236954752,128.0,127.99999999999996,4.263256414560601e-14,309.1183028598492,309.11830285984934,1.1368683772161603e-13,53.002361388572716,0.10352023708705609,0.562495387912944
near_1e12,secondary_control,8,512,0.8,332,180,0,0.6484375,0.3515625,0.0,1.7096060782371283,1.7096060782371283e-10,0.0020846818369497644,102.39999999999998,102.39999999999996,1.4210854715202004e-14,335.77904680942845,335.7790468094286,1.7053025658242404e-13,31.228154644060304,0.06099248953918028,0.5874450104608198
near_1e12,secondary_control,8,512,0.85,325,187,0,0.634765625,0.365234375,0.0,1.8789564581269484,1.8789564581269485e-10,0.0007834817509795311,76.80000000000001,76.79999999999998,2.842170943040401e-14,367.4630645622062,367.46306456220645,2.2737367544323206e-13,16.051245876989398,0.03135008960349492,0.603415535396505
near_1e12,secondary_control,8,512,0.9,317,195,0,0.619140625,0.380859375,0.0,2.0483068380167695,2.0483068380167695e-10,0.0038066947946830965,51.19999999999999,51.19999999999999,0.0,404.1703561181829,404.17035611818307,1.7053025658242404e-13,6.485977905894383,0.012667925597449966,0.60647269940255
near_1e12,secondary_control,8,512,0.95,309,203,0,0.603515625,0.396484375,0.0,2.2176572179065897,2.2176572179065897e-10,0.0014236749277276584,25.600000000000023,25.600000000000023,0.0,445.900921477358,445.9009214773582,2.2737367544323206e-13,1.4697435426432037,0.0028705928567250073,0.600645032143275
near_1e12,secondary_control,9,128,0.1,128,0,0,1.0,0.0,0.0,0.9999621561689223,1e-10,0.6834330138955307,115.2,115.20000000000002,1.4210854715202004e-14,104.89512180608243,104.89512180608244,1.4210854715202004e-14,126.5172276031474,0.9884158406495891,0.011584159350410905
near_1e12,secondary_control,9,128,0.15,128,0,0,1.0,0.0,0.0,0.9999432342533835,1e-10,0.5251495208432959,108.8,108.80000000000001,1.4210854715202004e-14,95.21402406368546,95.21402406368547,1.4210854715202004e-14,124.32454269638193,0.9712854898154838,0.028714510184516207
near_1e12,secondary_control,9,128,0.2,128,0,0,1.0,0.0,0.0,0.9999243123378446,1e-10,0.36686602779106126,102.4,102.4,0.0,86.78048722432972,86.7804872243297,1.4210854715202004e-14,120.830849599796,0.9439910124984062,0.05600898750159378
near_1e12,secondary_control,9,128,0.25,128,0,0,1.0,0.0,0.0,0.9999053904223058,1e-10,0.2085825347388266,96.0,96.0,0.0,79.59451128801518,79.59451128801518,0.0,115.7868784023514,0.9045849875183704,0.09541501248162965
near_1e12,secondary_control,9,128,0.3,128,0,0,1.0,0.0,0.0,0.9998864685067669,1e-10,0.05029904168659194,89.6,89.6,0.0,73.65609625474187,73.65609625474185,1.4210854715202004e-14,108.99518720398052,0.8515249000310978,0.14847509996890218
near_1e12,secondary_control,9,128,0.35,124,4,0,0.96875,0.03125,0.0,0.999867546591228,1e-10,0.009553537533235734,83.2,83.20000000000002,1.4210854715202004e-14,68.96524212450976,68.96524212450976,0.0,100.37288040695337,0.7841631281793232,0.1845868718206768
near_1e12,secondary_control,9,128,0.4,114,14,0,0.890625,0.109375,0.0,0.9998486246756892,1e-10,0.010655892984078097,76.8,76.80000000000001,1.4210854715202004e-14,65.52194889731886,65.52194889731886,0.0,90.01930039112975,0.7032757843057011,0.18734921569429885
near_1e12,secondary_control,9,128,0.45,107,21,0,0.8359375,0.1640625,0.0,0.9998297027601504,1e-10,0.003007715692472157,70.4,70.4,0.0,63.326216573169184,63.32621657316919,7.105427357601002e-15,78.26395240703337,0.6114371281799482,0.22450037182005178
near_1e12,secondary_control,9,128,0.5,99,29,0,0.7734375,0.2265625,0.0,0.9998107808446115,1e-10,0.005645596927017715,64.0,64.0,0.0,62.37804515206072,62.37804515206072,0.0,65.66412894176253,0.5130010073575197,0.26043649264248026
near_1e12,secondary_control,9,128,0.55,95,33,0,0.7421875,0.2578125,0.0,0.9997918589290726,1e-10,0.023680825727093402,57.599999999999994,57.599999999999994,0.0,62.67743463399347,62.677434633993485,1.4210854715202004e-14,52.93388313312672,0.4135459619775525,0.3286415380224475
near_1e12,secondary_control,9,128,0.6,92,36,0,0.71875,0.28125,0.0,0.9997729370135339,1e-10,0.012608406487181534,51.2,51.2,0.0,64.22438501896744,64.22438501896744,0.0,40.8168953151643,0.3188819946497211,0.3998680053502789
near_1e12,secondary_control,9,128,0.65,88,40,0,0.6875,0.3125,0.0,1.057685409679051,1.0576854096790509e-10,0.03350855683360976,44.8,44.80000000000001,1.4210854715202004e-14,67.01889630698263,67.01889630698264,1.4210854715202004e-14,29.94737470469039,0.23396386488039367,0.45353613511960633
near_1e12,secondary_control,9,128,0.7,87,41,0,0.6796875,0.3203125,0.0,1.2159689027312854,1.2159689027312855e-10,0.0035426186041439545,38.400000000000006,38.40000000000002,1.4210854715202004e-14,71.060968498039,71.06096849803902,1.4210854715202004e-14,20.75063190337312,0.1621143117451025,0.5175731882548975
near_1e12,secondary_control,9,128,0.75,85,43,0,0.6640625,0.3359375,0.0,1.37425239578352,1.37425239578352e-10,0.03310865568948729,32.0,32.000000000000014,1.4210854715202004e-14,76.35060159213663,76.35060159213663,0.0,13.411813117992015,0.10477978998431262,0.5592827100156874
near_1e12,secondary_control,9,128,0.8,83,45,0,0.6484375,0.3515625,0.0,1.532535888835755,1.532535888835755e-10,0.002304517004519724,25.599999999999994,25.6,7.105427357601002e-15,82.88779558927547,82.88779558927546,1.4210854715202004e-14,7.906592223147435,0.06177025174333933,0.5866672482566606
near_1e12,secondary_control,9,128,0.85,80,48,0,0.625,0.375,0.0,1.6908193818879895,1.6908193818879895e-10,0.005562708551701823,19.200000000000003,19.200000000000014,1.0658141036401503e-14,90.67255048945546,90.67255048945549,2.842170943040401e-14,4.0656185142037025,0.031762644642216425,0.5932373553577835
near_1e12,secondary_control,9,128,0.9,77,51,0,0.6015625,0.3984375,0.0,1.8491028749402245,1.8491028749402246e-10,0.0076174436927924916,12.799999999999997,12.800000000000006,8.881784197001252e-15,99.70486629267674,99.70486629267675,1.4210854715202004e-14,1.6432497840081237,0.012837888937563467,0.5887246110624366
near_1e12,secondary_control,9,128,0.95,77,51,0,0.6015625,0.3984375,0.0,2.0073863679924586,2.0073863679924588e-10,0.02612433118576174,6.400000000000006,6.400000000000012,6.217248937900877e-15,109.9847429989392,109.98474299893921,1.4210854715202004e-14,0.3724152903680025,0.0029094944560000197,0.598653005544
near_1e12,secondary_control,9,256,0.1,256,0,0,1.0,0.0,0.0,0.9999621561689224,1e-10,0.683433013895531,230.4,230.4,0.0,209.74196212894424,209.74196212894424,0.0,253.09270239097486,0.9886433687147456,0.011356631285254437
near_1e12,secondary_control,9,256,0.15,256,0,0,1.0,0.0,0.0,0.9999432342533836,1e-10,0.5251495208432966,217.6,217.6,0.0,190.3194147901245,190.31941479012454,2.842170943040401e-14,248.79101300419157,0.9718398945476233,0.028160105452376682
near_1e12,secondary_control,9,256,0.2,256,0,0,1.0,0.0,0.0,0.9999243123378448,1e-10,0.36686602779106203,204.8,204.8,0.0,173.36784851577696,173.36784851577693,2.842170943040401e-14,241.93090217753422,0.945042586630993,0.05495741336900695
near_1e12,secondary_control,9,256,0.25,256,0,0,1.0,0.0,0.0,0.999905390422306,1e-10,0.2085825347388276,192.0,192.0,0.0,158.88726330590148,158.88726330590146,2.842170943040401e-14,232.01356252846213,0.9063029786268052,0.0936970213731948
near_1e12,secondary_control,9,256,0.3,256,0,0,1.0,0.0,0.0,0.9998864685067672,1e-10,0.05029904168659316,179.2,179.2,0.0,146.87765916049813,146.87765916049813,0.0,218.63529268879103,0.8540441120655899,0.14595588793441006
near_1e12,secondary_control,9,256,0.35,250,6,0,0.9765625,0.0234375,0.0,0.9998675465912283,1e-10,0.003354396115024527,166.4,166.4,0.0,137.3390360795669,137.33903607956688,2.842170943040401e-14,201.61026894027782,0.7875401130479602,0.18902238695203977
near_1e12,secondary_control,9,256,0.4,227,29,0,0.88671875,0.11328125,0.0,0.9998486246756896,1e-10,0.012214449256232829,153.6,153.59999999999997,2.842170943040401e-14,130.27139406310778,130.27139406310778,0.0,181.10622189681018,0.7074461792844148,0.17927257071558522
near_1e12,secondary_control,9,256,0.45,213,43,0,0.83203125,0.16796875,0.0,0.9998297027601508,1e-10,0.0011373845532718363,140.8,140.79999999999998,2.842170943040401e-14,125.6747331111208,125.67473311112079,1.4210854715202004e-14,157.7456304002745,0.6161938687510723,0.2158373812489277
near_1e12,secondary_control,9,256,0.5,200,56,0,0.78125,0.21875,0.0,0.999810780844612,1e-10,0.005645596948685494,128.0,127.99999999999997,2.842170943040401e-14,123.54905322360592,123.54905322360594,1.4210854715202004e-14,132.61129545321023,0.5180128728641025,0.26323712713589753
near_1e12,secondary_control,9,256,0.55,193,63,0,0.75390625,0.24609375,0.0,0.9997918589290732,1e-10,0.013332797471861224,115.19999999999999,115.19999999999997,1.4210854715202004e-14,123.89435440056317,123.89435440056319,1.4210854715202004e-14,107.11577669708308,0.4184210027229808,0.3354852472770192
near_1e12,secondary_control,9,256,0.6,185,71,0,0.72265625,0.27734375,0.0,0.9997729370135344,1e-10,0.0001966369965258341,102.4,102.39999999999998,2.842170943040401e-14,126.71063664199252,126.71063664199252,0.0,82.75358942143433,0.32325620867747784,0.39940004132252216
near_1e12,secondary_control,9,256,0.65,177,79,0,0.69140625,0.30859375,0.0,1.0576854096790482,1.0576854096790483e-10,0.007036187703255425,89.6,89.59999999999997,2.842170943040401e-14,131.997899947894,131.99789994789404,2.842170943040401e-14,60.82036156006348,0.23757953734399798,0.45382671265600205
near_1e12,secondary_control,9,256,0.7,175,81,0,0.68359375,0.31640625,0.0,1.2159689027312828,1.215968902731283e-10,0.0033915730118279086,76.80000000000001,76.79999999999998,2.842170943040401e-14,139.75614431826762,139.75614431826762,0.0,42.20379739847358,0.16485858358778743,0.5187351664122126
near_1e12,secondary_control,9,256,0.75,168,88,0,0.65625,0.34375,0.0,1.3742523957835173,1.3742523957835174e-10,0.008289916112182771,64.0,63.99999999999999,7.105427357601002e-15,149.98536975311333,149.98536975311336,2.842170943040401e-14,27.309330281628867,0.10667707141261276,0.5495729285873873
near_1e12,secondary_control,9,256,0.8,165,91,0,0.64453125,0.35546875,0.0,1.5325358888357519,1.532535888835752e-10,0.002304505199941742,51.19999999999999,51.19999999999996,2.842170943040401e-14,162.6855762524312,162.68557625243122,2.842170943040401e-14,16.113536678460292,0.06294350265023552,0.5815877473497645
near_1e12,secondary_control,9,256,0.85,161,95,0,0.62890625,0.37109375,0.0,1.690819381887986,1.690819381887986e-10,0.0030098577812058824,38.400000000000006,38.39999999999998,2.842170943040401e-14,177.85676381622108,177.85676381622116,8.526512829121202e-14,8.290716463972432,0.03238561118739231,0.5965206388126076
near_1e12,secondary_control,9,256,0.9,156,100,0,0.609375,0.390625,0.0,1.8491028749402205,1.8491028749402207e-10,0.007363006630928481,25.599999999999994,25.59999999999998,1.4210854715202004e-14,195.49893244448322,195.49893244448324,2.842170943040401e-14,3.352243369339653,0.01309470066148302,0.596280299338517
near_1e12,secondary_control,9,256,0.95,152,104,0,0.59375,0.40625,0.0,2.007386367992455,2.0073863679924552e-10,0.021738571094597425,12.800000000000011,12.799999999999983,2.842170943040401e-14,215.61208213721739,215.61208213721744,5.684341886080802e-14,0.7598832049482789,0.0029682937693292144,0.5907817062306708
near_1e12,secondary_control,9,512,0.1,512,0,0,1.0,0.0,0.0,0.9999621561689224,1e-10,0.6788087546597221,460.8,460.79999999999995,5.684341886080802e-14,419.5470221822611,419.5470221822611,0.0,506.1092768470562,0.9884946813419067,0.011505318658093344
near_1e12,secondary_control,9,512,0.15,512,0,0,1.0,0.0,0.0,0.9999432342533835,1e-10,0.5182131319895832,435.2,435.20000000000005,5.684341886080802e-14,380.7807999100874,380.78079991008747,5.684341886080802e-14,497.39650750437573,0.9714775537194839,0.028522446280516145
near_1e12,secondary_control,9,512,0.2,512,0,0,1.0,0.0,0.0,0.9999243123378446,1e-10,0.35761750931944425,409.6,409.6,0.0,346.9880887290443,346.9880887290443,0.0,483.50985365094124,0.9443551829119946,0.055644817088005394
near_1e12,secondary_control,9,512,0.25,512,0,0,1.0,0.0,0.0,0.9999053904223059,1e-10,0.1970218866493053,384.0,384.00000000000006,5.684341886080802e-14,318.16888863913175,318.16888863913175,0.0,463.4519755551747,0.9051796397562006,0.09482036024379936
near_1e12,secondary_control,9,512,0.3,512,0,0,1.0,0.0,0.0,0.999886468506767,1e-10,0.03642626397916637,358.4,358.40000000000003,5.684341886080802e-14,294.3231996403497,294.3231996403497,0.0,436.42689450563546,0.8523962783313193,0.14760372166868074
near_1e12,secondary_control,9,512,0.35,500,12,0,0.9765625,0.0234375,0.0,0.9998675465912281,1e-10,0.003354396115024638,332.8,332.80000000000007,5.684341886080802e-14,275.45102173269817,275.4510217326982,5.684341886080802e-14,402.0890512705346,0.7853301782627629,0.19123232173723714
near_1e12,secondary_control,9,512,0.4,454,58,0,0.88671875,0.11328125,0.0,0.9998486246756894,1e-10,0.0030834356364803917,307.2,307.20000000000005,5.684341886080802e-14,261.55235491617725,261.55235491617725,0.0,360.8143387974635,0.7047155054637959,0.1820032445362041
near_1e12,secondary_control,9,512,0.45,423,89,0,0.826171875,0.173828125,0.0,0.9998297027601505,1e-10,0.0011373840562759474,281.6,281.6,0.0,252.6271991907868,252.6271991907868,0.0,313.8955751954202,0.613077295303555,0.21309457969644496
near_1e12,secondary_control,9,512,0.5,397,115,0,0.775390625,0.224609375,0.0,0.9998107808446117,1e-10,0.00564559694868394,256.0,256.00000000000006,5.684341886080802e-14,248.6755545565269,248.6755545565269,0.0,263.5401783535699,0.5147269108468162,0.2606637141531838
near_1e12,secondary_control,9,512,0.55,385,127,0,0.751953125,0.248046875,0.0,0.9997918589290729,1e-10,0.0012461412335862398,230.39999999999998,230.40000000000003,5.684341886080802e-14,249.69742101339756,249.69742101339753,2.842170943040401e-14,212.59394584276362,0.4152225504741477,0.3367305745258523
near_1e12,secondary_control,9,512,0.6,369,143,0,0.720703125,0.279296875,0.0,0.999772937013534,1e-10,0.001974551311107575,204.8,204.80000000000007,5.684341886080802e-14,255.69279856139872,255.69279856139872,0.0,164.0368451359742,0.3203844631561996,0.4003186618438004
near_1e12,secondary_control,9,512,0.65,354,158,0,0.69140625,0.30859375,0.0,1.087743094711806,1.0877430947118061e-10,0.00703618293617625,179.2,179.20000000000007,8.526512829121202e-14,266.6616872005305,266.6616872005304,5.684341886080802e-14,120.42464868922539,0.23520439197114335,0.45620185802885665
near_1e12,secondary_control,9,512,0.7,346,166,0,0.67578125,0.32421875,0.0,1.248338717381945,1.248338717381945e-10,0.0022046706924985227,153.60000000000002,153.60000000000008,5.684341886080802e-14,282.6040869307927,282.6040869307927,0.0,83.48414297977835,0.1630549667573796,0.5127262832426204
near_1e12,secondary_control,9,512,0.75,335,177,0,0.654296875,0.345703125,0.0,1.4089343400520842,1.4089343400520842e-10,0.0007894629927143182,128.0,128.0000000000001,1.1368683772161603e-13,303.51999775218553,303.5199977521854,1.1368683772161603e-13,53.97996877087821,0.1054296265056215,0.5488672484943785
near_1e12,secondary_control,9,512,0.8,327,185,0,0.638671875,0.361328125,0.0,1.569529962722223,1.569529962722223e-10,0.0021098984085961003,102.39999999999998,102.40000000000006,8.526512829121202e-14,329.40941966470893,329.4094196647088,1.1368683772161603e-13,31.83199803658614,0.0621718711652073,0.5765000038347927
near_1e12,secondary_control,9,512,0.85,322,190,0,0.62890625,0.37109375,0.0,1.7301255853923618,1.730125585392362e-10,0.0055564924823263695,76.80000000000001,76.80000000000013,1.1368683772161603e-13,360.2723526683626,360.2723526683626,0.0,16.371614297668412,0.03197580917513362,0.5969304408248663
near_1e12,secondary_control,9,512,0.9,312,200,0,0.609375,0.390625,0.0,1.890721208062501,1.890721208062501e-10,0.00736306877817583,51.19999999999999,51.200000000000074,8.526512829121202e-14,396.1087967631472,396.1087967631471,1.1368683772161603e-13,6.617979760665315,0.012925741720049443,0.5964492582799505
near_1e12,secondary_control,9,512,0.95,306,206,0,0.59765625,0.40234375,0.0,2.0513168307326395,2.0513168307326394e-10,0.006868660599493204,25.600000000000023,25.600000000000108,8.526512829121202e-14,436.9187519490621,436.9187519490619,1.7053025658242404e-13,1.4999585096233312,0.0029296064641080688,0.5947266435358919
near_1e12,secondary_control,10,128,0.1,128,0,0,1.0,0.0,0.0,0.9998579420875372,1e-10,0.7053283971756555,115.2,115.19999999999999,1.4210854715202004e-14,104.88472191878324,104.88472191878324,0.0,126.52977247035406,0.9885138474246411,0.011486152575358899
near_1e12,secondary_control,10,128,0.15,128,0,0,1.0,0.0,0.0,0.9997869131313057,1e-10,0.5579925957634834,108.8,108.79999999999998,1.4210854715202004e-14,95.19062431726228,95.19062431726228,0.0,124.35510413868928,0.97152425108351,0.028475748916489962
near_1e12,secondary_control,10,128,0.2,128,0,0,1.0,0.0,0.0,0.9997158841750743,1e-10,0.4106567943513111,102.4,102.4,0.0,86.73888767513296,86.73888767513294,1.4210854715202004e-14,120.88879948833087,0.944443746002585,0.05555625399741504
near_1e12,secondary_control,10,128,0.25,128,0,0,1.0,0.0,0.0,0.9996448552188428,1e-10,0.2633209929391389,96.0,95.99999999999999,1.4210854715202004e-14,79.52951199239524,79.52951199239524,0.0,115.88151076396962,0.9053243028435126,0.09467569715648738
near_1e12,secondary_control,10,128,0.3,128,0,0,1.0,0.0,0.0,0.9995738262626115,1e-10,0.11598519152696674,89.6,89.6,0.0,73.56249726904915,73.56249726904915,0.0,109.13386981191822,0.8526083579056111,0.14739164209438893
near_1e12,secondary_control,10,128,0.35,125,3,0,0.9765625,0.0234375,0.0,0.99950279730638,1e-10,0.002636976801706381,83.2,83.2,0.0,68.83784350509467,68.83784350509467,0.0,100.55864111268518,0.785614383692853,0.19094811630714703
near_1e12,secondary_control,10,128,0.4,112,16,0,0.875,0.125,0.0,0.9994317683501486,1e-10,0.0036111502268521,76.8,76.80000000000001,1.4210854715202004e-14,65.35555070053181,65.35555070053181,0.0,90.24849361344307,0.705066356355024,0.16993364364497598
near_1e12,secondary_control,10,128,0.45,105,23,0,0.8203125,0.1796875,0.0,0.9993607393939172,1e-10,0.001754015441963741,70.4,70.39999999999999,1.4210854715202004e-14,63.115618855360566,63.11561885536056,7.105427357601002e-15,78.52509552917205,0.6134773088216566,0.20683519117834337
near_1e12,secondary_control,10,128,0.5,102,26,0,0.796875,0.203125,0.0,0.9992897104376858,1e-10,0.0026025578276965833,64.0,64.0,0.0,62.11804796958094,62.118047969580935,7.105427357601002e-15,65.93896836561576,0.5151481903563732,0.28172680964362684
near_1e12,secondary_control,10,128,0.55,96,32,0,0.75,0.25,0.0,0.9992186814814543,1e-10,0.010631733204705007,57.599999999999994,57.59999999999999,7.105427357601002e-15,62.36283804319294,62.36283804319294,0.0,53.20091426407014,0.415632142688048,0.334367857311952
near_1e12,secondary_control,10,128,0.6,94,34,0,0.734375,0.265625,0.0,0.9991476525252229,1e-10,0.0008328210394843438,51.2,51.2,0.0,63.849989076196564,63.84998907619655,1.4210854715202004e-14,41.056232552705005,0.32075181681800785,0.41362318318199215
near_1e12,secondary_control,10,128,0.65,90,38,0,0.703125,0.296875,0.0,0.9990766235689915,1e-10,0.010297625343721473,44.8,44.8,0.0,66.5795010685918,66.57950106859178,1.4210854715202004e-14,30.145014122774803,0.23550792283417815,0.46761707716582185
near_1e12,secondary_control,10,128,0.7,87,41,0,0.6796875,0.3203125,0.0,1.0627012197704109,1.0627012197704109e-10,0.012162474729258577,38.400000000000006,38.400000000000006,0.0,70.55137402037865,70.55137402037865,0.0,20.900514277355907,0.16328526779184302,0.516402232208157
near_1e12,secondary_control,10,128,0.75,84,44,0,0.65625,0.34375,0.0,1.2100370211825835,1.2100370211825834e-10,0.005182254675511366,32.0,31.999999999999996,3.552713678800501e-15,75.76560793155713,75.76560793155713,0.0,13.515367037311051,0.10558880497899259,0.5506611950210074
near_1e12,secondary_control,10,128,0.8,82,46,0,0.640625,0.359375,0.0,1.3573728225947557,1.3573728225947558e-10,0.025285391567508864,25.599999999999994,25.599999999999987,7.105427357601002e-15,82.22220280212724,82.22220280212721,2.842170943040401e-14,7.970596477172517,0.06227028497791029,0.5783547150220897
near_1e12,secondary_control,10,128,0.85,81,47,0,0.6328125,0.3671875,0.0,1.5047086240069278,1.504708624006928e-10,0.017154103572889712,19.200000000000003,19.199999999999996,7.105427357601002e-15,89.92115863208892,89.92115863208892,0.0,4.099591304292298,0.03202805706478358,0.6007844429352164
near_1e12,secondary_control,10,128,0.9,80,48,0,0.625,0.375,0.0,1.6520444254191,1.6520444254191e-10,0.005991453603834351,12.799999999999997,12.799999999999992,5.329070518200751e-15,98.86247542144227,98.86247542144224,2.842170943040401e-14,1.657251644788015,0.012947278474906367,0.6120527215250936
near_1e12,secondary_control,10,128,0.95,77,51,0,0.6015625,0.3984375,0.0,1.7993802268312722,1.7993802268312722e-10,0.0055198742428597125,6.400000000000006,6.4,5.329070518200751e-15,109.04615317018721,109.04615317018718,2.842170943040401e-14,0.3756207698227944,0.0029345372642405813,0.5986279627357595
near_1e12,secondary_control,10,256,0.1,256,0,0,1.0,0.0,0.0,0.9998579420875372,1e-10,0.6758675894238833,230.4,230.4,0.0,209.72015988410587,209.72015988410587,0.0,253.1190135909443,0.9887461468396261,0.011253853160373861
near_1e12,secondary_control,10,256,0.15,256,0,0,1.0,0.0,0.0,0.9997869131313057,1e-10,0.513801384135825,217.6,217.60000000000002,2.842170943040401e-14,190.2703597392382,190.27035973923822,2.842170943040401e-14,248.85515571049487,0.9720904519941206,0.027909548005879414
near_1e12,secondary_control,10,256,0.2,256,0,0,1.0,0.0,0.0,0.9997158841750743,1e-10,0.3517351788477665,204.8,204.8,0.0,173.28063953642345,173.28063953642345,0.0,242.05266157956217,0.9455182092951647,0.054481790704835276
near_1e12,secondary_control,10,256,0.25,256,0,0,1.0,0.0,0.0,0.9996448552188428,1e-10,0.18966897355970824,192.0,192.0,0.0,158.75099927566166,158.75099927566166,0.0,232.21271153063964,0.9070809044165611,0.09291909558343892
near_1e12,secondary_control,10,256,0.3,256,0,0,1.0,0.0,0.0,0.9995738262626115,1e-10,0.02760276827164998,179.2,179.2,0.0,146.6814389569528,146.6814389569528,0.0,218.92776774179467,0.8551865927413854,0.14481340725861458
near_1e12,secondary_control,10,256,0.35,250,6,0,0.9765625,0.0234375,0.0,0.99950279730638,1e-10,0.0002070287960769246,166.4,166.40000000000003,2.842170943040401e-14,137.07195858029687,137.07195858029684,2.842170943040401e-14,202.0030959416093,0.7890745935219113,0.18748790647808866
near_1e12,secondary_control,10,256,0.4,228,28,0,0.890625,0.109375,0.0,0.9994317683501486,1e-10,0.0010372604972319621,153.6,153.60000000000002,2.842170943040401e-14,129.92255814569387,129.92255814569384,2.842170943040401e-14,181.59248352809593,0.7093456387816247,0.1812793612183753
near_1e12,secondary_control,10,256,0.45,212,44,0,0.828125,0.171875,0.0,0.9993607393939171,1e-10,0.0016322259358848568,140.8,140.8,0.0,125.23323765314379,125.23323765314376,2.842170943040401e-14,158.3017445808432,0.6183661897689188,0.20975881023108123
near_1e12,secondary_control,10,256,0.5,200,56,0,0.78125,0.21875,0.0,0.9992897104376858,1e-10,0.005493141483271957,128.0,128.00000000000003,2.842170943040401e-14,123.00399710264665,123.00399710264662,2.842170943040401e-14,133.19892349780778,0.5203082949133117,0.26094170508668835
near_1e12,secondary_control,10,256,0.55,193,63,0,0.75390625,0.24609375,0.0,0.9992186814814543,1e-10,0.010631732469324917,115.19999999999999,115.20000000000002,2.842170943040401e-14,123.23483649420245,123.23483649420241,4.263256414560601e-14,107.68902996535667,0.4206602733021745,0.3332459766978255
near_1e12,secondary_control,10,256,0.6,185,71,0,0.72265625,0.27734375,0.0,0.9991476525252229,1e-10,0.0008328253039024958,102.4,102.40000000000002,1.4210854715202004e-14,125.92575582781117,125.92575582781112,5.684341886080802e-14,83.2693830667815,0.32527102760461524,0.39738522239538476
near_1e12,secondary_control,10,256,0.65,178,78,0,0.6953125,0.3046875,0.0,1.1068606687447589,1.1068606687447589e-10,0.004865239707391389,89.6,89.60000000000001,1.4210854715202004e-14,131.07675510347286,131.07675510347278,8.526512829121202e-14,61.24777801878385,0.2392491328858744,0.4560633671141256
near_1e12,secondary_control,10,256,0.7,173,83,0,0.67578125,0.32421875,0.0,1.2689268740328168,1.268926874032817e-10,0.000514956491264984,76.80000000000001,76.80000000000004,2.842170943040401e-14,138.68783432118744,138.68783432118732,1.1368683772161603e-13,42.52889252232647,0.16612848641533778,0.5096527635846622
near_1e12,secondary_control,10,256,0.75,166,90,0,0.6484375,0.3515625,0.0,1.4309930793208752,1.4309930793208753e-10,0.005182234482788095,64.0,64.00000000000004,4.263256414560601e-14,148.75899348095498,148.75899348095487,1.1368683772161603e-13,27.5344697093853,0.10755652230228632,0.5408809776977137
near_1e12,secondary_control,10,256,0.8,163,93,0,0.63671875,0.36328125,0.0,1.593059284608934,1.593059284608934e-10,0.024603341826343494,51.19999999999999,51.20000000000003,4.263256414560601e-14,161.29023258277545,161.2902325827753,1.4210854715202004e-13,16.25293706892421,0.0634880354254852,0.5732307145745148
near_1e12,secondary_control,10,256,0.85,161,95,0,0.62890625,0.37109375,0.0,1.755125489896992,1.7551254898969919e-10,0.013190024550767232,38.400000000000006,38.400000000000034,2.842170943040401e-14,176.28155162664876,176.28155162664865,1.1368683772161603e-13,8.364800436536939,0.03267500170522242,0.5962312482947776
near_1e12,secondary_control,10,256,0.9,158,98,0,0.6171875,0.3828125,0.0,1.9171916951850503,1.9171916951850503e-10,0.008085437003924612,25.599999999999994,25.60000000000001,1.4210854715202004e-14,193.73295061257517,193.732950612575,1.7053025658242404e-13,3.382800901590462,0.013214066021837742,0.6039734339781623
near_1e12,secondary_control,10,256,0.95,153,103,0,0.59765625,0.40234375,0.0,2.0792579004731087,2.0792579004731087e-10,0.0055368994463042,12.800000000000011,12.800000000000054,4.263256414560601e-14,213.64442954055443,213.6444295405542,2.2737367544323206e-13,0.7668816844527174,0.0029956315798934274,0.5946606184201065
near_1e12,secondary_control,10,512,0.1,512,0,0,1.0,0.0,0.0,0.9998803263000123,1e-10,0.6758675894238828,460.8,460.8,0.0,419.49358448174183,419.49358448174183,0.0,506.17374819290427,0.9886206019392662,0.011379398060733847
near_1e12,secondary_control,10,512,0.15,512,0,0,1.0,0.0,0.0,0.9998204894500184,1e-10,0.5138013841358243,435.2,435.20000000000005,5.684341886080802e-14,380.66056508391904,380.6605650839191,5.684341886080802e-14,497.5536143552084,0.9717844030375165,0.028215596962483547
near_1e12,secondary_control,10,512,0.2,512,0,0,1.0,0.0,0.0,0.9997606526000247,1e-10,0.3517351788477656,409.6,409.6,0.0,346.7743379269672,346.77433792696723,5.684341886080802e-14,483.807887870105,0.9449372809962988,0.05506271900370119
near_1e12,secondary_control,10,512,0.25,512,0,0,1.0,0.0,0.0,0.9997008157500308,1e-10,0.18966897355970713,384.0,384.0,0.0,317.83490301088625,317.8349030108863,5.684341886080802e-14,463.93897776214163,0.9061308159416829,0.09386918405831712
near_1e12,secondary_control,10,512,0.3,512,0,0,1.0,0.0,0.0,0.999640978900037,1e-10,0.027602768271648648,358.4,358.4,0.0,293.8422603356762,293.84226033567626,5.684341886080802e-14,437.1412058063469,0.8537914175905212,0.14620858240947876
near_1e12,secondary_control,10,512,0.35,499,13,0,0.974609375,0.025390625,0.0,0.9995811420500431,1e-10,0.00020702879607736868,332.8,332.8,0.0,274.7964099013371,274.79640990133714,5.684341886080802e-14,403.0468958446939,0.7872009684466678,0.18740840655333224
near_1e12,secondary_control,10,512,0.4,453,59,0,0.884765625,0.115234375,0.0,0.9995213052000492,1e-10,0.0026435567307201424,307.2,307.2,0.0,260.69735170786885,260.6973517078689,5.684341886080802e-14,361.99769342402374,0.7070267449687964,0.17773888003120364
near_1e12,secondary_control,10,512,0.45,421,91,0,0.822265625,0.177734375,0.0,0.9994614683500554,1e-10,0.0016322259440628706,281.6,281.6,0.0,251.5450857552715,251.54508575527154,5.684341886080802e-14,315.2459121270597,0.6157146721231634,0.20655095287683656
near_1e12,secondary_control,10,512,0.5,401,111,0,0.783203125,0.216796875,0.0,0.9994016315000616,1e-10,0.0032414998491427927,256.0,256.00000000000006,5.684341886080802e-14,247.33961204354506,247.33961204354512,5.684341886080802e-14,264.96362413822396,0.5175070783949687,0.2656960466050313
near_1e12,secondary_control,10,512,0.55,382,130,0,0.74609375,0.25390625,0.0,0.9993417946500678,1e-10,0.0035924850196140667,230.39999999999998,230.40000000000003,5.684341886080802e-14,248.0809305726895,248.08093057268962,1.1368683772161603e-13,213.97920379231223,0.41792813240685983,0.32816561759314017
near_1e12,secondary_control,10,512,0.6,366,146,0,0.71484375,0.28515625,0.0,0.9992819578000739,1e-10,0.0008328253039220357,204.8,204.8,0.0,253.7690413427049,253.76904134270495,5.684341886080802e-14,165.28036587157067,0.32281321459291146,0.39203053540708854
near_1e12,secondary_control,10,512,0.65,355,157,0,0.693359375,0.306640625,0.0,1.1068606687447615,1.1068606687447616e-10,0.0001367349890177838,179.2,179.20000000000002,2.842170943040401e-14,264.40394435359116,264.4039443535912,5.684341886080802e-14,121.45295365584752,0.2372128001090772,0.4561465748909228
near_1e12,secondary_control,10,512,0.7,346,166,0,0.67578125,0.32421875,0.0,1.26892687403282,1.26892687403282e-10,0.0005149782342955822,153.60000000000002,153.60000000000005,2.842170943040401e-14,279.9856396053483,279.9856396053484,1.1368683772161603e-13,84.26489313257383,0.16457986939955827,0.5112013806004417
near_1e12,secondary_control,10,512,0.75,333,179,0,0.650390625,0.349609375,0.0,1.4309930793208787,1.4309930793208787e-10,0.005182234482603798,128.0,128.00000000000006,5.684341886080802e-14,300.51412709797637,300.5141270979765,1.1368683772161603e-13,54.51989947433765,0.10648417866081572,0.5439064463391843
near_1e12,secondary_control,10,512,0.8,326,186,0,0.63671875,0.36328125,0.0,1.5930592846089375,1.5930592846089376e-10,0.0163588929656191,102.39999999999998,102.39999999999999,1.4210854715202004e-14,325.98940683147543,325.98940683147543,0.0,32.165953188229665,0.06282412732076106,0.573894622679239
near_1e12,secondary_control,10,512,0.85,321,191,0,0.626953125,0.373046875,0.0,1.7551254898969955,1.7551254898969955e-10,0.011475926390902336,76.80000000000001,76.80000000000007,5.684341886080802e-14,356.41147880584515,356.4114788058454,2.2737367544323206e-13,16.548961946349273,0.032322191301463424,0.5946309336985366
near_1e12,secondary_control,10,512,0.9,314,198,0,0.61328125,0.38671875,0.0,1.9171916951850543,1.9171916951850544e-10,0.007367275724919464,51.19999999999999,51.200000000000074,8.526512829121202e-14,391.78034302108597,391.7803430210862,2.2737367544323206e-13,6.691096290808318,0.013068547442984996,0.600212702557015
near_1e12,secondary_control,10,512,0.95,306,206,0,0.59765625,0.40234375,0.0,2.0792579004731127,2.0792579004731128e-10,0.004192866151027985,25.600000000000023,25.60000000000005,2.842170943040401e-14,432.09599947719767,432.0959994771978,1.1368683772161603e-13,1.5166999944293293,0.002962304676619784,0.5946939453233803
near_1e12,secondary_control,11,128,0.1,128,0,0,1.0,0.0,0.0,0.9997985070159001,1e-10,0.7106413441732162,115.2,115.19999999999999,1.4210854715202004e-14,104.86514129375216,104.86514129375215,1.4210854715202004e-14,126.55339835784578,0.9886984246706702,0.01130157532932985
near_1e12,secondary_control,11,128,0.15,128,0,0,1.0,0.0,0.0,0.9996977605238502,1e-10,0.5659620162598243,108.8,108.80000000000001,1.4210854715202004e-14,95.14656791094235,95.14656791094235,0.0,124.41268518565903,0.9719741030129612,0.028025896987038834
near_1e12,secondary_control,11,128,0.2,128,0,0,1.0,0.0,0.0,0.9995970140318002,1e-10,0.42128268834643245,102.4,102.39999999999998,2.842170943040401e-14,86.66056517500863,86.66056517500861,1.4210854715202004e-14,120.99805694578957,0.945297319888981,0.054702680111018975
near_1e12,secondary_control,11,128,0.25,128,0,0,1.0,0.0,0.0,0.9994962675397503,1e-10,0.27660336043304057,96.0,96.0,0.0,79.40713308595099,79.40713308595099,0.0,116.06010243468329,0.9067195502709632,0.09328044972903682
near_1e12,secondary_control,11,128,0.3,128,0,0,1.0,0.0,0.0,0.9993955210477004,1e-10,0.13192403251964868,89.6,89.6,0.0,73.38627164376942,73.38627164376942,0.0,109.39593768941114,0.8546557631985245,0.14534423680147546
near_1e12,secondary_control,11,128,0.35,126,2,0,0.984375,0.015625,0.0,0.9992947745556504,1e-10,0.0002681940730003829,83.2,83.19999999999999,1.4210854715202004e-14,68.59798084846393,68.59798084846393,0.0,100.91025879160415,0.7883613968094074,0.19601360319059258
near_1e12,secondary_control,11,128,0.4,113,15,0,0.8828125,0.1171875,0.0,0.9991940280636005,1e-10,0.028778028048467075,76.8,76.80000000000001,1.4210854715202004e-14,65.04226070003452,65.04226070003452,0.0,90.68319484160965,0.7084624597000754,0.17435004029992462
near_1e12,secondary_control,11,128,0.45,107,21,0,0.8359375,0.1640625,0.0,0.9990932815715504,1e-10,0.0019974212210005504,70.4,70.39999999999998,2.842170943040401e-14,62.719111198481194,62.719111198481194,0.0,79.02152797280104,0.6173556872875081,0.21858181271249189
near_1e12,secondary_control,11,128,0.5,100,28,0,0.78125,0.21875,0.0,0.9989925350795005,1e-10,0.0171747919252786,64.0,63.999999999999986,1.4210854715202004e-14,61.62853234380394,61.62853234380394,0.0,66.46272179823875,0.5192400140487402,0.2620099859512598
near_1e12,secondary_control,11,128,0.55,96,32,0,0.75,0.25,0.0,0.9988917885874505,1e-10,0.00042896289899552187,57.599999999999994,57.59999999999998,1.4210854715202004e-14,61.77052413600276,61.77052413600277,7.105427357601002e-15,53.71105468840037,0.41961761475312787,0.33038238524687213
near_1e12,secondary_control,11,128,0.6,91,37,0,0.7109375,0.2890625,0.0,0.9987910420954006,1e-10,0.008711575687507356,51.2,51.19999999999999,1.4210854715202004e-14,63.14508657507767,63.145086575077684,1.4210854715202004e-14,41.51455231410895,0.32433243995397615,0.38660506004602385
near_1e12,secondary_control,11,128,0.65,88,40,0,0.6875,0.3125,0.0,0.9986902956033507,1e-10,0.017600251467490224,44.8,44.79999999999998,1.4210854715202004e-14,65.75221966102866,65.75221966102866,0.0,30.524292721171392,0.2384710368841515,0.4490289631158485
near_1e12,secondary_control,11,128,0.7,85,43,0,0.6640625,0.3359375,0.0,1.0255105907874862,1.0255105907874862e-10,0.007851562389288524,38.400000000000006,38.39999999999999,1.4210854715202004e-14,69.59192339385572,69.59192339385572,0.0,21.188665696947663,0.1655364507574036,0.49852604924259636
near_1e12,secondary_control,11,128,0.75,83,45,0,0.6484375,0.3515625,0.0,1.1701899187008782,1.1701899187008783e-10,0.0007790442954802579,32.0,31.999999999999993,7.105427357601002e-15,74.66419777355887,74.66419777355888,1.4210854715202004e-14,13.7147391994431,0.10714639999564922,0.5412911000043508
near_1e12,secondary_control,11,128,0.8,82,46,0,0.640625,0.359375,0.0,1.3148692466142702,1.3148692466142702e-10,0.030368953944900134,25.599999999999994,25.59999999999998,1.4210854715202004e-14,80.96904280013811,80.96904280013811,0.0,8.093957608189507,0.06323404381398053,0.5773909561860194
near_1e12,secondary_control,11,128,0.85,81,47,0,0.6328125,0.3671875,0.0,1.4595485745276622,1.4595485745276623e-10,0.018133251811269346,19.200000000000003,19.19999999999999,1.4210854715202004e-14,88.50645847359337,88.50645847359341,4.263256414560601e-14,4.165119770440107,0.032539998206563336,0.6002725017934367
near_1e12,secondary_control,11,128,0.9,79,49,0,0.6171875,0.3828125,0.0,1.6042279024410542,1.6042279024410541e-10,0.005618096729782751,12.799999999999997,12.799999999999983,1.4210854715202004e-14,97.27644479392478,97.2764447939248,1.4210854715202004e-14,1.6842720799170514,0.013158375624351964,0.604029124375648
near_1e12,secondary_control,11,128,0.95,77,51,0,0.6015625,0.3984375,0.0,1.7489072303544457,1.7489072303544457e-10,0.011795543339354064,6.400000000000006,6.399999999999986,1.9539925233402755e-14,107.27900176113224,107.27900176113226,2.842170943040401e-14,0.3818081761349881,0.0029828763760545943,0.5985796236239455
near_1e12,secondary_control,11,256,0.1,256,0,0,1.0,0.0,0.0,0.9998653880043289,1e-10,0.681649040826349,230.4,230.39999999999998,2.842170943040401e-14,209.74897815777032,209.7489781577703,2.842170943040401e-14,253.0842365299669,0.9886102989451832,0.011389701054816848
near_1e12,secondary_control,11,256,0.15,256,0,0,1.0,0.0,0.0,0.9997980820064933,1e-10,0.5224735612395236,217.6,217.6,0.0,190.33520085498319,190.3352008549832,2.842170943040401e-14,248.77037871768073,0.9717592918659403,0.028240708134059656
near_1e12,secondary_control,11,256,0.2,256,0,0,1.0,0.0,0.0,0.9997307760086578,1e-10,0.36329808165269806,204.8,204.8,0.0,173.39591263108122,173.39591263108122,0.0,241.89174567937144,0.9448896315600447,0.055110368439955315
near_1e12,secondary_control,11,256,0.25,256,0,0,1.0,0.0,0.0,0.9996634700108222,1e-10,0.20412260206587263,192.0,192.00000000000003,2.842170943040401e-14,158.93111348606442,158.93111348606442,0.0,231.94954840124714,0.9060529234423716,0.09394707655762835
near_1e12,secondary_control,11,256,0.3,256,0,0,1.0,0.0,0.0,0.9995961640129867,1e-10,0.0449471224790472,179.2,179.20000000000002,2.842170943040401e-14,146.94080341993276,146.94080341993276,0.0,218.5413394550956,0.8536771072464672,0.14632289275353283
near_1e12,secondary_control,11,256,0.35,251,5,0,0.98046875,0.01953125,0.0,0.9995288580151511,1e-10,0.000268194073001049,166.4,166.4,0.0,137.42498243268628,137.42498243268628,0.0,201.48418074976036,0.7870475810537514,0.1934211689462486
near_1e12,secondary_control,11,256,0.4,227,29,0,0.88671875,0.11328125,0.0,0.9994615520173156,1e-10,0.004160938595554553,153.6,153.6,0.0,130.38365052432493,130.38365052432493,0.0,180.950294804013,0.7068370890781758,0.17988166092182423
near_1e12,secondary_control,11,256,0.45,211,45,0,0.82421875,0.17578125,0.0,0.99939424601948,1e-10,0.005955928269205102,140.8,140.8,0.0,125.81680769484873,125.81680769484875,1.4210854715202004e-14,157.567501220361,0.6154980516420352,0.2087206983579648
near_1e12,secondary_control,11,256,0.5,199,57,0,0.77734375,0.22265625,0.0,0.9993269400216443,1e-10,0.002896118041849416,128.0,128.0,0.0,123.72445394425769,123.72445394425772,2.842170943040401e-14,132.42329610427362,0.5172785004073188,0.2600652495926812
near_1e12,secondary_control,11,256,0.55,192,64,0,0.75,0.25,0.0,0.9992596340238088,1e-10,0.00042893184157444253,115.19999999999999,115.2,1.4210854715202004e-14,124.10658927255182,124.10658927255182,0.0,106.93259784019463,0.4177054603132603,0.3322945396867397
near_1e12,secondary_control,11,256,0.6,183,73,0,0.71484375,0.28515625,0.0,0.9991923280259732,1e-10,0.008490163834155018,102.4,102.4,0.0,126.96321367973107,126.9632136797311,2.842170943040401e-14,82.58896176376474,0.32261313188970603,0.39223061811029397
near_1e12,secondary_control,11,256,0.65,179,77,0,0.69921875,0.30078125,0.0,1.0692812346287313,1.0692812346287313e-10,0.012031745896256663,89.6,89.60000000000001,1.4210854715202004e-14,132.2943271657955,132.29432716579552,2.842170943040401e-14,60.684083527926724,0.23704720128096377,0.4621715487190362
near_1e12,secondary_control,11,256,0.7,173,83,0,0.67578125,0.32421875,0.0,1.2284567142155565,1.2284567142155565e-10,0.005787850411655304,76.80000000000001,76.80000000000003,1.4210854715202004e-14,140.09992973074506,140.0999297307451,2.842170943040401e-14,42.100235248766346,0.16445404394049354,0.5113272060595064
near_1e12,secondary_control,11,256,0.75,167,89,0,0.65234375,0.34765625,0.0,1.3876321938023821,1.3876321938023823e-10,0.00019753195129235124,64.0,64.00000000000001,1.4210854715202004e-14,150.38002137457983,150.38002137457983,0.0,27.23766071157366,0.10639711215458461,0.5459466378454154
near_1e12,secondary_control,11,256,0.8,165,91,0,0.64453125,0.35546875,0.0,1.5468076733892078,1.5468076733892078e-10,0.011664223010876107,51.19999999999999,51.2,1.4210854715202004e-14,163.1346020972997,163.1346020972997,0.0,16.06918438086159,0.06277025148774058,0.5817609985122594
near_1e12,secondary_control,11,256,0.85,163,93,0,0.63671875,0.36328125,0.0,1.705983152976033,1.705983152976033e-10,0.006620163952206548,38.400000000000006,38.40000000000002,1.4210854715202004e-14,178.36367189890467,178.36367189890473,5.684341886080802e-14,8.267154316243115,0.03229357154782467,0.6044251784521754
near_1e12,secondary_control,11,256,0.9,159,97,0,0.62109375,0.37890625,0.0,1.8651586325628586,1.8651586325628588e-10,0.0008841331165818644,25.599999999999994,25.60000000000001,1.4210854715202004e-14,196.06723077939495,196.06723077939495,0.0,3.3425269352499707,0.013056745840820198,0.6080370041591798
near_1e12,secondary_control,11,256,0.95,153,103,0,0.59765625,0.40234375,0.0,2.024334112149684,2.024334112149684e-10,0.00692709391415236,12.800000000000011,12.80000000000004,2.842170943040401e-14,216.24527873877025,216.24527873877025,0.0,0.757658160009695,0.002959602187537871,0.5946966478124621
near_1e12,secondary_control,11,512,0.1,512,0,0,1.0,0.0,0.0,0.9999138733403309,1e-10,0.6816490408232988,460.8,460.80000000000007,5.684341886080802e-14,419.53194557017935,419.53194557017935,0.0,506.12746476651876,0.988530204622107,0.011469795377893055
near_1e12,secondary_control,11,512,0.15,512,0,0,1.0,0.0,0.0,0.9998708100104964,1e-10,0.5224735612349483,435.2,435.2,0.0,380.74687753290345,380.74687753290357,1.1368683772161603e-13,497.4408226988873,0.9715641068337643,0.028435893166235737
near_1e12,secondary_control,11,512,0.2,512,0,0,1.0,0.0,0.0,0.9998277466806619,1e-10,0.3632980816465976,409.6,409.6,0.0,346.92778228071734,346.92778228071734,0.0,483.59390215755866,0.9445193401514818,0.05548065984851824
near_1e12,secondary_control,11,512,0.25,512,0,0,1.0,0.0,0.0,0.9997846833508274,1e-10,0.20412260205824706,384.0,384.0,0.0,318.0746598136209,318.0746598136208,5.684341886080802e-14,463.58927204827745,0.9054477969692919,0.0945522030307081
near_1e12,secondary_control,11,512,0.3,512,0,0,1.0,0.0,0.0,0.9997416200209928,1e-10,0.04494712246989652,358.4,358.4,0.0,294.18751013161403,294.18751013161403,0.0,436.62818976418674,0.8527894331331772,0.14721056686682277
near_1e12,secondary_control,11,512,0.35,501,11,0,0.978515625,0.021484375,0.0,0.9996985566911583,1e-10,0.0002681940730000498,332.8,332.80000000000007,5.684341886080802e-14,275.2663332346969,275.2663332346969,0.0,402.35883080393864,0.7858570914139427,0.19265853358605733
near_1e12,secondary_control,11,512,0.4,452,60,0,0.8828125,0.1171875,0.0,0.9996554933613238,1e-10,0.00016884202471523224,307.2,307.2,0.0,261.3111291228694,261.3111291228694,0.0,361.1474196172718,0.705366053939984,0.17744644606001603
near_1e12,secondary_control,11,512,0.45,421,91,0,0.822265625,0.177734375,0.0,0.9996124300314891,1e-10,0.005955928269206878,281.6,281.59999999999997,5.684341886080802e-14,252.32189779613157,252.32189779613157,0.0,314.27537876269,0.613819099145879,0.20844652585412105
near_1e12,secondary_control,11,512,0.5,399,113,0,0.779296875,0.220703125,0.0,0.9995693667016546,1e-10,0.001986335146887397,256.0,256.00000000000006,5.684341886080802e-14,248.29863925448342,248.29863925448342,0.0,263.94023018721253,0.5155082620843995,0.2637886129156005
near_1e12,secondary_control,11,512,0.55,384,128,0,0.75,0.25,0.0,0.9995263033718201,1e-10,0.0004289318415746646,230.39999999999998,230.39999999999998,0.0,249.24135349792493,249.24135349792493,0.0,212.98295509553932,0.41598233417097524,0.33401766582902476
near_1e12,secondary_control,11,512,0.6,365,147,0,0.712890625,0.287109375,0.0,0.9994832400419856,1e-10,0.004488961682901804,204.8,204.80000000000004,2.842170943040401e-14,255.1500405264561,255.1500405264561,0.0,164.38578615726695,0.321065988588412,0.391824636411588
near_1e12,secondary_control,11,512,0.65,354,158,0,0.69140625,0.30859375,0.0,1.0692812346485576,1.0692812346485576e-10,0.012034940704245933,179.2,179.20000000000002,2.842170943040401e-14,266.024700340077,266.02470034007695,5.684341886080802e-14,120.71300130757888,0.235767580678865,0.455638669321135
near_1e12,secondary_control,11,512,0.7,346,166,0,0.67578125,0.32421875,0.0,1.2284567142369083,1.2284567142369084e-10,0.005787850653246052,153.60000000000002,153.60000000000008,5.684341886080802e-14,281.8653329387875,281.86533293878745,5.684341886080802e-14,83.7029504622467,0.1634823251215756,0.5122989248784244
near_1e12,secondary_control,11,512,0.75,331,181,0,0.646484375,0.353515625,0.0,1.387632193825259,1.387632193825259e-10,0.00014626327850852938,128.0,128.00000000000003,2.842170943040401e-14,302.6719383225877,302.67193832258766,5.684341886080802e-14,54.131215767145,0.10572503079520508,0.5407593442047949
near_1e12,secondary_control,11,512,0.8,324,188,0,0.6328125,0.3671875,0.0,1.5468076734136096,1.5468076734136096e-10,0.011664222555808124,102.39999999999998,102.40000000000002,4.263256414560601e-14,328.44451649147766,328.44451649147754,1.1368683772161603e-13,31.925513971161323,0.06235451947492446,0.5704579805250756
near_1e12,secondary_control,11,512,0.85,322,190,0,0.62890625,0.37109375,0.0,1.7059831530019598,1.70598315300196e-10,0.00662016588510872,76.80000000000001,76.80000000000004,2.842170943040401e-14,359.183067445457,359.18306744545697,5.684341886080802e-14,16.4212640700154,0.03207278138674883,0.5968334686132512
near_1e12,secondary_control,11,512,0.9,314,198,0,0.61328125,0.38671875,0.0,1.8651586325903105,1.8651586325903106e-10,0.0008041401863101427,51.19999999999999,51.200000000000045,5.684341886080802e-14,394.8875911845263,394.8875911845263,0.0,6.6384461262421155,0.012965715090316632,0.6003155349096834
near_1e12,secondary_control,11,512,0.95,307,205,0,0.599609375,0.400390625,0.0,2.024334112178661,2.0243341121786612e-10,0.0022026862854649387,25.600000000000023,25.60000000000008,5.684341886080802e-14,435.5580877086852,435.55808770868504,1.7053025658242404e-13,1.5046443137989123,0.0029387584253885005,0.5966706165746115
near_1e12,secondary_control,12,128,0.1,128,0,0,1.0,0.0,0.0,0.9997534621788285,1e-10,0.6941822042486991,115.2,115.19999999999999,1.4210854715202004e-14,104.85638358020384,104.85638358020383,1.4210854715202004e-14,126.56396822849688,0.9887810017851318,0.011218998214868159
near_1e12,secondary_control,12,128,0.15,128,0,0,1.0,0.0,0.0,0.9996301932682429,1e-10,0.5412733063730488,108.8,108.80000000000001,1.4210854715202004e-14,95.12686305545864,95.12686305545864,0.0,124.43845639163789,0.972175440559671,0.027824559440329022
near_1e12,secondary_control,12,128,0.2,128,0,0,1.0,0.0,0.0,0.9995069243576572,1e-10,0.3883644084973983,102.4,102.4,0.0,86.62553432081536,86.62553432081535,1.4210854715202004e-14,121.04698784501888,0.94567959253921,0.05432040746079003
near_1e12,secondary_control,12,128,0.25,128,0,0,1.0,0.0,0.0,0.9993836554470715,1e-10,0.23545551062174797,96.0,96.0,0.0,79.35239737627401,79.35239737627401,0.0,116.14015839117597,0.9073449874310623,0.09265501256893771
near_1e12,secondary_control,12,128,0.3,128,0,0,1.0,0.0,0.0,0.9992603865364857,1e-10,0.08254661274609765,89.6,89.6,0.0,73.30745222183457,73.30745222183457,0.0,109.51355908136196,0.8555746803231403,0.14442531967685968
near_1e12,secondary_control,12,128,0.35,126,2,0,0.984375,0.015625,0.0,0.9991371176259001,1e-10,0.0019659031962471207,83.2,83.20000000000002,1.4210854715202004e-14,68.49069885749705,68.49069885749705,0.0,101.06832191043246,0.7895962649252536,0.1947787350747464
near_1e12,secondary_control,12,128,0.4,113,15,0,0.8828125,0.1171875,0.0,0.9990138487153144,1e-10,7.054569729547655e-05,76.8,76.79999999999998,1.4210854715202004e-14,64.90213728326145,64.90213728326145,0.0,90.87897944342708,0.7099920269017741,0.1728204730982259
near_1e12,secondary_control,12,128,0.45,106,22,0,0.828125,0.171875,0.0,0.9988905798047287,1e-10,0.005105145191947713,70.4,70.39999999999998,2.842170943040401e-14,62.54176749912778,62.54176749912777,7.105427357601002e-15,79.2456017503682,0.6191062636747515,0.20901873632524848
near_1e12,secondary_control,12,128,0.5,100,28,0,0.78125,0.21875,0.0,0.998767310894143,1e-10,0.000920677779754242,64.0,63.99999999999999,7.105427357601002e-15,61.40958950509602,61.40958950509602,0.0,66.69968050608931,0.5210912539538227,0.2601587460461773
near_1e12,secondary_control,12,128,0.55,97,31,0,0.7578125,0.2421875,0.0,0.9986440419835573,1e-10,0.0020849869776266017,57.599999999999994,57.59999999999998,1.4210854715202004e-14,61.50560330116619,61.505603301166175,1.4210854715202004e-14,53.942402349170884,0.42142501835289753,0.33638748164710247
near_1e12,secondary_control,12,128,0.6,90,38,0,0.703125,0.296875,0.0,0.9985207730729716,1e-10,0.005184473809543677,51.2,51.2,0.0,62.829808887338274,62.82980888733827,7.105427357601002e-15,41.722870822360306,0.3259599282996899,0.3771650717003101
near_1e12,secondary_control,12,128,0.65,86,42,0,0.671875,0.328125,0.0,0.9983975041623859,1e-10,0.01835534513749737,44.8,44.79999999999999,7.105427357601002e-15,65.38220626361229,65.38220626361229,0.0,30.697036926344815,0.23982060098706887,0.43205439901293113
near_1e12,secondary_control,12,128,0.7,84,44,0,0.65625,0.34375,0.0,1.1407245702591053,1.1407245702591054e-10,0.01608125300239216,38.400000000000006,38.39999999999999,1.4210854715202004e-14,69.1627954299882,69.1627954299882,0.0,21.320133040207455,0.16656353937662075,0.4896864606233793
near_1e12,secondary_control,12,128,0.75,82,46,0,0.640625,0.359375,0.0,1.293633468134756,1.293633468134756e-10,0.017103717532102047,32.0,31.999999999999996,3.552713678800501e-15,74.17157638646606,74.17157638646606,0.0,13.805827648377274,0.10785802850294746,0.5327669714970525
near_1e12,secondary_control,12,128,0.8,80,48,0,0.625,0.375,0.0,1.4465423660104069,1.4465423660104068e-10,0.04789298550135235,25.599999999999994,25.599999999999984,1.0658141036401503e-14,80.40854913304582,80.40854913304584,1.4210854715202004e-14,8.150377131113585,0.06367482133682488,0.5613251786631751
near_1e12,secondary_control,12,128,0.85,80,48,0,0.625,0.375,0.0,1.5994512638860567,1.5994512638860567e-10,0.10207832824473417,19.200000000000003,19.199999999999996,7.105427357601002e-15,87.8737136697275,87.87371366972751,1.4210854715202004e-14,4.195111195431321,0.03277430621430719,0.5922256937856928
near_1e12,secondary_control,12,128,0.9,80,48,0,0.625,0.375,0.0,1.7523601617617075,1.7523601617617076e-10,0.04925940637677728,12.799999999999997,12.799999999999986,1.0658141036401503e-14,96.56706999651112,96.56706999651112,0.0,1.6966446222912148,0.013255036111650116,0.6117449638883499
near_1e12,secondary_control,12,128,0.95,79,49,0,0.6171875,0.3828125,0.0,1.9052690596373574,1.9052690596373575e-10,0.003559515491179388,6.400000000000006,6.399999999999997,8.881784197001252e-15,106.48861811339665,106.48861811339665,0.0,0.38464204649911926,0.0030050159882743692,0.6141824840117256
near_1e12,secondary_control,12,256,0.1,256,0,0,1.0,0.0,0.0,0.999828386648402,1e-10,0.6941822042486976,230.4,230.4,0.0,209.75480829616788,209.75480829616788,0.0,253.07720204938838,0.9885828205054233,0.011417179494576657
near_1e12,secondary_control,12,256,0.15,256,0,0,1.0,0.0,0.0,0.999742579972603,1e-10,0.5412733063730464,217.6,217.6,0.0,190.3483186663777,190.34831866637774,2.842170943040401e-14,248.75323476321122,0.9716923232937938,0.028307676706206153
near_1e12,secondary_control,12,256,0.2,256,0,0,1.0,0.0,0.0,0.999656773296804,1e-10,0.3883644084973952,204.8,204.8,0.0,173.4192331846715,173.4192331846715,0.0,241.85921728379174,0.9447625675148115,0.05523743248518853
near_1e12,secondary_control,12,256,0.25,256,0,0,1.0,0.0,0.0,0.999570966621005,1e-10,0.23545551062174397,192.0,192.0,0.0,158.9675518510492,158.9675518510492,0.0,231.89638118438884,0.9058452390015189,0.09415476099848108
near_1e12,secondary_control,12,256,0.3,256,0,0,1.0,0.0,0.0,0.999485159945206,1e-10,0.08254661274609276,179.2,179.2,0.0,146.99327466551085,146.99327466551085,0.0,218.46332815615958,0.8533723756099983,0.14662762439000165
near_1e12,secondary_control,12,256,0.35,249,7,0,0.97265625,0.02734375,0.0,0.999399353269407,1e-10,0.0015986668476298815,166.4,166.40000000000003,2.842170943040401e-14,137.49640162805645,137.49640162805645,0.0,201.37952464313807,0.7866387681372581,0.18601748186274192
near_1e12,secondary_control,12,256,0.4,224,32,0,0.875,0.125,0.0,0.999313546593608,1e-10,7.054569729547655e-05,153.6,153.6,0.0,130.47693273868595,130.47693273868595,0.0,180.82092753706166,0.7063317481916471,0.16866825180835288
near_1e12,secondary_control,12,256,0.45,212,44,0,0.828125,0.171875,0.0,0.999227739917809,1e-10,0.0035039081523206006,140.8,140.8,0.0,125.93486799739941,125.93486799739941,0.0,157.41978623751277,0.6149210399902842,0.21320396000971575
near_1e12,secondary_control,12,256,0.5,200,56,0,0.78125,0.21875,0.0,0.99914193324201,1e-10,0.00092661864290422,128.0,128.0,0.0,123.8702074041968,123.8702074041968,0.0,132.26747854339104,0.5166698380601212,0.26458016193987877
near_1e12,secondary_control,12,256,0.55,194,62,0,0.7578125,0.2421875,0.0,0.999056126566211,1e-10,0.000877178223735009,115.19999999999999,115.19999999999997,1.4210854715202004e-14,124.28295095907814,124.28295095907814,0.0,106.78085688816375,0.41711272221938966,0.34069977778061034
near_1e12,secondary_control,12,256,0.6,183,73,0,0.71484375,0.28515625,0.0,0.998970319890412,1e-10,0.007200812418284408,102.4,102.4,0.0,127.1730986620434,127.17309866204342,1.4210854715202004e-14,82.45265791522012,0.3220806949813286,0.3927630550186714
near_1e12,secondary_control,12,256,0.65,175,81,0,0.68359375,0.31640625,0.0,0.998884513214613,1e-10,0.008474559337542487,89.6,89.59999999999998,1.4210854715202004e-14,132.5406505130926,132.5406505130926,0.0,60.571303739051466,0.2366066552306698,0.4469870947693302
near_1e12,secondary_control,12,256,0.7,170,86,0,0.6640625,0.3359375,0.0,1.1407245702591169,1.140724570259117e-10,0.012705703474933383,76.80000000000001,76.8,1.4210854715202004e-14,140.38560651222573,140.3856065122257,2.842170943040401e-14,42.01456364749432,0.1641193892480247,0.4999431107519753
near_1e12,secondary_control,12,256,0.75,167,89,0,0.65234375,0.34765625,0.0,1.293633468134768,1.2936334681347683e-10,0.016660405004563783,64.0,63.99999999999999,7.105427357601002e-15,150.70796665944283,150.70796665944283,0.0,27.178390703497417,0.10616558868553679,0.5461781613144632
near_1e12,secondary_control,12,256,0.8,163,93,0,0.63671875,0.36328125,0.0,1.4465423660104193,1.4465423660104195e-10,0.014777422889236558,51.19999999999999,51.19999999999999,0.0,163.50773095474386,163.50773095474383,2.842170943040401e-14,16.03251408782358,0.06262700815556085,0.5740917418444391
near_1e12,secondary_control,12,256,0.85,161,95,0,0.62890625,0.37109375,0.0,1.5994512638860705,1.5994512638860707e-10,0.011224301927301061,38.400000000000006,38.400000000000006,0.0,178.78489939812874,178.78489939812874,0.0,8.247676425492532,0.032217486037080204,0.5966887639629198
near_1e12,secondary_control,12,256,0.9,161,95,0,0.62890625,0.37109375,0.0,1.7523601617617217,1.7523601617617218e-10,0.004384892659161088,25.599999999999994,25.599999999999994,0.0,196.53947198959764,196.53947198959767,2.842170943040401e-14,3.3344955767189925,0.013025373346558565,0.6158808766534415
near_1e12,secondary_control,12,256,0.95,157,99,0,0.61328125,0.38671875,0.0,1.905269059637373,1.905269059637373e-10,0.0035596646319207004,12.800000000000011,12.799999999999983,2.842170943040401e-14,216.77144872915045,216.77144872915045,0.0,0.7558190940759618,0.002952418336234226,0.6103288316637657
near_1e12,secondary_control,12,512,0.1,512,0,0,1.0,0.0,0.0,0.9999780856734378,1e-10,0.6887915798276536,460.8,460.8,0.0,419.5123078694621,419.5123078694621,0.0,506.1511569907787,0.9885764784976147,0.011423521502385348
near_1e12,secondary_control,12,512,0.15,512,0,0,1.0,0.0,0.0,0.9999671285101568,1e-10,0.5331873697414805,435.2,435.2,0.0,380.70269270628967,380.70269270628967,0.0,497.4985562976316,0.9716768677688117,0.02832313223118832
near_1e12,secondary_control,12,512,0.2,512,0,0,1.0,0.0,0.0,0.9999561713468758,1e-10,0.3775831596553072,409.6,409.6,0.0,346.8492314778483,346.8492314778483,0.0,483.7034214697831,0.9447332450581701,0.055266754941829865
near_1e12,secondary_control,12,512,0.25,512,0,0,1.0,0.0,0.0,0.9999452141835946,1e-10,0.2219789495691341,384.0,384.0,0.0,317.951924184138,317.95192418413797,5.684341886080802e-14,463.76822652786535,0.905797317437237,0.09420268256276298
near_1e12,secondary_control,12,512,0.3,512,0,0,1.0,0.0,0.0,0.9999342570203136,1e-10,0.06637473948296102,358.4,358.4,0.0,294.0107708251588,294.0107708251588,0.0,436.89066097645275,0.8533020722196343,0.14669792778036572
near_1e12,secondary_control,12,512,0.35,500,12,0,0.9765625,0.0234375,0.0,0.9999232998570325,1e-10,0.00030691381906489124,332.8,332.79999999999995,5.684341886080802e-14,275.02577140091057,275.02577140091057,0.0,402.71076937931394,0.7865444714439725,0.19001802855602745
near_1e12,secondary_control,12,512,0.4,452,60,0,0.8828125,0.1171875,0.0,0.9999123426937515,1e-10,7.054569729403326e-05,307.2,307.2,0.0,260.9969259113934,260.99692591139336,5.684341886080802e-14,361.58218979191565,0.7062152144373353,0.17659728556266474
near_1e12,secondary_control,12,512,0.45,421,91,0,0.822265625,0.177734375,0.0,0.9999013855304704,1e-10,0.004230710528280279,281.6,281.59999999999997,5.684341886080802e-14,251.92423435660723,251.92423435660723,0.0,314.77146373996806,0.6147880151171251,0.2074776098828749
near_1e12,secondary_control,12,512,0.5,397,115,0,0.775390625,0.224609375,0.0,0.9998904283671893,1e-10,0.0009266186429506273,256.0,256.0,0.0,247.80769673655215,247.80769673655217,2.842170943040401e-14,264.46313356308804,0.5165295577404063,0.2588610672595937
near_1e12,secondary_control,12,512,0.55,388,124,0,0.7578125,0.2421875,0.0,0.9998794712039083,1e-10,0.00087734100108805,230.39999999999998,230.39999999999995,2.842170943040401e-14,248.64731305122808,248.64731305122814,5.684341886080802e-14,213.49179023327397,0.41697615279936323,0.34083634720063677
near_1e12,secondary_control,12,512,0.6,367,145,0,0.716796875,0.283203125,0.0,0.9998685140406272,1e-10,0.00529582890850433,204.8,204.79999999999995,5.684341886080802e-14,254.44308330063512,254.44308330063512,0.0,164.8425237421076,0.3219580541838039,0.3948388208161961
near_1e12,secondary_control,12,512,0.65,350,162,0,0.68359375,0.31640625,0.0,1.0228547311202516,1.0228547311202517e-10,0.00717848792567799,179.2,179.19999999999993,5.684341886080802e-14,265.19500748477316,265.19500748477316,0.0,121.09066571264101,0.23650520647000198,0.44708854352999805
near_1e12,secondary_control,12,512,0.7,340,172,0,0.6640625,0.3359375,0.0,1.1784589412064244,1.1784589412064244e-10,0.010663005831347272,153.60000000000002,153.59999999999997,5.684341886080802e-14,280.9030856036422,280.90308560364224,5.684341886080802e-14,83.98967903574392,0.16404234186668734,0.5000201581333127
near_1e12,secondary_control,12,512,0.75,335,177,0,0.654296875,0.345703125,0.0,1.3340631512925976,1.3340631512925977e-10,0.006260517132840482,128.0,127.99999999999993,7.105427357601002e-14,301.56731765724237,301.5673176572424,5.684341886080802e-14,54.32949474525568,0.1061122944243275,0.5481845805756725
near_1e12,secondary_control,12,512,0.8,328,184,0,0.640625,0.359375,0.0,1.4896673613787712,1.4896673613787713e-10,0.012943676558089257,102.39999999999998,102.39999999999992,5.684341886080802e-14,327.1877036455736,327.1877036455736,0.0,32.048148152164984,0.06259403935969723,0.5780309606403028
near_1e12,secondary_control,12,512,0.85,323,189,0,0.630859375,0.369140625,0.0,1.645271571464944,1.645271571464944e-10,0.001190338102453281,76.80000000000001,76.79999999999995,5.684341886080802e-14,357.7642435686356,357.76424356863583,2.2737367544323206e-13,16.486387631044657,0.032199975841884096,0.598659399158116
near_1e12,secondary_control,12,512,0.9,318,194,0,0.62109375,0.37890625,0.0,1.8008757815511172,1.8008757815511173e-10,0.0015509632520294137,51.19999999999999,51.19999999999993,5.684341886080802e-14,393.29693742642894,393.29693742642905,1.1368683772161603e-13,6.66529471893071,0.013018153747911543,0.6080755962520885
near_1e12,secondary_control,12,512,0.95,311,201,0,0.607421875,0.392578125,0.0,1.9564799916372904,1.9564799916372903e-10,0.0010553294471964403,25.600000000000023,25.599999999999994,2.842170943040401e-14,433.78578521895327,433.7857852189534,1.1368683772161603e-13,1.5107917832512847,0.0029507652016626655,0.6044711097983373
near_1e12,secondary_control,13,128,0.1,128,0,0,1.0,0.0,0.0,0.9998034537514784,1e-10,0.7009332735263996,115.2,115.19999999999999,1.4210854715202004e-14,104.93164699014433,104.93164699014432,1.4210854715202004e-14,126.4731887916186,0.9880717874345203,0.011928212565479712
near_1e12,secondary_control,13,128,0.15,128,0,0,1.0,0.0,0.0,0.9997051806272176,1e-10,0.5513999102895994,108.8,108.8,0.0,95.29620572782474,95.29620572782474,0.0,124.21732753777083,0.9704478713888346,0.029552128611165407
near_1e12,secondary_control,13,128,0.2,128,0,0,1.0,0.0,0.0,0.9996069075029567,1e-10,0.40186654705279923,102.4,102.4,0.0,86.92658796057731,86.92658796057731,0.0,120.62776471515797,0.9424044118371716,0.05759558816282839
near_1e12,secondary_control,13,128,0.25,128,0,0,1.0,0.0,0.0,0.9995086343786959,1e-10,0.2523331838159991,96.0,96.0,0.0,79.82279368840206,79.82279368840206,0.0,115.45574358090964,0.9019979967258566,0.09800200327414343
near_1e12,secondary_control,13,128,0.3,128,0,0,1.0,0.0,0.0,0.999410361254435,1e-10,0.10279982057919901,89.6,89.60000000000001,1.4210854715202004e-14,73.98482291129896,73.98482291129896,0.0,108.51090377853616,0.8477414357698138,0.15225856423018624
near_1e12,secondary_control,13,128,0.35,122,6,0,0.953125,0.046875,0.0,0.9993120881301742,1e-10,0.005758336242410733,83.2,83.20000000000002,1.4210854715202004e-14,69.41267562926804,69.41267562926802,1.4210854715202004e-14,99.725877690864,0.779108419459875,0.17401658054012503
near_1e12,secondary_control,13,128,0.4,110,18,0,0.859375,0.140625,0.0,0.9992138150059134,1e-10,0.0003227134061634107,76.8,76.80000000000001,1.4210854715202004e-14,66.10635184230927,66.10635184230927,0.0,89.22349873533663,0.6970585838698174,0.16231641613018255
near_1e12,secondary_control,13,128,0.45,104,24,0,0.8125,0.1875,0.0,0.9991155418816526,1e-10,0.010246603181615743,70.4,70.4,0.0,64.06585155042266,64.06585155042265,1.4210854715202004e-14,77.36040152528501,0.6043781369162892,0.20812186308371083
near_1e12,secondary_control,13,128,0.5,99,29,0,0.7734375,0.2265625,0.0,0.9990172687573918,1e-10,0.0014305082036405459,64.0,64.00000000000001,1.4210854715202004e-14,63.291174753608225,63.29117475360822,7.105427357601002e-15,64.71676368697024,0.505599716304455,0.267837783695545
near_1e12,secondary_control,13,128,0.55,95,33,0,0.7421875,0.2578125,0.0,0.9989189956331309,1e-10,0.0111572777456872,57.599999999999994,57.599999999999994,0.0,63.782321451865954,63.782321451865926,2.842170943040401e-14,52.016921373797665,0.40638219823279426,0.33580530176720574
near_1e12,secondary_control,13,128,0.6,93,35,0,0.7265625,0.2734375,0.0,0.9988207225088701,1e-10,0.01625753118021711,51.2,51.20000000000001,7.105427357601002e-15,65.53929164519585,65.53929164519582,2.842170943040401e-14,39.99799104011459,0.31248430500089525,0.41407819499910475
near_1e12,secondary_control,13,128,0.65,89,39,0,0.6953125,0.3046875,0.0,0.9987224493846093,1e-10,0.00033525353064201013,44.8,44.800000000000004,7.105427357601002e-15,68.5620853335979,68.56208533359786,4.263256414560601e-14,29.273321985970536,0.22869782801539482,0.46661467198460516
near_1e12,secondary_control,13,128,0.7,87,41,0,0.6796875,0.3203125,0.0,1.0934670853152024,1.0934670853152025e-10,0.015074412926737724,38.400000000000006,38.40000000000002,1.4210854715202004e-14,72.85070251707212,72.85070251707208,4.263256414560601e-14,20.24084805022225,0.15813162539236134,0.5215558746076386
near_1e12,secondary_control,13,128,0.75,85,43,0,0.6640625,0.3359375,0.0,1.2430004485520025,1.2430004485520027e-10,0.013634175850627761,32.0,32.000000000000014,1.4210854715202004e-14,78.4051431956185,78.40514319561845,5.684341886080802e-14,13.060367703750638,0.10203412268555186,0.5620283773144481
near_1e12,secondary_control,13,128,0.8,81,47,0,0.6328125,0.3671875,0.0,1.392533811788803,1.392533811788803e-10,0.016385770932268118,25.599999999999994,25.60000000000001,1.4210854715202004e-14,85.22540736923708,85.22540736923702,5.684341886080802e-14,7.689725637340375,0.06007598154172168,0.5727365184582783
near_1e12,secondary_control,13,128,0.85,79,49,0,0.6171875,0.3828125,0.0,1.5420671750256028,1.542067175025603e-10,0.0012388621930781163,19.200000000000003,19.200000000000014,1.0658141036401503e-14,93.31149503792776,93.3114950379277,5.684341886080802e-14,3.9506386630088954,0.030864364554756996,0.586323135445243
near_1e12,secondary_control,13,128,0.9,76,52,0,0.59375,0.40625,0.0,1.6916005382624033,1.6916005382624033e-10,0.016771737345371518,12.799999999999997,12.800000000000011,1.4210854715202004e-14,102.66340620169066,102.66340620169059,7.105427357601002e-14,1.5958948379145226,0.012467928421207208,0.5812820715787927
near_1e12,secondary_control,13,128,0.95,76,52,0,0.59375,0.40625,0.0,1.8411339014992034,1.8411339014992034e-10,0.03477446095941494,6.400000000000006,6.400000000000018,1.2434497875801753e-14,113.28114086052568,113.28114086052561,7.105427357601002e-14,0.3615782793927804,0.002824830307756097,0.590925169692244
near_1e12,secondary_control,13,256,0.1,256,0,0,1.0,0.0,0.0,0.999872803842718,1e-10,0.6827557922570535,230.4,230.39999999999998,2.842170943040401e-14,209.8474933399093,209.8474933399093,0.0,252.96542338971236,0.9881461851160639,0.011853814883936109
near_1e12,secondary_control,13,256,0.15,256,0,0,1.0,0.0,0.0,0.9998092057640771,1e-10,0.5241336883855803,217.6,217.60000000000002,2.842170943040401e-14,190.55686001479594,190.55686001479594,0.0,248.48100454805711,0.9706289240158481,0.029371075984151895
near_1e12,secondary_control,13,256,0.2,256,0,0,1.0,0.0,0.0,0.9997456076854362,1e-10,0.3655115845141069,204.8,204.8,0.0,173.78997335963723,173.7899733596372,2.842170943040401e-14,241.3432673311019,0.9427471380121168,0.05725286198788315
near_1e12,secondary_control,13,256,0.25,256,0,0,1.0,0.0,0.0,0.9996820096067952,1e-10,0.20688948064263368,192.0,192.0,0.0,159.54683337443316,159.54683337443316,0.0,231.0544134303535,0.9025563024623183,0.09744369753768167
near_1e12,secondary_control,13,256,0.3,256,0,0,1.0,0.0,0.0,0.9996184115281542,1e-10,0.04826737677116044,179.2,179.20000000000002,2.842170943040401e-14,147.82744005918377,147.82744005918377,0.0,217.2305763202249,0.8485569387508786,0.15144306124912144
near_1e12,secondary_control,13,256,0.35,246,10,0,0.9609375,0.0390625,0.0,0.9995548134495132,1e-10,0.0057583362424127316,166.4,166.4,0.0,138.63179341388903,138.63179341388903,0.0,199.73023011636192,0.7801962113920388,0.18074128860796124
near_1e12,secondary_control,13,256,0.4,224,32,0,0.875,0.125,0.0,0.9994912153708723,1e-10,0.00032271472416156577,153.6,153.6,0.0,131.95989343854893,131.95989343854893,0.0,178.78886823280715,0.6983940165344029,0.17660598346559708
near_1e12,secondary_control,13,256,0.45,209,47,0,0.81640625,0.18359375,0.0,0.9994276172922313,1e-10,0.010246597341539987,140.8,140.8,0.0,127.8117401331635,127.81174013316348,1.4210854715202004e-14,155.10812996791424,0.605891132687165,0.210515117312835
near_1e12,secondary_control,13,256,0.5,200,56,0,0.78125,0.21875,0.0,0.9993640192135903,1e-10,0.0014305082036523142,128.0,128.0,0.0,126.18733349773271,126.18733349773271,0.0,129.83870524765769,0.5071824423736628,0.27406755762633717
near_1e12,secondary_control,13,256,0.55,189,67,0,0.73828125,0.26171875,0.0,0.9993004211349493,1e-10,0.005502145271507386,115.19999999999999,115.19999999999997,1.4210854715202004e-14,127.08667353225658,127.08667353225658,0.0,104.42511107690297,0.4079105901441522,0.3303706598558478
near_1e12,secondary_control,13,256,0.6,182,74,0,0.7109375,0.2890625,0.0,0.9992368230563085,1e-10,0.008173627414794549,102.4,102.39999999999999,1.4210854715202004e-14,130.5097602367351,130.5097602367351,0.0,80.34464227793849,0.31384625889819723,0.39709124110180277
near_1e12,secondary_control,13,256,0.65,175,81,0,0.68359375,0.31640625,0.0,1.0620873503291524,1.0620873503291524e-10,0.0012175349474001784,89.6,89.6,0.0,136.4565936111683,136.45659361116827,2.842170943040401e-14,58.83306762644362,0.2298166704157954,0.4537770795842046
near_1e12,secondary_control,13,256,0.7,171,85,0,0.66796875,0.33203125,0.0,1.2207094542006254,1.2207094542006255e-10,0.01507443058176583,76.80000000000001,76.8,1.4210854715202004e-14,144.9271736555561,144.92717365555615,5.684341886080802e-14,40.69795781720111,0.15897639772344183,0.5089923522765581
near_1e12,secondary_control,13,256,0.75,166,90,0,0.6484375,0.3515625,0.0,1.3793315580720988,1.379331558072099e-10,0.013634614100514364,64.0,64.0,0.0,155.92150036989858,155.9215003698986,2.842170943040401e-14,26.269629206253796,0.10261573908692889,0.5458217609130711
near_1e12,secondary_control,13,256,0.8,162,94,0,0.6328125,0.3671875,0.0,1.5379536619435723,1.5379536619435723e-10,0.002920865916123061,51.19999999999999,51.199999999999974,1.4210854715202004e-14,169.43957375419575,169.43957375419575,0.0,15.471238164249012,0.060434524079097704,0.5723779759209023
near_1e12,secondary_control,13,256,0.85,158,98,0,0.6171875,0.3828125,0.0,1.6965757658150453,1.6965757658150454e-10,0.0012388614113787444,38.400000000000006,38.400000000000006,0.0,185.48139380844748,185.48139380844754,5.684341886080802e-14,7.949907911101991,0.03105432777774215,0.5861331722222578
near_1e12,secondary_control,13,256,0.9,155,101,0,0.60546875,0.39453125,0.0,1.8551978696865188,1.8551978696865188e-10,0.012498806610549806,25.599999999999994,25.59999999999998,1.4210854715202004e-14,204.046960532654,204.046960532654,0.0,3.2118096652320447,0.012546131504812675,0.5929226184951873
near_1e12,secondary_control,13,256,0.95,153,103,0,0.59765625,0.40234375,0.0,2.013819973557992,2.013819973557992e-10,0.00790618088109718,12.800000000000011,12.799999999999983,2.842170943040401e-14,225.13627392681508,225.13627392681508,0.0,0.72773701519667,0.002842722715611992,0.594813527284388
near_1e12,secondary_control,13,512,0.1,512,0,0,1.0,0.0,0.0,0.9998733841780516,1e-10,0.6806553291773098,460.8,460.8,0.0,419.64354855870846,419.6435485587084,5.684341886080802e-14,505.9928616305034,0.988267307872077,0.01173269212792305
near_1e12,secondary_control,13,512,0.15,512,0,0,1.0,0.0,0.0,0.9998100762670773,1e-10,0.5209829937659647,435.2,435.20000000000005,5.684341886080802e-14,380.9979842570939,380.9979842570939,0.0,497.1129712649484,0.9709237720018523,0.029076227998147686
near_1e12,secondary_control,13,512,0.2,512,0,0,1.0,0.0,0.0,0.9997467683561031,1e-10,0.3613106583546195,409.6,409.6,0.0,347.3741942348337,347.3741942348337,0.0,482.97243371677126,0.9433055346030689,0.056694465396931126
near_1e12,secondary_control,13,512,0.25,512,0,0,1.0,0.0,0.0,0.9996834604451289,1e-10,0.20163832294327444,384.0,384.0,0.0,318.7721784919276,318.7721784919276,0.0,462.5748730569788,0.9034665489394117,0.0965334510605883
near_1e12,secondary_control,13,512,0.3,512,0,0,1.0,0.0,0.0,0.9996201525341547,1e-10,0.04196598753192937,358.4,358.40000000000003,5.684341886080802e-14,295.1919370283757,295.1919370283758,5.684341886080802e-14,435.1425086100929,0.8498877121290876,0.15011228787091235
near_1e12,secondary_control,13,512,0.35,495,17,0,0.966796875,0.033203125,0.0,0.9995568446231804,1e-10,0.005758336242414286,332.8,332.8,0.0,276.6334698441781,276.63346984417814,5.684341886080802e-14,400.37035309713787,0.7819733458928474,0.1848235291071526
near_1e12,secondary_control,13,512,0.4,451,61,0,0.880859375,0.119140625,0.0,0.9994935367122062,1e-10,0.00032271472416245395,307.2,307.20000000000005,5.684341886080802e-14,263.09677693933463,263.09677693933463,0.0,358.6962983653747,0.7005787077448724,0.1802806672551276
near_1e12,secondary_control,13,512,0.45,417,95,0,0.814453125,0.185546875,0.0,0.999430228801232,1e-10,0.00991816428686354,281.6,281.6,0.0,254.58185831384543,254.5818583138455,5.684341886080802e-14,311.48551010355857,0.6083701369210128,0.20608298807898717
near_1e12,secondary_control,13,512,0.5,400,112,0,0.78125,0.21875,0.0,0.9993669208902578,1e-10,0.0014305082036538685,256.0,256.0,0.0,251.0887139677104,251.08871396771045,5.684341886080802e-14,261.00735060687686,0.5097799816540564,0.27147001834594364
near_1e12,secondary_control,13,512,0.55,380,132,0,0.7421875,0.2578125,0.0,0.9993036129792835,1e-10,9.036737438750109e-05,230.39999999999998,230.4,2.842170943040401e-14,252.6173439009296,252.61734390092963,2.842170943040401e-14,210.13664058164713,0.41042312613602955,0.33176437386397045
near_1e12,secondary_control,13,512,0.6,369,143,0,0.720703125,0.279296875,0.0,0.9992403050683093,1e-10,0.006226544818746849,204.8,204.80000000000004,2.842170943040401e-14,259.16774811350297,259.167748113503,5.684341886080802e-14,161.83742115022343,0.31608871318403015,0.40461441181596985
near_1e12,secondary_control,13,512,0.65,355,157,0,0.693359375,0.306640625,0.0,1.0757403603474867,1.0757403603474867e-10,0.0012175349470324726,179.2,179.2,0.0,270.7399266054306,270.7399266054307,1.1368683772161603e-13,118.61065489169661,0.23166143533534495,0.46169793966465505
near_1e12,secondary_control,13,512,0.7,344,168,0,0.671875,0.328125,0.0,1.2354126957588316,1.2354126957588316e-10,0.00396068489646062,153.60000000000002,153.60000000000005,2.842170943040401e-14,287.33387937671233,287.33387937671245,1.1368683772161603e-13,82.10991356528545,0.16037092493219815,0.5115040750678018
near_1e12,secondary_control,13,512,0.75,336,176,0,0.65625,0.34375,0.0,1.3950850311701766,1.3950850311701766e-10,0.0136346141005117,128.0,128.00000000000006,5.684341886080802e-14,308.9496064273484,308.94960642734844,5.684341886080802e-14,53.0313023844321,0.10357676246959395,0.5526732375304061
near_1e12,secondary_control,13,512,0.8,326,186,0,0.63671875,0.36328125,0.0,1.554757366581522,1.554757366581522e-10,0.0012175395728739602,102.39999999999998,102.4,2.842170943040401e-14,335.5871077573387,335.5871077573387,0.0,31.246015587649435,0.0610273741946278,0.5756913758053722
near_1e12,secondary_control,13,512,0.85,319,193,0,0.623046875,0.376953125,0.0,1.714429701992867,1.714429701992867e-10,0.0012388614113789664,76.80000000000001,76.80000000000007,5.684341886080802e-14,367.24638336668295,367.2463833666831,1.7053025658242404e-13,16.06071636683978,0.03136858665398395,0.5916782883460161
near_1e12,secondary_control,13,512,0.9,314,198,0,0.61328125,0.38671875,0.0,1.8741020374042119,1.874102037404212e-10,0.002697908038794772,51.19999999999999,51.200000000000045,5.684341886080802e-14,403.92743325538174,403.92743325538186,1.1368683772161603e-13,6.48987858752986,0.012675544116269259,0.6006057058837307
near_1e12,secondary_control,13,512,0.95,305,207,0,0.595703125,0.404296875,0.0,2.033774372815557,2.033774372815557e-10,0.006056446974435081,25.600000000000023,25.60000000000005,2.842170943040401e-14,445.6302574234345,445.6302574234346,1.1368683772161603e-13,1.4706362260704462,0.0028723363790438402,0.5928307886209562
near_1e12,secondary_control,14,128,0.1,128,0,0,1.0,0.0,0.0,0.9999273875300496,1e-10,0.6929999712270177,115.2,115.19999999999999,1.4210854715202004e-14,104.86340690435279,104.86340690435277,1.4210854715202004e-14,126.55549148908237,0.988714777258456,0.011285222741543977
near_1e12,secondary_control,14,128,0.15,128,0,0,1.0,0.0,0.0,0.9998910812950743,1e-10,0.5394999568405267,108.8,108.80000000000001,1.4210854715202004e-14,95.14266553479374,95.14266553479376,2.842170943040401e-14,124.41778810234236,0.9720139695495497,0.02798603045045034
near_1e12,secondary_control,14,128,0.2,128,0,0,1.0,0.0,0.0,0.9998547750600991,1e-10,0.38599994245403546,102.4,102.4,0.0,86.6536276174111,86.6536276174111,0.0,121.0077441454179,0.9453730011360774,0.05462699886392264
near_1e12,secondary_control,14,128,0.25,128,0,0,1.0,0.0,0.0,0.9998184688251239,1e-10,0.23249992806754438,96.0,96.0,0.0,79.39629315220485,79.39629315220483,1.4210854715202004e-14,116.07594805884297,0.9068433442097107,0.09315665579028931
near_1e12,secondary_control,14,128,0.3,128,0,0,1.0,0.0,0.0,0.9997821625901487,1e-10,0.0789999136810533,89.6,89.60000000000001,1.4210854715202004e-14,73.37066213917498,73.37066213917498,0.0,109.41921152042464,0.8548375900033175,0.1451624099966825
near_1e12,secondary_control,14,128,0.35,125,3,0,0.9765625,0.0234375,0.0,0.9997458563551735,1e-10,0.003271124373368295,83.2,83.2,0.0,68.57673457832149,68.5767345783215,1.4210854715202004e-14,100.94152255228936,0.7886056449397606,0.1879568550602394
near_1e12,secondary_control,14,128,0.4,115,13,0,0.8984375,0.1015625,0.0,0.9997095501201982,1e-10,0.0015264128269730781,76.8,76.8,0.0,65.0145104696444,65.01451046964442,1.4210854715202004e-14,90.72190127085425,0.7087648536785488,0.1896726463214512
near_1e12,secondary_control,14,128,0.45,105,23,0,0.8203125,0.1796875,0.0,0.999673243885223,1e-10,0.01660596542849646,70.4,70.4,0.0,62.683989813143704,62.68398981314371,7.105427357601002e-15,79.0658031624015,0.6177015872062617,0.20261091279373833
near_1e12,secondary_control,14,128,0.5,102,26,0,0.796875,0.203125,0.0,0.9996369376502479,1e-10,0.005733451871021589,64.0,64.0,0.0,61.585172608819384,61.5851726088194,1.4210854715202004e-14,66.50951562671153,0.5196055908336839,0.27726940916631615
near_1e12,secondary_control,14,128,0.55,95,33,0,0.7421875,0.2578125,0.0,0.9996006314152727,1e-10,0.00533756035732913,57.599999999999994,57.6,7.105427357601002e-15,61.71805885667146,61.71805885667146,0.0,53.75671337468455,0.41997432323972306,0.32221317676027694
near_1e12,secondary_control,14,128,0.6,90,38,0,0.703125,0.296875,0.0,0.9995643251802975,1e-10,0.004790753033416806,51.2,51.2,0.0,63.08264855669992,63.08264855669992,0.0,41.55564263671965,0.32465345809937224,0.37847154190062776
near_1e12,secondary_control,14,128,0.65,89,39,0,0.6953125,0.3046875,0.0,0.9995280189453222,1e-10,0.010771474352696653,44.8,44.800000000000004,7.105427357601002e-15,65.67894170890476,65.67894170890477,1.4210854715202004e-14,30.558348654510752,0.23873709886336525,0.45657540113663475
near_1e12,secondary_control,14,128,0.7,86,42,0,0.671875,0.328125,0.0,1.1490002014108756,1.1490002014108755e-10,0.013059974638746197,38.400000000000006,38.400000000000006,0.0,69.50693831328599,69.50693831328601,2.842170943040401e-14,21.2145727575249,0.16573884966816327,0.5061361503318367
near_1e12,secondary_control,14,128,0.75,84,44,0,0.65625,0.34375,0.0,1.3025002157973669,1.302500215797367e-10,0.015496726609345757,32.0,32.0,0.0,74.56663836984362,74.56663836984362,0.0,13.732682904666493,0.10728658519270698,0.548963414807293
near_1e12,secondary_control,14,128,0.8,82,46,0,0.640625,0.359375,0.0,1.4560002301838582,1.456000230183858e-10,0.0071081189910850995,25.599999999999994,25.6,7.105427357601002e-15,80.85804187857764,80.85804187857765,1.4210854715202004e-14,8.105068893260318,0.06332085072859624,0.5773041492714037
near_1e12,secondary_control,14,128,0.85,79,49,0,0.6171875,0.3828125,0.0,1.609500244570349,1.609500244570349e-10,0.0033427258288944994,19.200000000000003,19.200000000000003,0.0,88.38114883948802,88.38114883948805,2.842170943040401e-14,4.171025211151075,0.03258613446211777,0.5846013655378822
near_1e12,secondary_control,14,128,0.9,78,50,0,0.609375,0.390625,0.0,1.7630002589568403,1.7630002589568405e-10,0.012622651106099947,12.799999999999997,12.799999999999999,1.7763568394002505e-15,97.13595925257482,97.13595925257484,1.4210854715202004e-14,1.6867080045401102,0.01317740628546961,0.5961975937145304
near_1e12,secondary_control,14,128,0.95,77,51,0,0.6015625,0.3984375,0.0,1.9165002733433312,1.9165002733433312e-10,0.042231646054672334,6.400000000000006,6.4000000000000075,1.7763568394002505e-15,107.12247311783798,107.122473117838,1.4210854715202004e-14,0.3823660788240281,0.0029872349908127197,0.5985752650091872
near_1e12,secondary_control,14,256,0.1,256,0,0,1.0,0.0,0.0,0.9999273875300496,1e-10,0.6929999712270176,230.4,230.4,0.0,209.75038706448368,209.75038706448368,0.0,253.08253654702582,0.9886036583868196,0.011396341613180372
near_1e12,secondary_control,14,256,0.15,256,0,0,1.0,0.0,0.0,0.9998910812950744,1e-10,0.5394999568405263,217.6,217.59999999999997,2.842170943040401e-14,190.33837089508825,190.33837089508825,0.0,248.76623550644183,0.9717431074470384,0.0282568925529616
near_1e12,secondary_control,14,256,0.2,256,0,0,1.0,0.0,0.0,0.9998547750600992,1e-10,0.3859999424540351,204.8,204.79999999999998,2.842170943040401e-14,173.40154825793468,173.40154825793465,2.842170943040401e-14,241.88388409087193,0.9448589222299685,0.05514107777003152
near_1e12,secondary_control,14,256,0.25,256,0,0,1.0,0.0,0.0,0.999818468825124,1e-10,0.23249992806754394,192.0,192.0,0.0,158.9399191530229,158.9399191530229,0.0,231.93669781918268,0.9060027258561824,0.09399727414381764
near_1e12,secondary_control,14,256,0.3,256,0,0,1.0,0.0,0.0,0.9997821625901488,1e-10,0.07899991368105275,179.2,179.2,0.0,146.953483580353,146.953483580353,0.0,218.52248220057373,0.8536034460959911,0.14639655390400885
near_1e12,secondary_control,14,256,0.35,252,4,0,0.984375,0.015625,0.0,0.9997458563551737,1e-10,0.0032711218795139496,166.4,166.39999999999998,2.842170943040401e-14,137.4422415399249,137.4422415399249,0.0,201.45887967024152,0.7869487487118809,0.19742625128811908
near_1e12,secondary_control,14,256,0.4,225,31,0,0.87890625,0.12109375,0.0,0.9997095501201985,1e-10,0.0015414312149912845,153.6,153.6,0.0,130.40619303173867,130.40619303173864,2.842170943040401e-14,180.91901505212925,0.7067149025473799,0.1721913474526201
near_1e12,secondary_control,14,256,0.45,209,47,0,0.81640625,0.18359375,0.0,0.9996732438852232,1e-10,0.0033115534039347416,140.8,140.79999999999998,2.842170943040401e-14,125.84533805579424,125.84533805579423,1.4210854715202004e-14,157.5317791367896,0.6153585122530844,0.20104773774691564
near_1e12,secondary_control,14,256,0.5,203,53,0,0.79296875,0.20703125,0.0,0.999636937650248,1e-10,0.005733435312147428,128.0,128.0,0.0,123.75967661209165,123.75967661209167,1.4210854715202004e-14,132.3856077238589,0.5171312801713238,0.2758374698286762
near_1e12,secondary_control,14,256,0.55,189,67,0,0.73828125,0.26171875,0.0,0.9996006314152728,1e-10,0.0029044400231850176,115.19999999999999,115.19999999999997,1.4210854715202004e-14,124.14920870063091,124.14920870063091,0.0,106.89588873660341,0.4175620653773571,0.3207191846226429
near_1e12,secondary_control,14,256,0.6,182,74,0,0.7109375,0.2890625,0.0,0.9995643251802976,1e-10,0.002579057544714436,102.4,102.39999999999998,2.842170943040401e-14,127.013934321412,127.013934321412,0.0,82.55598140488681,0.3224843023628391,0.3884531976371609
near_1e12,secondary_control,14,256,0.65,174,82,0,0.6796875,0.3203125,0.0,0.9995280189453224,1e-10,0.00038069718758682036,89.6,89.59999999999997,2.842170943040401e-14,132.3538534744349,132.3538534744349,0.0,60.65679078660671,0.23694058901018247,0.44274691098981755
near_1e12,secondary_control,14,256,0.7,171,85,0,0.66796875,0.33203125,0.0,1.1490002014108769,1.149000201410877e-10,0.0034344856000931845,76.80000000000001,76.8,1.4210854715202004e-14,140.16896615969964,140.16896615969966,2.842170943040401e-14,42.07949991783431,0.16437304655404028,0.5035957034459597
near_1e12,secondary_control,14,256,0.75,168,88,0,0.65625,0.34375,0.0,1.3025002157973682,1.3025002157973682e-10,0.015561257883888402,64.0,63.99999999999998,2.1316282072803006e-14,150.45927237720622,150.45927237720625,2.842170943040401e-14,27.223313892753627,0.10634106989356885,0.5499089301064312
near_1e12,secondary_control,14,256,0.8,163,93,0,0.63671875,0.36328125,0.0,1.4560002301838595,1.4560002301838596e-10,0.005305935158937292,51.19999999999999,51.19999999999998,7.105427357601002e-15,163.2247721269547,163.2247721269547,0.0,16.060307304096387,0.06273557540662651,0.5739831745933734
near_1e12,secondary_control,14,256,0.85,157,99,0,0.61328125,0.38671875,0.0,1.6095002445703503,1.6095002445703503e-10,0.021817357936996018,38.400000000000006,38.39999999999998,2.842170943040401e-14,178.46546540894485,178.4654654089449,5.684341886080802e-14,8.262438879259461,0.03227515187210727,0.5810060981278927
near_1e12,secondary_control,14,256,0.9,154,102,0,0.6015625,0.3984375,0.0,1.763000258956842,1.763000258956842e-10,0.012622646694825934,25.599999999999994,25.599999999999994,0.0,196.181352223177,196.18135222317702,2.842170943040401e-14,3.340582540457049,0.013049150548660347,0.5885133494513397
near_1e12,secondary_control,14,256,0.95,153,103,0,0.59765625,0.40234375,0.0,1.916500273343333,1.916500273343333e-10,0.001900588045298357,12.800000000000011,12.800000000000011,0.0,216.37243256965087,216.37243256965093,5.684341886080802e-14,0.7572129131896678,0.0029578629421471397,0.5946983870578528
near_1e12,secondary_control,14,512,0.1,512,0,0,1.0,0.0,0.0,0.9999861804792539,1e-10,0.6868034787136421,460.8,460.79999999999995,5.684341886080802e-14,419.5151335941226,419.5151335941225,5.684341886080802e-14,506.14774771256276,0.9885698197510991,0.011430180248900856
near_1e12,secondary_control,14,512,0.15,512,0,0,1.0,0.0,0.0,0.9999792707188809,1e-10,0.5302052180704633,435.2,435.20000000000005,5.684341886080802e-14,380.7090505867757,380.70905058677573,5.684341886080802e-14,497.49024802033153,0.97166064066471,0.02833935933528997
near_1e12,secondary_control,14,512,0.2,512,0,0,1.0,0.0,0.0,0.9999723609585078,1e-10,0.3736069574272842,409.6,409.59999999999997,5.684341886080802e-14,346.86053437649014,346.86053437649014,0.0,483.68765936887013,0.9447024597048245,0.05529754029517553
near_1e12,secondary_control,14,512,0.25,512,0,0,1.0,0.0,0.0,0.9999654511981348,1e-10,0.2170086967841054,384.0,384.0,0.0,317.96958496326585,317.96958496326585,0.0,463.7424677490307,0.9057470073223256,0.0942529926776744
near_1e12,secondary_control,14,512,0.3,512,0,0,1.0,0.0,0.0,0.9999585414377617,1e-10,0.06041043614092656,358.4,358.4,0.0,294.03620234710286,294.0362023471028,5.684341886080802e-14,436.85287381166455,0.8532282691634073,0.14677173083659267
near_1e12,secondary_control,14,512,0.35,501,11,0,0.978515625,0.021484375,0.0,0.9999516316773888,1e-10,0.002275488452696317,332.8,332.8,0.0,275.0603865280011,275.0603865280011,0.0,402.66009001890603,0.7864454883181758,0.19207013668182416
near_1e12,secondary_control,14,512,0.4,451,61,0,0.880859375,0.119140625,0.0,0.9999447219170157,1e-10,0.001541431214988953,307.2,307.2,0.0,261.04213750596057,261.04213750596057,0.0,361.51956500833177,0.706092900406898,0.17476647459310202
near_1e12,secondary_control,14,512,0.45,422,90,0,0.82421875,0.17578125,0.0,0.9999378121566427,1e-10,0.0013762059036568353,281.6,281.59999999999997,5.684341886080802e-14,251.98145528098138,251.98145528098138,0.0,314.6999842173908,0.6146484066745914,0.20957034332540858
near_1e12,secondary_control,14,512,0.5,404,108,0,0.7890625,0.2109375,0.0,0.9999309023962696,1e-10,0.00268359960555431,256.0,255.99999999999997,2.842170943040401e-14,247.87833985306344,247.87833985306347,2.842170943040401e-14,264.387763928257,0.516382351422377,0.272680148577623
near_1e12,secondary_control,14,512,0.55,380,132,0,0.7421875,0.2578125,0.0,0.9999239926358966,1e-10,0.0016939425616755432,230.39999999999998,230.39999999999998,0.0,248.73279122220674,248.73279122220677,2.842170943040401e-14,213.4184227948336,0.41683285702115935,0.32535464297884065
near_1e12,secondary_control,14,512,0.6,364,148,0,0.7109375,0.2890625,0.0,0.9999170828755235,1e-10,0.002569549030342344,204.8,204.79999999999998,2.842170943040401e-14,254.54480938841135,254.54480938841138,2.842170943040401e-14,164.77664620534017,0.321829387119805,0.389108112880195
near_1e12,secondary_control,14,512,0.65,350,162,0,0.68359375,0.31640625,0.0,1.0357773883613262,1.0357773883613263e-10,0.0006524247358907775,179.2,179.2,0.0,265.3143943516772,265.31439435167727,5.684341886080802e-14,121.0361770173477,0.23639878323700722,0.44719496676299275
near_1e12,secondary_control,14,512,0.7,342,170,0,0.66796875,0.33203125,0.0,1.1923756490045045,1.1923756490045047e-10,0.0034344855937520347,153.60000000000002,153.60000000000002,0.0,281.0415461120043,281.04154611200437,5.684341886080802e-14,83.9482999093573,0.16396152326046348,0.5040072267395366
near_1e12,secondary_control,14,512,0.75,336,176,0,0.65625,0.34375,0.0,1.3489739096476838,1.3489739096476838e-10,0.001115486133576038,128.0,127.99999999999997,2.842170943040401e-14,301.7262646693928,301.72626466939283,5.684341886080802e-14,54.30087439670611,0.10605639530606661,0.5501936046939334
near_1e12,secondary_control,14,512,0.8,328,184,0,0.640625,0.359375,0.0,1.505572170290863,1.5055721702908632e-10,0.0017396093235919619,102.39999999999998,102.39999999999996,1.4210854715202004e-14,327.36855002384243,327.36855002384254,1.1368683772161603e-13,32.030443972813856,0.06255946088440206,0.578065539115598
near_1e12,secondary_control,14,512,0.85,317,195,0,0.619140625,0.380859375,0.0,1.6621704309340415,1.6621704309340415e-10,0.01664542834717464,76.80000000000001,76.79999999999998,2.842170943040401e-14,357.9684021753533,357.96840217535345,1.7053025658242404e-13,16.47698501922722,0.03218161136567817,0.5869590136343218
near_1e12,secondary_control,14,512,0.9,310,202,0,0.60546875,0.39453125,0.0,1.8187686915772208,1.8187686915772209e-10,0.0005276021804785369,51.19999999999999,51.19999999999996,2.842170943040401e-14,393.52582112392554,393.52582112392565,1.1368683772161603e-13,6.661418029731977,0.013010582089320268,0.5924581679106797
near_1e12,secondary_control,14,512,0.95,305,207,0,0.595703125,0.404296875,0.0,1.9753669522203992,1.9753669522203992e-10,0.022527900141510848,25.600000000000023,25.600000000000023,0.0,434.040806869559,434.0408068695591,1.1368683772161603e-13,1.5099041141469323,0.002949031472943227,0.5927540935270568
near_1e12,secondary_control,15,128,0.1,128,0,0,1.0,0.0,0.0,0.999712028767982,1e-10,0.6883358278060319,115.2,115.2,0.0,104.90103583617399,104.90103583617397,1.4210854715202004e-14,126.51009491198586,0.9883601164998895,0.01163988350011047
near_1e12,secondary_control,15,128,0.15,128,0,0,1.0,0.0,0.0,0.999568043151973,1e-10,0.5325037417090479,108.8,108.8,0.0,95.22733063139147,95.22733063139148,1.4210854715202004e-14,124.3071702368796,0.9711497674756219,0.028850232524378128
near_1e12,secondary_control,15,128,0.2,128,0,0,1.0,0.0,0.0,0.9994240575359641,1e-10,0.37667165561206384,102.4,102.4,0.0,86.80414334469594,86.80414334469594,0.0,120.79792042139566,0.9437337532921536,0.05626624670784641
near_1e12,secondary_control,15,128,0.25,128,0,0,1.0,0.0,0.0,0.999280071919955,1e-10,0.22083956951507988,96.0,96.0,0.0,79.63147397608742,79.63147397608742,0.0,115.73313339355589,0.9041651046371554,0.09583489536284462
near_1e12,secondary_control,15,128,0.3,128,0,0,1.0,0.0,0.0,0.9991360863039461,1e-10,0.06500748341809592,89.6,89.6,0.0,73.70932252556588,73.70932252556588,0.0,108.91648064212573,0.8509100050166073,0.1490899949833927
near_1e12,secondary_control,15,128,0.35,122,6,0,0.953125,0.046875,0.0,0.9989921006879371,1e-10,0.0110653155627507,83.2,83.2,0.0,69.03768899313134,69.03768899313134,0.0,100.26755097043738,0.7833402419565421,0.16978475804345794
near_1e12,secondary_control,15,128,0.4,114,14,0,0.890625,0.109375,0.0,0.9988481150719282,1e-10,0.01168521602487238,76.8,76.80000000000001,1.4210854715202004e-14,65.61657337878378,65.61657337878378,0.0,89.88948517551077,0.7022616029336779,0.1883633970663221
near_1e12,secondary_control,15,128,0.45,105,23,0,0.8203125,0.1796875,0.0,0.9987041294559191,1e-10,0.001321480276977871,70.4,70.4,0.0,63.44597568252323,63.445975682523226,7.105427357601002e-15,78.11622323849328,0.6102829940507287,0.21002950594927128
near_1e12,secondary_control,15,128,0.5,101,27,0,0.7890625,0.2109375,0.0,0.9985601438399102,1e-10,0.013040840856047176,64.0,64.00000000000001,1.4210854715202004e-14,62.525895904349674,62.52589590434966,1.4210854715202004e-14,65.50885742230616,0.5117879486117669,0.2772745513882331
near_1e12,secondary_control,15,128,0.55,97,31,0,0.7578125,0.2421875,0.0,0.9984161582239012,1e-10,0.0022778232409471633,57.599999999999994,57.599999999999994,0.0,62.85633404426311,62.85633404426309,1.4210854715202004e-14,52.783224641507886,0.41236894251178036,0.34544355748821964
near_1e12,secondary_control,15,128,0.6,92,36,0,0.71875,0.28125,0.0,0.9982721726078921,1e-10,0.004850821974120789,51.2,51.20000000000001,7.105427357601002e-15,64.43729010226353,64.4372901022635,2.842170943040401e-14,40.682033583965314,0.317828387374729,0.400921612625271
near_1e12,secondary_control,15,128,0.65,88,40,0,0.6875,0.3125,0.0,1.0258171192607923,1.0258171192607924e-10,0.00662525305702677,44.8,44.80000000000001,1.4210854715202004e-14,67.26876407835096,67.26876407835093,2.842170943040401e-14,29.836136095235968,0.233094813244031,0.45440518675596897
near_1e12,secondary_control,15,128,0.7,86,42,0,0.671875,0.328125,0.0,1.1816492053577763,1.1816492053577763e-10,0.0027438197340541315,38.400000000000006,38.400000000000006,0.0,71.35075597252536,71.35075597252533,2.842170943040401e-14,20.666354264947117,0.16145589269489935,0.5104191073051006
near_1e12,secondary_control,15,128,0.75,83,45,0,0.6484375,0.3515625,0.0,1.3374812914547602,1.3374812914547602e-10,0.01943276518603909,32.0,32.0,0.0,76.68326578478676,76.68326578478673,2.842170943040401e-14,13.353630541425794,0.10432523860488901,0.544112261395111
near_1e12,secondary_control,15,128,0.8,81,47,0,0.6328125,0.3671875,0.0,1.4933133775517446,1.4933133775517447e-10,0.0045213214389374645,25.599999999999994,25.600000000000005,1.0658141036401503e-14,83.26629351513517,83.26629351513513,4.263256414560601e-14,7.8706517647609235,0.061489466912194715,0.5713230330878053
near_1e12,secondary_control,15,128,0.85,80,48,0,0.625,0.375,0.0,1.6491454636487282,1.6491454636487283e-10,0.004321760494651716,19.200000000000003,19.200000000000014,1.0658141036401503e-14,91.09983916357055,91.09983916357052,2.842170943040401e-14,4.046549405406784,0.0316136672297405,0.5933863327702595
near_1e12,secondary_control,15,128,0.9,78,50,0,0.609375,0.390625,0.0,1.8049775497457126,1.8049775497457125e-10,0.013716220512155042,12.799999999999997,12.800000000000008,1.0658141036401503e-14,100.18390273009294,100.1839027300929,4.263256414560601e-14,1.635392468602505,0.01277650366095707,0.5965984963390429
near_1e12,secondary_control,15,128,0.95,78,50,0,0.609375,0.390625,0.0,1.9608096358426965,1.9608096358426967e-10,0.023409334367939016,6.400000000000006,6.400000000000016,1.0658141036401503e-14,110.51848421470234,110.51848421470226,8.526512829121202e-14,0.37061673701955405,0.002895443257965266,0.6064795567420347
near_1e12,secondary_control,15,256,0.1,256,0,0,1.0,0.0,0.0,0.9997184375880732,1e-10,0.6883358054330568,230.4,230.4,0.0,209.77840366505419,209.7784036650542,2.842170943040401e-14,253.04873653609081,0.9884716270941047,0.011528372905895257
near_1e12,secondary_control,15,256,0.15,256,0,0,1.0,0.0,0.0,0.9995776563821098,1e-10,0.5325037081495854,217.6,217.60000000000002,2.842170943040401e-14,190.40140824637191,190.40140824637194,2.842170943040401e-14,248.68387495711835,0.9714213865512435,0.02857861344875645
near_1e12,secondary_control,15,256,0.2,256,0,0,1.0,0.0,0.0,0.9994368751761464,1e-10,0.37667161086611367,204.8,204.8,0.0,173.51361466021675,173.51361466021675,0.0,241.72765971209245,0.9442486707503611,0.05575132924963888
near_1e12,secondary_control,15,256,0.25,256,0,0,1.0,0.0,0.0,0.999296093970183,1e-10,0.2208395135826422,192.0,192.0,0.0,159.11502290658865,159.11502290658865,0.0,231.6814548783472,0.9050056831185438,0.09499431688145621
near_1e12,secondary_control,15,256,0.3,256,0,0,1.0,0.0,0.0,0.9991553127642196,1e-10,0.06500741629917073,179.2,179.2,0.0,147.20563298548768,147.20563298548768,0.0,218.1481737398312,0.8521413036712157,0.14785869632878434
near_1e12,secondary_control,15,256,0.35,248,8,0,0.96875,0.03125,0.0,0.9990145315582563,1e-10,0.01106531556275181,166.4,166.39999999999998,2.842170943040401e-14,137.7854448969138,137.7854448969138,0.0,200.9570751157055,0.7849885746707246,0.18376142532927542
near_1e12,secondary_control,15,256,0.4,228,28,0,0.890625,0.109375,0.0,0.9988737503522929,1e-10,0.0030260756335630523,153.6,153.59999999999997,2.842170943040401e-14,130.854458640867,130.854458640867,0.0,180.29924425235987,0.7042939228607807,0.18633107713921926
near_1e12,secondary_control,15,256,0.45,210,46,0,0.8203125,0.1796875,0.0,0.9987329691463294,1e-10,0.0013214801538350418,140.8,140.8,0.0,126.41267421734727,126.41267421734727,0.0,156.82478139742986,0.6125968023337104,0.2077156976662896
near_1e12,secondary_control,15,256,0.5,200,56,0,0.78125,0.21875,0.0,0.998592187940366,1e-10,0.0030265799203832433,128.0,128.00000000000003,2.842170943040401e-14,124.46009162635465,124.46009162635464,1.4210854715202004e-14,131.64059085852912,0.5142210580411294,0.2670289419588706
near_1e12,secondary_control,15,256,0.55,192,64,0,0.75,0.25,0.0,0.9984514067344026,1e-10,0.0005185356168282418,115.19999999999999,115.19999999999999,0.0,124.99671086788913,124.99671086788913,0.0,106.17111368655416,0.4147309128381022,0.3352690871618978
near_1e12,secondary_control,15,256,0.6,183,73,0,0.71484375,0.28515625,0.0,0.9983106255284392,1e-10,0.004850822316887493,102.4,102.4,0.0,128.02253194195072,128.02253194195072,0.0,81.90558209514683,0.3199436800591673,0.3949000699408327
near_1e12,secondary_control,15,256,0.65,176,80,0,0.6875,0.3125,0.0,1.0258172646851302,1.0258172646851303e-10,0.006625291660224075,89.6,89.60000000000001,1.4210854715202004e-14,133.53755484853937,133.5375548485394,2.842170943040401e-14,60.119117869918156,0.2348403041793678,0.4526596958206322
near_1e12,secondary_control,15,256,0.7,171,85,0,0.66796875,0.33203125,0.0,1.1816493619686015,1.1816493619686016e-10,0.002741634017517036,76.80000000000001,76.80000000000001,0.0,141.5417795876551,141.54177958765513,2.842170943040401e-14,41.67137093501989,0.16277879271492143,0.5051899572850785
near_1e12,secondary_control,15,256,0.75,166,90,0,0.6484375,0.3515625,0.0,1.3374814592520732,1.3374814592520732e-10,0.0109215033432557,64.0,63.999999999999986,1.4210854715202004e-14,152.03520615929796,152.035206159298,5.684341886080802e-14,26.941128331212532,0.10523878254379895,0.5431987174562011
near_1e12,secondary_control,15,256,0.8,162,94,0,0.6328125,0.3671875,0.0,1.4933135565355453,1.4933135565355453e-10,0.005082310904139908,51.19999999999999,51.19999999999999,0.0,165.01783456346794,165.01783456346794,0.0,15.885798083186941,0.06205389876244899,0.570758601237551
near_1e12,secondary_control,15,256,0.85,156,100,0,0.609375,0.390625,0.0,1.6491456538190166,1.6491456538190166e-10,0.005106395711517164,38.400000000000006,38.400000000000006,0.0,180.48966480016492,180.48966480016497,5.684341886080802e-14,8.169775270138643,0.031913184648979076,0.5774618153510209
near_1e12,secondary_control,15,256,0.9,154,102,0,0.6015625,0.3984375,0.0,1.8049777511024883,1.8049777511024884e-10,0.021665216764261475,25.599999999999994,25.60000000000001,1.4210854715202004e-14,198.4506968693891,198.4506968693891,0.0,3.3023819534951127,0.012899929505840284,0.5886625704941597
near_1e12,secondary_control,15,256,0.95,154,102,0,0.6015625,0.3984375,0.0,1.9608098483859595,1.9608098483859595e-10,0.0073688244167754435,12.800000000000011,12.800000000000026,1.4210854715202004e-14,218.90093077114028,218.90093077114028,0.0,0.7484664383236183,0.002923697024701634,0.5986388029752984
near_1e12,secondary_control,15,512,0.1,512,0,0,1.0,0.0,0.0,0.9998843386304131,1e-10,0.6849858897706395,460.8,460.79999999999995,5.684341886080802e-14,419.57393499316214,419.5739349931621,5.684341886080802e-14,506.07681338322527,0.9884312761391119,0.011568723860888142
near_1e12,secondary_control,15,512,0.15,512,0,0,1.0,0.0,0.0,0.9998265079456197,1e-10,0.5274788346559592,435.2,435.20000000000005,5.684341886080802e-14,380.84135373461476,380.8413537346148,5.684341886080802e-14,497.31742139531593,0.9713230886627264,0.02867691133727357
near_1e12,secondary_control,15,512,0.2,512,0,0,1.0,0.0,0.0,0.9997686772608262,1e-10,0.3699717795412789,409.6,409.6,0.0,347.09573997264846,347.09573997264846,0.0,483.359893766546,0.9440622925127852,0.05593770748721483
near_1e12,secondary_control,15,512,0.25,512,0,0,1.0,0.0,0.0,0.9997108465760328,1e-10,0.2124647244265987,384.0,384.0,0.0,318.33709370726325,318.33709370726325,0.0,463.20709372184484,0.9047013549254782,0.09529864507452179
near_1e12,secondary_control,15,512,0.3,512,0,0,1.0,0.0,0.0,0.9996530158912393,1e-10,0.05495766931191848,358.4,358.4,0.0,294.56541493845907,294.56541493845907,0.0,436.06802932664726,0.8516953697786079,0.14830463022139206
near_1e12,secondary_control,15,512,0.35,496,16,0,0.96875,0.03125,0.0,0.999595185206446,1e-10,0.009789299270271057,332.8,332.8,0.0,275.780703666236,275.78070366623604,5.684341886080802e-14,401.6083740726198,0.7843913556105856,0.1843586443894144
near_1e12,secondary_control,15,512,0.4,453,59,0,0.884765625,0.115234375,0.0,0.9995373545216525,1e-10,0.0030260756336474293,307.2,307.2,0.0,261.982959890594,261.9829598905939,5.684341886080802e-14,360.2212908786525,0.7035572087473682,0.18120841625263184
near_1e12,secondary_control,15,512,0.45,419,93,0,0.818359375,0.181640625,0.0,0.999479523836859,1e-10,0.0008123598484437444,281.6,281.6,0.0,253.17218361153294,253.17218361153294,0.0,313.21987616805336,0.6117575706407292,0.20660180435927078
near_1e12,secondary_control,15,512,0.5,404,108,0,0.7890625,0.2109375,0.0,0.9994216931520656,1e-10,0.0004664814751872415,256.0,256.0,0.0,249.34837482905303,249.34837482905303,0.0,262.8290641353882,0.5133380158894301,0.27572448411056993
near_1e12,secondary_control,15,512,0.55,382,130,0,0.74609375,0.25390625,0.0,0.9993638624672722,1e-10,0.0005169859368356899,230.39999999999998,230.39999999999998,0.0,250.51153354315414,250.51153354315417,2.842170943040401e-14,211.9030579119244,0.41387315998422736,0.33222059001577264
near_1e12,secondary_control,15,512,0.6,367,145,0,0.716796875,0.283203125,0.0,0.9993060317824787,1e-10,0.004850822316888159,204.8,204.8,0.0,256.6616597538364,256.6616597538363,5.684341886080802e-14,163.41762942009913,0.3191750574611311,0.3976218175388689
near_1e12,secondary_control,15,512,0.65,354,158,0,0.69140625,0.30859375,0.0,1.0475917164908433,1.0475917164908432e-10,0.0033658110774179573,179.2,179.2,0.0,267.79875346109964,267.79875346109964,0.0,119.91332888957852,0.23420572048745805,0.457200529512542
near_1e12,secondary_control,15,512,0.7,342,170,0,0.66796875,0.33203125,0.0,1.2050987716055235,1.2050987716055235e-10,0.0004943097126364204,153.60000000000002,153.60000000000002,0.0,283.9228146649439,283.9228146649439,0.0,83.09638669876514,0.16229763027102567,0.5056711197289743
near_1e12,secondary_control,15,512,0.75,334,178,0,0.65234375,0.34765625,0.0,1.3626058267202037,1.3626058267202036e-10,0.0016160479894704594,128.0,128.00000000000003,2.842170943040401e-14,305.0338433653693,305.0338433653693,0.0,53.71207279572338,0.10490639217914723,0.5474373578208528
near_1e12,secondary_control,15,512,0.8,323,189,0,0.630859375,0.369140625,0.0,1.5201128818348844,1.5201128818348843e-10,0.006326982123738389,102.39999999999998,102.39999999999999,1.4210854715202004e-14,331.13183956237583,331.1318395623758,5.684341886080802e-14,31.66642028099136,0.06184847711131125,0.5690108978886887
near_1e12,secondary_control,15,512,0.85,316,196,0,0.6171875,0.3828125,0.0,1.6776199369495646,1.6776199369495647e-10,2.687489036046209e-05,76.80000000000001,76.80000000000001,0.0,362.2168032559632,362.2168032559632,0.0,16.283728272627833,0.03180415678247624,0.5853833432175237
near_1e12,secondary_control,15,512,0.9,310,202,0,0.60546875,0.39453125,0.0,1.8351269920642448,1.8351269920642448e-10,0.011953287128105616,51.19999999999999,51.200000000000045,5.684341886080802e-14,398.2887344461318,398.2887344461318,0.0,6.581757838683098,0.012854995778677925,0.5926137542213221
near_1e12,secondary_control,15,512,0.95,307,205,0,0.599609375,0.400390625,0.0,1.992634047178925,1.9926340471789252e-10,0.005147216243381436,25.600000000000023,25.60000000000005,2.842170943040401e-14,439.34763313288147,439.34763313288136,1.1368683772161603e-13,1.4916661672370644,0.0029134104828848913,0.5966959645171152
near_1e12,secondary_control,16,128,0.1,128,0,0,1.0,0.0,0.0,0.9998550930458244,1e-10,0.7024494988872556,115.2,115.19999999999999,1.4210854715202004e-14,104.89359686129447,104.89359686129447,0.0,126.51906691262475,0.9884302102548809,0.01156978974511913
near_1e12,secondary_control,16,128,0.15,128,0,0,1.0,0.0,0.0,0.9997826395687367,1e-10,0.5536742483308834,108.8,108.80000000000001,1.4210854715202004e-14,95.21059293791252,95.21059293791254,1.4210854715202004e-14,124.32902300817803,0.9713204922513908,0.028679507748609168
near_1e12,secondary_control,16,128,0.2,128,0,0,1.0,0.0,0.0,0.9997101860916489,1e-10,0.4048989977745112,102.4,102.4,0.0,86.77438744517784,86.77438744517784,0.0,120.83934336758847,0.9440573700592849,0.05594262994071508
near_1e12,secondary_control,16,128,0.25,128,0,0,1.0,0.0,0.0,0.9996377326145611,1e-10,0.256123747218139,96.0,96.0,0.0,79.58498038309037,79.58498038309037,0.0,115.80074475909713,0.9046933184304463,0.09530668156955369
near_1e12,secondary_control,16,128,0.3,128,0,0,1.0,0.0,0.0,0.9995652791374733,1e-10,0.10734849666176682,89.6,89.6,0.0,73.64237175165015,73.64237175165013,1.4210854715202004e-14,109.0155003029232,0.8516835961165875,0.1483164038834125
near_1e12,secondary_control,16,128,0.35,124,4,0,0.96875,0.03125,0.0,0.9994928256603856,1e-10,0.0012010743731643014,83.2,83.2,0.0,68.94656155085714,68.94656155085713,1.4210854715202004e-14,100.40007571507304,0.7843755915240082,0.18437440847599185
near_1e12,secondary_control,16,128,0.4,114,14,0,0.890625,0.109375,0.0,0.9994203721832977,1e-10,0.0015459458510717061,76.8,76.80000000000001,1.4210854715202004e-14,65.49754978071135,65.49754978071135,0.0,90.05283433880449,0.7035377682719101,0.18708723172808994
near_1e12,secondary_control,16,128,0.45,108,20,0,0.84375,0.15625,0.0,0.99934791870621,1e-10,0.002799015591794185,70.4,70.39999999999998,2.842170943040401e-14,63.29533644121282,63.295336441212825,7.105427357601002e-15,78.3021353335117,0.6117354322930602,0.23201456770693984
near_1e12,secondary_control,16,128,0.5,101,27,0,0.7890625,0.2109375,0.0,0.9992754652291221,1e-10,0.002134394288958008,64.0,64.0,0.0,62.3399215323615,62.3399215323615,0.0,65.70428546134295,0.5133147301667418,0.2757477698332582
near_1e12,secondary_control,16,128,0.55,95,33,0,0.7421875,0.2578125,0.0,0.9992030117520344,1e-10,0.009748734693394434,57.599999999999994,57.599999999999994,0.0,62.63130505415742,62.631305054157416,7.105427357601002e-15,52.97287031032046,0.4138505492993786,0.3283369507006214
near_1e12,secondary_control,16,128,0.6,90,38,0,0.703125,0.296875,0.0,0.9991305582749466,1e-10,0.02264842006341672,51.2,51.2,0.0,64.16948700660056,64.16948700660058,1.4210854715202004e-14,40.85181481551123,0.3191548032461815,0.3839701967538185
near_1e12,secondary_control,16,128,0.65,87,41,0,0.6796875,0.3203125,0.0,0.9990581047978588,1e-10,0.00945337910907118,44.8,44.8,0.0,66.95446738969095,66.95446738969095,0.0,29.976192452081634,0.23418900353188776,0.44549849646811224
near_1e12,secondary_control,16,128,0.7,85,43,0,0.6640625,0.3359375,0.0,1.0828535077892107,1.0828535077892107e-10,0.015172556918208069,38.400000000000006,38.400000000000006,0.0,70.98624620342854,70.98624620342855,1.4210854715202004e-14,20.772474653389704,0.16228495822960706,0.5017775417703929
near_1e12,secondary_control,16,128,0.75,82,46,0,0.640625,0.359375,0.0,1.231628758345583,1.231628758345583e-10,0.00010597286204627743,32.0,32.0,0.0,76.26482344781337,76.2648234478134,2.842170943040401e-14,13.426897928908268,0.10489764006959584,0.5357273599304042
near_1e12,secondary_control,16,128,0.8,81,47,0,0.6328125,0.3671875,0.0,1.3804040089019551,1.380404008901955e-10,0.02113360574085732,25.599999999999994,25.599999999999987,7.105427357601002e-15,82.79019912284545,82.79019912284545,0.0,7.915912836827047,0.06184306903771131,0.5709694309622887
near_1e12,secondary_control,16,128,0.85,78,50,0,0.609375,0.390625,0.0,1.5291792594583273,1.5291792594583273e-10,0.015321643009699404,19.200000000000003,19.200000000000003,0.0,90.56237322852473,90.56237322852473,0.0,4.0705647042814945,0.031801286752199176,0.5775737132478008
near_1e12,secondary_control,16,128,0.9,78,50,0,0.609375,0.390625,0.0,1.6779545100146995,1.6779545100146995e-10,0.0321171884974677,12.799999999999997,12.799999999999999,1.7763568394002505e-15,99.58134576485128,99.58134576485128,0.0,1.6452880681778221,0.012853813032639235,0.5965211869673608
near_1e12,secondary_control,16,128,0.95,77,51,0,0.6015625,0.3984375,0.0,1.8267297605710717,1.8267297605710717e-10,0.00042693570080543086,6.400000000000006,6.400000000000001,4.440892098500626e-15,109.84711673182503,109.84711673182503,0.0,0.3728818854663037,0.0029131397302054975,0.5986493602697945
near_1e12,secondary_control,16,256,0.1,256,0,0,1.0,0.0,0.0,0.9998808681569674,1e-10,0.6937229123549695,230.4,230.4,0.0,209.77498940394264,209.77498940394264,0.0,253.0528551131573,0.9884877152857707,0.01151228471422927
near_1e12,secondary_control,16,256,0.15,256,0,0,1.0,0.0,0.0,0.9998213022354512,1e-10,0.5405843685324543,217.6,217.60000000000002,2.842170943040401e-14,190.39372615887092,190.39372615887095,2.842170943040401e-14,248.69390896047574,0.9714605818768584,0.028539418123141647
near_1e12,secondary_control,16,256,0.2,256,0,0,1.0,0.0,0.0,0.999761736313935,1e-10,0.38744582470993905,204.8,204.79999999999998,2.842170943040401e-14,173.49995761577054,173.49995761577054,0.0,241.74668729825402,0.9443229972588048,0.05567700274119525
near_1e12,secondary_control,16,256,0.25,256,0,0,1.0,0.0,0.0,0.9997021703924187,1e-10,0.2343072808874238,192.0,192.0,0.0,159.09368377464145,159.09368377464145,0.0,231.71253016064674,0.9051270709400263,0.09487292905997369
near_1e12,secondary_control,16,256,0.3,256,0,0,1.0,0.0,0.0,0.9996426044709024,1e-10,0.08116873706490857,179.2,179.2,0.0,147.1749046354837,147.1749046354837,0.0,218.19372045482322,0.8523192205266532,0.1476807794733468
near_1e12,secondary_control,16,256,0.35,249,7,0,0.97265625,0.02734375,0.0,0.9995830385493861,1e-10,0.0012010725438146297,166.4,166.4,0.0,137.74362019829726,137.74362019829726,0.0,201.01809405138812,0.7852269298882348,0.18742932011176516
near_1e12,secondary_control,16,256,0.4,229,27,0,0.89453125,0.10546875,0.0,0.9995234726278699,1e-10,0.0005581919338975005,153.6,153.6,0.0,130.79983046308215,130.79983046308212,2.842170943040401e-14,180.37454571975948,0.7045880692178105,0.18994318078218952
near_1e12,secondary_control,16,256,0.45,212,44,0,0.828125,0.171875,0.0,0.9994639067063537,1e-10,0.0001297913791857841,140.8,140.79999999999998,2.842170943040401e-14,126.34353542983833,126.34353542983834,1.4210854715202004e-14,156.9106003924444,0.6129320327829859,0.2151929672170141
near_1e12,secondary_control,16,256,0.5,200,56,0,0.78125,0.21875,0.0,0.9994043407848373,1e-10,0.00205139592093595,128.0,128.0,0.0,124.37473509856584,124.37473509856585,1.4210854715202004e-14,131.73093383488077,0.514573960292503,0.266676039707497
near_1e12,secondary_control,16,256,0.55,190,66,0,0.7421875,0.2578125,0.0,0.9993447748633211,1e-10,0.004129946967360354,115.19999999999999,115.19999999999999,0.0,124.89342946926467,124.89342946926466,1.4210854715202004e-14,106.25891254964617,0.41507387714705535,0.32711362285294465
near_1e12,secondary_control,16,256,0.6,182,74,0,0.7109375,0.2890625,0.0,0.9992852089418048,1e-10,0.009740144917566584,102.4,102.4,0.0,127.89961854193481,127.89961854193481,0.0,81.98429455488959,0.32025115060503745,0.39068634939496255
near_1e12,secondary_control,16,256,0.65,176,80,0,0.6875,0.3125,0.0,0.9992256430202886,1e-10,0.0013840654451438006,89.6,89.6,0.0,133.39330231657627,133.3933023165763,2.842170943040401e-14,60.18413114136069,0.23509426227094019,0.4524057377290598
near_1e12,secondary_control,16,256,0.7,171,85,0,0.66796875,0.33203125,0.0,1.1439396135152133,1.1439396135152133e-10,0.01084642839606098,76.80000000000001,76.8,1.4210854715202004e-14,141.37448079318904,141.37448079318906,2.842170943040401e-14,41.720683725291956,0.1629714208019217,0.5049973291980783
near_1e12,secondary_control,16,256,0.75,166,90,0,0.6484375,0.3515625,0.0,1.2970781573377286,1.2970781573377287e-10,0.00010597317011340479,64.0,64.0,0.0,151.84315397177312,151.84315397177318,5.684341886080802e-14,26.975203641788326,0.10537188922573565,0.5430656107742644
near_1e12,secondary_control,16,256,0.8,162,94,0,0.6328125,0.3671875,0.0,1.4502167011602438,1.4502167011602439e-10,0.001856009418058191,51.19999999999999,51.2,1.4210854715202004e-14,164.7993218523286,164.79932185232857,2.842170943040401e-14,15.906861572822413,0.06213617801883755,0.5706763219811625
near_1e12,secondary_control,16,256,0.85,157,99,0,0.61328125,0.38671875,0.0,1.603355244982759,1.603355244982759e-10,0.015250623248944883,38.400000000000006,38.400000000000006,0.0,180.24298443485526,180.24298443485532,5.684341886080802e-14,8.180956416270098,0.03195686100105507,0.5813243889989449
near_1e12,secondary_control,16,256,0.9,156,100,0,0.609375,0.390625,0.0,1.7564937888052743,1.7564937888052743e-10,0.020394452549695963,25.599999999999994,25.60000000000001,1.4210854715202004e-14,198.17414171935332,198.17414171935337,5.684341886080802e-14,3.3069904797574226,0.012917931561552432,0.5964570684384476
near_1e12,secondary_control,16,256,0.95,155,101,0,0.60546875,0.39453125,0.0,1.9096323326277895,1.9096323326277895e-10,0.00042695194147068793,12.800000000000011,12.799999999999997,1.4210854715202004e-14,218.59279370582266,218.59279370582271,5.684341886080802e-14,0.749521506278439,0.0029278183839001526,0.6025409316160999
near_1e12,secondary_control,16,512,0.1,512,0,0,1.0,0.0,0.0,0.9998808681569674,1e-10,0.69372291235497,460.8,460.79999999999995,5.684341886080802e-14,419.57872263504277,419.5787226350427,5.684341886080802e-14,506.07103874686777,0.9884199975524761,0.011580002447523885
near_1e12,secondary_control,16,512,0.15,512,0,0,1.0,0.0,0.0,0.9998213022354512,1e-10,0.540584368532455,435.2,435.2,0.0,380.85212592884614,380.85212592884614,0.0,497.3033550438551,0.9712956153200295,0.028704384679970496
near_1e12,secondary_control,16,512,0.2,512,0,0,1.0,0.0,0.0,0.999761736313935,1e-10,0.3874458247099398,409.6,409.59999999999997,5.684341886080802e-14,347.1148905401709,347.1148905401709,0.0,483.33322646838195,0.9440102079460585,0.0559897920539415
near_1e12,secondary_control,16,512,0.25,512,0,0,1.0,0.0,0.0,0.9997021703924187,1e-10,0.2343072808874248,384.0,384.0,0.0,318.3670164690171,318.367016469017,5.684341886080802e-14,463.16355769332705,0.9046163236197794,0.0953836763802206
near_1e12,secondary_control,16,512,0.3,512,0,0,1.0,0.0,0.0,0.9996426044709024,1e-10,0.08116873706490979,358.4,358.4,0.0,294.6085037153846,294.60850371538453,5.684341886080802e-14,436.00425099776993,0.8515708027300194,0.1484291972699806
near_1e12,secondary_control,16,512,0.35,497,15,0,0.970703125,0.029296875,0.0,0.9995830385493861,1e-10,0.0001993397292125998,332.8,332.8,0.0,275.83935227927344,275.8393522792734,5.684341886080802e-14,401.52298460977136,0.7842245793159597,0.18647854568404032
near_1e12,secondary_control,16,512,0.4,456,56,0,0.890625,0.109375,0.0,0.9995234726278699,1e-10,0.0005581919168724525,307.2,307.2,0.0,262.05956216068364,262.05956216068364,0.0,360.1159950886862,0.7033515529075902,0.18727344709240978
near_1e12,secondary_control,16,512,0.45,422,90,0,0.82421875,0.17578125,0.0,0.9994639067063537,1e-10,1.6899094035238704e-05,281.6,281.59999999999997,5.684341886080802e-14,253.26913335961524,253.26913335961527,2.842170943040401e-14,313.0999776723857,0.6115233938913783,0.21269535610862167
near_1e12,secondary_control,16,512,0.5,398,114,0,0.77734375,0.22265625,0.0,0.9994043407848373,1e-10,0.0019437606068202218,256.0,255.99999999999997,2.842170943040401e-14,249.4680658760682,249.4680658760682,0.0,262.7029626812325,0.5130917239867823,0.26425202601321773
near_1e12,secondary_control,16,512,0.55,379,133,0,0.740234375,0.259765625,0.0,0.9993447748633211,1e-10,0.0021321939585190464,230.39999999999998,230.39999999999998,0.0,250.65635971004252,250.65635971004258,5.684341886080802e-14,211.78062292697206,0.4136340291542423,0.3266003458457577
near_1e12,secondary_control,16,512,0.6,363,149,0,0.708984375,0.291015625,0.0,0.9992852089418048,1e-10,0.0016934081491464248,204.8,204.79999999999998,2.842170943040401e-14,256.8340148615382,256.8340148615382,0.0,163.30796379370514,0.31896086678458035,0.39002350821541965
near_1e12,secondary_control,16,512,0.65,354,158,0,0.69140625,0.30859375,0.0,0.9992256430202886,1e-10,0.0013840654404385644,179.2,179.2,0.0,268.0010313305553,268.0010313305553,0.0,119.82282247411177,0.23402895014474956,0.45737729985525044
near_1e12,secondary_control,16,512,0.7,347,165,0,0.677734375,0.322265625,0.0,1.1439396135152102,1.1439396135152102e-10,0.010811165101377918,153.60000000000002,153.6,2.842170943040401e-14,284.15740911709366,284.1574091170937,5.684341886080802e-14,83.02778404865727,0.16216364072003372,0.5155707342799662
near_1e12,secondary_control,16,512,0.75,336,176,0,0.65625,0.34375,0.0,1.2970781573377255,1.2970781573377256e-10,0.00010597313227367344,128.0,128.0,0.0,305.3031482211535,305.3031482211535,0.0,53.66469391311964,0.1048138552990618,0.5514361447009382
near_1e12,secondary_control,16,512,0.8,325,187,0,0.634765625,0.365234375,0.0,1.4502167011602407,1.4502167011602408e-10,0.0016948609082765298,102.39999999999998,102.39999999999993,4.263256414560601e-14,331.4382486427347,331.43824864273466,5.684341886080802e-14,31.637145208617273,0.06179129923558061,0.5729743257644194
near_1e12,secondary_control,16,512,0.85,315,197,0,0.615234375,0.384765625,0.0,1.6033552449827555,1.6033552449827555e-10,0.005789758013121427,76.80000000000001,76.79999999999998,2.842170943040401e-14,362.56271038183706,362.5627103818371,5.684341886080802e-14,16.26819259429135,0.03177381366072529,0.5834605613392747
near_1e12,secondary_control,16,512,0.9,313,199,0,0.611328125,0.388671875,0.0,1.7564937888052707,1.756493788805271e-10,0.0009357293190046523,51.19999999999999,51.19999999999993,5.684341886080802e-14,398.676533438461,398.6765334384611,1.1368683772161603e-13,6.575355658360162,0.012842491520234691,0.5984856334797654
near_1e12,secondary_control,16,512,0.95,311,201,0,0.607421875,0.392578125,0.0,1.9096323326277855,1.9096323326277856e-10,0.0004269519414719092,25.600000000000023,25.599999999999966,5.684341886080802e-14,439.77971781260624,439.77971781260624,0.0,1.4902006014730662,0.0029105480497520824,0.6045113269502479
near_1e21,secondary_control,1,128,0.1,128,0,0,1.0,0.0,0.0,0.9998074354648602,1e-10,0.683321323034995,115.2,115.20000000000002,1.4210854715202004e-14,104.91936975471975,104.91936975471974,1.4210854715202004e-14,126.4879881667704,0.9881874075528938,0.011812592447106196
near_1e21,secondary_control,1,128,0.15,128,0,0,1.0,0.0,0.0,0.9997111531972903,1e-10,0.5249819845524926,108.8,108.79999999999998,1.4210854715202004e-14,95.26858194811942,95.26858194811942,0.0,124.25334520509956,0.9707292594148403,0.02927074058515966
near_1e21,secondary_control,1,128,0.2,128,0,0,1.0,0.0,0.0,0.9996148709297205,1e-10,0.3666426460699901,102.4,102.39999999999999,1.4210854715202004e-14,86.87747901887899,86.87747901887899,0.0,120.69595156785552,0.9429371216238712,0.05706287837612878
near_1e21,secondary_control,1,128,0.25,128,0,0,1.0,0.0,0.0,0.9995185886621506,1e-10,0.2083033075874876,96.0,96.0,0.0,79.74606096699841,79.74606096699841,0.0,115.5668366342745,0.9028659112052695,0.09713408879473051
near_1e21,secondary_control,1,128,0.3,128,0,0,1.0,0.0,0.0,0.9994223063945806,1e-10,0.04996396910498513,89.6,89.60000000000001,1.4210854715202004e-14,73.87432779247771,73.87432779247771,0.0,108.67320542735916,0.8490094174012435,0.15099058259875653
near_1e21,secondary_control,1,128,0.35,122,6,0,0.953125,0.046875,0.0,0.9993260241270108,1e-10,0.0043522086651515135,83.2,83.19999999999999,1.4210854715202004e-14,69.26227949531689,69.26227949531687,1.4210854715202004e-14,99.94242249084571,0.7808001757097321,0.17232482429026785
near_1e21,secondary_control,1,128,0.4,112,16,0,0.875,0.125,0.0,0.9992297418594409,1e-10,0.0020760636238461583,76.8,76.79999999999998,1.4210854715202004e-14,65.90991607551594,65.90991607551592,1.4210854715202004e-14,89.4894175444272,0.6991360745658375,0.17586392543416252
near_1e21,secondary_control,1,128,0.45,106,22,0,0.828125,0.171875,0.0,0.9991334595918709,1e-10,0.0011835962526185462,70.4,70.4,0.0,63.81723753307485,63.81723753307485,0.0,77.66177590233907,0.606732624237024,0.221392375762976
near_1e21,secondary_control,1,128,0.5,101,27,0,0.7890625,0.2109375,0.0,0.9990371773243011,1e-10,0.006347694600563614,64.0,64.0,0.0,62.98424386799365,62.984243867993655,7.105427357601002e-15,65.03213738001928,0.5080635732814006,0.2809989267185994
near_1e21,secondary_control,1,128,0.55,93,35,0,0.7265625,0.2734375,0.0,0.9989408950567312,1e-10,0.0024444830422836183,57.599999999999994,57.59999999999998,1.4210854715202004e-14,63.41093508027231,63.41093508027232,7.105427357601002e-15,52.32157506903227,0.4087623052268146,0.3178001947731854
near_1e21,secondary_control,1,128,0.6,92,36,0,0.71875,0.28125,0.0,0.9988446127891613,1e-10,0.009430978934757972,51.2,51.199999999999996,7.105427357601002e-15,65.09731116991085,65.09731116991085,0.0,40.26955880186457,0.31460592813956695,0.40414407186043305
near_1e21,secondary_control,1,128,0.65,89,39,0,0.6953125,0.3046875,0.0,1.0584114002725324,1.0584114002725325e-10,0.015944925200020776,44.8,44.79999999999998,1.4210854715202004e-14,68.04337213690927,68.04337213690928,1.4210854715202004e-14,29.496480508956232,0.23044125397622056,0.46487124602377944
near_1e21,secondary_control,1,128,0.7,88,40,0,0.6875,0.3125,0.0,1.2167507387550347,1.2167507387550348e-10,0.010176936016086824,38.400000000000006,38.39999999999999,1.4210854715202004e-14,72.24911798126755,72.24911798126757,2.842170943040401e-14,20.4093841032401,0.15944831330656328,0.5280516866934367
near_1e21,secondary_control,1,128,0.75,86,42,0,0.671875,0.328125,0.0,1.3750900772375374,1.3750900772375375e-10,0.0041590933087594095,32.0,31.99999999999999,1.0658141036401503e-14,77.7145487029857,77.71454870298574,4.263256414560601e-14,13.176425998606605,0.1029408281141141,0.5689341718858859
near_1e21,secondary_control,1,128,0.8,82,46,0,0.640625,0.359375,0.0,1.5334294157200397,1.5334294157200397e-10,0.003429988746686208,25.599999999999994,25.599999999999977,1.7763568394002505e-14,84.43966430206376,84.43966430206378,1.4210854715202004e-14,7.761281447728141,0.0606350113103761,0.5799899886896239
near_1e21,secondary_control,1,128,0.85,80,48,0,0.625,0.375,0.0,1.691768754202542,1.691768754202542e-10,0.0073120797236316815,19.200000000000003,19.199999999999992,1.0658141036401503e-14,92.42446477850163,92.42446477850166,2.842170943040401e-14,3.988554338761478,0.031160580771574048,0.593839419228426
near_1e21,secondary_control,1,128,0.9,79,49,0,0.6171875,0.3828125,0.0,1.8501080926850446,1.8501080926850447e-10,0.01961448042143099,12.799999999999997,12.79999999999998,1.7763568394002505e-14,101.66895013229941,101.66895013229947,5.684341886080802e-14,1.6115047886970286,0.012589881161695536,0.6045976188383044
near_1e21,secondary_control,1,128,0.95,78,50,0,0.609375,0.390625,0.0,2.008447431167547,2.008447431167547e-10,0.002995762454895634,6.400000000000006,6.399999999999988,1.7763568394002505e-14,112.17312036345706,112.17312036345712,5.684341886080802e-14,0.36514986716321857,0.002852733337212645,0.6065222666627873
near_1e21,secondary_control,1,256,0.1,256,0,0,1.0,0.0,0.0,0.999912965394153,1e-10,0.6813677828488123,230.4,230.39999999999998,2.842170943040401e-14,209.87333995528942,209.8733399552894,2.842170943040401e-14,252.93426983774518,0.9880244915536921,0.011975508446307903
near_1e21,secondary_control,1,256,0.15,256,0,0,1.0,0.0,0.0,0.9998694480912295,1e-10,0.5220516742732184,217.6,217.59999999999997,2.842170943040401e-14,190.61501489940116,190.6150148994012,2.842170943040401e-14,248.4051952832219,0.9703327940750855,0.029667205924914453
near_1e21,secondary_control,1,256,0.2,256,0,0,1.0,0.0,0.0,0.999825930788306,1e-10,0.36273556569762455,204.8,204.79999999999998,2.842170943040401e-14,173.89335982115765,173.89335982115762,2.842170943040401e-14,241.19977923905057,0.9421866376525413,0.05781336234745871
near_1e21,secondary_control,1,256,0.25,256,0,0,1.0,0.0,0.0,0.9997824134853825,1e-10,0.2034194571220307,192.0,192.0,0.0,159.70837472055882,159.70837472055882,0.0,230.8207072077517,0.9016433875302801,0.09835661246971994
near_1e21,secondary_control,1,256,0.3,256,0,0,1.0,0.0,0.0,0.999738896182459,1e-10,0.04410334854643683,179.2,179.2,0.0,148.0600595976047,148.0600595976047,0.0,216.88928187166226,0.8472237573111807,0.15277624268881929
near_1e21,secondary_control,1,256,0.35,243,13,0,0.94921875,0.05078125,0.0,0.9996953788795355,1e-10,0.004352208665152624,166.4,166.4,0.0,138.94841445229528,138.94841445229528,0.0,199.275105866763,0.778418382292043,0.17080036770795703
near_1e21,secondary_control,1,256,0.4,226,30,0,0.8828125,0.1171875,0.0,0.999651861576612,1e-10,0.0009872864164452988,153.6,153.6,0.0,132.37343928463056,132.37343928463056,0.0,178.2303166518942,0.6962121744214618,0.18660032557853823
near_1e21,secondary_control,1,256,0.45,209,47,0,0.81640625,0.18359375,0.0,0.9996083442736885,1e-10,0.0011835962524713306,140.8,140.8,0.0,128.33513409461057,128.33513409461057,0.0,154.47554669935502,0.6034201042943556,0.21298614570564445
near_1e21,secondary_control,1,256,0.5,200,56,0,0.78125,0.21875,0.0,0.999564826970765,1e-10,0.006603239306070763,128.0,127.99999999999999,1.4210854715202004e-14,126.83349888223525,126.83349888223525,0.0,129.17722955204857,0.5045985529376897,0.27665144706231026
near_1e21,secondary_control,1,256,0.55,188,68,0,0.734375,0.265625,0.0,0.9995213096678415,1e-10,0.008637893728883572,115.19999999999999,115.19999999999997,1.4210854715202004e-14,127.86853364750465,127.86853364750465,0.0,103.78659722949737,0.4054163954277241,0.3289586045722759
near_1e21,secondary_control,1,256,0.6,184,72,0,0.71875,0.28125,0.0,0.999477792364918,1e-10,0.0011932428812375662,102.4,102.39999999999999,1.4210854715202004e-14,131.44023839041876,131.44023839041876,0.0,79.77587478846473,0.31162451089244037,0.40712548910755963
near_1e21,secondary_control,1,256,0.65,180,76,0,0.703125,0.296875,0.0,1.0711094114827202,1.0711094114827202e-10,0.01594492520049884,89.6,89.6,0.0,137.54861311097758,137.5486131109776,2.842170943040401e-14,58.36598289451805,0.22799212068171112,0.47513287931828885
near_1e21,secondary_control,1,256,0.7,174,82,0,0.6796875,0.3203125,0.0,1.230425520058314,1.230425520058314e-10,0.010178772276078885,76.80000000000001,76.80000000000001,0.0,146.19365780918108,146.1936578091811,2.842170943040401e-14,40.34538904347455,0.15759917595107245,0.5220883240489276
near_1e21,secondary_control,1,256,0.75,170,86,0,0.6640625,0.3359375,0.0,1.389741628633908,1.389741628633908e-10,0.0003054365152261873,64.0,63.999999999999986,1.4210854715202004e-14,157.3753724850293,157.37537248502935,5.684341886080802e-14,26.026943957763415,0.10166774983501334,0.5623947501649866
near_1e21,secondary_control,1,256,0.8,167,89,0,0.65234375,0.34765625,0.0,1.5490577372095018,1.549057737209502e-10,0.006324986311785574,51.19999999999999,51.199999999999974,1.4210854715202004e-14,171.09375713852228,171.09375713852225,2.842170943040401e-14,15.32165780822504,0.059850225813379065,0.5924935241866209
near_1e21,secondary_control,1,256,0.85,162,94,0,0.6328125,0.3671875,0.0,1.7083738457850957,1.7083738457850956e-10,0.007311347856374439,38.400000000000006,38.39999999999999,1.4210854715202004e-14,187.34881176965985,187.3488117696599,5.684341886080802e-14,7.870666411340419,0.030744790669298513,0.6020677093307015
near_1e21,secondary_control,1,256,0.9,160,96,0,0.625,0.375,0.0,1.8676899543606895,1.8676899543606895e-10,0.00845792062370887,25.599999999999994,25.599999999999994,0.0,206.14053637844222,206.14053637844228,5.684341886080802e-14,3.1791903306046505,0.012418712228924416,0.6125812877710756
near_1e21,secondary_control,1,256,0.95,156,100,0,0.609375,0.390625,0.0,2.0270060629362834,2.0270060629362834e-10,0.0034644058716174486,12.800000000000011,12.800000000000011,0.0,227.46893096486923,227.46893096486932,8.526512829121202e-14,0.7202741899961014,0.002813571054672271,0.6065614289453277
near_1e21,secondary_control,1,512,0.1,512,0,0,1.0,0.0,0.0,0.9999529984229295,1e-10,0.6644947351032029,460.8,460.8,0.0,419.6848665915661,419.6848665915661,0.0,505.94304656365966,0.9881700128196478,0.01182998718035222
near_1e21,secondary_control,1,512,0.15,512,0,0,1.0,0.0,0.0,0.9999294976343943,1e-10,0.49674210265480445,435.2,435.2,0.0,381.09094983102375,381.09094983102375,0.0,496.99170259482617,0.9706869191305199,0.029313080869480146
near_1e21,secondary_control,1,512,0.2,512,0,0,1.0,0.0,0.0,0.999905996845859,1e-10,0.3289894702064059,409.6,409.6,0.0,347.53946636626443,347.5394663662644,5.684341886080802e-14,482.7427565397379,0.9428569463666756,0.05714305363332439
near_1e21,secondary_control,1,512,0.25,512,0,0,1.0,0.0,0.0,0.9998824960573238,1e-10,0.16123683775800746,384.0,384.0,0.0,319.0304161972882,319.03041619728816,5.684341886080802e-14,462.20044395018846,0.9027352420902118,0.09726475790978817
near_1e21,secondary_control,1,512,0.3,511,1,0,0.998046875,0.001953125,0.0,0.9998589952687886,1e-10,0.006515794690391097,358.4,358.4,0.0,295.563799324095,295.563799324095,0.0,434.59503597444933,0.8488184296375964,0.14922844536240365
near_1e21,secondary_control,1,512,0.35,491,21,0,0.958984375,0.041015625,0.0,0.9998354944802533,1e-10,0.003988179030160577,332.8,332.8,0.0,277.13961574668485,277.13961574668485,0.0,399.63914831012346,0.7805452115432099,0.17843916345679012
near_1e21,secondary_control,1,512,0.4,451,61,0,0.880859375,0.119140625,0.0,0.9998119936917181,1e-10,0.0009872864164492956,307.2,307.2,0.0,263.75786546505776,263.75786546505776,0.0,357.7972540595277,0.698822761835015,0.18203661316498498
near_1e21,secondary_control,1,512,0.45,418,94,0,0.81640625,0.18359375,0.0,0.999788492903183,1e-10,0.0011835962524673338,281.6,281.6,0.0,255.41854847921374,255.4185484792137,2.842170943040401e-14,310.4651579619067,0.606377261644349,0.21002898835565098
near_1e21,secondary_control,1,512,0.5,399,113,0,0.779296875,0.220703125,0.0,0.9997649921146476,1e-10,0.0025030251731419373,256.0,255.99999999999997,2.842170943040401e-14,252.12166478915276,252.12166478915273,2.842170943040401e-14,259.93799483597417,0.507691396164012,0.27160547883598796
near_1e21,secondary_control,1,512,0.55,379,133,0,0.740234375,0.259765625,0.0,0.9997414913261125,1e-10,0.0028122556716757563,230.39999999999998,230.39999999999998,0.0,253.86721439487485,253.86721439487485,0.0,209.1020698617303,0.408402480198692,0.331831894801308
near_1e21,secondary_control,1,512,0.6,368,144,0,0.71875,0.28125,0.0,1.0130315893807822,1.0130315893807823e-10,0.0011932428812346796,204.8,204.79999999999998,2.842170943040401e-14,260.65519729638,260.6551972963799,5.684341886080802e-14,160.913883302731,0.3142849283256465,0.4044650716743535
near_1e21,secondary_control,1,512,0.65,360,152,0,0.703125,0.296875,0.0,1.1807842218291809,1.180784221829181e-10,0.01594492520050017,179.2,179.19999999999996,2.842170943040401e-14,272.4856134936682,272.48561349366815,5.684341886080802e-14,117.85077233351332,0.2301772897138932,0.4729477102861068
near_1e21,secondary_control,1,512,0.7,349,163,0,0.681640625,0.318359375,0.0,1.348536854277579,1.348536854277579e-10,0.003375384116676372,153.60000000000002,153.59999999999997,5.684341886080802e-14,289.35846298673937,289.35846298673937,0.0,81.53540683232485,0.15924884146938448,0.5223917835306155
near_1e21,secondary_control,1,512,0.75,337,175,0,0.658203125,0.341796875,0.0,1.5162894867259777,1.5162894867259778e-10,0.0003054365152275196,128.0,127.99999999999994,5.684341886080802e-14,311.27374577559374,311.27374577559374,0.0,52.63534179272447,0.10280340193891498,0.555399723061085
near_1e21,secondary_control,1,512,0.8,331,181,0,0.646484375,0.353515625,0.0,1.6840421191743764,1.6840421191743764e-10,0.001151787291096662,102.39999999999998,102.39999999999992,5.684341886080802e-14,338.2314618602311,338.2314618602311,0.0,31.00172864561332,0.060550251260963514,0.5859341237390365
near_1e21,secondary_control,1,512,0.85,324,188,0,0.6328125,0.3671875,0.0,1.8517947516227746,1.8517947516227747e-10,0.005406858350045507,76.80000000000001,76.79999999999998,2.842170943040401e-14,370.23161124065143,370.23161124065143,0.0,15.931216624736377,0.031115657470188237,0.6016968425298118
near_1e21,secondary_control,1,512,0.9,321,191,0,0.626953125,0.373046875,0.0,2.0195473840711733,2.0195473840711733e-10,0.0023871566882441853,51.19999999999999,51.19999999999993,5.684341886080802e-14,407.274193916855,407.274193916855,0.0,6.436548249691375,0.012571383300178467,0.6143817416998215
near_1e21,secondary_control,1,512,0.95,313,199,0,0.611328125,0.388671875,0.0,2.1873000165195715,2.1873000165195716e-10,0.0004185661589589662,25.600000000000023,25.599999999999966,5.684341886080802e-14,449.3592098888415,449.35920988884146,5.684341886080802e-14,1.4584323311457625,0.0028485006467690675,0.6084796243532309
near_1e21,secondary_control,2,128,0.1,128,0,0,1.0,0.0,0.0,0.9997420735820299,1e-10,0.6993167269735137,115.2,115.19999999999999,1.4210854715202004e-14,104.85346583729076,104.85346583729074,1.4210854715202004e-14,126.56749010656168,0.9888085164575131,0.01119148354248689
near_1e21,secondary_control,2,128,0.15,128,0,0,1.0,0.0,0.0,0.999613110373045,1e-10,0.5489750904602706,108.8,108.80000000000001,1.4210854715202004e-14,95.12029813390419,95.12029813390419,0.0,124.44704476573463,0.9722425372323018,0.027757462767698193
near_1e21,secondary_control,2,128,0.2,128,0,0,1.0,0.0,0.0,0.99948414716406,1e-10,0.3986334539470273,102.4,102.4,0.0,86.613863349163,86.61386334916298,1.4210854715202004e-14,121.06329858222786,0.9458070201736551,0.054192979826344856
near_1e21,secondary_control,2,128,0.25,128,0,0,1.0,0.0,0.0,0.9993551839550749,1e-10,0.24829181743378426,96.0,96.00000000000001,1.4210854715202004e-14,79.33416148306719,79.33416148306718,1.4210854715202004e-14,116.1668545771046,0.9075535513836297,0.0924464486163703
near_1e21,secondary_control,2,128,0.3,128,0,0,1.0,0.0,0.0,0.9992262207460899,1e-10,0.0979501809205412,89.6,89.6,0.0,73.28119253561675,73.28119253561675,0.0,109.55280232507248,0.8558812681646287,0.14411873183537127
near_1e21,secondary_control,2,128,0.35,125,3,0,0.9765625,0.0234375,0.0,0.999097257537105,1e-10,0.011773423205164724,83.2,83.2,0.0,68.45495650681168,68.45495650681168,0.0,101.12109266056135,0.7900085364106355,0.1865539635893645
near_1e21,secondary_control,2,128,0.4,111,17,0,0.8671875,0.1328125,0.0,0.99896829432812,1e-10,0.0009180753468018832,76.8,76.8,0.0,64.855453396652,64.855453396652,0.0,90.94439543775485,0.7105030893574598,0.15668441064254024
near_1e21,secondary_control,2,128,0.45,106,22,0,0.828125,0.171875,0.0,0.9988393311191349,1e-10,0.014470245910967572,70.4,70.4,0.0,62.482683205137675,62.48268320513767,7.105427357601002e-15,79.32053723954796,0.6196916971839684,0.20843330281603156
near_1e21,secondary_control,2,128,0.5,101,27,0,0.7890625,0.2109375,0.0,0.9987103679101499,1e-10,0.013330237422978897,64.0,64.0,0.0,61.33664593226874,61.33664593226872,1.4210854715202004e-14,66.77900197743166,0.5217109529486849,0.26735154705131514
near_1e21,secondary_control,2,128,0.55,97,31,0,0.7578125,0.2421875,0.0,0.998581404701165,1e-10,0.0030272999225883224,57.599999999999994,57.599999999999994,0.0,61.41734157804517,61.41734157804516,7.105427357601002e-15,54.01992197568508,0.4220306404350397,0.3357818595649603
near_1e21,secondary_control,2,128,0.6,92,36,0,0.71875,0.28125,0.0,0.9984524414921799,1e-10,0.018131741638041987,51.2,51.199999999999996,7.105427357601002e-15,62.72477014246698,62.724770142466966,1.4210854715202004e-14,41.792739838598294,0.32650577998904917,0.39224422001095083
near_1e21,secondary_control,2,128,0.65,89,39,0,0.6953125,0.3046875,0.0,0.9983234782831949,1e-10,0.0004163289652734381,44.8,44.8,0.0,65.25893162553417,65.25893162553416,1.4210854715202004e-14,30.755023871930746,0.24027362399945895,0.45503887600054105
near_1e21,secondary_control,2,128,0.7,87,41,0,0.6796875,0.3203125,0.0,1.1047829111854037,1.1047829111854038e-10,0.025822720713436276,38.400000000000006,38.400000000000006,0.0,69.01982602724672,69.0198260272467,2.842170943040401e-14,21.364296099759702,0.16690856327937267,0.5127789367206274
near_1e21,secondary_control,2,128,0.75,83,45,0,0.6484375,0.3515625,0.0,1.2551245476986472,1.2551245476986472e-10,0.009231033900308105,32.0,31.999999999999996,3.552713678800501e-15,74.00745334760467,74.00745334760464,2.842170943040401e-14,13.836444218535496,0.10809722045730856,0.5403402795426915
near_1e21,secondary_control,2,128,0.8,81,47,0,0.6328125,0.3671875,0.0,1.4054661842118907,1.4054661842118907e-10,0.016154216551147682,25.599999999999994,25.599999999999994,0.0,80.221813586608,80.22181358660795,4.263256414560601e-14,8.16934909222002,0.06382303978296891,0.5689894602170311
near_1e21,secondary_control,2,128,0.85,80,48,0,0.625,0.375,0.0,1.5558078207251334,1.5558078207251333e-10,0.0171147561310947,19.200000000000003,19.200000000000003,0.0,87.66290674425665,87.66290674425663,1.4210854715202004e-14,4.2051993675666255,0.03285312005911426,0.5921468799408858
near_1e21,secondary_control,2,128,0.9,78,50,0,0.609375,0.390625,0.0,1.7061494572383769,1.7061494572383768e-10,0.006939173517648722,12.799999999999997,12.799999999999992,5.329070518200751e-15,96.33073282055071,96.33073282055068,2.842170943040401e-14,1.700807158865993,0.01328755592864057,0.5960874440713594
near_1e21,secondary_control,2,128,0.95,77,51,0,0.6015625,0.3984375,0.0,1.8564910937516195,1.8564910937516195e-10,0.006231877686453724,6.400000000000006,6.400000000000006,0.0,106.22529181549015,106.22529181549011,4.263256414560601e-14,0.3855955516803498,0.003012465247502733,0.5985500347524972
near_1e21,secondary_control,2,256,0.1,256,0,0,1.0,0.0,0.0,0.9998789614735405,1e-10,0.690447124730498,230.4,230.4,0.0,209.7599547808992,209.7599547808992,0.0,253.0709927709894,0.9885585655116773,0.011441434488322688
near_1e21,secondary_control,2,256,0.15,256,0,0,1.0,0.0,0.0,0.9998184422103108,1e-10,0.5356706870957471,217.6,217.6,0.0,190.35989825702313,190.35989825702316,2.842170943040401e-14,248.73810310650907,0.9716332152598011,0.028366784740198936
near_1e21,secondary_control,2,256,0.2,256,0,0,1.0,0.0,0.0,0.999757922947081,1e-10,0.3808942494609959,204.8,204.79999999999998,2.842170943040401e-14,173.4398191235967,173.43981912359672,2.842170943040401e-14,241.8305105018044,0.9446504316476735,0.05534956835232652
near_1e21,secondary_control,2,256,0.25,256,0,0,1.0,0.0,0.0,0.9996974036838513,1e-10,0.22611781182624502,192.0,192.0,0.0,158.99971738061984,158.99971738061987,2.842170943040401e-14,231.84946871165496,0.9056619871549022,0.0943380128450978
near_1e21,secondary_control,2,256,0.3,256,0,0,1.0,0.0,0.0,0.9996368844206215,1e-10,0.07134137419149411,179.2,179.2,0.0,147.03959302809258,147.0395930280926,2.842170943040401e-14,218.39451088432168,0.8531035581418815,0.14689644185811845
near_1e21,secondary_control,2,256,0.35,248,8,0,0.96875,0.03125,0.0,0.9995763651573918,1e-10,0.01177342320516539,166.4,166.4,0.0,137.5594460660149,137.55944606601494,2.842170943040401e-14,201.28723102528375,0.7862782461925146,0.18247175380748537
near_1e21,secondary_control,2,256,0.4,224,32,0,0.875,0.125,0.0,0.999515845894162,1e-10,0.000918075348259384,153.6,153.60000000000002,2.842170943040401e-14,130.55927649438684,130.55927649438684,0.0,180.7068837503426,0.7058862646497758,0.16911373535022423
near_1e21,secondary_control,2,256,0.45,214,42,0,0.8359375,0.1640625,0.0,0.9994553266309323,1e-10,0.0025637733742124302,140.8,140.8,0.0,126.0390843132083,126.03908431320832,1.4210854715202004e-14,157.2896225645022,0.6144125881425867,0.2215249118574133
near_1e21,secondary_control,2,256,0.5,200,56,0,0.78125,0.21875,0.0,0.9993948073677025,1e-10,0.0034085593086247146,128.0,128.0,0.0,123.9988695224794,123.99886952247941,1.4210854715202004e-14,132.13023685695612,0.5161337377224848,0.26511626227751517
near_1e21,secondary_control,2,256,0.55,193,63,0,0.75390625,0.24609375,0.0,0.9993342881044728,1e-10,0.006423004980688374,115.19999999999999,115.19999999999999,0.0,124.43863212220006,124.43863212220009,2.842170943040401e-14,106.64726679868753,0.41659088593237315,0.33731536406762685
near_1e21,secondary_control,2,256,0.6,182,74,0,0.7109375,0.2890625,0.0,0.999273768841243,1e-10,0.006006462666311885,102.4,102.4,0.0,127.35837211237035,127.35837211237036,1.4210854715202004e-14,82.33271065013493,0.32161215097708956,0.38932534902291044
near_1e21,secondary_control,2,256,0.65,178,78,0,0.6953125,0.3046875,0.0,1.012093689251763,1.0120936892517629e-10,0.010525446005604788,89.6,89.60000000000002,2.842170943040401e-14,132.7580894929902,132.7580894929902,0.0,60.472096507715236,0.23621912698326264,0.45909337301673736
near_1e21,secondary_control,2,256,0.7,172,84,0,0.671875,0.328125,0.0,1.1668701268865136,1.1668701268865135e-10,0.0021718329591531305,76.80000000000001,76.80000000000001,0.0,140.6377842640596,140.63778426405963,2.842170943040401e-14,41.93922729133407,0.1638251066067737,0.5080498933932263
near_1e21,secondary_control,2,256,0.75,165,91,0,0.64453125,0.35546875,0.0,1.3216465645212647,1.3216465645212647e-10,0.002447757003535056,64.0,64.00000000000001,1.4210854715202004e-14,150.99745642557866,150.99745642557866,0.0,27.126284753139366,0.10596204981695065,0.5385692001830493
near_1e21,secondary_control,2,256,0.8,163,93,0,0.63671875,0.36328125,0.0,1.4764230021560163,1.4764230021560163e-10,0.012746664614055603,51.19999999999999,51.2,1.4210854715202004e-14,163.8371059775473,163.83710597754728,2.842170943040401e-14,16.000282624372332,0.06250110400145442,0.5742176459985455
near_1e21,secondary_control,2,256,0.85,160,96,0,0.625,0.375,0.0,1.631199439790767,1.631199439790767e-10,0.01711437317556408,38.400000000000006,38.40000000000002,1.4210854715202004e-14,179.1567329199654,179.15673291996546,5.684341886080802e-14,8.230558662055586,0.03215061977365463,0.5928493802263454
near_1e21,secondary_control,2,256,0.9,157,99,0,0.61328125,0.38671875,0.0,1.785975877425518,1.785975877425518e-10,0.006939689668282956,25.599999999999994,25.60000000000001,1.4210854715202004e-14,196.95633725283324,196.95633725283326,2.842170943040401e-14,3.327437995349765,0.01299780466933502,0.600283445330665
near_1e21,secondary_control,2,256,0.95,156,100,0,0.609375,0.390625,0.0,1.9407523150602688,1.940752315060269e-10,0.006231869110245314,12.800000000000011,12.800000000000011,0.0,217.23591897615063,217.23591897615063,0.0,0.7542030837818655,0.002946105796022912,0.606428894203977
near_1e21,secondary_control,2,512,0.1,512,0,0,1.0,0.0,0.0,0.9998821962934392,1e-10,0.6766872656356264,460.8,460.79999999999995,5.684341886080802e-14,419.5421994499696,419.54219944996953,5.684341886080802e-14,506.11509468744435,0.9885060443114148,0.011493955688585245
near_1e21,secondary_control,2,512,0.15,512,0,0,1.0,0.0,0.0,0.9998232944401588,1e-10,0.5150308984534397,435.2,435.2,0.0,380.76994876243145,380.76994876243145,0.0,497.4106822651835,0.9715052387991865,0.028494761200813512
near_1e21,secondary_control,2,512,0.2,512,0,0,1.0,0.0,0.0,0.9997643925868784,1e-10,0.35337453127125285,409.6,409.6,0.0,346.9687977998782,346.9687977998782,0.0,483.53673605188635,0.9444076876013405,0.05559231239865947
near_1e21,secondary_control,2,512,0.25,512,0,0,1.0,0.0,0.0,0.9997054907335979,1e-10,0.19171816408906617,384.0,384.0,0.0,318.1387465623097,318.13874656230973,5.684341886080802e-14,463.49588534359714,0.9052654010617132,0.09473459893828684
near_1e21,secondary_control,2,512,0.3,512,0,0,1.0,0.0,0.0,0.9996465888803175,1e-10,0.03006179690687949,358.4,358.40000000000003,5.684341886080802e-14,294.2797950497259,294.2797950497259,0.0,436.4912649823446,0.8525220019186418,0.1474779980813582
near_1e21,secondary_control,2,512,0.35,495,17,0,0.966796875,0.033203125,0.0,0.9995876870270372,1e-10,0.0011401376843473976,332.8,332.8,0.0,275.3919432621269,275.391943262127,5.684341886080802e-14,402.17530944461595,0.7854986512590155,0.18129822374098448
near_1e21,secondary_control,2,512,0.4,449,63,0,0.876953125,0.123046875,0.0,0.9995287851737568,1e-10,0.0006623522004687299,307.2,307.20000000000005,5.684341886080802e-14,261.4751911995128,261.4751911995127,5.684341886080802e-14,360.92081840373027,0.7049234734447857,0.17202965155521432
near_1e21,secondary_control,2,512,0.45,424,88,0,0.828125,0.171875,0.0,0.9994698833204764,1e-10,0.0026082521957618843,281.6,281.6,0.0,252.5295388618833,252.52953886188328,2.842170943040401e-14,314.0169675095752,0.613314389667139,0.21481061033286097
near_1e21,secondary_control,2,512,0.5,400,112,0,0.78125,0.21875,0.0,0.999410981467196,1e-10,0.00041186203662513243,256.0,256.00000000000006,5.684341886080802e-14,248.55498624923865,248.55498624923865,0.0,263.668015632902,0.5149765930330117,0.2662734069669883
near_1e21,secondary_control,2,512,0.55,386,126,0,0.75390625,0.24609375,0.0,0.9993520796139156,1e-10,0.00023608667046803866,230.39999999999998,230.40000000000003,5.684341886080802e-14,249.55153336157878,249.55153336157872,5.684341886080802e-14,212.71822811477415,0.41546528928666826,0.33844096071333174
near_1e21,secondary_control,2,512,0.6,367,145,0,0.716796875,0.283203125,0.0,0.9992931777606352,1e-10,0.001457045508455601,204.8,204.80000000000007,5.684341886080802e-14,255.51918019890365,255.5191801989036,5.684341886080802e-14,164.14830372949032,0.3206021557216608,0.3961947192783392
near_1e21,secondary_control,2,512,0.65,355,157,0,0.693359375,0.306640625,0.0,1.1015327733684281,1.1015327733684282e-10,0.0015864075734053351,179.2,179.20000000000005,5.684341886080802e-14,266.45792676121334,266.4579267612133,5.684341886080802e-14,120.5167374464254,0.2353842528250496,0.4579751221749504
near_1e21,secondary_control,2,512,0.7,343,169,0,0.669921875,0.330078125,0.0,1.2631891405506144,1.2631891405506145e-10,0.0009929039638519876,153.60000000000002,153.6000000000001,8.526512829121202e-14,282.36777304850773,282.3677730485076,1.1368683772161603e-13,83.55401094567188,0.16319142762826538,0.5067304473717347
near_1e21,secondary_control,2,512,0.75,331,181,0,0.646484375,0.353515625,0.0,1.4248455077328015,1.4248455077328017e-10,0.0023739729042502322,128.0,128.00000000000006,5.684341886080802e-14,303.2487190607869,303.2487190607868,1.1368683772161603e-13,54.028257895842216,0.10552394120281683,0.5409604337971832
near_1e21,secondary_control,2,512,0.8,324,188,0,0.6328125,0.3671875,0.0,1.5865018749149886,1.5865018749149886e-10,0.012747225195217537,102.39999999999998,102.40000000000008,9.947598300641403e-14,329.10076479805105,329.1007647980508,2.2737367544323206e-13,31.861852422112914,0.062230180511939286,0.5705823194880607
near_1e21,secondary_control,2,512,0.85,320,192,0,0.625,0.375,0.0,1.7481582420971749,1.748158242097175e-10,0.012290599816979109,76.80000000000001,76.80000000000013,1.1368683772161603e-13,359.92391026029964,359.9239102602995,1.1368683772161603e-13,16.387463660678588,0.03200676496226287,0.5929932350377372
near_1e21,secondary_control,2,512,0.9,313,199,0,0.611328125,0.388671875,0.0,1.909814609279362,1.909814609279362e-10,0.0041566762453606465,51.19999999999999,51.200000000000074,8.526512829121202e-14,395.71815544753326,395.71815544753304,2.2737367544323206e-13,6.624512835493507,0.012938501631823255,0.5983896233681767
near_1e21,secondary_control,2,512,0.95,309,203,0,0.603515625,0.396484375,0.0,2.071470976461548,2.0714709764615483e-10,0.00024501367008511465,25.600000000000023,25.600000000000136,1.1368683772161603e-13,436.4835003597516,436.48350035975125,3.410605131648481e-13,1.501454234718725,0.0029325278021850097,0.600583097197815
near_1e21,secondary_control,3,128,0.1,128,0,0,1.0,0.0,0.0,0.9995997883585863,1e-10,0.6949507372278034,115.2,115.19999999999999,1.4210854715202004e-14,104.8674940309836,104.86749403098358,1.4210854715202004e-14,126.55055909011242,0.9886762428915032,0.011323757108496757
near_1e21,secondary_control,3,128,0.15,128,0,0,1.0,0.0,0.0,0.9993996825378795,1e-10,0.5424261058417053,108.8,108.8,0.0,95.15186156971306,95.15186156971308,1.4210854715202004e-14,124.40576363634558,0.9719200284089499,0.028079971591050135
near_1e21,secondary_control,3,128,0.2,128,0,0,1.0,0.0,0.0,0.9991995767171726,1e-10,0.38990147445560697,102.4,102.4,0.0,86.66997612393433,86.66997612393433,0.0,120.9849185259474,0.9451946759839641,0.05480532401603588
near_1e21,secondary_control,3,128,0.25,128,0,0,1.0,0.0,0.0,0.9989994708964657,1e-10,0.2373768430695088,96.0,96.0,0.0,79.4218376936474,79.42183769364739,1.4210854715202004e-14,116.03861441167768,0.9065516750912319,0.09344832490876809
near_1e21,secondary_control,3,128,0.3,128,0,0,1.0,0.0,0.0,0.9987993650757588,1e-10,0.08485221168341062,89.6,89.6,0.0,73.40744627885226,73.40744627885225,1.4210854715202004e-14,109.36438204788509,0.8544092347491022,0.14559076525089776
near_1e21,secondary_control,3,128,0.35,125,3,0,0.9765625,0.0234375,0.0,0.998599259255052,1e-10,0.017178840078744262,83.2,83.20000000000002,1.4210854715202004e-14,68.6268018795489,68.6268018795489,0.0,100.86787975563318,0.7880303105908842,0.18853218940911576
near_1e21,secondary_control,3,128,0.4,114,14,0,0.890625,0.109375,0.0,0.9983991534343452,1e-10,0.007096227443673886,76.8,76.8,0.0,65.07990449573734,65.07990449573734,0.0,90.63074148159403,0.7080526678249534,0.18257233217504665
near_1e21,secondary_control,3,128,0.45,102,26,0,0.796875,0.203125,0.0,0.9981990476136383,1e-10,0.006804755924326056,70.4,70.4,0.0,62.76675412741757,62.766754127417556,1.4210854715202004e-14,78.9615469033003,0.6168870851820336,0.1799879148179664
near_1e21,secondary_control,3,128,0.5,100,28,0,0.78125,0.21875,0.0,0.9979989417929315,1e-10,0.0137952818297562,64.0,64.0,0.0,61.68735077458959,61.687350774589575,1.4210854715202004e-14,66.39935008665074,0.5187449225519589,0.2625050774480411
near_1e21,secondary_control,3,128,0.55,97,31,0,0.7578125,0.2421875,0.0,0.9977988359722246,1e-10,0.011922111748094766,57.599999999999994,57.6,7.105427357601002e-15,61.84169443725341,61.841694437253395,1.4210854715202004e-14,53.64924150592779,0.41913469926506086,0.33867780073493914
near_1e21,secondary_control,3,128,0.6,94,34,0,0.734375,0.265625,0.0,0.9975987301515178,1e-10,6.347845907561656e-05,51.2,51.2,0.0,63.229785115409015,63.229785115408994,2.1316282072803006e-14,41.45894209849464,0.32389798514448936,0.41047701485551064
near_1e21,secondary_control,3,128,0.65,91,37,0,0.7109375,0.2890625,0.0,0.9973986243308108,1e-10,0.030742944301781927,44.8,44.800000000000004,7.105427357601002e-15,65.85162280905641,65.85162280905638,2.842170943040401e-14,30.478216244110182,0.2381110644071108,0.47282643559288917
near_1e21,secondary_control,3,128,0.7,87,41,0,0.6796875,0.3203125,0.0,1.1353448394053753,1.1353448394053754e-10,0.003750078849596772,38.400000000000006,38.40000000000001,7.105427357601002e-15,69.70720751819559,69.70720751819556,2.842170943040401e-14,21.153623168954198,0.16526268100745467,0.5144248189925453
near_1e21,secondary_control,3,128,0.75,84,44,0,0.65625,0.34375,0.0,1.2878694707914735,1.2878694707914736e-10,0.0017814451276492171,32.0,32.000000000000014,1.4210854715202004e-14,74.79653924282658,74.79653924282655,2.842170943040401e-14,13.690472986665723,0.10695682020832596,0.549293179791674
near_1e21,secondary_control,3,128,0.8,82,46,0,0.640625,0.359375,0.0,1.4403941021775721,1.4403941021775722e-10,0.037649552173187883,25.599999999999994,25.6,7.105427357601002e-15,81.11961798294936,81.11961798294931,5.684341886080802e-14,8.07893350949644,0.06311666804294094,0.5775083319570591
near_1e21,secondary_control,3,128,0.85,81,47,0,0.6328125,0.3671875,0.0,1.5929187335636699,1.59291873356367e-10,0.020732378208081936,19.200000000000003,19.200000000000017,1.4210854715202004e-14,88.6764437385639,88.67644373856386,4.263256414560601e-14,4.15713558706555,0.03247762177394961,0.6003348782260504
near_1e21,secondary_control,3,128,0.9,80,48,0,0.625,0.375,0.0,1.7454433649497685,1.7454433649497686e-10,0.005313764186228309,12.799999999999997,12.80000000000001,1.2434497875801753e-14,97.46701650967029,97.46701650967023,5.684341886080802e-14,1.680978918481047,0.01313264780063318,0.6118673521993668
near_1e21,secondary_control,3,128,0.95,79,49,0,0.6171875,0.3828125,0.0,1.8979679963358667,1.8979679963358667e-10,0.00417042587277594,6.400000000000006,6.400000000000014,7.993605777301127e-15,107.49133629626843,107.49133629626836,7.105427357601002e-14,0.3810539659410858,0.002976984108914733,0.6142105158910852
near_1e21,secondary_control,3,256,0.1,256,0,0,1.0,0.0,0.0,0.9999782402977834,1e-10,0.6949507372278036,230.4,230.4,0.0,209.73264055356836,209.73264055356833,2.842170943040401e-14,253.10395110598745,0.9886873090077635,0.01131269099223653
near_1e21,secondary_control,3,256,0.15,256,0,0,1.0,0.0,0.0,0.9999673604466751,1e-10,0.5424261058417057,217.6,217.60000000000002,2.842170943040401e-14,190.29844124552875,190.29844124552875,0.0,248.81843324669126,0.9719470048698877,0.02805299513011228
near_1e21,secondary_control,3,256,0.2,256,0,0,1.0,0.0,0.0,0.9999564805955669,1e-10,0.3899014744556074,204.8,204.8,0.0,173.33056221427333,173.33056221427336,2.842170943040401e-14,241.98294555895757,0.945245881089678,0.054754118910322
near_1e21,secondary_control,3,256,0.25,256,0,0,1.0,0.0,0.0,0.9999456007444585,1e-10,0.23737684306950935,192.0,192.00000000000003,2.842170943040401e-14,158.8290034598021,158.8290034598021,0.0,232.09866710099885,0.9066354183632768,0.09336458163672323
near_1e21,secondary_control,3,256,0.3,256,0,0,1.0,0.0,0.0,0.9999347208933502,1e-10,0.08485221168341128,179.2,179.2,0.0,146.79376498211502,146.79376498211502,0.0,218.76024505477136,0.8545322072452006,0.14546779275479937
near_1e21,secondary_control,3,256,0.35,250,6,0,0.9765625,0.0234375,0.0,0.999923841042242,1e-10,0.011358440061515651,166.4,166.40000000000003,2.842170943040401e-14,137.2248467812121,137.2248467812121,0.0,201.7780354613665,0.7881954510209629,0.1883670489790371
near_1e21,secondary_control,3,256,0.4,227,29,0,0.88671875,0.11328125,0.0,0.9999129611911337,1e-10,0.004096099009852527,153.6,153.60000000000002,2.842170943040401e-14,130.12224885709335,130.12224885709333,2.842170943040401e-14,181.31380457396602,0.7082570491170548,0.17846170088294522
near_1e21,secondary_control,3,256,0.45,208,48,0,0.8125,0.1875,0.0,0.9999020813400253,1e-10,0.00018417386973257344,140.8,140.8,0.0,125.48597120975877,125.48597120975879,1.4210854715202004e-14,157.98291879864163,0.6171207765571939,0.19537922344280612
near_1e21,secondary_control,3,256,0.5,198,58,0,0.7734375,0.2265625,0.0,0.9998912014889171,1e-10,0.0045594216609430305,128.0,128.0,0.0,123.31601383920837,123.31601383920837,0.0,132.86190081819447,0.5189918000710722,0.25444569992892785
near_1e21,secondary_control,3,256,0.55,192,64,0,0.75,0.25,0.0,0.9998803216378088,1e-10,0.011922129955907579,115.19999999999999,115.2,1.4210854715202004e-14,123.61237674544213,123.61237674544209,4.263256414560601e-14,107.36012322883623,0.4193754813626415,0.3306245186373585
near_1e21,secondary_control,3,256,0.6,185,71,0,0.72265625,0.27734375,0.0,0.9998694417867005,1e-10,0.0005511921953624821,102.4,102.40000000000002,1.4210854715202004e-14,126.37505992846005,126.37505992846002,2.842170943040401e-14,82.97333355122372,0.32411458418446765,0.39854166581553235
near_1e21,secondary_control,3,256,0.65,179,77,0,0.69921875,0.30078125,0.0,0.9998585619355922,1e-10,0.0034606686596947434,89.6,89.60000000000002,2.842170943040401e-14,131.60406338826215,131.6040633882621,5.684341886080802e-14,61.00237176047587,0.23829051468935886,0.46092823531064114
near_1e21,secondary_control,3,256,0.7,172,84,0,0.671875,0.328125,0.0,1.1353448394053736,1.1353448394053736e-10,0.0036010725037172175,76.80000000000001,76.80000000000004,2.842170943040401e-14,139.29938712484838,139.29938712484835,2.842170943040401e-14,42.34218198471791,0.16539914837780434,0.5064758516221957
near_1e21,secondary_control,3,256,0.75,169,87,0,0.66015625,0.33984375,0.0,1.2878694707914722,1.2878694707914723e-10,0.003186328301119201,64.0,64.00000000000003,2.842170943040401e-14,149.4610311382188,149.46103113821877,2.842170943040401e-14,27.40513676914282,0.10705131550446415,0.5531049344955359
near_1e21,secondary_control,3,256,0.8,162,94,0,0.6328125,0.3671875,0.0,1.4403941021775704,1.4403941021775704e-10,0.009227121500167135,51.19999999999999,51.20000000000001,2.1316282072803006e-14,162.08899542837344,162.08899542837338,5.684341886080802e-14,16.172843770621085,0.06317517097898862,0.5696373290210114
near_1e21,secondary_control,3,256,0.85,162,94,0,0.6328125,0.3671875,0.0,1.592918733563668,1.5929187335636682e-10,0.016344456715816746,38.400000000000006,38.40000000000002,1.4210854715202004e-14,177.18327999531215,177.1832799953121,5.684341886080802e-14,8.322229953294768,0.032508710755057686,0.6003037892449423
near_1e21,secondary_control,3,256,0.9,158,98,0,0.6171875,0.3828125,0.0,1.7454433649497663,1.7454433649497663e-10,0.005314776773054808,25.599999999999994,25.600000000000023,2.842170943040401e-14,194.7438848390351,194.74388483903502,8.526512829121202e-14,3.3652404569298042,0.013145470534882048,0.604042029465118
near_1e21,secondary_control,3,256,0.95,156,100,0,0.609375,0.390625,0.0,1.8979679963358644,1.8979679963358646e-10,0.0044480427202889805,12.800000000000011,12.80000000000004,2.842170943040401e-14,214.7708099595422,214.77080995954208,1.1368683772161603e-13,0.7628597202332287,0.0029799207821610495,0.606395079217839
near_1e21,secondary_control,3,512,0.1,512,0,0,1.0,0.0,0.0,0.9999782403072215,1e-10,0.6841616989678778,460.8,460.79999999999995,5.684341886080802e-14,419.56617043617086,419.56617043617086,0.0,506.0861789196683,0.9884495682024772,0.011550431797522798
near_1e21,secondary_control,3,512,0.15,512,0,0,1.0,0.0,0.0,0.9999673604608322,1e-10,0.5262425484518167,435.2,435.20000000000005,5.684341886080802e-14,380.82388348138437,380.82388348138437,0.0,497.34023577662055,0.971367648001212,0.028632351998787997
near_1e21,secondary_control,3,512,0.2,512,0,0,1.0,0.0,0.0,0.9999564806144429,1e-10,0.36832339793575564,409.6,409.6,0.0,347.0646817446833,347.0646817446833,0.0,483.4031488211783,0.9441467750413639,0.055853224958636094
near_1e21,secondary_control,3,512,0.25,512,0,0,1.0,0.0,0.0,0.9999456007680536,1e-10,0.21040424741969455,384.0,384.0,0.0,318.2885652260677,318.2885652260677,0.0,463.27771748654516,0.9048392919659085,0.09516070803409149
near_1e21,secondary_control,3,512,0.3,512,0,0,1.0,0.0,0.0,0.9999347209216644,1e-10,0.052485096903633455,358.4,358.40000000000003,5.684341886080802e-14,294.49553392553753,294.4955339255375,5.684341886080802e-14,436.1715041576094,0.8518974690578308,0.14810253094216919
near_1e21,secondary_control,3,512,0.35,498,14,0,0.97265625,0.02734375,0.0,0.9999238410752751,1e-10,0.004430687221381735,332.8,332.80000000000007,5.684341886080802e-14,275.6855878430927,275.6855878430927,0.0,401.74693521896046,0.7846619828495321,0.18799426715046785
near_1e21,secondary_control,3,512,0.4,446,66,0,0.87109375,0.12890625,0.0,0.9999129612288858,1e-10,0.001664838952508907,307.2,307.20000000000005,5.684341886080802e-14,261.85872697873333,261.85872697873333,0.0,360.39218966975403,0.7038909954487383,0.16720275455126166
near_1e21,secondary_control,3,512,0.45,417,95,0,0.814453125,0.185546875,0.0,0.9999020813824966,1e-10,0.0001841738697547779,281.6,281.6,0.0,253.01495133245936,253.0149513324593,5.684341886080802e-14,313.41452187860006,0.6121377380441407,0.20231538695585927
near_1e21,secondary_control,3,512,0.5,402,110,0,0.78515625,0.21484375,0.0,0.9998912015361073,1e-10,0.002508113438860926,256.0,256.00000000000006,5.684341886080802e-14,249.1542609042708,249.15426090427079,2.842170943040401e-14,263.0338319808226,0.5137379530875441,0.2714182969124559
near_1e21,secondary_control,3,512,0.55,384,128,0,0.75,0.25,0.0,0.9998803216897181,1e-10,0.007256082526887919,230.39999999999998,230.4,2.842170943040401e-14,250.2766556941677,250.27665569416763,5.684341886080802e-14,212.1019231808324,0.41426156871256326,0.33573843128743674
near_1e21,secondary_control,3,512,0.6,369,143,0,0.720703125,0.279296875,0.0,0.9998694418433287,1e-10,0.0003090979917537151,204.8,204.80000000000004,2.842170943040401e-14,256.38213570215,256.3821357021499,5.684341886080802e-14,163.59579767572816,0.31952304233540657,0.40118008266459343
near_1e21,secondary_control,3,512,0.65,358,154,0,0.69921875,0.30078125,0.0,1.0529489567087942,1.0529489567087943e-10,0.003185836110311202,179.2,179.20000000000002,2.842170943040401e-14,267.4707009282177,267.4707009282176,1.1368683772161603e-13,120.06040246112119,0.23449297355687732,0.4647257764431227
near_1e21,secondary_control,3,512,0.7,345,167,0,0.673828125,0.326171875,0.0,1.2108681072248553,1.2108681072248552e-10,0.0036010513861024496,153.60000000000002,153.60000000000008,5.684341886080802e-14,283.5423513723708,283.5423513723707,5.684341886080802e-14,83.20788723733133,0.16251540476041276,0.5113127202395873
near_1e21,secondary_control,3,512,0.75,338,174,0,0.66015625,0.33984375,0.0,1.3687872577409164,1.3687872577409165e-10,0.0031863286445099614,128.0,128.00000000000003,2.842170943040401e-14,304.59708703460933,304.5970870346092,1.1368683772161603e-13,53.78908957897682,0.1050568155839391,0.5550994344160609
near_1e21,secondary_control,3,512,0.8,329,183,0,0.642578125,0.357421875,0.0,1.5267064082569775,1.5267064082569774e-10,0.00027963880426118415,102.39999999999998,102.4,2.842170943040401e-14,330.63490791493336,330.63490791493314,2.2737367544323206e-13,31.714013702079512,0.06194143301187405,0.580636691988126
near_1e21,secondary_control,3,512,0.85,326,186,0,0.63671875,0.36328125,0.0,1.6846255587730385,1.6846255587730387e-10,0.01140710047532223,76.80000000000001,76.8000000000001,8.526512829121202e-14,361.6558140133426,361.6558140133425,1.1368683772161603e-13,16.30898708511402,0.03185349040061332,0.6048652595993866
near_1e21,secondary_control,3,512,0.9,315,197,0,0.615234375,0.384765625,0.0,1.8425447092890996,1.8425447092890997e-10,0.004681987345762861,51.19999999999999,51.200000000000045,5.684341886080802e-14,397.65980532983747,397.65980532983724,2.2737367544323206e-13,6.592167387462394,0.012875326928637488,0.6023590480713625
near_1e21,secondary_control,3,512,0.95,310,202,0,0.60546875,0.39453125,0.0,2.0004638598051607,2.000463859805161e-10,0.004447618044043811,25.600000000000023,25.60000000000005,2.842170943040401e-14,438.64688186441765,438.6468818644173,3.410605131648481e-13,1.4940491477209858,0.0029180647416425505,0.6025506852583574
near_1e21,secondary_control,4,128,0.1,128,0,0,1.0,0.0,0.0,0.9998887821793316,1e-10,0.6658158574042454,115.2,115.2,0.0,104.90325476416085,104.90325476416083,1.4210854715202004e-14,126.50741895316216,0.9883392105715794,0.011660789428420637
near_1e21,secondary_control,4,128,0.15,128,0,0,1.0,0.0,0.0,0.9998331732689975,1e-10,0.49872378610636825,108.8,108.8,0.0,95.23232321936189,95.23232321936189,0.0,124.30065338984929,0.9710988546081976,0.02890114539180244
near_1e21,secondary_control,4,128,0.2,128,0,0,1.0,0.0,0.0,0.9997775643586633,1e-10,0.33163171480849085,102.4,102.4,0.0,86.81301905664336,86.81301905664336,0.0,120.78557011314516,0.9436372665089465,0.056362733491053474
near_1e21,secondary_control,4,128,0.25,128,0,0,1.0,0.0,0.0,0.999721955448329,1e-10,0.16453964351061368,96.0,96.0,0.0,79.64534227600524,79.64534227600527,2.842170943040401e-14,115.71298128222755,0.9040076662674027,0.0959923337325973
near_1e21,secondary_control,4,128,0.3,127,1,0,0.9921875,0.0078125,0.0,0.9996663465379948,1e-10,0.0025524277872635004,89.6,89.6,0.0,73.72929287744756,73.72929287744756,0.0,108.88697947156992,0.85067952712164,0.14150797287836003
near_1e21,secondary_control,4,128,0.35,123,5,0,0.9609375,0.0390625,0.0,0.9996107376276606,1e-10,0.000240915807644293,83.2,83.2,0.0,69.06487086097027,69.0648708609703,2.842170943040401e-14,100.22808866079956,0.7830319426624965,0.17790555733750346
near_1e21,secondary_control,4,128,0.4,114,14,0,0.890625,0.109375,0.0,0.9995551287173264,1e-10,0.004149934989831294,76.8,76.8,0.0,65.65207622657343,65.65207622657344,1.4210854715202004e-14,89.84087539965141,0.7018818390597766,0.18874316094022336
near_1e21,secondary_control,4,128,0.45,105,23,0,0.8203125,0.1796875,0.0,0.9994995198069923,1e-10,0.0077519019389258315,70.4,70.4,0.0,63.490908974256996,63.49090897425701,1.4210854715202004e-14,78.06093943322695,0.6098510893220855,0.21046141067791446
near_1e21,secondary_control,4,128,0.5,101,27,0,0.7890625,0.2109375,0.0,0.9994439108966581,1e-10,0.0030524956958262184,64.0,64.00000000000001,1.4210854715202004e-14,62.58136910402098,62.58136910402099,1.4210854715202004e-14,65.45078924674442,0.5113342909901908,0.2777282090098092
near_1e21,secondary_control,4,128,0.55,95,33,0,0.7421875,0.2578125,0.0,0.9993883019863239,1e-10,0.010899467095488502,57.599999999999994,57.599999999999994,0.0,62.92345661586539,62.923456615865405,1.4210854715202004e-14,52.726918997063905,0.41192905466456176,0.33025844533543824
near_1e21,secondary_control,4,128,0.6,92,36,0,0.71875,0.28125,0.0,1.005104855574527,1.005104855574527e-10,0.008684743419749452,51.2,51.20000000000002,1.4210854715202004e-14,64.51717150979022,64.51717150979023,1.4210854715202004e-14,40.63166345725816,0.3174348707598294,0.4013151292401706
near_1e21,secondary_control,4,128,0.65,88,40,0,0.6875,0.3125,0.0,1.1721969268724046,1.1721969268724046e-10,0.0037205754768540045,44.8,44.80000000000001,1.4210854715202004e-14,67.36251378579546,67.36251378579549,2.842170943040401e-14,29.794612570162407,0.2327704107043938,0.4547295892956062
near_1e21,secondary_control,4,128,0.7,85,43,0,0.6640625,0.3359375,0.0,1.3392889981702814,1.3392889981702815e-10,0.016345806177673783,38.400000000000006,38.40000000000001,7.105427357601002e-15,71.45948344388111,71.45948344388114,2.842170943040401e-14,20.63490986690393,0.16121023333518694,0.5028522666648131
near_1e21,secondary_control,4,128,0.75,84,44,0,0.65625,0.34375,0.0,1.506381069468159,1.5063810694681591e-10,0.017059309051753124,32.0,32.00000000000001,7.105427357601002e-15,76.8080804840472,76.80808048404724,4.263256414560601e-14,13.33193061910565,0.10415570796176289,0.5520942920382371
near_1e21,secondary_control,4,128,0.8,82,46,0,0.640625,0.359375,0.0,1.6734731407660366,1.6734731407660365e-10,0.02871105091446713,25.599999999999994,25.600000000000005,1.0658141036401503e-14,83.40830490629372,83.40830490629375,2.842170943040401e-14,7.857251154261838,0.06138477464267061,0.5792402253573294
near_1e21,secondary_control,4,128,0.85,80,48,0,0.625,0.375,0.0,1.8405652120639133,1.8405652120639134e-10,0.0019757855406146163,19.200000000000003,19.20000000000001,7.105427357601002e-15,91.2601567106206,91.26015671062066,5.684341886080802e-14,4.0394407952742295,0.03155813121307992,0.5934418687869201
near_1e21,secondary_control,4,128,0.9,79,49,0,0.6171875,0.3828125,0.0,2.007657283361791,2.007657283361791e-10,0.02280691032399562,12.799999999999997,12.800000000000004,7.105427357601002e-15,100.36363589702799,100.36363589702802,2.842170943040401e-14,1.6324637757055553,0.012753623247699651,0.6044338767523003
near_1e21,secondary_control,4,128,0.95,78,50,0,0.609375,0.390625,0.0,2.1747493546596677,2.1747493546596677e-10,0.00885573099199588,6.400000000000006,6.400000000000011,5.329070518200751e-15,110.71874246551573,110.71874246551577,4.263256414560601e-14,0.3699463983052138,0.002890206236759483,0.6064847937632405
near_1e21,secondary_control,4,256,0.1,256,0,0,1.0,0.0,0.0,0.9999863030577414,1e-10,0.6546790171640287,230.4,230.4,0.0,209.84217607807136,209.84217607807136,0.0,252.971833366092,0.9881712240862969,0.011828775913703127
near_1e21,secondary_control,4,256,0.15,256,0,0,1.0,0.0,0.0,0.9999794545866122,1e-10,0.482018525746043,217.6,217.6,0.0,190.54489617566054,190.54489617566054,0.0,248.49660605104293,0.9706898673868865,0.02931013261311355
near_1e21,secondary_control,4,256,0.2,256,0,0,1.0,0.0,0.0,0.9999726061154829,1e-10,0.3093580343280573,204.8,204.8,0.0,173.76870431228542,173.7687043122854,2.842170943040401e-14,241.37280741083734,0.9428625289485834,0.057137471051416644
near_1e21,secondary_control,4,256,0.25,256,0,0,1.0,0.0,0.0,0.9999657576443536,1e-10,0.13669754291007163,192.0,192.0,0.0,159.51360048794598,159.51360048794595,2.842170943040401e-14,231.1025510504085,0.9027443400406582,0.09725565995934182
near_1e21,secondary_control,4,256,0.3,254,2,0,0.9921875,0.0078125,0.0,0.9999589091732243,1e-10,0.0025524277872643886,179.2,179.2,0.0,147.7795847026422,147.77958470264218,2.842170943040401e-14,217.30092194139073,0.8488317263335575,0.14335577366644248
near_1e21,secondary_control,4,256,0.35,246,10,0,0.9609375,0.0390625,0.0,0.999952060702095,1e-10,0.00024091580764262766,166.4,166.4,0.0,138.56665695637412,138.5666569563741,2.842170943040401e-14,199.82411792410858,0.7805629606410491,0.18037453935895087
near_1e21,secondary_control,4,256,0.4,225,31,0,0.87890625,0.12109375,0.0,0.9999452122309657,1e-10,0.006023534388795326,153.6,153.60000000000002,2.842170943040401e-14,131.8748172491417,131.87481724914167,2.842170943040401e-14,178.9042100087047,0.6988445703465027,0.1800616796534973
near_1e21,secondary_control,4,256,0.45,213,43,0,0.83203125,0.16796875,0.0,0.9999383637598365,1e-10,0.00043117913460188895,140.8,140.8,0.0,127.70406558094496,127.70406558094496,0.0,155.2389104435692,0.6064019939201922,0.22562925607980777
near_1e21,secondary_control,4,256,0.5,202,54,0,0.7890625,0.2109375,0.0,0.9999315152887072,1e-10,0.002928489316416316,128.0,128.0,0.0,126.05440195178389,126.05440195178389,0.0,129.97562755695688,0.5077172951443628,0.2813452048556372
near_1e21,secondary_control,4,256,0.55,192,64,0,0.75,0.25,0.0,0.9999246668175779,1e-10,0.010907505871434187,115.19999999999999,115.19999999999999,0.0,126.9258263616585,126.92582636165852,2.842170943040401e-14,104.55744414210793,0.4084275161801091,0.3415724838198909
near_1e21,secondary_control,4,256,0.6,187,69,0,0.73046875,0.26953125,0.0,1.071925897015828,1.0719258970158281e-10,0.0015642342356505523,102.4,102.4,0.0,130.3183388105688,130.3183388105688,0.0,80.46265856137208,0.3143072600053597,0.4161614899946403
near_1e21,secondary_control,4,256,0.65,177,79,0,0.69140625,0.30859375,0.0,1.244586388433814,1.2445863884338141e-10,0.0037383605545927567,89.6,89.6,0.0,136.2319392985148,136.23193929851476,2.842170943040401e-14,58.93008674279015,0.23019565133902403,0.46121059866097597
near_1e21,secondary_control,4,256,0.7,173,83,0,0.67578125,0.32421875,0.0,1.4172468798517994,1.4172468798517994e-10,0.01634580896219151,76.80000000000001,76.80000000000001,0.0,144.66662782549642,144.6666278254964,2.842170943040401e-14,40.771255186197685,0.1592627155710847,0.5165185344289153
near_1e21,secondary_control,4,256,0.75,170,86,0,0.6640625,0.3359375,0.0,1.5899073712697849,1.589907371269785e-10,0.017059308865708722,64.0,64.00000000000001,1.4210854715202004e-14,155.62240439151373,155.62240439151373,0.0,26.320117697804697,0.1028129597570496,0.5612495402429504
near_1e21,secondary_control,4,256,0.8,164,92,0,0.640625,0.359375,0.0,1.7625678626877708,1.7625678626877708e-10,0.016050521977428955,51.19999999999999,51.20000000000001,2.1316282072803006e-14,169.09926899656682,169.09926899656676,5.684341886080802e-14,15.502373342922146,0.060556145870789634,0.5800688541292104
near_1e21,secondary_control,4,256,0.85,161,95,0,0.62890625,0.37109375,0.0,1.9352283541057562,1.9352283541057563e-10,0.0027366915839908135,38.400000000000006,38.400000000000006,0.0,185.0972216406554,185.09722164065542,2.842170943040401e-14,7.9664080688509,0.031118781518948826,0.5977874684810511
near_1e21,secondary_control,4,256,0.9,157,99,0,0.61328125,0.38671875,0.0,2.107888845523742,2.107888845523742e-10,0.0036097116526681017,25.599999999999994,25.599999999999994,0.0,203.61626232377984,203.6162623237798,2.842170943040401e-14,3.218603428432847,0.012572669642315808,0.6007085803576842
near_1e21,secondary_control,4,256,0.95,154,102,0,0.6015625,0.3984375,0.0,2.2805493369417276,2.2805493369417276e-10,0.008855730431780895,12.800000000000011,12.800000000000011,0.0,224.6563910459398,224.6563910459398,0.0,0.7292915159778239,0.0028487949842883747,0.5987137050157116
near_1e21,secondary_control,4,512,0.1,512,0,0,1.0,0.0,0.0,0.9999863030580848,1e-10,0.6546790171640167,460.8,460.79999999999995,5.684341886080802e-14,419.5880354344179,419.58803543441786,5.684341886080802e-14,506.05980644838587,0.9883980594695037,0.011601940530496346
near_1e21,secondary_control,4,512,0.15,512,0,0,1.0,0.0,0.0,0.9999794545871271,1e-10,0.4820185257460251,435.2,435.2,0.0,380.8730797274402,380.8730797274403,1.1368683772161603e-13,497.27599581345424,0.9712421793231528,0.02875782067684718
near_1e21,secondary_control,4,512,0.2,512,0,0,1.0,0.0,0.0,0.9999726061161696,1e-10,0.3093580343280333,409.6,409.5999999999999,1.1368683772161603e-13,347.15214173767157,347.15214173767157,0.0,483.28136234509674,0.9439089108302671,0.05609108916973293
near_1e21,secondary_control,4,512,0.25,512,0,0,1.0,0.0,0.0,0.9999657576452119,1e-10,0.13669754291004177,384.0,384.0,0.0,318.4252214651118,318.4252214651118,0.0,463.0788959540882,0.9044509686603285,0.09554903133967152
near_1e21,secondary_control,4,512,0.3,509,3,0,0.994140625,0.005859375,0.0,0.9999589091742543,1e-10,0.002552427787261502,358.4,358.40000000000003,5.684341886080802e-14,294.692318909761,294.69231890976096,5.684341886080802e-14,435.8802444366844,0.8513286024153992,0.1428120225846008
near_1e21,secondary_control,4,512,0.35,497,15,0,0.970703125,0.029296875,0.0,0.9999520607032967,1e-10,0.00024091580764151743,332.8,332.79999999999995,5.684341886080802e-14,275.95343407161914,275.95343407161914,0.0,401.3569911627016,0.7839003733646516,0.18680275163534843
near_1e21,secondary_control,4,512,0.4,455,57,0,0.888671875,0.111328125,0.0,0.9999452122323391,1e-10,0.0018746056000427114,307.2,307.19999999999993,5.684341886080802e-14,262.20856695068625,262.20856695068625,0.0,359.9113526208645,0.7029518605876259,0.18572001441237407
near_1e21,secondary_control,4,512,0.45,422,90,0,0.82421875,0.17578125,0.0,0.9999383637613815,1e-10,0.00043113590562016135,281.6,281.59999999999997,5.684341886080802e-14,253.45771754696227,253.4577175469623,2.842170943040401e-14,312.86701690315294,0.6110683923889706,0.2131503576110294
near_1e21,secondary_control,4,512,0.5,401,111,0,0.783203125,0.216796875,0.0,0.9999315152904239,1e-10,0.0028277989245729662,256.0,255.99999999999997,2.842170943040401e-14,249.70088586044724,249.70088586044727,2.842170943040401e-14,262.458019618828,0.5126133195680235,0.2705898054319765
near_1e21,secondary_control,4,512,0.55,381,131,0,0.744140625,0.255859375,0.0,0.9999246668194662,1e-10,0.0066988464641287715,230.39999999999998,230.39999999999995,2.842170943040401e-14,250.9380718911412,250.9380718911412,0.0,211.54287031833215,0.4131696685904925,0.3309709564095075
near_1e21,secondary_control,4,512,0.6,371,141,0,0.724609375,0.275390625,0.0,1.0719258970158996,1.0719258970158996e-10,0.0001331906601207411,204.8,204.79999999999998,2.842170943040401e-14,257.16927563904403,257.1692756390441,5.684341886080802e-14,163.09506606407425,0.318545050906395,0.406064324093605
near_1e21,secondary_control,4,512,0.65,356,156,0,0.6953125,0.3046875,0.0,1.2445863884338917,1.2445863884338917e-10,0.002343738861906308,179.2,179.19999999999993,5.684341886080802e-14,268.39449710415585,268.3944971041559,5.684341886080802e-14,119.64716246599514,0.23368586419139675,0.46162663580860325
near_1e21,secondary_control,4,512,0.7,348,164,0,0.6796875,0.3203125,0.0,1.417246879851883,1.417246879851883e-10,0.004706509307193074,153.60000000000002,153.59999999999997,5.684341886080802e-14,284.6137362864766,284.61373628647664,5.684341886080802e-14,82.8946638620865,0.1619036403556377,0.5177838596443622
near_1e21,secondary_control,4,512,0.75,337,175,0,0.658203125,0.341796875,0.0,1.5899073712698746,1.5899073712698747e-10,0.005571065671777342,128.0,127.99999999999997,2.842170943040401e-14,305.82699318600635,305.8269931860064,5.684341886080802e-14,53.572772727864226,0.10463432173410982,0.5535688032658902
near_1e21,secondary_control,4,512,0.8,328,184,0,0.640625,0.359375,0.0,1.7625678626878667,1.7625678626878667e-10,0.0025547622352518617,102.39999999999998,102.39999999999993,4.263256414560601e-14,332.03426780274503,332.03426780274503,0.0,31.58035485129317,0.06168038056893197,0.578944619431068
near_1e21,secondary_control,4,512,0.85,322,190,0,0.62890625,0.37109375,0.0,1.935228354105858,1.935228354105858e-10,0.002736700087915267,76.80000000000001,76.79999999999998,2.842170943040401e-14,363.23556013669247,363.2355601366927,2.2737367544323206e-13,16.238057743521537,0.0317149565303155,0.5971912934696845
near_1e21,secondary_control,4,512,0.9,316,196,0,0.6171875,0.3828125,0.0,2.1078888455238496,2.1078888455238496e-10,0.0036097116037270283,51.19999999999999,51.19999999999993,5.684341886080802e-14,399.4308701878491,399.43087018784934,2.2737367544323206e-13,6.562937909048333,0.012818238103610026,0.60436926189639
near_1e21,secondary_control,4,512,0.95,310,202,0,0.60546875,0.39453125,0.0,2.2805493369418413,2.2805493369418414e-10,0.00556798695612426,25.600000000000023,25.600000000000023,0.0,440.6201979562146,440.62019795621467,5.684341886080802e-14,1.487358053579572,0.0029049961983976017,0.6025637538016024
near_1e21,secondary_control,5,128,0.1,128,0,0,1.0,0.0,0.0,0.9997872611071706,1e-10,0.6770634908136339,115.2,115.2,0.0,104.86199883551225,104.86199883551225,0.0,126.55719085440197,0.9887280535500154,0.011271946449984638
near_1e21,secondary_control,5,128,0.15,128,0,0,1.0,0.0,0.0,0.9996808916607559,1e-10,0.515595236220451,108.8,108.8,0.0,95.13949737990256,95.13949737990256,0.0,124.42193122727764,0.9720463377131066,0.027953662286893444
near_1e21,secondary_control,5,128,0.2,128,0,0,1.0,0.0,0.0,0.9995745222143413,1e-10,0.35412698162726786,102.4,102.4,0.0,86.647995342049,86.647995342049,0.0,121.01560986618021,0.9454344520795329,0.05456554792046708
near_1e21,secondary_control,5,128,0.25,128,0,0,1.0,0.0,0.0,0.9994681527679266,1e-10,0.19265872703408493,96.0,96.0,0.0,79.38749272195156,79.38749272195156,0.0,116.0888155553459,0.9069438715261399,0.09305612847386013
near_1e21,secondary_control,5,128,0.3,128,0,0,1.0,0.0,0.0,0.9993617833215119,1e-10,0.031190472440902006,89.6,89.60000000000001,1.4210854715202004e-14,73.35798951961026,73.35798951961027,1.4210854715202004e-14,109.43811372930128,0.8549852635101662,0.14501473648983376
near_1e21,secondary_control,5,128,0.35,123,5,0,0.9609375,0.0390625,0.0,0.9992554138750972,1e-10,0.004183353241856258,83.2,83.2,0.0,68.55948573502508,68.55948573502508,0.0,100.96691837441287,0.7888040498001005,0.17213345019989945
near_1e21,secondary_control,5,128,0.4,115,13,0,0.8984375,0.1015625,0.0,0.9991490444286826,1e-10,0.00837769572306013,76.8,76.8,0.0,64.99198136819601,64.99198136819601,0.0,90.75334950299451,0.7090105429921446,0.1894269570078554
near_1e21,secondary_control,5,128,0.45,106,22,0,0.828125,0.171875,0.0,0.9990426749822678,1e-10,0.0023516784733401686,70.4,70.4,0.0,62.655476419123076,62.655476419123076,0.0,79.10178460453508,0.6179826922229303,0.21014230777706966
near_1e21,secondary_control,5,128,0.5,100,28,0,0.78125,0.21875,0.0,0.9989363055358531,1e-10,0.0053573083564988355,64.0,64.0,0.0,61.54997088780627,61.54997088780627,0.0,66.54755381552037,0.5199027641837529,0.2613472358162471
near_1e21,secondary_control,5,128,0.55,96,32,0,0.75,0.25,0.0,0.9988299360894385,1e-10,0.003975125580921057,57.599999999999994,57.599999999999994,0.0,61.67546477424558,61.67546477424558,0.0,53.79383863817153,0.42026436436071507,0.32973563563928493
near_1e21,secondary_control,5,128,0.6,93,35,0,0.7265625,0.2734375,0.0,0.9987235666430238,1e-10,0.023835379512992194,51.2,51.2,0.0,63.03195807844102,63.03195807844102,0.0,41.58906180159772,0.3249145453249822,0.4016479546750178
near_1e21,secondary_control,5,128,0.65,91,37,0,0.7109375,0.2890625,0.0,1.0990873097113791,1.0990873097113792e-10,0.00037822547987387267,44.8,44.80000000000001,1.4210854715202004e-14,65.6194508003926,65.61945080039258,1.4210854715202004e-14,30.58605299982169,0.23895353906110695,0.47198396093889305
near_1e21,secondary_control,5,128,0.7,87,41,0,0.6796875,0.3203125,0.0,1.2605555643045618,1.2605555643045618e-10,0.014675752727813518,38.400000000000006,38.40000000000002,1.4210854715202004e-14,69.43794294010029,69.43794294010027,1.4210854715202004e-14,21.235652117056663,0.16590353216450518,0.5137839678354948
near_1e21,secondary_control,5,128,0.75,83,45,0,0.6484375,0.3515625,0.0,1.4220238188977454,1.4220238188977454e-10,0.01966325384202472,32.0,32.00000000000001,7.105427357601002e-15,74.4874344975641,74.4874344975641,0.0,13.747285121405103,0.10740066501097736,0.5410368349890227
near_1e21,secondary_control,5,128,0.8,81,47,0,0.6328125,0.3671875,0.0,1.5834920734909286,1.5834920734909285e-10,0.0221446485342216,25.599999999999994,25.599999999999998,3.552713678800501e-15,80.76792547278407,80.76792547278404,2.842170943040401e-14,8.114112083030196,0.06339150064867341,0.5694209993513266
near_1e21,secondary_control,5,128,0.85,80,48,0,0.625,0.375,0.0,1.7449603280841113,1.7449603280841114e-10,0.007855690709622776,19.200000000000003,19.200000000000006,3.552713678800501e-15,88.27941586576009,88.27941586576009,0.0,4.175831889968137,0.03262368664037607,0.5923763133596239
near_1e21,secondary_control,5,128,0.9,79,49,0,0.6171875,0.3828125,0.0,1.9064285826772944,1.9064285826772945e-10,0.002138277027998292,12.799999999999997,12.800000000000004,7.105427357601002e-15,97.02190567649231,97.02190567649231,0.0,1.6886908050054632,0.013192896914105181,0.6039946030858948
near_1e21,secondary_control,5,128,0.95,77,51,0,0.6015625,0.3984375,0.0,2.067896837270477,2.0678968372704773e-10,0.030821060550137336,6.400000000000006,6.40000000000002,1.4210854715202004e-14,106.99539490498063,106.9953949049806,2.842170943040401e-14,0.38282021423796236,0.002990782923734081,0.5985717170762659
near_1e21,secondary_control,5,256,0.1,256,0,0,1.0,0.0,0.0,0.9999274281247064,1e-10,0.6770634908135518,230.4,230.39999999999998,2.842170943040401e-14,209.77531442531574,209.77531442531574,0.0,253.05246303849083,0.9884861837441048,0.011513816255895204
near_1e21,secondary_control,5,256,0.15,256,0,0,1.0,0.0,0.0,0.9998911421870595,1e-10,0.5155952362203277,217.6,217.60000000000002,2.842170943040401e-14,190.3944574569604,190.39445745696042,2.842170943040401e-14,248.6929537363431,0.9714568505325902,0.028543149467409767
near_1e21,secondary_control,5,256,0.2,256,0,0,1.0,0.0,0.0,0.9998548562494127,1e-10,0.35412698162710354,204.8,204.8,0.0,173.50125770126297,173.50125770126297,0.0,241.7448758338003,0.9443159212257825,0.05568407877421755
near_1e21,secondary_control,5,256,0.25,256,0,0,1.0,0.0,0.0,0.9998185703117659,1e-10,0.19265872703387943,192.0,192.0,0.0,159.09571515822338,159.09571515822338,0.0,231.7095715829815,0.9051155139960215,0.09488448600397847
near_1e21,secondary_control,5,256,0.3,256,0,0,1.0,0.0,0.0,0.9997822843741191,1e-10,0.031190472440655315,179.2,179.2,0.0,147.17782982784166,147.17782982784166,0.0,218.18938380572072,0.8523022804910966,0.14769771950890342
near_1e21,secondary_control,5,256,0.35,247,9,0,0.96484375,0.03515625,0.0,0.9997459984364723,1e-10,0.002704431804216423,166.4,166.40000000000003,2.842170943040401e-14,137.74760171011783,137.74760171011783,0.0,201.01228374392957,0.7852042333747249,0.1796395166252751
near_1e21,secondary_control,5,256,0.4,229,27,0,0.89453125,0.10546875,0.0,0.9997097124988255,1e-10,0.004475664909057597,153.6,153.6,0.0,130.80503080505184,130.80503080505184,0.0,180.36737467049173,0.7045600573066083,0.1899711926933917
near_1e21,secondary_control,5,256,0.45,212,44,0,0.828125,0.171875,0.0,0.9996734265611786,1e-10,0.0023548447173495912,140.8,140.8,0.0,126.35011711264374,126.35011711264374,0.0,156.90242678861884,0.6129001046430423,0.21522489535695766
near_1e21,secondary_control,5,256,0.5,198,58,0,0.7734375,0.2265625,0.0,0.9996371406235318,1e-10,0.005357071562939852,128.0,128.0,0.0,124.38286063289351,124.38286063289354,2.842170943040401e-14,131.72232827444066,0.5145403448220338,0.2588971551779662
near_1e21,secondary_control,5,256,0.55,191,65,0,0.74609375,0.25390625,0.0,0.999600854685885,1e-10,0.003251918803596654,115.19999999999999,115.19999999999997,1.4210854715202004e-14,124.90326136580114,124.90326136580117,2.842170943040401e-14,106.25054826337501,0.41504120415380863,0.33105254584619137
near_1e21,secondary_control,5,256,0.6,182,74,0,0.7109375,0.2890625,0.0,0.9995645687482382,1e-10,0.0032826058280939208,102.4,102.4,0.0,127.91131931136667,127.91131931136667,0.0,81.97679498930944,0.32022185542699,0.39071564457301
near_1e21,secondary_control,5,256,0.65,180,76,0,0.703125,0.296875,0.0,1.0990873097119134,1.0990873097119134e-10,0.00032778203415251284,89.6,89.6,0.0,133.40703446959003,133.40703446959003,0.0,60.17793613297062,0.2350700630194165,0.46805493698058354
near_1e21,secondary_control,5,256,0.7,172,84,0,0.671875,0.328125,0.0,1.2605555643051374,1.2605555643051375e-10,0.003266327075523656,76.80000000000001,76.80000000000003,1.4210854715202004e-14,141.3904068404713,141.3904068404713,0.0,41.715984357092196,0.1629530638948914,0.5089219361051086
near_1e21,secondary_control,5,256,0.75,166,90,0,0.6484375,0.3515625,0.0,1.4220238188983618,1.422023818898362e-10,0.012672176806356239,64.0,64.0,0.0,151.86143642401038,151.86143642401044,5.684341886080802e-14,26.971956122972593,0.10535920360536169,0.5430782963946383
near_1e21,secondary_control,5,256,0.8,163,93,0,0.63671875,0.36328125,0.0,1.5834920734915858,1.5834920734915859e-10,0.006181732451276067,51.19999999999999,51.19999999999999,0.0,164.82012322020745,164.8201232202074,5.684341886080802e-14,15.90485402378708,0.06212833603041828,0.5745904139695818
near_1e21,secondary_control,5,256,0.85,162,94,0,0.6328125,0.3671875,0.0,1.7449603280848098,1.7449603280848098e-10,0.007855695395075468,38.400000000000006,38.40000000000002,1.4210854715202004e-14,180.26646722906224,180.26646722906224,0.0,8.17989070660766,0.03195269807268617,0.6008598019273138
near_1e21,secondary_control,5,256,0.9,161,95,0,0.62890625,0.37109375,0.0,1.9064285826780343,1.9064285826780343e-10,0.0021026919222701945,25.599999999999994,25.60000000000001,1.4210854715202004e-14,198.200468450575,198.20046845057502,2.842170943040401e-14,3.3065512161664037,0.012916215688150014,0.61599003431185
near_1e21,secondary_control,5,256,0.95,156,100,0,0.609375,0.390625,0.0,2.067896837271258,2.067896837271258e-10,0.001569966731577388,12.800000000000011,12.80000000000004,2.842170943040401e-14,218.62212688474557,218.62212688474557,0.0,0.7494209407558018,0.0029274255498273507,0.6064475744501726
near_1e21,secondary_control,5,512,0.1,512,0,0,1.0,0.0,0.0,0.9999454562700281,1e-10,0.6770634908135527,460.8,460.79999999999995,5.684341886080802e-14,419.68332368212583,419.6833236821258,5.684341886080802e-14,505.94490659539963,0.9881736456941399,0.011826354305860098
near_1e21,secondary_control,5,512,0.15,512,0,0,1.0,0.0,0.0,0.9999181844050421,1e-10,0.515595236220329,435.2,435.20000000000005,5.684341886080802e-14,381.08747828478306,381.08747828478306,0.0,496.996229979679,0.9706957616790606,0.029304238320939424
near_1e21,secondary_control,5,512,0.2,512,0,0,1.0,0.0,0.0,0.9998909125400561,1e-10,0.3541269816271053,409.6,409.6,0.0,347.5332947285033,347.5332947285033,0.0,482.7513292821784,0.9428736900042547,0.057126309995745306
near_1e21,secondary_control,5,512,0.25,512,0,0,1.0,0.0,0.0,0.99986364067507,1e-10,0.19265872703388165,384.0,384.0,0.0,319.0207730132863,319.0207730132864,5.684341886080802e-14,462.21441509032667,0.9027625294732943,0.09723747052670573
near_1e21,secondary_control,5,512,0.3,512,0,0,1.0,0.0,0.0,0.9998363688100841,1e-10,0.03119047244065798,358.4,358.4,0.0,295.54991313913234,295.54991313913234,0.0,434.6154550873812,0.8488583107175414,0.15114168928245864
near_1e21,secondary_control,5,512,0.35,492,20,0,0.9609375,0.0390625,0.0,0.9998090969450981,1e-10,0.0006155292933769374,332.8,332.8,0.0,277.12071510604125,277.12071510604125,0.0,399.6664051535046,0.7805984475654387,0.18033905243456128
near_1e21,secondary_control,5,512,0.4,451,61,0,0.880859375,0.119140625,0.0,0.9997818250801122,1e-10,0.003329672628522573,307.2,307.2,0.0,263.733178914013,263.733178914013,0.0,357.83074540943056,0.6988881746277941,0.18197120037220593
near_1e21,secondary_control,5,512,0.45,422,90,0,0.82421875,0.17578125,0.0,0.9997545532151262,1e-10,3.875110163664708e-05,281.6,281.6,0.0,255.38730456304776,255.3873045630478,2.842170943040401e-14,310.5031400667118,0.6064514454427965,0.2177673045572035
near_1e21,secondary_control,5,512,0.5,397,115,0,0.775390625,0.224609375,0.0,0.9997272813501402,1e-10,0.0026792748390818133,256.0,255.99999999999997,2.842170943040401e-14,252.08309205314538,252.08309205314538,0.0,259.9777694974615,0.5077690810497295,0.2676215439502705
near_1e21,secondary_control,5,512,0.55,379,133,0,0.740234375,0.259765625,0.0,0.9997000094851543,1e-10,0.0020748272972171966,230.39999999999998,230.4,2.842170943040401e-14,253.8205413843059,253.82054138430593,2.842170943040401e-14,209.14051995352912,0.40847757803423657,0.33175679696576343
near_1e21,secondary_control,5,512,0.6,365,147,0,0.712890625,0.287109375,0.0,0.9996727376201683,1e-10,0.0032826058296406835,204.8,204.80000000000004,2.842170943040401e-14,260.59965255652935,260.5996525565294,5.684341886080802e-14,160.9481808150213,0.31435191565433845,0.39853870934566155
near_1e21,secondary_control,5,512,0.65,358,154,0,0.69921875,0.30078125,0.0,1.0990873097119076,1.0990873097119077e-10,0.00032778203414851603,179.2,179.2,0.0,272.42042556981573,272.42042556981573,0.0,117.878973035266,0.2302323692095039,0.4689863807904961
near_1e21,secondary_control,5,512,0.7,345,167,0,0.673828125,0.326171875,0.0,1.2605555643051312,1.2605555643051312e-10,0.003266608078543287,153.60000000000002,153.60000000000002,0.0,289.28286042416494,289.28286042416494,0.0,81.55671568445675,0.15929046032120459,0.5145376646787954
near_1e21,secondary_control,5,512,0.75,337,175,0,0.658203125,0.341796875,0.0,1.4220238188983552,1.4220238188983552e-10,0.012672170322085341,128.0,128.0,0.0,311.1869571195771,311.18695711957713,5.684341886080802e-14,52.65002155506236,0.10283207334973117,0.5553710516502688
near_1e21,secondary_control,5,512,0.8,331,181,0,0.646484375,0.353515625,0.0,1.5834920734915787,1.583492073491579e-10,0.006181738930440606,102.39999999999998,102.40000000000003,5.684341886080802e-14,338.13271565605226,338.13271565605226,0.0,31.01078220028281,0.060567933984927366,0.5859164410150727
near_1e21,secondary_control,5,512,0.85,326,186,0,0.63671875,0.36328125,0.0,1.7449603280848023,1.7449603280848023e-10,0.00650584076273919,76.80000000000001,76.80000000000004,2.842170943040401e-14,370.12013603359014,370.12013603359014,0.0,15.936014892917656,0.031125029087729798,0.6055937209122702
near_1e21,secondary_control,5,512,0.9,322,190,0,0.62890625,0.37109375,0.0,1.9064285826780263,1.9064285826780263e-10,0.0021026919602032956,51.19999999999999,51.20000000000002,2.842170943040401e-14,407.1492182521911,407.1492182521911,0.0,6.438523967338826,0.012575242123708644,0.6163310078762914
near_1e21,secondary_control,5,512,0.95,313,199,0,0.611328125,0.388671875,0.0,2.0678968372712494,2.0678968372712494e-10,0.0015481857209331817,25.600000000000023,25.60000000000008,5.684341886080802e-14,449.21996231185483,449.2199623118548,5.684341886080802e-14,1.4588844107177967,0.0028493836146831967,0.6084787413853168
near_1e21,secondary_control,6,128,0.1,128,0,0,1.0,0.0,0.0,0.9998183469299279,1e-10,0.6885469475952045,115.2,115.19999999999999,1.4210854715202004e-14,104.89885849977153,104.89885849977153,0.0,126.51272082268564,0.9883806314272315,0.011619368572768463
near_1e21,secondary_control,6,128,0.15,128,0,0,1.0,0.0,0.0,0.9997275203948919,1e-10,0.5328204213928068,108.8,108.8,0.0,95.22243162448594,95.22243162448595,1.4210854715202004e-14,124.3135655964079,0.9711997312219367,0.028800268778063298
near_1e21,secondary_control,6,128,0.2,128,0,0,1.0,0.0,0.0,0.9996366938598558,1e-10,0.37709389519040903,102.4,102.39999999999999,1.4210854715202004e-14,86.79543399908613,86.79543399908613,0.0,120.81004169079225,0.9438284507093144,0.056171549290685574
near_1e21,secondary_control,6,128,0.25,128,0,0,1.0,0.0,0.0,0.9995458673248198,1e-10,0.22136736898801135,96.0,96.0,0.0,79.61786562357207,79.61786562357207,0.0,115.75291459799526,0.904319645296838,0.09568035470316205
near_1e21,secondary_control,6,128,0.3,128,0,0,1.0,0.0,0.0,0.9994550407897838,1e-10,0.06564084278561366,89.6,89.6,0.0,73.6897264979438,73.68972649794378,1.4210854715202004e-14,108.94544438598253,0.8511362842654885,0.14886371573451151
near_1e21,secondary_control,6,128,0.35,124,4,0,0.96875,0.03125,0.0,0.9993642142547476,1e-10,0.0018507098453944826,83.2,83.20000000000002,1.4210854715202004e-14,69.01101662220127,69.01101662220128,1.4210854715202004e-14,100.30630381661518,0.7836429985673061,0.18510700143269387
near_1e21,secondary_control,6,128,0.4,112,16,0,0.875,0.125,0.0,0.9992733877197116,1e-10,0.00607037991200543,76.8,76.80000000000001,1.4210854715202004e-14,65.58173599634452,65.5817359963445,1.4210854715202004e-14,89.93723496933298,0.7026346481979139,0.17236535180208612
near_1e21,secondary_control,6,128,0.45,105,23,0,0.8203125,0.1796875,0.0,0.9991825611846755,1e-10,0.013322590631513531,70.4,70.4,0.0,63.40188462037353,63.40188462037354,7.105427357601002e-15,78.17054697467763,0.610707398239669,0.20960510176033098
near_1e21,secondary_control,6,128,0.5,100,28,0,0.78125,0.21875,0.0,0.9990917346496395,1e-10,0.009040202504405515,64.0,64.0,0.0,62.4714624942883,62.4714624942883,0.0,65.56593741301467,0.5122338860391771,0.2690161139608229
near_1e21,secondary_control,6,128,0.55,97,31,0,0.7578125,0.2421875,0.0,0.9990009081146034,1e-10,0.008717394163738179,57.599999999999994,57.599999999999994,0.0,62.79046961808885,62.79046961808885,0.0,52.83859191019985,0.41280149929843635,0.34501100070156365
near_1e21,secondary_control,6,128,0.6,94,34,0,0.734375,0.265625,0.0,0.9989100815795674,1e-10,0.011429214592254544,51.2,51.2,0.0,64.35890599177516,64.35890599177516,0.0,40.731581116916615,0.31821547747591106,0.41615952252408894
near_1e21,secondary_control,6,128,0.65,89,39,0,0.6953125,0.3046875,0.0,1.0244448406311704,1.0244448406311704e-10,0.00269280389513038,44.8,44.8,0.0,67.17677161534723,67.17677161534723,0.0,29.876993962917243,0.23341401533529096,0.46189848466470906
near_1e21,secondary_control,6,128,0.7,86,42,0,0.671875,0.328125,0.0,1.180171366833568,1.180171366833568e-10,0.008155599516977308,38.400000000000006,38.4,7.105427357601002e-15,71.24406648880507,71.24406648880506,1.4210854715202004e-14,20.697302563880253,0.16169767628031448,0.5101773237196855
near_1e21,secondary_control,6,128,0.75,83,45,0,0.6484375,0.3515625,0.0,1.3358978930359662,1.335897893035966e-10,0.0012442374821557411,32.0,32.0,0.0,76.56079061214868,76.56079061214868,0.0,13.374992496975489,0.10449212888262101,0.543945371117379
near_1e21,secondary_control,6,128,0.8,81,47,0,0.6328125,0.3671875,0.0,1.4916244192383639,1.491624419238364e-10,0.007396622692454891,25.599999999999994,25.599999999999994,0.0,83.12694398537806,83.12694398537806,0.0,7.883845701284011,0.06159254454128134,0.5712199554587186
near_1e21,secondary_control,6,128,0.85,79,49,0,0.6171875,0.3828125,0.0,1.6473509454407615,1.6473509454407615e-10,0.014376699119846181,19.200000000000003,19.200000000000003,0.0,90.94252660849318,90.9425266084932,1.4210854715202004e-14,4.053549134245986,0.03166835261129677,0.5855191473887033
near_1e21,secondary_control,6,128,0.9,78,50,0,0.609375,0.390625,0.0,1.8030774716431592,1.8030774716431593e-10,0.00393175651295774,12.799999999999997,12.799999999999997,0.0,100.00753848149412,100.0075384814941,2.842170943040401e-14,1.6382764988293124,0.012799035147104003,0.596575964852896
near_1e21,secondary_control,6,128,0.95,77,51,0,0.6015625,0.3984375,0.0,1.958803997845557,1.958803997845557e-10,0.017199600043259378,6.400000000000006,6.400000000000009,3.552713678800501e-15,110.32197960438077,110.32197960438077,0.0,0.3712768765289052,0.0029006005978820717,0.5986618994021179
near_1e21,secondary_control,6,256,0.1,256,0,0,1.0,0.0,0.0,0.9998183469299279,1e-10,0.6885469475951924,230.4,230.4,0.0,209.77222281176466,209.77222281176466,0.0,253.0561925142688,0.9885007520088624,0.011499247991137551
near_1e21,secondary_control,6,256,0.15,256,0,0,1.0,0.0,0.0,0.9997275203948919,1e-10,0.5328204213927886,217.6,217.60000000000002,2.842170943040401e-14,190.38750132647044,190.38750132647044,0.0,248.70204015549388,0.971492344357398,0.028507655642602048
near_1e21,secondary_control,6,256,0.2,256,0,0,1.0,0.0,0.0,0.9996366938598558,1e-10,0.37709389519038483,204.8,204.79999999999998,2.842170943040401e-14,173.48889124705858,173.48889124705858,0.0,241.76210763990997,0.9443832329683983,0.05561676703160168
near_1e21,secondary_control,6,256,0.25,256,0,0,1.0,0.0,0.0,0.9995458673248198,1e-10,0.22136736898798104,192.0,192.0,0.0,159.07639257352903,159.07639257352903,0.0,231.7377167260098,0.9052254559609758,0.09477454403902419
near_1e21,secondary_control,6,256,0.3,256,0,0,1.0,0.0,0.0,0.9994550407897836,1e-10,0.06564084278557725,179.2,179.2,0.0,147.1500053058818,147.1500053058818,0.0,218.23064112873945,0.8524634419091385,0.14753655809086152
near_1e21,secondary_control,6,256,0.35,247,9,0,0.96484375,0.03515625,0.0,0.9993642142547476,1e-10,0.0018507098453941495,166.4,166.4,0.0,137.7097294441169,137.7097294441169,0.0,201.06756517328196,0.7854201764581327,0.17942357354186733
near_1e21,secondary_control,6,256,0.4,227,29,0,0.88671875,0.11328125,0.0,0.9992733877197115,1e-10,0.004305547033480295,153.6,153.6,0.0,130.7555649882343,130.7555649882343,0.0,180.4356090092452,0.7048265976923641,0.1818921523076359
near_1e21,secondary_control,6,256,0.45,210,46,0,0.8203125,0.1796875,0.0,0.9991825611846755,1e-10,0.001124762139875335,140.8,140.79999999999998,2.842170943040401e-14,126.28751193823405,126.28751193823405,0.0,156.98020885624888,0.6132039408447222,0.20710855915527782
near_1e21,secondary_control,6,256,0.5,202,54,0,0.7890625,0.2109375,0.0,0.9990917346496394,1e-10,0.002243452453159711,128.0,128.0,0.0,124.30557029411611,124.3055702941161,1.4210854715202004e-14,131.80423018239853,0.5148602741499942,0.27420222585000575
near_1e21,secondary_control,6,256,0.55,192,64,0,0.75,0.25,0.0,0.9990009081146034,1e-10,0.008717394010732571,115.19999999999999,115.2,1.4210854715202004e-14,124.8097400558805,124.80974005588048,1.4210854715202004e-14,106.3301629669144,0.4153521990895094,0.3346478009104906
near_1e21,secondary_control,6,256,0.6,187,69,0,0.73046875,0.26953125,0.0,0.9989100815795673,1e-10,0.009547862126121798,102.4,102.4,0.0,127.80002122352721,127.80002122352718,2.842170943040401e-14,82.04818668738716,0.3205007292476061,0.4099680207523939
near_1e21,secondary_control,6,256,0.65,180,76,0,0.703125,0.296875,0.0,1.0244448406312494,1.0244448406312495e-10,0.0028863844941897643,89.6,89.6,0.0,133.27641379705622,133.2764137970562,2.842170943040401e-14,60.236914929484115,0.23530044894329732,0.4678245510567027
near_1e21,secondary_control,6,256,0.7,172,84,0,0.671875,0.328125,0.0,1.1801713668336529,1.1801713668336528e-10,0.005561232540060801,76.80000000000001,76.80000000000001,0.0,141.23891777646756,141.23891777646753,2.842170943040401e-14,41.76072779979013,0.1631278429679302,0.5087471570320699
near_1e21,secondary_control,6,256,0.75,166,90,0,0.6484375,0.3515625,0.0,1.3358978930360568,1.3358978930360569e-10,0.0012393772561785088,64.0,64.0,0.0,151.68753316176122,151.68753316176122,0.0,27.00287831585989,0.10547999342132769,0.5429575065786723
near_1e21,secondary_control,6,256,0.8,163,93,0,0.63671875,0.36328125,0.0,1.4916244192384607,1.4916244192384606e-10,0.00752345414822142,51.19999999999999,51.199999999999974,1.4210854715202004e-14,164.62225995293727,164.6222599529372,5.684341886080802e-14,15.923970432366948,0.06220300950143339,0.5745157404985666
near_1e21,secondary_control,6,256,0.85,159,97,0,0.62109375,0.37890625,0.0,1.6473509454408646,1.6473509454408646e-10,0.01743304988122296,38.400000000000006,38.400000000000006,0.0,180.0430981499955,180.0430981499955,0.0,8.190039024831329,0.03199233994074738,0.5891014100592527
near_1e21,secondary_control,6,256,0.9,156,100,0,0.609375,0.390625,0.0,1.8030774716432685,1.8030774716432687e-10,0.0038256033989336746,25.599999999999994,25.599999999999994,0.0,197.9500477529362,197.95004775293614,5.684341886080802e-14,3.3107342354267186,0.01293255560713562,0.5964424443928644
near_1e21,secondary_control,6,256,0.95,155,101,0,0.60546875,0.39453125,0.0,1.958803997845672,1.958803997845672e-10,0.00430610973200507,12.800000000000011,12.800000000000026,1.4210854715202004e-14,218.34310876175914,218.34310876175908,5.684341886080802e-14,0.7503786170726878,0.002931166472940187,0.6025375835270598
near_1e21,secondary_control,6,512,0.1,512,0,0,1.0,0.0,0.0,0.999925105738091,1e-10,0.6733789674050065,460.8,460.79999999999995,5.684341886080802e-14,419.58246878722923,419.58246878722923,0.0,506.0665204000127,0.9884111726562748,0.011588827343725239
near_1e21,secondary_control,6,512,0.15,512,0,0,1.0,0.0,0.0,0.9998876586071366,1e-10,0.5100684511075098,435.2,435.20000000000005,5.684341886080802e-14,380.86055477126575,380.8605547712658,5.684341886080802e-14,497.29234920047776,0.9712741195321831,0.028725880467816878
near_1e21,secondary_control,6,512,0.2,512,0,0,1.0,0.0,0.0,0.999850211476182,1e-10,0.34675793481001294,409.6,409.6,0.0,347.12987514891694,347.12987514891694,0.0,483.31236234860694,0.9439694577121229,0.05603054228787707
near_1e21,secondary_control,6,512,0.25,512,0,0,1.0,0.0,0.0,0.9998127643452276,1e-10,0.18344741851251622,384.0,384.0,0.0,318.3904299201827,318.3904299201827,0.0,463.12949807243183,0.9045498009227184,0.09545019907728158
near_1e21,secondary_control,6,512,0.3,512,0,0,1.0,0.0,0.0,0.999775317214273,1e-10,0.020136902215019514,358.4,358.40000000000003,5.684341886080802e-14,294.6422190850631,294.64221908506306,5.684341886080802e-14,435.95435982959503,0.8514733590421778,0.1485266409578222
near_1e21,secondary_control,6,512,0.35,495,17,0,0.966796875,0.033203125,0.0,0.9997378700833186,1e-10,0.0002987469197441861,332.8,332.8,0.0,275.8852426435581,275.8852426435582,5.684341886080802e-14,401.45619583971666,0.7840941324994466,0.1827027425005534
near_1e21,secondary_control,6,512,0.4,455,57,0,0.888671875,0.111328125,0.0,0.999700422952364,1e-10,0.0008834882349257889,307.2,307.2,0.0,262.1195005956678,262.1195005956678,0.0,360.033647956522,0.703190718665082,0.18548115633491802
near_1e21,secondary_control,6,512,0.45,421,91,0,0.822265625,0.177734375,0.0,0.9996629758214096,1e-10,0.0011247573868071736,281.6,281.59999999999997,5.684341886080802e-14,253.34499294139195,253.34499294139198,2.842170943040401e-14,313.00622553983015,0.6113402842574808,0.21092534074251923
near_1e21,secondary_control,6,512,0.5,401,111,0,0.783203125,0.216796875,0.0,0.9996255286904551,1e-10,0.002243452437617699,256.0,256.0,0.0,249.56171968073082,249.56171968073087,5.684341886080802e-14,262.6043773213355,0.5128991744557334,0.2703039505442666
near_1e21,secondary_control,6,512,0.55,383,129,0,0.748046875,0.251953125,0.0,0.9995880815595006,1e-10,0.005389176807253926,230.39999999999998,230.4,2.842170943040401e-14,250.76968081368432,250.76968081368432,0.0,211.68492071192694,0.4134471107654823,0.3345997642345177
near_1e21,secondary_control,6,512,0.6,369,143,0,0.720703125,0.279296875,0.0,0.9995506344285461,1e-10,0.0008392659295965998,204.8,204.80000000000004,2.842170943040401e-14,256.9688763402524,256.9688763402524,0.0,163.22225709724958,0.3187934708930656,0.4019096541069344
near_1e21,secondary_control,6,512,0.65,357,155,0,0.697265625,0.302734375,0.0,1.1230367118674578,1.1230367118674578e-10,0.0006797672318361592,179.2,179.2,0.0,268.1593062604351,268.15930626043513,5.684341886080802e-14,119.7520997791229,0.23389081988109942,0.4633748051189006
near_1e21,secondary_control,6,512,0.7,346,166,0,0.67578125,0.32421875,0.0,1.2863472281649546,1.2863472281649545e-10,0.00556123383615037,153.60000000000002,153.60000000000008,5.684341886080802e-14,284.34097057423236,284.3409705742324,5.684341886080802e-14,82.974183960734,0.16205895304830858,0.5137222969516915
near_1e21,secondary_control,6,512,0.75,334,178,0,0.65234375,0.34765625,0.0,1.4496577444624514,1.4496577444624514e-10,0.0012393772561636318,128.0,128.0,0.0,305.51386928164436,305.5138692816444,5.684341886080802e-14,53.6276799430538,0.10474156238877695,0.547602187611223
near_1e21,secondary_control,6,512,0.8,327,185,0,0.638671875,0.361328125,0.0,1.6129682607599483,1.6129682607599483e-10,0.002565740249383941,102.39999999999998,102.4,2.842170943040401e-14,331.678002382671,331.6780023826709,1.1368683772161603e-13,31.61427626997743,0.06174663333979967,0.5769252416602003
near_1e21,secondary_control,6,512,0.85,318,194,0,0.62109375,0.37890625,0.0,1.7762787770574446,1.7762787770574447e-10,0.0033089392514272786,76.80000000000001,76.80000000000007,5.684341886080802e-14,362.83336987731195,362.83336987731207,1.1368683772161603e-13,16.25605715922553,0.031750111639112365,0.5893436383608877
near_1e21,secondary_control,6,512,0.9,313,199,0,0.611328125,0.388671875,0.0,1.9395892933549415,1.9395892933549416e-10,0.0038782352052300073,51.19999999999999,51.20000000000002,2.842170943040401e-14,398.9799717655678,398.97997176556794,1.1368683772161603e-13,6.570354868690756,0.012832724352911632,0.5984954006470884
near_1e21,secondary_control,6,512,0.95,308,204,0,0.6015625,0.3984375,0.0,2.1028998096524383,2.1028998096524382e-10,0.004306953762266086,25.600000000000023,25.60000000000005,2.842170943040401e-14,440.1178080474383,440.1178080474383,0.0,1.489055857356635,0.002908312221399678,0.5986541877786004
near_1e21,secondary_control,7,128,0.1,128,0,0,1.0,0.0,0.0,0.9998225189573289,1e-10,0.6908601746793048,115.2,115.19999999999999,1.4210854715202004e-14,104.87040525132169,104.87040525132167,1.4210854715202004e-14,126.54704602500566,0.9886487970703567,0.011351202929643311
near_1e21,secondary_control,7,128,0.15,128,0,0,1.0,0.0,0.0,0.9997337784359933,1e-10,0.5362902620189571,108.8,108.79999999999998,1.4210854715202004e-14,95.15841181547376,95.15841181547377,1.4210854715202004e-14,124.39720014405607,0.9718531261254381,0.02814687387456194
near_1e21,secondary_control,7,128,0.2,128,0,0,1.0,0.0,0.0,0.9996450379146578,1e-10,0.38172034935860955,102.4,102.4,0.0,86.6816210052867,86.68162100528669,1.4210854715202004e-14,120.96866531095995,0.9450676977418746,0.0549323022581254
near_1e21,secondary_control,7,128,0.25,128,0,0,1.0,0.0,0.0,0.9995562973933221,1e-10,0.22715043669826196,96.0,96.0,0.0,79.44003282076046,79.44003282076046,0.0,116.0120366615903,0.9063440364186742,0.09365596358132577
near_1e21,secondary_control,7,128,0.3,128,0,0,1.0,0.0,0.0,0.9994675568719865,1e-10,0.07258052403791437,89.6,89.6,0.0,73.43364726189506,73.43364726189506,0.0,109.32536104829748,0.8541043831898241,0.14589561681017593
near_1e21,secondary_control,7,128,0.35,124,4,0,0.96875,0.03125,0.0,0.999378816350651,1e-10,0.007848047017193216,83.2,83.20000000000002,1.4210854715202004e-14,68.6624643286905,68.6624643286905,0.0,100.81549020528752,0.7876210172288087,0.18112898277119127
near_1e21,secondary_control,7,128,0.4,116,12,0,0.90625,0.09375,0.0,0.9992900758293154,1e-10,0.008644827923750098,76.8,76.80000000000001,1.4210854715202004e-14,65.12648402114678,65.12648402114678,0.0,90.56592089455992,0.7075462569887494,0.1987037430112506
near_1e21,secondary_control,7,128,0.45,107,21,0,0.8359375,0.1640625,0.0,0.9992013353079798,1e-10,0.0051174345567385204,70.4,70.4,0.0,62.825706339263895,62.82570633926389,7.105427357601002e-15,78.88745369986508,0.6163082320301959,0.2196292679698041
near_1e21,secondary_control,7,128,0.5,102,26,0,0.796875,0.203125,0.0,0.9991125947866443,1e-10,0.005558757913080581,64.0,64.0,0.0,61.760131283041844,61.760131283041844,0.0,66.32110254475258,0.5181336136308795,0.2787413863691205
near_1e21,secondary_control,7,128,0.55,93,35,0,0.7265625,0.2734375,0.0,0.9990238542653087,1e-10,0.011646754620488364,57.599999999999994,57.599999999999994,0.0,61.92975885248063,61.92975885248063,0.0,53.572952026231,0.4185386877049297,0.3080238122950703
near_1e21,secondary_control,7,128,0.6,90,38,0,0.703125,0.296875,0.0,0.9989351137439731,1e-10,0.009278806275057172,51.2,51.2,0.0,63.33458904758025,63.33458904758025,0.0,41.39033724574478,0.3233620097323811,0.3797629902676189
near_1e21,secondary_control,7,128,0.65,88,40,0,0.6875,0.3125,0.0,1.0094088645845192,1.0094088645845193e-10,0.007564234652474466,44.8,44.8,0.0,65.97462186834072,65.9746218683407,1.4210854715202004e-14,30.421394517504908,0.2376671446680071,0.4498328553319929
near_1e21,secondary_control,7,128,0.7,87,41,0,0.6796875,0.3203125,0.0,1.1639787772448664,1.1639787772448665e-10,0.009977757027683776,38.400000000000006,38.400000000000006,0.0,69.849857314762,69.849857314762,0.0,21.110422507453972,0.16492517583948416,0.5147623241605158
near_1e21,secondary_control,7,128,0.75,84,44,0,0.65625,0.34375,0.0,1.3185486899052141,1.3185486899052142e-10,0.00131149047157475,32.0,32.0,0.0,74.96029538684414,74.96029538684414,0.0,13.660565166072125,0.10672316535993848,0.5495268346400615
near_1e21,secondary_control,7,128,0.8,82,46,0,0.640625,0.359375,0.0,1.4731186025655618,1.473118602565562e-10,0.012036974922168153,25.599999999999994,25.599999999999998,3.552713678800501e-15,81.30593608458713,81.30593608458713,0.0,8.060420081975218,0.06297203189043139,0.5776529681095686
near_1e21,secondary_control,7,128,0.85,79,49,0,0.6171875,0.3828125,0.0,1.627688515225909,1.627688515225909e-10,0.008091022137926895,19.200000000000003,19.20000000000001,7.105427357601002e-15,88.8867794079909,88.88677940799091,1.4210854715202004e-14,4.147298422276502,0.03240076892403517,0.5847867310759648
near_1e21,secondary_control,7,128,0.9,78,50,0,0.609375,0.390625,0.0,1.7822584278862572,1.7822584278862573e-10,0.006464802942995784,12.799999999999997,12.799999999999995,1.7763568394002505e-15,97.70282535705559,97.70282535705556,2.842170943040401e-14,1.6769218228976042,0.013100951741387533,0.5962740482586125
near_1e21,secondary_control,7,128,0.95,76,52,0,0.59375,0.40625,0.0,1.9368283405466045,1.9368283405466045e-10,0.010887540950025087,6.400000000000006,6.400000000000006,0.0,107.75407393178105,107.75407393178105,0.0,0.38012483895441196,0.0029697253043313434,0.5907802746956686
near_1e21,secondary_control,7,256,0.1,256,0,0,1.0,0.0,0.0,0.9998225189573412,1e-10,0.6908601746793044,230.4,230.4,0.0,209.79439516730835,209.79439516730832,2.842170943040401e-14,253.0294479872356,0.9883962812001391,0.011603718799860885
near_1e21,secondary_control,7,256,0.15,256,0,0,1.0,0.0,0.0,0.9997337784360119,1e-10,0.5362902620189567,217.6,217.6,0.0,190.43738912644375,190.43738912644378,2.842170943040401e-14,248.63688909619222,0.9712378480320009,0.02876215196799914
near_1e21,secondary_control,7,256,0.2,256,0,0,1.0,0.0,0.0,0.9996450379146825,1e-10,0.38172034935860877,204.8,204.8,0.0,173.57758066923336,173.57758066923336,0.0,241.63857935044035,0.9439007005876576,0.056099299412342374
near_1e21,secondary_control,7,256,0.25,256,0,0,1.0,0.0,0.0,0.999556297393353,1e-10,0.22715043669826107,192.0,192.0,0.0,159.2149697956771,159.21496979567712,2.842170943040401e-14,231.5360172935253,0.9044375675528332,0.09556243244716678
near_1e21,secondary_control,7,256,0.3,256,0,0,1.0,0.0,0.0,0.9994675568720237,1e-10,0.07258052403791337,179.2,179.2,0.0,147.34955650577504,147.34955650577504,0.0,217.93509774657116,0.8513089755725436,0.1486910244274564
near_1e21,secondary_control,7,256,0.35,249,7,0,0.97265625,0.02734375,0.0,0.9993788163506944,1e-10,0.002275990205748979,166.4,166.4,0.0,137.98134079952712,137.98134079952715,2.842170943040401e-14,200.6717708318928,0.7838741048120812,0.1887821451879188
near_1e21,secondary_control,7,256,0.4,226,30,0,0.8828125,0.1171875,0.0,0.999290075829365,1e-10,0.002072717288577497,153.6,153.6,0.0,131.11032267693338,131.1103226769334,2.842170943040401e-14,179.94738719494265,0.7029194812302447,0.17989301876975528
near_1e21,secondary_control,7,256,0.45,210,46,0,0.8203125,0.1796875,0.0,0.9992013353080356,1e-10,0.0001367288158592439,140.8,140.8,0.0,126.73650213799381,126.73650213799385,4.263256414560601e-14,156.4240740873095,0.6110315394035527,0.2092809605964473
near_1e21,secondary_control,7,256,0.5,202,54,0,0.7890625,0.2109375,0.0,0.9991125947867062,1e-10,0.004967957168997561,128.0,128.0,0.0,124.85987918270841,124.85987918270844,2.842170943040401e-14,131.21909221155954,0.5125745789514045,0.27648792104859554
near_1e21,secondary_control,7,256,0.55,186,70,0,0.7265625,0.2734375,0.0,0.9990238542653769,1e-10,0.0037152648019276313,115.19999999999999,115.19999999999999,0.0,125.48045381107718,125.48045381107724,5.684341886080802e-14,105.76181067993917,0.4131320729685124,0.3134304270314876
near_1e21,secondary_control,7,256,0.6,181,75,0,0.70703125,0.29296875,0.0,0.9989351137440474,1e-10,0.006496380520715883,102.4,102.4,0.0,128.59822602310012,128.59822602310015,2.842170943040401e-14,81.53891639311139,0.3185113921605914,0.3885198578394086
near_1e21,secondary_control,7,256,0.65,177,79,0,0.69140625,0.30859375,0.0,1.0094088645845214,1.0094088645845215e-10,0.006177428891527059,89.6,89.60000000000001,1.4210854715202004e-14,134.21319581877722,134.21319581877725,2.842170943040401e-14,59.81647297066159,0.23365809754164685,0.45774815245835315
near_1e21,secondary_control,7,256,0.7,174,82,0,0.6796875,0.3203125,0.0,1.1639787772448686,1.1639787772448687e-10,0.003150630855900838,76.80000000000001,76.80000000000003,1.4210854715202004e-14,142.32536319810848,142.32536319810853,5.684341886080802e-14,41.44194588697449,0.1618826011209941,0.5178048988790059
near_1e21,secondary_control,7,256,0.75,170,86,0,0.6640625,0.3359375,0.0,1.3185486899052168,1.3185486899052168e-10,0.0013468429708678453,64.0,64.0,0.0,152.93472816109391,152.93472816109397,5.684341886080802e-14,26.78266767300541,0.10461979559767738,0.5594427044023226
near_1e21,secondary_control,7,256,0.8,167,89,0,0.65234375,0.34765625,0.0,1.473118602565565,1.473118602565565e-10,0.011969713368171098,51.19999999999999,51.199999999999996,7.105427357601002e-15,166.0412907077336,166.04129070773362,2.842170943040401e-14,15.787880164183171,0.06167140689134051,0.5906723431086595
near_1e21,secondary_control,7,256,0.85,160,96,0,0.625,0.375,0.0,1.6276885152259122,1.6276885152259122e-10,0.0037932774377165135,38.400000000000006,38.400000000000006,0.0,181.64505083802726,181.64505083802737,1.1368683772161603e-13,8.117809944157875,0.0317101950943667,0.5932898049056333
near_1e21,secondary_control,7,256,0.9,159,97,0,0.62109375,0.37890625,0.0,1.7822584278862603,1.7822584278862604e-10,0.002071578900553206,25.599999999999994,25.60000000000001,1.4210854715202004e-14,199.74600855197525,199.74600855197536,1.1368683772161603e-13,3.280966687399266,0.012816276122653382,0.6082774738773467
near_1e21,secondary_control,7,256,0.95,154,102,0,0.6015625,0.3984375,0.0,1.9368283405466076,1.9368283405466076e-10,0.010887512691729162,12.800000000000011,12.800000000000026,1.4210854715202004e-14,220.3441638495774,220.34416384957746,5.684341886080802e-14,0.7435640551471521,0.0029045470904185628,0.5986579529095815
near_1e21,secondary_control,7,512,0.1,512,0,0,1.0,0.0,0.0,0.9998779041712768,1e-10,0.6908601746793054,460.8,460.79999999999995,5.684341886080802e-14,419.55847141516153,419.55847141516153,0.0,506.0954657494894,0.9884677065419715,0.01153229345802853
near_1e21,secondary_control,7,512,0.15,512,0,0,1.0,0.0,0.0,0.9998168562569151,1e-10,0.5362902620189581,435.2,435.20000000000005,5.684341886080802e-14,380.80656068411344,380.8065606841134,5.684341886080802e-14,497.36285966225836,0.9714118352778484,0.028588164722151643
near_1e21,secondary_control,7,512,0.2,512,0,0,1.0,0.0,0.0,0.9997558083425534,1e-10,0.38172034935861077,409.6,409.6,0.0,347.0338856606461,347.0338856606461,0.0,483.4460464303458,0.9442305594342691,0.055769440565730855
near_1e21,secondary_control,7,512,0.25,512,0,0,1.0,0.0,0.0,0.9996947604281917,1e-10,0.2271504366982635,384.0,384.0,0.0,318.24044634475956,318.24044634475956,0.0,463.3477664251904,0.9049761062992,0.0950238937008
near_1e21,secondary_control,7,512,0.3,512,0,0,1.0,0.0,0.0,0.9996337125138302,1e-10,0.07258052403791626,358.4,358.40000000000003,5.684341886080802e-14,294.42624273645373,294.4262427364538,5.684341886080802e-14,436.2741541180431,0.8520979572618029,0.14790204273819707
near_1e21,secondary_control,7,512,0.35,500,12,0,0.9765625,0.0234375,0.0,0.9995726645994685,1e-10,0.0017452635959096519,332.8,332.80000000000007,5.684341886080802e-14,275.5912748357287,275.5912748357287,0.0,401.8844212902534,0.7849305103325261,0.19163198966747386
near_1e21,secondary_control,7,512,0.4,452,60,0,0.8828125,0.1171875,0.0,0.9995116166851068,1e-10,0.0020869672835557296,307.2,307.20000000000005,5.684341886080802e-14,261.7355426425844,261.7355426425844,0.0,360.56180619255986,0.7042222777198435,0.17859022228015653
near_1e21,secondary_control,7,512,0.45,423,89,0,0.826171875,0.173828125,0.0,0.9994505687707451,1e-10,0.00013640787954138922,281.6,281.6,0.0,252.8590461570209,252.85904615702088,2.842170943040401e-14,313.60776371337346,0.6125151635026825,0.21365671149731746
near_1e21,secondary_control,7,512,0.5,399,113,0,0.779296875,0.220703125,0.0,0.9993895208563836,1e-10,0.003509570411529661,256.0,256.00000000000006,5.684341886080802e-14,248.96178537903816,248.96178537903816,0.0,263.23718678440173,0.5141351304382846,0.2651617445617154
near_1e21,secondary_control,7,512,0.55,375,137,0,0.732421875,0.267578125,0.0,0.9993284729420219,1e-10,0.0037152598853331664,230.39999999999998,230.40000000000003,5.684341886080802e-14,250.0437603086362,250.04376030863614,5.684341886080802e-14,212.2994788371311,0.41464741960377166,0.31777445539622834
near_1e21,secondary_control,7,512,0.6,364,148,0,0.7109375,0.2890625,0.0,0.9992674250276602,1e-10,0.0011285873817430403,204.8,204.80000000000004,2.842170943040401e-14,256.10497094581496,256.1049709458149,5.684341886080802e-14,163.7728461306362,0.3198688400988988,0.3910686599011012
near_1e21,secondary_control,7,512,0.65,353,159,0,0.689453125,0.310546875,0.0,1.0094088645845147,1.0094088645845147e-10,0.0010884214048245688,179.2,179.20000000000005,5.684341886080802e-14,267.1454172905745,267.1454172905744,1.1368683772161603e-13,120.20659132277393,0.23477849867729284,0.45467462632270716
near_1e21,secondary_control,7,512,0.7,347,165,0,0.677734375,0.322265625,0.0,1.163978777244862,1.163978777244862e-10,0.0017768934629532884,153.60000000000002,153.6000000000001,8.526512829121202e-14,283.1650993429148,283.1650993429147,1.1368683772161603e-13,83.31874251010284,0.1627319189650446,0.5150024560349554
near_1e21,secondary_control,7,512,0.75,336,176,0,0.65625,0.34375,0.0,1.3185486899052092,1.3185486899052093e-10,0.0013468429708751728,128.0,128.00000000000006,5.684341886080802e-14,304.1640171028358,304.16401710283577,5.684341886080802e-14,53.86567469767694,0.10520639589390027,0.5510436041060998
near_1e21,secondary_control,7,512,0.8,329,183,0,0.642578125,0.357421875,0.0,1.473118602565557,1.473118602565557e-10,0.0037781719243188405,102.39999999999998,102.40000000000002,4.263256414560601e-14,330.1421705703377,330.1421705703376,1.1368683772161603e-13,31.761346882421293,0.06203388062972909,0.5805442443702709
near_1e21,secondary_control,7,512,0.85,317,195,0,0.619140625,0.380859375,0.0,1.6276885152259042,1.6276885152259042e-10,0.0019163817877514422,76.80000000000001,76.8000000000001,8.526512829121202e-14,361.09955974542027,361.0995597454201,1.7053025658242404e-13,16.334110194314096,0.03190255897326972,0.5872380660267302
near_1e21,secondary_control,7,512,0.9,314,198,0,0.61328125,0.38671875,0.0,1.7822584278862514,1.7822584278862516e-10,0.00018371115834392437,51.19999999999999,51.200000000000074,8.526512829121202e-14,397.0361846280837,397.0361846280835,1.7053025658242404e-13,6.6025216378088665,0.012895550073845442,0.6003856999261545
near_1e21,secondary_control,7,512,0.95,307,205,0,0.599609375,0.400390625,0.0,1.9368283405465987,1.9368283405465988e-10,0.01088751269172894,25.600000000000023,25.600000000000108,8.526512829121202e-14,437.9520452183277,437.9520452183275,2.2737367544323206e-13,1.496419544457867,0.0029226944227692714,0.5966866805772307
near_1e21,secondary_control,8,128,0.1,128,0,0,1.0,0.0,0.0,0.9998393851899556,1e-10,0.7055877682755779,115.2,115.2,0.0,104.85709895149333,104.85709895149333,0.0,126.56310476545947,0.9887742559801521,0.011225744019847883
near_1e21,secondary_control,8,128,0.15,128,0,0,1.0,0.0,0.0,0.9997590777849334,1e-10,0.5583816524133669,108.8,108.80000000000001,1.4210854715202004e-14,95.12847264085997,95.12847264085998,1.4210854715202004e-14,124.43635087772378,0.972158991232217,0.02784100876778295
near_1e21,secondary_control,8,128,0.2,128,0,0,1.0,0.0,0.0,0.9996787703799113,1e-10,0.4111755365511558,102.4,102.39999999999999,1.4210854715202004e-14,86.6283958059733,86.6283958059733,0.0,121.04298945446911,0.9456483551130399,0.05435164488696009
near_1e21,secondary_control,8,128,0.25,128,0,0,1.0,0.0,0.0,0.9995984629748891,1e-10,0.2639694206889448,96.0,96.0,0.0,79.35686844683327,79.35686844683326,1.4210854715202004e-14,116.13361490158151,0.9072938664186055,0.09270613358139446
near_1e21,secondary_control,8,128,0.3,128,0,0,1.0,0.0,0.0,0.9995181555698669,1e-10,0.1167633048267338,89.6,89.6,0.0,73.31389056343991,73.31389056343991,0.0,109.50394172647377,0.8554995447380763,0.14450045526192368
near_1e21,secondary_control,8,128,0.35,126,2,0,0.984375,0.015625,0.0,0.9994378481648447,1e-10,0.006711223660590293,83.2,83.2,0.0,68.49946215579321,68.49946215579321,0.0,101.05539200083436,0.7894952500065184,0.19487974999348157
near_1e21,secondary_control,8,128,0.4,115,13,0,0.8984375,0.1015625,0.0,0.9993575407598225,1e-10,0.0035728946716167,76.8,76.8,0.0,64.91358322389317,64.91358322389318,1.4210854715202004e-14,90.86295513307908,0.7098668369771803,0.18857066302281966
near_1e21,secondary_control,8,128,0.45,106,22,0,0.828125,0.171875,0.0,0.9992772333548003,1e-10,0.013782621266609896,70.4,70.4,0.0,62.5562537677398,62.556253767739804,7.105427357601002e-15,79.22725069824894,0.6189628960800698,0.20916210391993018
near_1e21,secondary_control,8,128,0.5,99,29,0,0.7734375,0.2265625,0.0,0.9991969259497782,1e-10,0.04207800302549636,64.0,64.0,0.0,61.427473787333085,61.427473787333085,0.0,66.68026124891095,0.5209395410071168,0.2524979589928832
near_1e21,secondary_control,8,128,0.55,97,31,0,0.7578125,0.2421875,0.0,0.999116618544756,1e-10,0.003974163224887639,57.599999999999994,57.6,7.105427357601002e-15,61.52724328267303,61.527243282673034,7.105427357601002e-15,53.923430061010535,0.4212767973516448,0.3365357026483552
near_1e21,secondary_control,8,128,0.6,91,37,0,0.7109375,0.2890625,0.0,0.9990363111397338,1e-10,0.003888163485290641,51.2,51.20000000000001,7.105427357601002e-15,62.85556225375964,62.85556225375965,7.105427357601002e-15,41.70577600462403,0.3258263750361252,0.3851111249638748
near_1e21,secondary_control,8,128,0.65,86,42,0,0.671875,0.328125,0.0,0.9989560037347116,1e-10,0.0019567180792940952,44.8,44.800000000000004,7.105427357601002e-15,65.41243070059292,65.41243070059292,0.0,30.6828530678926,0.23970978959291095,0.43216521040708905
near_1e21,secondary_control,8,128,0.7,85,43,0,0.6640625,0.3359375,0.0,1.0608856220709546,1.0608856220709546e-10,0.01692166862640143,38.400000000000006,38.40000000000001,7.105427357601002e-15,69.19784862317285,69.19784862317286,1.4210854715202004e-14,21.309333011636472,0.16647916415340994,0.4975833358465901
near_1e21,secondary_control,8,128,0.75,83,45,0,0.6484375,0.3515625,0.0,1.2080917379331657,1.2080917379331656e-10,0.023632290206617945,32.0,32.0,0.0,74.21181602149943,74.21181602149946,2.842170943040401e-14,13.798341758721326,0.10779954499001036,0.5406379550099897
near_1e21,secondary_control,8,128,0.8,83,45,0,0.6484375,0.3515625,0.0,1.3552978537953768,1.3552978537953768e-10,0.031300139363183765,25.599999999999994,25.599999999999998,3.552713678800501e-15,80.45433289557272,80.45433289557272,0.0,8.14573903497077,0.06363858621070914,0.5847989137892908
near_1e21,secondary_control,8,128,0.85,82,46,0,0.640625,0.359375,0.0,1.5025039696575875,1.5025039696575874e-10,0.029243601926617124,19.200000000000003,19.200000000000006,3.552713678800501e-15,87.92539924539261,87.92539924539261,0.0,4.192645164694174,0.03275504034917323,0.6078699596508268
near_1e21,secondary_control,8,128,0.9,81,47,0,0.6328125,0.3671875,0.0,1.6497100855197986,1.6497100855197986e-10,0.00037960754389065876,12.799999999999997,12.800000000000002,5.329070518200751e-15,96.6250150709592,96.6250150709592,0.0,1.6956271611412383,0.013247087196415925,0.6195654128035841
near_1e21,secondary_control,8,128,0.95,78,50,0,0.609375,0.390625,0.0,1.7969162013820097,1.7969162013820097e-10,0.004380207420683346,6.400000000000006,6.400000000000013,7.105427357601002e-15,106.55318037227244,106.55318037227244,0.0,0.3844089857937154,0.0030031952015134016,0.6063718047984866
near_1e21,secondary_control,8,256,0.1,256,0,0,1.0,0.0,0.0,0.9999308874319555,1e-10,0.6887703668769907,230.4,230.4,0.0,209.7051077118831,209.7051077118831,0.0,253.13718191801559,0.9888171168672484,0.01118288313275162
near_1e21,secondary_control,8,256,0.15,256,0,0,1.0,0.0,0.0,0.9998963311479332,1e-10,0.5331555503154861,217.6,217.59999999999997,2.842170943040401e-14,190.23649235173696,190.23649235173698,2.842170943040401e-14,248.899458850686,0.9722635111354921,0.027736488864507858
near_1e21,secondary_control,8,256,0.2,256,0,0,1.0,0.0,0.0,0.9998617748639109,1e-10,0.37754073375398134,204.8,204.8,0.0,173.22043084753238,173.22043084753238,0.0,242.13679526590042,0.9458468565074235,0.054153143492576494
near_1e21,secondary_control,8,256,0.25,256,0,0,1.0,0.0,0.0,0.9998272185798885,1e-10,0.22192591719247678,192.0,192.0,0.0,158.65692319926933,158.65692319926933,0.0,232.35040272210304,0.907618760633215,0.092381239366785
near_1e21,secondary_control,8,256,0.3,256,0,0,1.0,0.0,0.0,0.9997926622958663,1e-10,0.06631110063097223,179.2,179.2,0.0,146.54596940694785,146.54596940694785,0.0,219.13014823918803,0.8559771415593282,0.14402285844067175
near_1e21,secondary_control,8,256,0.35,250,6,0,0.9765625,0.0234375,0.0,0.999758106011844,1e-10,0.0008234698501010662,166.4,166.4,0.0,136.8875694705679,136.8875694705679,0.0,202.2751964045456,0.7901374859552562,0.18642501404474376
near_1e21,secondary_control,8,256,0.4,230,26,0,0.8984375,0.1015625,0.0,0.9997235497278217,1e-10,0.0035728945280840696,153.6,153.6,0.0,129.68172339012952,129.68172339012952,0.0,181.92972288796506,0.7106629800311135,0.1877745199688865
near_1e21,secondary_control,8,256,0.45,211,45,0,0.82421875,0.17578125,0.0,0.9996889934437995,1e-10,0.0015383636496597575,140.8,140.79999999999998,2.842170943040401e-14,124.92843116563266,124.92843116563267,1.4210854715202004e-14,158.68797690828353,0.6198749097979825,0.20434384020201746
near_1e21,secondary_control,8,256,0.5,198,58,0,0.7734375,0.2265625,0.0,0.9996544371597772,1e-10,0.0016540851583302096,128.0,128.0,0.0,122.62769279707736,122.62769279707737,1.4210854715202004e-14,133.6076674549526,0.5219049509959086,0.2515325490040914
near_1e21,secondary_control,8,256,0.55,192,64,0,0.75,0.25,0.0,0.9996198808757549,1e-10,0.003974145692042352,115.19999999999999,115.19999999999999,0.0,122.77950828446362,122.77950828446362,0.0,108.08839508668484,0.42222029330736266,0.32777970669263734
near_1e21,secondary_control,8,256,0.6,183,73,0,0.71484375,0.28515625,0.0,0.9995853245917327,1e-10,0.0027596254927053643,102.4,102.39999999999999,1.4210854715202004e-14,125.3838776277914,125.38387762779142,1.4210854715202004e-14,83.62925280654925,0.326676768775583,0.388166981224417
near_1e21,secondary_control,8,256,0.65,176,80,0,0.6875,0.3125,0.0,1.0229926152995605,1.0229926152995606e-10,0.001845471992607095,89.6,89.59999999999998,1.4210854715202004e-14,130.44080082706074,130.44080082706077,2.842170943040401e-14,61.546386936429386,0.2404155739704273,0.4470844260295727
near_1e21,secondary_control,8,256,0.7,172,84,0,0.671875,0.328125,0.0,1.1786074318610646,1.1786074318610648e-10,0.01692128221203648,76.80000000000001,76.79999999999998,2.842170943040401e-14,137.95027788227162,137.95027788227162,0.0,42.756274873426705,0.16701669872432306,0.5048583012756769
near_1e21,secondary_control,8,256,0.75,166,90,0,0.6484375,0.3515625,0.0,1.3342222484225696,1.3342222484225697e-10,0.00835125772878742,64.0,63.999999999999986,1.4210854715202004e-14,147.91230879342407,147.91230879342407,0.0,27.69208346088707,0.10817220101909011,0.5402652989809099
near_1e21,secondary_control,8,256,0.8,165,91,0,0.64453125,0.35546875,0.0,1.4898370649840746,1.4898370649840746e-10,0.0007901095986480033,51.19999999999999,51.19999999999997,2.1316282072803006e-14,160.3268935605181,160.3268935605181,0.0,16.35059434997717,0.06386950917959833,0.5806617408204017
near_1e21,secondary_control,8,256,0.85,162,94,0,0.6328125,0.3671875,0.0,1.6454518815455788,1.6454518815455787e-10,0.009997070808449582,38.400000000000006,38.400000000000006,0.0,175.19403218355353,175.19403218355365,1.1368683772161603e-13,8.416725054053673,0.03287783224239716,0.5999346677576028
near_1e21,secondary_control,8,256,0.9,159,97,0,0.62109375,0.37890625,0.0,1.8010666981070838,1.801066698107084e-10,0.0002849280444029434,25.599999999999994,25.59999999999998,1.4210854715202004e-14,192.51372466253065,192.5137246625307,5.684341886080802e-14,3.404224821626724,0.013297753209479391,0.6077959967905207
near_1e21,secondary_control,8,256,0.95,154,102,0,0.6015625,0.3984375,0.0,1.9566815146685879,1.956681514668588e-10,0.0018909791582341073,12.800000000000011,12.799999999999983,2.842170943040401e-14,212.28597099744928,212.28597099744934,5.684341886080802e-14,0.7717891070718418,0.003014801199499382,0.5985476988005006
near_1e21,secondary_control,8,512,0.1,512,0,0,1.0,0.0,0.0,0.9999308874319555,1e-10,0.6887703668769907,460.8,460.8,0.0,419.42274790432276,419.4227479043227,5.684341886080802e-14,506.2592362025092,0.9887875707080258,0.01121242929197419
near_1e21,secondary_control,8,512,0.15,512,0,0,1.0,0.0,0.0,0.9998963311479332,1e-10,0.533155550315486,435.2,435.20000000000005,5.684341886080802e-14,380.5011827847261,380.5011827847261,0.0,497.7620269505316,0.972191458887757,0.027808541112242957
near_1e21,secondary_control,8,512,0.2,512,0,0,1.0,0.0,0.0,0.9998617748639109,1e-10,0.37754073375398134,409.6,409.6,0.0,346.4909916172909,346.4909916172909,0.0,484.2035263800137,0.9457100124609643,0.05428998753903569
near_1e21,secondary_control,8,512,0.25,512,0,0,1.0,0.0,0.0,0.9998272185798887,1e-10,0.22192591719247667,384.0,384.0,0.0,317.392174402017,317.39217440201696,5.684341886080802e-14,464.58612370583677,0.9073947728629624,0.09260522713703756
near_1e21,secondary_control,8,512,0.3,512,0,0,1.0,0.0,0.0,0.9997926622958664,1e-10,0.06631110063097201,358.4,358.40000000000003,5.684341886080802e-14,293.2047311389045,293.2047311389045,0.0,438.09170302626217,0.8556478574731683,0.1443521425268317
near_1e21,secondary_control,8,512,0.35,498,14,0,0.97265625,0.02734375,0.0,0.999758106011844,1e-10,0.0008234698500984017,332.8,332.8,0.0,273.9286618279533,273.92866182795336,5.684341886080802e-14,404.3236631790015,0.7896946546464874,0.18296159535351264
near_1e21,secondary_control,8,512,0.4,461,51,0,0.900390625,0.099609375,0.0,0.9997235497278217,1e-10,0.0035728945280849578,307.2,307.20000000000005,5.684341886080802e-14,259.5639664691636,259.5639664691635,5.684341886080802e-14,363.5783552075263,0.7101139750146997,0.19027664998530025
near_1e21,secondary_control,8,512,0.45,424,88,0,0.828125,0.171875,0.0,0.9996889934437995,1e-10,0.0010271408673224736,281.6,281.6,0.0,250.1106450625351,250.1106450625351,0.0,317.0539181975762,0.619245933979641,0.208879066020359
near_1e21,secondary_control,8,512,0.5,396,116,0,0.7734375,0.2265625,0.0,0.9996544371597772,1e-10,0.0012642258733930323,256.0,255.99999999999997,2.842170943040401e-14,245.56869760806802,245.56869760806802,0.0,266.8744047525007,0.521239071782228,0.25219842821777205
near_1e21,secondary_control,8,512,0.55,383,129,0,0.748046875,0.251953125,0.0,0.9996198808757549,1e-10,0.0007888533094244643,230.39999999999998,230.39999999999998,0.0,245.9381241057623,245.93812410576234,2.842170943040401e-14,215.84355899686327,0.42156945116574857,0.32647742383425143
near_1e21,secondary_control,8,512,0.6,368,144,0,0.71875,0.28125,0.0,0.9995853245917327,1e-10,0.002759625716900249,204.8,204.8,0.0,251.21892455561795,251.21892455561797,2.842170943040401e-14,166.95812257851674,0.3260900831611655,0.3926599168388345
near_1e21,secondary_control,8,512,0.65,356,156,0,0.6953125,0.3046875,0.0,1.0229926152995605,1.0229926152995606e-10,0.00044814307369467343,179.2,179.2,0.0,261.411098957635,261.411098957635,0.0,122.84344516375818,0.2399286038354652,0.4553838961645348
near_1e21,secondary_control,8,512,0.7,344,168,0,0.671875,0.328125,0.0,1.178607431861065,1.178607431861065e-10,0.000799098629481354,153.60000000000002,153.60000000000005,2.842170943040401e-14,276.5146473118133,276.51464731181335,5.684341886080802e-14,85.32264105848712,0.16664578331735766,0.5052292166826423
near_1e21,secondary_control,8,512,0.75,335,177,0,0.654296875,0.345703125,0.0,1.33422224842257,1.3342222484225702e-10,0.0069078402078780465,128.0,128.0,0.0,296.529569618153,296.5295696181531,1.1368683772161603e-13,55.25249984714172,0.10791503876394867,0.5463818362360513
near_1e21,secondary_control,8,512,0.8,328,184,0,0.640625,0.359375,0.0,1.4898370649840746,1.4898370649840746e-10,0.0007757783555280007,102.39999999999998,102.39999999999996,1.4210854715202004e-14,321.45586587665423,321.45586587665423,0.0,32.61959451697635,0.06371014554096943,0.5769148544590306
near_1e21,secondary_control,8,512,0.85,319,193,0,0.623046875,0.376953125,0.0,1.6454518815455792,1.6454518815455793e-10,0.012180914424538836,76.80000000000001,76.79999999999998,2.842170943040401e-14,351.2935360873165,351.2935360873166,1.1368683772161603e-13,16.79006128519812,0.03279308844765258,0.5902537865523474
near_1e21,secondary_control,8,512,0.9,312,200,0,0.609375,0.390625,0.0,1.8010666981070842,1.8010666981070842e-10,0.0002849292964159922,51.19999999999999,51.19999999999999,0.0,386.0425802501404,386.0425802501405,5.684341886080802e-14,6.79054626124768,0.013262785666499376,0.5961122143335006
near_1e21,secondary_control,8,512,0.95,306,206,0,0.59765625,0.40234375,0.0,1.9566815146685883,1.9566815146685883e-10,0.004347987292739219,25.600000000000023,25.600000000000023,0.0,425.7029983651256,425.7029983651256,0.0,1.5394770591629676,0.003006791131177671,0.5946494588688224
near_1e21,secondary_control,9,128,0.1,128,0,0,1.0,0.0,0.0,0.9998170732458089,1e-10,0.7010814140639856,115.2,115.19999999999999,1.4210854715202004e-14,104.85418943392403,104.85418943392403,0.0,126.56661666688113,0.9888016927100088,0.01119830728999116
near_1e21,secondary_control,9,128,0.15,128,0,0,1.0,0.0,0.0,0.9997256098687134,1e-10,0.5516221210959784,108.8,108.80000000000001,1.4210854715202004e-14,95.12192622632905,95.12192622632907,1.4210854715202004e-14,124.44491474904008,0.9722258964768756,0.02777410352312437
near_1e21,secondary_control,9,128,0.2,128,0,0,1.0,0.0,0.0,0.9996341464916179,1e-10,0.40216282812797133,102.4,102.39999999999998,2.842170943040401e-14,86.61675773569611,86.6167577356961,1.4210854715202004e-14,121.05925312970538,0.9457754150758233,0.0542245849241767
near_1e21,secondary_control,9,128,0.25,128,0,0,1.0,0.0,0.0,0.9995426831145223,1e-10,0.25270353515996413,96.0,96.0,0.0,79.33868396202517,79.33868396202517,0.0,116.16023281166555,0.9075018188411371,0.09249818115886288
near_1e21,secondary_control,9,128,0.3,128,0,0,1.0,0.0,0.0,0.9994512197374268,1e-10,0.10324424219195694,89.6,89.60000000000001,1.4210854715202004e-14,73.28770490531625,73.28770490531625,0.0,109.54306742682074,0.855805214272037,0.14419478572796296
near_1e21,secondary_control,9,128,0.35,123,5,0,0.9609375,0.0390625,0.0,0.9993597563603313,1e-10,0.005751216744617427,83.2,83.19999999999999,1.4210854715202004e-14,68.46382056556934,68.46382056556934,0.0,101.10800044193292,0.7899062534526009,0.1710312465473991
near_1e21,secondary_control,9,128,0.4,114,14,0,0.890625,0.109375,0.0,0.9992682929832357,1e-10,0.003303463639695803,76.8,76.8,0.0,64.86703094278442,64.86703094278442,0.0,90.92816357206956,0.7103762779067935,0.18024872209320653
near_1e21,secondary_control,9,128,0.45,106,22,0,0.828125,0.171875,0.0,0.9991768296061402,1e-10,0.0005709262665485326,70.4,70.39999999999999,1.4210854715202004e-14,62.49733603696155,62.49733603696154,7.105427357601002e-15,79.30194011899768,0.6195464071796694,0.20857859282033064
near_1e21,secondary_control,9,128,0.5,100,28,0,0.78125,0.21875,0.0,0.9990853662290446,1e-10,0.002382586640562012,64.0,63.99999999999999,7.105427357601002e-15,61.354735848100674,61.354735848100674,0.0,66.75931276341397,0.5215571309641717,0.25969286903582833
near_1e21,secondary_control,9,128,0.55,98,30,0,0.765625,0.234375,0.0,0.9989939028519491,1e-10,0.0011925572841936516,57.599999999999994,57.599999999999994,0.0,61.43923037620182,61.43923037620182,0.0,54.00067643563968,0.421880284653435,0.343744715346565
near_1e21,secondary_control,9,128,0.6,92,36,0,0.71875,0.28125,0.0,0.9989024394748536,1e-10,0.005441638561971995,51.2,51.19999999999999,1.4210854715202004e-14,62.75081962126497,62.750819621264974,7.105427357601002e-15,41.775390597633695,0.32637023904401324,0.39237976095598676
near_1e21,secondary_control,9,128,0.65,88,40,0,0.6875,0.3125,0.0,0.998810976097758,1e-10,0.010868985933878417,44.8,44.79999999999999,7.105427357601002e-15,65.28950358329014,65.28950358329014,0.0,30.74062276242626,0.24016111533145515,0.4473388846685449
near_1e21,secondary_control,9,128,0.7,86,42,0,0.671875,0.328125,0.0,1.0924301015521003,1.0924301015521003e-10,0.003238491607705618,38.400000000000006,38.4,7.105427357601002e-15,69.05528226227732,69.05528226227733,1.4210854715202004e-14,21.353326663693984,0.16682286456010925,0.5050521354398907
near_1e21,secondary_control,9,128,0.75,84,44,0,0.65625,0.34375,0.0,1.2418893945201077,1.2418893945201078e-10,0.002542456948825489,32.0,31.999999999999993,7.105427357601002e-15,74.0481556582265,74.04815565822653,2.842170943040401e-14,13.828838691490583,0.10803780227727018,0.5482121977227298
near_1e21,secondary_control,9,128,0.8,82,46,0,0.640625,0.359375,0.0,1.3913486874881147,1.3913486874881149e-10,0.00787356284725338,25.599999999999994,25.599999999999987,7.105427357601002e-15,80.26812377113774,80.26812377113774,0.0,8.164635838113977,0.06378621748526545,0.5768387825147345
near_1e21,secondary_control,9,128,0.85,80,48,0,0.625,0.375,0.0,1.540807980456122,1.5408079804561222e-10,0.0014347540998759234,19.200000000000003,19.199999999999992,1.0658141036401503e-14,87.71518660101094,87.71518660101097,2.842170943040401e-14,4.2026929917715234,0.03283353899821503,0.5921664610017849
near_1e21,secondary_control,9,128,0.9,78,50,0,0.609375,0.390625,0.0,1.690267273424129,1.690267273424129e-10,0.002929699796950347,12.799999999999997,12.79999999999999,7.105427357601002e-15,96.3893441478462,96.3893441478462,0.0,1.6997729515484092,0.013279476183971947,0.596095523816028
near_1e21,secondary_control,9,128,0.95,76,52,0,0.59375,0.40625,0.0,1.839726566392136,1.839726566392136e-10,0.004715753916941012,6.400000000000006,6.399999999999998,7.993605777301127e-15,106.29059641164343,106.29059641164343,0.0,0.38535864302962153,0.003010614398668918,0.5907393856013311
near_1e21,secondary_control,9,256,0.1,256,0,0,1.0,0.0,0.0,0.9998170732470361,1e-10,0.6913382393939127,230.4,230.39999999999998,2.842170943040401e-14,209.78758892510407,209.78758892510405,2.842170943040401e-14,253.03765714639817,0.9884283482281179,0.01157165177188213
near_1e21,secondary_control,9,256,0.15,256,0,0,1.0,0.0,0.0,0.9997256098705541,1e-10,0.5370073590908692,217.6,217.6,0.0,190.4220750814841,190.42207508148414,2.842170943040401e-14,248.65688486872338,0.9713159565184507,0.028684043481549293
near_1e21,secondary_control,9,256,0.2,256,0,0,1.0,0.0,0.0,0.9996341464940721,1e-10,0.3826764787878254,204.8,204.79999999999998,2.842170943040401e-14,173.55035570041622,173.55035570041622,0.0,241.67648536775323,0.944048770967786,0.055951229032213945
near_1e21,secondary_control,9,256,0.25,256,0,0,1.0,0.0,0.0,0.9995426831175902,1e-10,0.22834559848478186,192.0,192.0,0.0,159.17243078190035,159.17243078190035,0.0,231.59789555837983,0.9046792795249212,0.09532072047507878
near_1e21,secondary_control,9,256,0.3,256,0,0,1.0,0.0,0.0,0.9994512197411082,1e-10,0.07401471818173833,179.2,179.2,0.0,147.2883003259365,147.2883003259365,0.0,218.02573543816754,0.851663029055342,0.14833697094465803
near_1e21,secondary_control,9,256,0.35,246,10,0,0.9609375,0.0390625,0.0,0.9993597563646263,1e-10,4.346984058534176e-05,166.4,166.4,0.0,137.89796433252468,137.89796433252468,0.0,200.79310187082487,0.7843480541829096,0.17658944581709035
near_1e21,secondary_control,9,256,0.4,226,30,0,0.8828125,0.1171875,0.0,0.9992682929881442,1e-10,0.0006721938417337814,153.6,153.6,0.0,131.0014228016649,131.0014228016649,0.0,180.09697524979978,0.7035038095695304,0.1793086904304696
near_1e21,secondary_control,9,256,0.45,210,46,0,0.8203125,0.1796875,0.0,0.9991768296116623,1e-10,0.0005702274710130961,140.8,140.8,0.0,126.59867573335711,126.59867573335711,0.0,156.59437103240145,0.6116967618453182,0.20861573815468182
near_1e21,secondary_control,9,256,0.5,199,57,0,0.77734375,0.22265625,0.0,0.9990853662351803,1e-10,0.0023825649563655737,128.0,128.0,0.0,124.68972312760137,124.68972312760138,1.4210854715202004e-14,131.39815847721,0.5132740565516015,0.2640696934483985
near_1e21,secondary_control,9,256,0.55,193,63,0,0.75390625,0.24609375,0.0,0.9989939028586984,1e-10,0.0009699864769614486,115.19999999999999,115.19999999999999,0.0,125.27456498439764,125.27456498439767,2.842170943040401e-14,105.93563028259442,0.41381105579138444,0.34009519420861556
near_1e21,secondary_control,9,256,0.6,183,73,0,0.71484375,0.28515625,0.0,0.9989024394822164,1e-10,0.005441617390931741,102.4,102.4,0.0,128.35320130374598,128.35320130374598,0.0,81.69457320496124,0.31911942658187986,0.39572432341812014
near_1e21,secondary_control,9,256,0.65,177,79,0,0.69140625,0.30859375,0.0,1.0063014439395674,1.0063014439395675e-10,0.010840797435133998,89.6,89.6,0.0,133.92563208564633,133.92563208564633,0.0,59.944910283237924,0.23415980579389814,0.45724644420610183
near_1e21,secondary_control,9,256,0.7,172,84,0,0.671875,0.328125,0.0,1.1606323242426106,1.1606323242426107e-10,0.003238490911877223,76.80000000000001,76.80000000000001,0.0,141.99185733009867,141.9918573300987,2.842170943040401e-14,41.53928338501791,0.1622628257227262,0.5096121742772738
near_1e21,secondary_control,9,256,0.75,167,89,0,0.65234375,0.34765625,0.0,1.3149632045456543,1.3149632045456543e-10,0.0003031378543179031,64.0,64.0,0.0,152.55187703710305,152.5518770371031,5.684341886080802e-14,26.849882673051525,0.10488235419160752,0.5474613958083925
near_1e21,secondary_control,9,256,0.8,161,95,0,0.62890625,0.37109375,0.0,1.4692940848486984,1.4692940848486985e-10,0.0012675002580821992,51.19999999999999,51.2,1.4210854715202004e-14,165.60569120665951,165.60569120665951,0.0,15.8294076785604,0.061833623744376565,0.5670726262556234
near_1e21,secondary_control,9,256,0.85,160,96,0,0.625,0.375,0.0,1.6236249651517416,1.6236249651517417e-10,0.0014030266440143713,38.400000000000006,38.40000000000002,1.4210854715202004e-14,181.1532998387679,181.15329983876796,5.684341886080802e-14,8.139846203808624,0.031796274233627436,0.5932037257663726
near_1e21,secondary_control,9,256,0.9,156,100,0,0.609375,0.390625,0.0,1.7779558454547852,1.7779558454547852e-10,0.0029296353955456933,25.599999999999994,25.599999999999994,0.0,199.19470293342846,199.1947029334285,2.842170943040401e-14,3.290047327307811,0.012851747372296137,0.5965232526277039
near_1e21,secondary_control,9,256,0.95,152,104,0,0.59375,0.40625,0.0,1.932286725757829,1.932286725757829e-10,0.0024230532761568835,12.800000000000011,12.800000000000026,1.4210854715202004e-14,219.72990049064094,219.72990049064097,2.842170943040401e-14,0.7456427169636788,0.0029126668631393703,0.5908373331368606
near_1e21,secondary_control,9,512,0.1,512,0,0,1.0,0.0,0.0,0.9999353624034156,1e-10,0.6872647573304811,460.8,460.79999999999995,5.684341886080802e-14,419.53412180407645,419.53412180407645,0.0,506.12483935016326,0.9885250768557876,0.01147492314421239
near_1e21,secondary_control,9,512,0.15,512,0,0,1.0,0.0,0.0,0.9999030436051235,1e-10,0.5308971359957217,435.2,435.20000000000005,5.684341886080802e-14,380.7517740591719,380.7517740591719,0.0,497.4344255335389,0.9715516123701932,0.028448387629806837
near_1e21,secondary_control,9,512,0.2,512,0,0,1.0,0.0,0.0,0.9998707248068314,1e-10,0.3745295146609623,409.6,409.6,0.0,346.9364872163057,346.9364872163057,0.0,483.5817683696052,0.9444956413468851,0.05550435865311487
near_1e21,secondary_control,9,512,0.25,512,0,0,1.0,0.0,0.0,0.9998384060085391,1e-10,0.21816189332620295,384.0,384.0,0.0,318.0882612754777,318.08826127547763,5.684341886080802e-14,463.56944895963,0.9054090799992773,0.09459092000072267
near_1e21,secondary_control,9,512,0.3,512,0,0,1.0,0.0,0.0,0.999806087210247,1e-10,0.061794271991443606,358.4,358.4,0.0,294.20709623668785,294.2070962366878,5.684341886080802e-14,436.59912232933453,0.8527326607994815,0.1472673392005185
near_1e21,secondary_control,9,512,0.35,497,15,0,0.970703125,0.029296875,0.0,0.9997737684119549,1e-10,4.3469840586674025e-05,332.8,332.8,0.0,275.2929920999362,275.2929920999362,0.0,402.3198671174081,0.7857809904636877,0.18492213453631234
near_1e21,secondary_control,9,512,0.4,454,58,0,0.88671875,0.11328125,0.0,0.9997414496136626,1e-10,0.0006847120774335913,307.2,307.2,0.0,261.34594886522285,261.3459488652228,5.684341886080802e-14,361.0993030876018,0.7052720763429723,0.1814466736570277
near_1e21,secondary_control,9,512,0.45,421,91,0,0.822265625,0.177734375,0.0,0.9997091308153705,1e-10,0.0005702274710093214,281.6,281.6,0.0,252.36596653254765,252.3659665325476,5.684341886080802e-14,314.2204992596451,0.6137119126164944,0.20855371238350562
near_1e21,secondary_control,9,512,0.5,400,112,0,0.78125,0.21875,0.0,0.9996768120170783,1e-10,0.0023825649563655737,256.0,255.99999999999997,2.842170943040401e-14,248.35304510191068,248.35304510191062,5.684341886080802e-14,263.8824097087578,0.5153953314624176,0.26585466853758244
near_1e21,secondary_control,9,512,0.55,383,129,0,0.748046875,0.251953125,0.0,0.9996444932187861,1e-10,0.0009699966457092923,230.39999999999998,230.39999999999998,0.0,249.30718457331193,249.30718457331187,5.684341886080802e-14,212.92671565343485,0.41587249151061495,0.33217438348938505
near_1e21,secondary_control,9,512,0.6,365,147,0,0.712890625,0.287109375,0.0,0.999612174420494,1e-10,0.005441617390930631,204.8,204.8,0.0,255.22838494675136,255.22838494675133,2.842170943040401e-14,164.33532660856136,0.3209674347823464,0.3919231902176536
near_1e21,secondary_control,9,512,0.65,353,159,0,0.689453125,0.310546875,0.0,1.0327790773518726,1.0327790773518726e-10,0.010843399946203314,179.2,179.2,0.0,266.11664622222906,266.11664622222895,1.1368683772161603e-13,120.67129379491476,0.2356861206931929,0.4537670043068071
near_1e21,secondary_control,9,512,0.7,344,168,0,0.671875,0.328125,0.0,1.1891466986866317,1.1891466986866318e-10,0.0006589239146101988,153.60000000000002,153.60000000000002,0.0,281.9719683997449,281.9719683997448,1.1368683772161603e-13,83.67129588765657,0.16342049978057924,0.5084545002194207
near_1e21,secondary_control,9,512,0.75,334,178,0,0.65234375,0.34765625,0.0,1.3455143200213913,1.3455143200213913e-10,0.0003031378942999208,128.0,127.99999999999997,2.842170943040401e-14,302.79435147929905,302.79435147929894,1.1368683772161603e-13,54.109331696433955,0.10568228846959757,0.5466614615304024
near_1e21,secondary_control,9,512,0.8,326,186,0,0.63671875,0.36328125,0.0,1.5018819413561508,1.5018819413561508e-10,0.0012675002650830436,102.39999999999998,102.39999999999993,4.263256414560601e-14,328.58379546089145,328.5837954608912,2.2737367544323206e-13,31.911981494072265,0.06232808885560989,0.5743906611443901
near_1e21,secondary_control,9,512,0.85,321,191,0,0.626953125,0.373046875,0.0,1.65824956269091,1.65824956269091e-10,0.0014030266442882633,76.80000000000001,76.79999999999995,5.684341886080802e-14,359.3403003445218,359.3403003445217,5.684341886080802e-14,16.414078783662713,0.03205874762434124,0.5948943773756588
near_1e21,secondary_control,9,512,0.9,314,198,0,0.61328125,0.38671875,0.0,1.8146171840256695,1.8146171840256697e-10,0.0029296353955423626,51.19999999999999,51.19999999999996,2.842170943040401e-14,395.0638661301906,395.0638661301905,1.1368683772161603e-13,6.635484094453025,0.012959929871978564,0.6003213201280214
near_1e21,secondary_control,9,512,0.95,304,208,0,0.59375,0.40625,0.0,1.9709848053604286,1.9709848053604287e-10,0.003114102715566558,25.600000000000023,25.599999999999994,2.842170943040401e-14,435.7544928178976,435.75449281789736,2.2737367544323206e-13,1.503966134145809,0.0029374338557535333,0.5908125661442465
near_1e21,secondary_control,10,128,0.1,128,0,0,1.0,0.0,0.0,0.9996799673502907,1e-10,0.7000970692031554,115.2,115.2,0.0,104.86328466862037,104.86328466862037,0.0,126.55563901071726,0.9887159297712286,0.011284070228771426
near_1e21,secondary_control,10,128,0.15,128,0,0,1.0,0.0,0.0,0.9995199510254361,1e-10,0.5501456038047331,108.8,108.8,0.0,95.1423905043958,95.14239050439582,1.4210854715202004e-14,124.41814775983667,0.972016779373724,0.027983220626276006
near_1e21,secondary_control,10,128,0.2,128,0,0,1.0,0.0,0.0,0.9993599347005815,1e-10,0.4001941384063108,102.4,102.4,0.0,86.65313867448145,86.65313867448144,1.4210854715202004e-14,121.00842693523762,0.9453783354315439,0.054621664568456074
near_1e21,secondary_control,10,128,0.25,128,0,0,1.0,0.0,0.0,0.9991999183757269,1e-10,0.2502426730078885,96.0,95.99999999999999,1.4210854715202004e-14,79.39552917887727,79.39552917887727,0.0,116.07706498481107,0.9068520701938365,0.09314792980616349
near_1e21,secondary_control,10,128,0.3,128,0,0,1.0,0.0,0.0,0.9990399020508722,1e-10,0.1002912076094662,89.6,89.6,0.0,73.36956201758326,73.36956201758326,0.0,109.42085217949132,0.8548504076522759,0.14514959234772407
near_1e21,secondary_control,10,128,0.35,124,4,0,0.96875,0.03125,0.0,0.9988798857260176,1e-10,0.003086096039089048,83.2,83.19999999999999,1.4210854715202004e-14,68.57523719059944,68.57523719059944,0.0,100.94372668023274,0.7886228646893183,0.1801271353106817
near_1e21,secondary_control,10,128,0.4,114,14,0,0.890625,0.109375,0.0,0.998719869401163,1e-10,0.0028042990842349624,76.8,76.79999999999998,1.4210854715202004e-14,65.0125546979258,65.0125546979258,0.0,90.72463045646445,0.7087861754411285,0.18183882455887146
near_1e21,secondary_control,10,128,0.45,105,23,0,0.8203125,0.1796875,0.0,0.9985598530763083,1e-10,0.024414741311410415,70.4,70.4,0.0,62.681514539562336,62.68151453956233,7.105427357601002e-15,79.06892544646236,0.6177259800504872,0.20258651994951282
near_1e21,secondary_control,10,128,0.5,99,29,0,0.7734375,0.2265625,0.0,0.9983998367514537,1e-10,0.0043793663761841906,64.0,64.0,0.0,61.58211671550906,61.582116715509045,1.4210854715202004e-14,66.5128160326527,0.5196313752550992,0.25380612474490083
near_1e21,secondary_control,10,128,0.55,97,31,0,0.7578125,0.2421875,0.0,0.9982398204265991,1e-10,0.007025519910454081,57.599999999999994,57.59999999999998,1.4210854715202004e-14,61.714361225765956,61.714361225765956,0.0,53.75993422119102,0.4199994861030548,0.3378130138969452
near_1e21,secondary_control,10,128,0.6,93,35,0,0.7265625,0.2734375,0.0,0.9980798041017445,1e-10,0.0029505359182979696,51.2,51.199999999999996,7.105427357601002e-15,63.078248070333046,63.07824807033304,7.105427357601002e-15,41.558541655707714,0.3246761066852165,0.4018863933147835
near_1e21,secondary_control,10,128,0.65,88,40,0,0.6875,0.3125,0.0,0.9979197877768898,1e-10,0.0007103684804790067,44.8,44.79999999999999,7.105427357601002e-15,65.67377724921032,65.6737772492103,1.4210854715202004e-14,30.56075170435142,0.23875587269024548,0.44874412730975455
near_1e21,secondary_control,10,128,0.7,87,41,0,0.6796875,0.3203125,0.0,1.099320515577912,1.0993205155779121e-10,0.030970373030775766,38.400000000000006,38.4,7.105427357601002e-15,69.50094876239775,69.50094876239774,1.4210854715202004e-14,21.216401016928057,0.16575313294475044,0.5139343670552495
near_1e21,secondary_control,10,128,0.75,85,43,0,0.6640625,0.3359375,0.0,1.2492719809763346,1.2492719809763347e-10,0.000461984361813883,32.0,31.99999999999999,1.0658141036401503e-14,74.55976260989539,74.55976260989539,0.0,13.733949306647837,0.10729647895818623,0.5567660210418137
near_1e21,secondary_control,10,128,0.8,83,45,0,0.6484375,0.3515625,0.0,1.3992234463747568,1.3992234463747569e-10,0.027853035428497264,25.599999999999994,25.59999999999998,1.4210854715202004e-14,80.85021879170321,80.8502187917032,1.4210854715202004e-14,8.10585314170173,0.06332697766954476,0.5851105223304552
near_1e21,secondary_control,10,128,0.85,81,47,0,0.6328125,0.3671875,0.0,1.549174911773179,1.549174911773179e-10,0.009714087575637853,19.200000000000003,19.199999999999985,1.7763568394002505e-14,88.37231730782116,88.37231730782118,1.4210854715202004e-14,4.17144204463873,0.03258939097374008,0.60022310902626
near_1e21,secondary_control,10,128,0.9,81,47,0,0.6328125,0.3671875,0.0,1.6991263771716016,1.6991263771716016e-10,0.004287489241021181,12.799999999999997,12.79999999999998,1.7763568394002505e-14,97.12605815824935,97.12605815824935,0.0,1.686879948664778,0.013178749598943579,0.6196337504010564
near_1e21,secondary_control,10,128,0.95,77,51,0,0.6015625,0.3984375,0.0,1.8490778425700234,1.8490778425700235e-10,0.006261353148719229,6.400000000000006,6.399999999999991,1.509903313490213e-14,107.11144134298772,107.11144134298769,2.842170943040401e-14,0.3824054600184092,0.002987542656393822,0.5985749573436062
near_1e21,secondary_control,10,256,0.1,256,0,0,1.0,0.0,0.0,0.9998971640934907,1e-10,0.6937240765762526,230.4,230.4,0.0,209.74731395882742,209.74731395882742,0.0,253.08624457722598,0.988618142879789,0.011381857120211003
near_1e21,secondary_control,10,256,0.15,256,0,0,1.0,0.0,0.0,0.9998457461402361,1e-10,0.5405861148643789,217.6,217.6,0.0,190.33145640736166,190.33145640736169,2.842170943040401e-14,248.77527285168506,0.9717784095768948,0.028221590423105236
near_1e21,secondary_control,10,256,0.2,256,0,0,1.0,0.0,0.0,0.9997943281869814,1e-10,0.38744815315250514,204.8,204.8,0.0,173.38925583530965,173.38925583530965,0.0,241.9010324367432,0.9449259079560282,0.055074092043971845
near_1e21,secondary_control,10,256,0.25,256,0,0,1.0,0.0,0.0,0.9997429102337269,1e-10,0.23431019144063148,192.0,192.0,0.0,158.92071224267133,158.92071224267136,2.842170943040401e-14,231.96472932809922,0.9061122239378876,0.0938877760621124
near_1e21,secondary_control,10,256,0.3,256,0,0,1.0,0.0,0.0,0.9996914922804723,1e-10,0.08117222972875782,179.2,179.2,0.0,146.9258256294467,146.9258256294467,0.0,218.5636178148113,0.8537641320891066,0.14623586791089338
near_1e21,secondary_control,10,256,0.35,248,8,0,0.96875,0.03125,0.0,0.9996400743272176,1e-10,0.003086063566550279,166.4,166.4,0.0,137.40459599563582,137.40459599563582,0.0,201.51407454288827,0.7871643536831573,0.1815856463168427
near_1e21,secondary_control,10,256,0.4,230,26,0,0.8984375,0.1015625,0.0,0.999588656373963,1e-10,0.0013994824662487693,153.6,153.6,0.0,130.35702334123863,130.35702334123863,0.0,180.98725634628948,0.7069814701026933,0.1914560298973067
near_1e21,secondary_control,10,256,0.45,212,44,0,0.828125,0.171875,0.0,0.9995372384207083,1e-10,0.006328946669543201,140.8,140.80000000000004,2.842170943040401e-14,125.78310766625512,125.78310766625512,0.0,157.60971697886046,0.6156629569486737,0.21246204305132632
near_1e21,secondary_control,10,256,0.5,199,57,0,0.77734375,0.22265625,0.0,0.9994858204674537,1e-10,0.015419546929729133,128.0,128.00000000000003,2.842170943040401e-14,123.68284897068533,123.68284897068533,0.0,132.46784122738998,0.5174525047944921,0.2598912452055079
near_1e21,secondary_control,10,256,0.55,191,65,0,0.74609375,0.25390625,0.0,0.9994344025141991,1e-10,0.00850196616462262,115.19999999999999,115.2,1.4210854715202004e-14,124.05624725452924,124.05624725452924,0.0,106.97599108226673,0.4178749651651044,0.3282187848348956
near_1e21,secondary_control,10,256,0.6,184,72,0,0.71875,0.28125,0.0,0.9993829845609444,1e-10,0.002511748162132066,102.4,102.4,0.0,126.90330251778687,126.90330251778687,0.0,82.62795208604055,0.3227654378360959,0.3959845621639041
near_1e21,secondary_control,10,256,0.65,176,80,0,0.6875,0.3125,0.0,0.9993315666076898,1e-10,0.000756231058819834,89.6,89.60000000000002,2.842170943040401e-14,132.2240147604582,132.22401476045818,2.842170943040401e-14,60.71635333826539,0.2371732552275992,0.4503267447724008
near_1e21,secondary_control,10,256,0.7,171,85,0,0.66796875,0.33203125,0.0,1.143931463966232,1.1439314639662319e-10,0.0018578749697237829,76.80000000000001,76.80000000000003,1.4210854715202004e-14,140.01838398254324,140.01838398254318,5.684341886080802e-14,42.12475413753785,0.16454982084975722,0.5034189291502428
near_1e21,secondary_control,10,256,0.75,168,88,0,0.65625,0.34375,0.0,1.2970694256781057,1.2970694256781057e-10,0.012014461911409313,64.0,64.00000000000003,2.842170943040401e-14,150.28641018404198,150.28641018404193,5.684341886080802e-14,27.2546266491029,0.1064633853480582,0.5497866146519418
near_1e21,secondary_control,10,256,0.8,164,92,0,0.640625,0.359375,0.0,1.4502073873899795,1.4502073873899794e-10,0.001162280994520648,51.19999999999999,51.20000000000003,4.263256414560601e-14,163.0280933649545,163.02809336495443,5.684341886080802e-14,16.079682623360174,0.06281126024750068,0.5778137397524993
near_1e21,secondary_control,10,256,0.85,160,96,0,0.625,0.375,0.0,1.6033453491018528,1.603345349101853e-10,0.008348889330220599,38.400000000000006,38.400000000000034,2.842170943040401e-14,178.24343352528058,178.24343352528055,2.842170943040401e-14,8.27273112302822,0.03231535594932899,0.592684644050671
near_1e21,secondary_control,10,256,0.9,158,98,0,0.6171875,0.3828125,0.0,1.7564833108137266,1.7564833108137266e-10,0.00014424193013140574,25.599999999999994,25.600000000000037,4.263256414560601e-14,195.9324306650205,195.9324306650204,8.526512829121202e-14,3.344826569933428,0.013065728788802453,0.6041217712111976
near_1e21,secondary_control,10,256,0.95,153,103,0,0.59765625,0.40234375,0.0,1.9096212725256003,1.9096212725256003e-10,0.0062610235720244045,12.800000000000011,12.80000000000004,2.842170943040401e-14,216.09508478417405,216.09508478417393,1.1368683772161603e-13,0.7581847600265237,0.002961659218853608,0.5946945907811464
near_1e21,secondary_control,10,512,0.1,512,0,0,1.0,0.0,0.0,0.9998971640934907,1e-10,0.6893262700102647,460.8,460.80000000000007,5.684341886080802e-14,419.51521388993507,419.51521388993507,0.0,506.14765083515925,0.9885696305374204,0.011430369462579582
near_1e21,secondary_control,10,512,0.15,512,0,0,1.0,0.0,0.0,0.9998457461402361,1e-10,0.5339894050153973,435.2,435.20000000000005,5.684341886080802e-14,380.70923125235385,380.7092312523539,5.684341886080802e-14,497.490011936318,0.9716601795631211,0.028339820436878882
near_1e21,secondary_control,10,512,0.2,512,0,0,1.0,0.0,0.0,0.9997943281869814,1e-10,0.3786525400205295,409.6,409.59999999999997,5.684341886080802e-14,346.86085555974023,346.86085555974023,0.0,483.6872114879058,0.944701584937316,0.05529841506268396
near_1e21,secondary_control,10,512,0.25,512,0,0,1.0,0.0,0.0,0.9997429102337269,1e-10,0.22331567502566196,384.0,384.0,0.0,317.9700868120941,317.9700868120941,0.0,463.7417358291939,0.9057455777913943,0.09425442220860569
near_1e21,secondary_control,10,512,0.3,512,0,0,1.0,0.0,0.0,0.9996914922804723,1e-10,0.06797881003079442,358.4,358.4,0.0,294.0369250094155,294.0369250094155,0.0,436.8518001468245,0.8532261721617665,0.14677382783823345
near_1e21,secondary_control,10,512,0.35,498,14,0,0.97265625,0.02734375,0.0,0.9996400743272176,1e-10,0.0009619987589120083,332.8,332.8,0.0,275.0613701517044,275.0613701517044,0.0,402.6586501002119,0.7864426759769764,0.18621357402302363
near_1e21,secondary_control,10,512,0.4,458,54,0,0.89453125,0.10546875,0.0,0.999588656373963,1e-10,0.001399482466247548,307.2,307.20000000000005,5.684341886080802e-14,261.04342223896083,261.04342223896083,0.0,361.5177857789935,0.7060894253495967,0.18844182465040327
near_1e21,secondary_control,10,512,0.45,424,88,0,0.828125,0.171875,0.0,0.9995372384207084,1e-10,0.005073455393290849,281.6,281.6,0.0,251.98308127118483,251.9830812711848,2.842170943040401e-14,314.697953529105,0.6146444404865332,0.21348055951346678
near_1e21,secondary_control,10,512,0.5,399,113,0,0.779296875,0.220703125,0.0,0.9994858204674537,1e-10,0.007697611140283556,256.0,256.00000000000006,5.684341886080802e-14,247.88034724837632,247.88034724837632,0.0,264.38562285187083,0.5163781696325602,0.2629187053674398
near_1e21,secondary_control,10,512,0.55,383,129,0,0.748046875,0.251953125,0.0,0.9994344025141991,1e-10,0.0026933489013039047,230.39999999999998,230.4,2.842170943040401e-14,248.73522017053534,248.73522017053534,0.0,213.41633872197497,0.41682878656635736,0.33121808843364264
near_1e21,secondary_control,10,512,0.6,370,142,0,0.72265625,0.27734375,0.0,0.9993829845609444,1e-10,0.002380589887885032,204.8,204.8,0.0,254.5477000376619,254.54770003766188,2.842170943040401e-14,164.7747749981409,0.32182573241824397,0.40083051758175603
near_1e21,secondary_control,10,512,0.65,353,159,0,0.689453125,0.310546875,0.0,1.0193792449332788,1.0193792449332788e-10,0.0007562310505442316,179.2,179.20000000000005,5.684341886080802e-14,265.31778684975603,265.317786849756,5.684341886080802e-14,121.03462938270594,0.23639576051309755,0.4530573644869025
near_1e21,secondary_control,10,512,0.7,344,168,0,0.671875,0.328125,0.0,1.1747161099281462,1.1747161099281463e-10,0.0019393819784205846,153.60000000000002,153.60000000000005,2.842170943040401e-14,281.0454806068176,281.04548060681753,5.684341886080802e-14,83.94712467554865,0.16395922788193096,0.507915772118069
near_1e21,secondary_control,10,512,0.75,335,177,0,0.654296875,0.345703125,0.0,1.330052974923014,1.330052974923014e-10,0.007947749436614027,128.0,128.00000000000003,2.842170943040401e-14,301.73078130884676,301.73078130884664,1.1368683772161603e-13,54.30006156126843,0.1060548077368524,0.5482420672631476
near_1e21,secondary_control,10,512,0.8,327,185,0,0.638671875,0.361328125,0.0,1.485389839917882,1.485389839917882e-10,0.0011622806152931098,102.39999999999998,102.40000000000002,4.263256414560601e-14,327.3736889558435,327.37368895584336,1.1368683772161603e-13,32.029941176532134,0.06255847886041432,0.5761133961395857
near_1e21,secondary_control,10,512,0.85,320,192,0,0.625,0.375,0.0,1.6407267049127494,1.6407267049127496e-10,0.001506912672878169,76.80000000000001,76.80000000000004,2.842170943040401e-14,357.9742035478075,357.97420354780746,5.684341886080802e-14,16.476717991251263,0.03218108982666262,0.5928189101733374
near_1e21,secondary_control,10,512,0.9,313,199,0,0.611328125,0.388671875,0.0,1.7960635699076168,1.7960635699076168e-10,0.00014424116773403828,51.19999999999999,51.20000000000002,2.842170943040401e-14,393.53232508473934,393.5323250847392,1.1368683772161603e-13,6.661307935594678,0.013010367061708356,0.5983177579382917
near_1e21,secondary_control,10,512,0.95,305,207,0,0.595703125,0.404296875,0.0,1.9514004349024843,1.9514004349024843e-10,0.006261023571969115,25.600000000000023,25.60000000000005,2.842170943040401e-14,434.0480535666386,434.0480535666384,2.2737367544323206e-13,1.5098789053765103,0.0029489822370634966,0.5927541427629365
near_1e21,secondary_control,11,128,0.1,128,0,0,1.0,0.0,0.0,0.9998781560015149,1e-10,0.6832185828333195,115.2,115.2,0.0,104.96210589606063,104.9621058960606,2.842170943040401e-14,126.43648759431075,0.9877850593305527,0.012214940669447283
near_1e21,secondary_control,11,128,0.15,128,0,0,1.0,0.0,0.0,0.9998172340022723,1e-10,0.5248278742499792,108.8,108.8,0.0,95.3647382661364,95.3647382661364,0.0,124.12806048882558,0.9697504725689499,0.03024952743105014
near_1e21,secondary_control,11,128,0.2,128,0,0,1.0,0.0,0.0,0.9997563120030297,1e-10,0.366437165666639,102.4,102.4,0.0,87.0484235842425,87.0484235842425,0.0,120.45893042338946,0.9410853939327302,0.05891460606726984
near_1e21,secondary_control,11,128,0.25,128,0,0,1.0,0.0,0.0,0.9996953900037872,1e-10,0.20804645708329872,96.0,96.0,0.0,80.0131618503789,80.01316185037889,1.4210854715202004e-14,115.18105005315894,0.8998519535403042,0.10014804645969577
near_1e21,secondary_control,11,128,0.3,128,0,0,1.0,0.0,0.0,0.9996344680045445,1e-10,0.04965574849995846,89.6,89.6,0.0,74.25895306454562,74.25895306454561,1.4210854715202004e-14,108.11033106030932,0.8446119614086666,0.15538803859133343
near_1e21,secondary_control,11,128,0.35,119,9,0,0.9296875,0.0703125,0.0,0.9995735460053019,1e-10,0.007212085924645617,83.2,83.19999999999999,1.4210854715202004e-14,69.78579722674264,69.78579722674263,1.4210854715202004e-14,99.19267637666718,0.7749427841927123,0.15474471580728766
near_1e21,secondary_control,11,128,0.4,110,18,0,0.859375,0.140625,0.0,0.9995126240060593,1e-10,0.00263496619180259,76.8,76.8,0.0,66.59369433696999,66.59369433696997,1.4210854715202004e-14,88.5705479884384,0.691957406159675,0.16741759384032495
near_1e21,secondary_control,11,128,0.45,104,24,0,0.8125,0.1875,0.0,0.9994517020068168,1e-10,0.00374791604385305,70.4,70.4,0.0,64.68264439522764,64.68264439522763,1.4210854715202004e-14,76.62271767549552,0.5986149818398088,0.21388501816019123
near_1e21,secondary_control,11,128,0.5,101,27,0,0.7890625,0.2109375,0.0,0.9993907800075742,1e-10,0.026758309423685622,64.0,63.99999999999999,7.105427357601002e-15,64.0526474015156,64.0526474015156,0.0,63.94739587146372,0.4995890302458103,0.2894734697541897
near_1e21,secondary_control,11,128,0.55,97,31,0,0.7578125,0.2421875,0.0,0.9993298580083316,1e-10,0.027935345768168585,57.599999999999994,57.599999999999994,0.0,64.70370335583388,64.70370335583388,0.0,51.27619947430505,0.4005953083930082,0.3572171916069918
near_1e21,secondary_control,11,128,0.6,93,35,0,0.7265625,0.2734375,0.0,0.9992689360090891,1e-10,0.032862195775785974,51.2,51.19999999999999,1.4210854715202004e-14,66.63581225818247,66.63581225818245,1.4210854715202004e-14,39.33980709716799,0.30734224294662493,0.41922025705337507
near_1e21,secondary_control,11,128,0.65,92,36,0,0.71875,0.28125,0.0,1.0590792115834233,1.0590792115834233e-10,0.018073158750339546,44.8,44.8,0.0,69.84897410856136,69.84897410856138,1.4210854715202004e-14,28.733993957886884,0.22448432779599128,0.49426567220400874
near_1e21,secondary_control,11,128,0.7,89,39,0,0.6953125,0.3046875,0.0,1.2174699201667636,1.2174699201667636e-10,0.014963507402444565,38.400000000000006,38.400000000000006,0.0,74.34318890697057,74.34318890697058,1.4210854715202004e-14,19.83450026397432,0.15495703331229937,0.5403554666877006
near_1e21,secondary_control,11,128,0.75,85,43,0,0.6640625,0.3359375,0.0,1.3758606287501038,1.375860628750104e-10,0.0029447080147964044,32.0,31.999999999999996,3.552713678800501e-15,80.1184566534101,80.11845665341009,1.4210854715202004e-14,12.781074957918765,0.09985214810874035,0.5642103518912597
near_1e21,secondary_control,11,128,0.8,83,45,0,0.6484375,0.3515625,0.0,1.534251337333444,1.5342513373334443e-10,0.013204037726289641,25.599999999999994,25.599999999999987,7.105427357601002e-15,87.17477734787997,87.17477734787995,1.4210854715202004e-14,7.5177708499870075,0.058732584765523496,0.5897049152344765
near_1e21,secondary_control,11,128,0.85,81,47,0,0.6328125,0.3671875,0.0,1.6926420459167844,1.6926420459167843e-10,0.007068942023963576,19.200000000000003,19.2,3.552713678800501e-15,95.51215099038006,95.51215099038008,1.4210854715202004e-14,3.859613632166334,0.030153231501299484,0.6026592684987006
near_1e21,secondary_control,11,128,0.9,78,50,0,0.609375,0.390625,0.0,1.8510327545001246,1.8510327545001246e-10,0.008808535858418232,12.799999999999997,12.799999999999992,5.329070518200751e-15,105.13057758091054,105.13057758091055,1.4210854715202004e-14,1.5584428790368383,0.0121753349924753,0.5971996650075247
near_1e21,secondary_control,11,128,0.95,78,50,0,0.609375,0.390625,0.0,2.009423463083465,2.009423463083465e-10,0.0011122143481280267,6.400000000000006,6.400000000000001,4.440892098500626e-15,116.03005711947131,116.03005711947131,0.0,0.35301197824823327,0.0027579060800643224,0.6066170939199357
near_1e21,secondary_control,11,256,0.1,256,0,0,1.0,0.0,0.0,0.9999582175871762,1e-10,0.6832185828333203,230.4,230.4,0.0,209.85362875503364,209.85362875503364,0.0,252.9580275305423,0.9881172950411808,0.011882704958819157
near_1e21,secondary_control,11,256,0.15,256,0,0,1.0,0.0,0.0,0.9999373263807642,1e-10,0.5248278742499805,217.6,217.59999999999997,2.842170943040401e-14,190.57066469882565,190.57066469882568,2.842170943040401e-14,248.46300491647378,0.9705586129549757,0.029441387045024303
near_1e21,secondary_control,11,256,0.2,256,0,0,1.0,0.0,0.0,0.9999164351743522,1e-10,0.36643716566664053,204.8,204.79999999999998,2.842170943040401e-14,173.81451502013454,173.81451502013454,0.0,241.30919097948384,0.9426140272636088,0.05738597273639123
near_1e21,secondary_control,11,256,0.25,256,0,0,1.0,0.0,0.0,0.9998955439679403,1e-10,0.20804645708330072,192.0,192.0,0.0,159.5851797189602,159.5851797189602,0.0,230.99889391308065,0.9023394293479713,0.09766057065202871
near_1e21,secondary_control,11,256,0.3,256,0,0,1.0,0.0,0.0,0.9998746527615284,1e-10,0.049655748499960906,179.2,179.20000000000002,2.842170943040401e-14,147.88265879530272,147.88265879530272,0.0,217.14946337589114,0.8482400913120748,0.15175990868792522
near_1e21,secondary_control,11,256,0.35,241,15,0,0.94140625,0.05859375,0.0,0.9998537615551164,1e-10,0.0045820527845714665,166.4,166.4,0.0,138.70695224916201,138.70695224916201,0.0,199.62200560979656,0.7797734594132678,0.1616327905867322
near_1e21,secondary_control,11,256,0.4,224,32,0,0.875,0.125,0.0,0.9998328703487045,1e-10,0.0026349661923121825,153.6,153.6,0.0,132.05806008053816,132.05806008053813,2.842170943040401e-14,178.6559637905583,0.6978748585568684,0.17712514144313163
near_1e21,secondary_control,11,256,0.45,211,45,0,0.82421875,0.17578125,0.0,0.9998119791422926,1e-10,0.0037479233997795847,140.8,140.79999999999998,2.842170943040401e-14,127.9359822894311,127.93598228943108,1.4210854715202004e-14,154.95750019060694,0.6053027351195583,0.21891601488044166
near_1e21,secondary_control,11,256,0.5,202,54,0,0.7890625,0.2109375,0.0,0.9997910879358807,1e-10,0.0005710919400915282,128.0,128.0,0.0,126.34071887584085,126.34071887584085,0.0,129.68107309964805,0.5065666917955002,0.2824958082044998
near_1e21,secondary_control,11,256,0.55,193,63,0,0.75390625,0.24609375,0.0,0.9997701967294687,1e-10,0.0010247174973287976,115.19999999999999,115.19999999999999,0.0,127.27226983976743,127.27226983976746,2.842170943040401e-14,104.27283191152245,0.40731574965438455,0.34659050034561545
near_1e21,secondary_control,11,256,0.6,186,70,0,0.7265625,0.2734375,0.0,0.9997493055230567,1e-10,0.032859025193590075,102.4,102.39999999999998,2.842170943040401e-14,130.73063518121083,130.73063518121083,0.0,80.20889660227904,0.3133160023526525,0.4132464976473475
near_1e21,secondary_control,11,256,0.65,183,73,0,0.71484375,0.28515625,0.0,1.059079211583418,1.059079211583418e-10,0.012746583934193478,89.6,89.59999999999998,1.4210854715202004e-14,136.71581490017104,136.71581490017104,0.0,58.72151664284126,0.22938092438609867,0.4854628256139013
near_1e21,secondary_control,11,256,0.7,177,79,0,0.69140625,0.30859375,0.0,1.2174699201667578,1.217469920166758e-10,0.0012832674812895961,76.80000000000001,76.79999999999998,2.842170943040401e-14,145.22780899664806,145.22780899664806,0.0,40.61370918386668,0.15864730149947923,0.5327589485005207
near_1e21,secondary_control,11,256,0.75,167,89,0,0.65234375,0.34765625,0.0,1.3758606287500976,1.3758606287500977e-10,0.0029446054757062967,64.0,63.999999999999986,1.4210854715202004e-14,156.2666174706419,156.26661747064196,5.684341886080802e-14,26.211612347528565,0.10238911073253346,0.5499546392674666
near_1e21,secondary_control,11,256,0.8,165,91,0,0.64453125,0.35546875,0.0,1.5342513373334379,1.534251337333438e-10,0.013205275486466661,51.19999999999999,51.19999999999996,2.842170943040401e-14,169.83224032215264,169.83224032215264,0.0,15.435467347232905,0.060294794325128534,0.5842364556748715
near_1e21,secondary_control,11,256,0.85,161,95,0,0.62890625,0.37109375,0.0,1.6926420459167777,1.6926420459167778e-10,0.007062829476851551,38.400000000000006,38.39999999999998,2.842170943040401e-14,185.92467755118003,185.92467755118008,5.684341886080802e-14,7.930953649733205,0.03098028769427033,0.5979259623057297
near_1e21,secondary_control,11,256,0.9,156,100,0,0.609375,0.390625,0.0,1.8510327545001175,1.8510327545001176e-10,0.008690698759884041,25.599999999999994,25.59999999999998,1.4210854715202004e-14,204.5439291577244,204.54392915772442,2.842170943040401e-14,3.204006115941235,0.012515648890395449,0.5968593511096045
near_1e21,secondary_control,11,256,0.95,154,102,0,0.6015625,0.3984375,0.0,2.0094234630834573,2.0094234630834574e-10,0.0010246064105068342,12.800000000000011,12.799999999999983,2.842170943040401e-14,225.68999514178546,225.68999514178552,5.684341886080802e-14,0.7259515420569305,0.0028357482111598846,0.5987267517888402
near_1e21,secondary_control,11,512,0.1,512,0,0,1.0,0.0,0.0,0.999958217941545,1e-10,0.6832185828333199,460.8,460.79999999999995,5.684341886080802e-14,419.60961147727926,419.60961147727926,0.0,506.03378519487865,0.9883472367087474,0.011652763291252644
near_1e21,secondary_control,11,512,0.15,512,0,0,1.0,0.0,0.0,0.9999373269123175,1e-10,0.5248278742499799,435.2,435.2,0.0,380.9216258238783,380.92162582387834,5.684341886080802e-14,497.2126210748925,0.9711184005368995,0.028881599463100538
near_1e21,secondary_control,11,512,0.2,512,0,0,1.0,0.0,0.0,0.9999164358830901,1e-10,0.36643716566663986,409.6,409.6,0.0,347.238445909117,347.238445909117,0.0,483.1612454685135,0.9436743075556905,0.056325692444309516
near_1e21,secondary_control,11,512,0.25,512,0,0,1.0,0.0,0.0,0.9998955448538626,1e-10,0.20804645708329983,384.0,384.0,0.0,318.56007173299525,318.5600717329953,5.684341886080802e-14,462.88286914874857,0.9040681038061495,0.09593189619385045
near_1e21,secondary_control,11,512,0.3,512,0,0,1.0,0.0,0.0,0.999874653824635,1e-10,0.049655748499959795,358.4,358.4,0.0,294.8865032955132,294.8865032955132,0.0,435.59321489622886,0.850767997844197,0.149232002155803
near_1e21,secondary_control,11,512,0.35,494,18,0,0.96484375,0.03515625,0.0,0.9998537627954076,1e-10,0.0045830878593957625,332.8,332.8,0.0,276.21774059667075,276.21774059667075,0.0,400.9729417116771,0.7831502767806193,0.18169347321938067
near_1e21,secondary_control,11,512,0.4,450,62,0,0.87890625,0.12109375,0.0,0.9998328717661801,1e-10,0.002181154324871981,307.2,307.2,0.0,262.55378363646787,262.55378363646787,0.0,359.43812613520475,0.7020275901078218,0.1768786598921782
near_1e21,secondary_control,11,512,0.45,422,90,0,0.82421875,0.17578125,0.0,0.9998119807369527,1e-10,0.0013114458291820785,281.6,281.6,0.0,253.89463241490466,253.8946324149047,2.842170943040401e-14,312.32861934006314,0.6100168346485608,0.21420191535143918
near_1e21,secondary_control,11,512,0.5,402,110,0,0.78515625,0.21484375,0.0,0.9997910897077251,1e-10,0.002770220409156976,256.0,256.0,0.0,250.24028693198107,250.24028693198113,5.684341886080802e-14,261.8922828273995,0.5115083648972647,0.2736478851027353
near_1e21,secondary_control,11,512,0.55,381,131,0,0.744140625,0.255859375,0.0,0.9997701986784976,1e-10,0.0010247336727268186,230.39999999999998,230.39999999999998,0.0,251.5907471876971,251.59074718769716,5.684341886080802e-14,210.99408699794913,0.4120978261678694,0.3320427988321306
near_1e21,secondary_control,11,512,0.6,367,145,0,0.716796875,0.283203125,0.0,0.9997493076492702,1e-10,0.0038707595096560965,204.8,204.8,0.0,257.94601318205275,257.94601318205287,1.1368683772161603e-13,162.60394755703206,0.31758583507232824,0.39921103992767176
near_1e21,secondary_control,11,512,0.65,358,154,0,0.69921875,0.30078125,0.0,1.0590792115834207,1.0590792115834207e-10,0.012536096060707602,179.2,179.20000000000002,2.842170943040401e-14,269.306084915048,269.30608491504813,1.1368683772161603e-13,119.24216272398692,0.23289484907028696,0.46632390092971304
near_1e21,secondary_control,11,512,0.7,349,163,0,0.681640625,0.318359375,0.0,1.2174699201667605,1.2174699201667605e-10,0.0036390389346505625,153.60000000000002,153.60000000000002,0.0,285.6709623866829,285.67096238668296,5.684341886080802e-14,82.58788293667973,0.1613044588607026,0.5203361661392973
near_1e21,secondary_control,11,512,0.75,335,177,0,0.654296875,0.345703125,0.0,1.3758606287501003,1.3758606287501003e-10,9.970638966994017e-05,128.0,128.00000000000003,2.842170943040401e-14,307.04064559695746,307.0406455969576,1.1368683772161603e-13,53.361013386829434,0.10422072927115124,0.5500761457288488
near_1e21,secondary_control,11,512,0.8,327,185,0,0.638671875,0.361328125,0.0,1.5342513373334405,1.5342513373334406e-10,0.01320527542224581,102.39999999999998,102.39999999999995,2.842170943040401e-14,333.41513454587164,333.4151345458717,5.684341886080802e-14,31.449562163043776,0.061424926099694875,0.5772469489003051
near_1e21,secondary_control,11,512,0.85,321,191,0,0.626953125,0.373046875,0.0,1.6926420459167804,1.6926420459167804e-10,0.005033502007660395,76.80000000000001,76.80000000000004,2.842170943040401e-14,364.79442923342526,364.79442923342543,1.7053025658242404e-13,16.16866796018375,0.03157942960973389,0.5953736953902661
near_1e21,secondary_control,11,512,0.9,310,202,0,0.60546875,0.39453125,0.0,1.8510327545001206,1.8510327545001207e-10,0.0010547639708092804,51.19999999999999,51.19999999999996,2.842170943040401e-14,401.1785296596187,401.17852965961885,1.7053025658242404e-13,6.534347693592099,0.012762397839047068,0.5927063521609529
near_1e21,secondary_control,11,512,0.95,306,206,0,0.59765625,0.40234375,0.0,2.0094234630834604,2.0094234630834605e-10,0.0016880438357500527,25.600000000000023,25.600000000000023,0.0,442.56743582445165,442.5674358244518,1.7053025658242404e-13,1.4808138759218508,0.0028922146014098648,0.5947640353985901
near_1e21,secondary_control,12,128,0.1,128,0,0,1.0,0.0,0.0,0.9998346306410408,1e-10,0.6947808144591348,115.2,115.19999999999999,1.4210854715202004e-14,104.88811705403783,104.88811705403783,0.0,126.5256768139219,0.9884818501087649,0.011518149891235119
near_1e21,secondary_control,12,128,0.15,128,0,0,1.0,0.0,0.0,0.9997519459615613,1e-10,0.5421712216887022,108.8,108.8,0.0,95.19826337158513,95.19826337158511,1.4210854715202004e-14,124.34512543359325,0.9714462924499473,0.02855370755005271
near_1e21,secondary_control,12,128,0.2,128,0,0,1.0,0.0,0.0,0.9996692612820817,1e-10,0.3895616289182696,102.4,102.4,0.0,86.75246821615134,86.75246821615134,0.0,120.86987512417302,0.9442958994076017,0.055704100592398276
near_1e21,secondary_control,12,128,0.25,128,0,0,1.0,0.0,0.0,0.9995865766026021,1e-10,0.2369520361478371,96.0,96.0,0.0,79.55073158773646,79.55073158773648,1.4210854715202004e-14,115.85060019008974,0.9050828139850761,0.09491718601492394
near_1e21,secondary_control,12,128,0.3,128,0,0,1.0,0.0,0.0,0.9995038919231225,1e-10,0.0843424433774046,89.6,89.6,0.0,73.59305348634052,73.59305348634052,0.0,109.08855686345575,0.852254350495748,0.14774564950425195
near_1e21,secondary_control,12,128,0.35,125,3,0,0.9765625,0.0234375,0.0,0.9994212072436429,1e-10,0.011696773321697718,83.2,83.2,0.0,68.87943391196347,68.87943391196347,0.0,100.49792233843688,0.7851400182690381,0.19142248173096188
near_1e21,secondary_control,12,128,0.4,111,17,0,0.8671875,0.1328125,0.0,0.9993385225641632,1e-10,0.007096747848645668,76.8,76.8,0.0,65.40987286460536,65.40987286460535,1.4210854715202004e-14,90.17354325407442,0.7044808066724564,0.16270669332754362
near_1e21,secondary_control,12,128,0.45,108,20,0,0.84375,0.15625,0.0,0.9992558378846836,1e-10,0.005588637602840119,70.4,70.4,0.0,63.184370344266156,63.184370344266156,0.0,78.4396516574571,0.6128097785738836,0.23094022142611637
near_1e21,secondary_control,12,128,0.5,101,27,0,0.7890625,0.2109375,0.0,0.9991731532052041,1e-10,0.01047238958352359,64.0,64.00000000000001,1.4210854715202004e-14,62.20292635094587,62.20292635094589,1.4210854715202004e-14,65.84899200546559,0.5144452500426999,0.2746172499573001
near_1e21,secondary_control,12,128,0.55,97,31,0,0.7578125,0.2421875,0.0,0.9990904685257245,1e-10,0.00185201661665102,57.599999999999994,57.60000000000001,1.4210854715202004e-14,62.46554088464451,62.46554088464451,0.0,53.11344387663154,0.4149487802861839,0.3428637197138161
near_1e21,secondary_control,12,128,0.6,92,36,0,0.71875,0.28125,0.0,0.9990077838462449,1e-10,0.00658663500958756,51.2,51.2,0.0,63.97221394536206,63.97221394536206,0.0,40.97779079897005,0.3201389906169535,0.3986110093830465
near_1e21,secondary_control,12,128,0.65,89,39,0,0.6953125,0.3046875,0.0,0.9989250991667653,1e-10,0.012558433487066867,44.8,44.80000000000001,1.4210854715202004e-14,66.72294553309852,66.72294553309854,1.4210854715202004e-14,30.08020680088815,0.23500161563193867,0.46031088436806133
near_1e21,secondary_control,12,128,0.7,85,43,0,0.6640625,0.3359375,0.0,1.136534298786056,1.1365342987860562e-10,0.01718161232701787,38.400000000000006,38.40000000000001,7.105427357601002e-15,70.7177356478539,70.71773564785391,1.4210854715202004e-14,20.851346362993304,0.1629011434608852,0.5011613565391149
near_1e21,secondary_control,12,128,0.75,83,45,0,0.6484375,0.3515625,0.0,1.2891438915564888,1.2891438915564889e-10,0.00011882222226411443,32.0,32.000000000000014,1.4210854715202004e-14,75.95658428962821,75.95658428962821,0.0,13.481385578048249,0.10532332482850194,0.5431141751714981
near_1e21,secondary_control,12,128,0.8,81,47,0,0.6328125,0.3671875,0.0,1.4417534843269215,1.4417534843269215e-10,0.016245009367082286,25.599999999999994,25.6,7.105427357601002e-15,82.43949145842146,82.43949145842144,1.4210854715202004e-14,7.949588096750111,0.062106157005860245,0.5707063429941398
near_1e21,secondary_control,12,128,0.85,79,49,0,0.6171875,0.3828125,0.0,1.5943630770973538,1.5943630770973538e-10,0.009421617746104172,19.200000000000003,19.200000000000014,1.0658141036401503e-14,90.16645715423357,90.16645715423357,0.0,4.088438335438041,0.031940924495609695,0.5852465755043903
near_1e21,secondary_control,12,128,0.9,75,53,0,0.5859375,0.4140625,0.0,1.7469726698677865,1.7469726698677866e-10,0.009014016079129217,12.799999999999997,12.800000000000011,1.4210854715202004e-14,99.13748137706463,99.13748137706463,0.0,1.6526544524249347,0.012911362909569802,0.5730261370904302
near_1e21,secondary_control,12,128,0.95,74,54,0,0.578125,0.421875,0.0,1.8995822626382188,1.899582262638219e-10,0.032810980536854606,6.400000000000006,6.400000000000018,1.2434497875801753e-14,109.35256412691461,109.35256412691459,2.842170943040401e-14,0.3745682630035258,0.0029263145547150453,0.575198685445285
near_1e21,secondary_control,12,256,0.1,256,0,0,1.0,0.0,0.0,0.9999531379508125,1e-10,0.6624966950593691,230.4,230.39999999999998,2.842170943040401e-14,209.83480146607081,209.8348014660708,2.842170943040401e-14,252.9807240224803,0.9882059532128137,0.011794046787186319
near_1e21,secondary_control,12,256,0.15,256,0,0,1.0,0.0,0.0,0.9999297069262187,1e-10,0.49374504258905383,217.6,217.60000000000002,2.842170943040401e-14,190.52830329865927,190.52830329865924,2.842170943040401e-14,248.51824731666096,0.9707744035807069,0.02922559641929312
near_1e21,secondary_control,12,256,0.2,256,0,0,1.0,0.0,0.0,0.9999062759016251,1e-10,0.3249933901187384,204.8,204.79999999999998,2.842170943040401e-14,173.73920586428315,173.73920586428315,0.0,241.4137890831844,0.9430226136061891,0.05697738639381089
near_1e21,secondary_control,12,256,0.25,256,0,0,1.0,0.0,0.0,0.9998828448770313,1e-10,0.15624173764842308,192.0,192.0,0.0,159.46750916294243,159.46750916294243,0.0,231.16934724510372,0.9030052626761864,0.09699473732381358
near_1e21,secondary_control,12,256,0.3,255,1,0,0.99609375,0.00390625,0.0,0.9998594138524376,1e-10,0.012509914821892343,179.2,179.20000000000002,2.842170943040401e-14,147.7132131946371,147.7132131946371,0.0,217.3985610731125,0.8492131291918457,0.14688062080815434
near_1e21,secondary_control,12,256,0.35,248,8,0,0.96875,0.03125,0.0,0.9998359828278438,1e-10,0.005257992148444801,166.4,166.4,0.0,138.47631795936718,138.47631795936718,0.0,199.95447891764942,0.7810721832720681,0.18767781672793193
near_1e21,secondary_control,12,256,0.4,224,32,0,0.875,0.125,0.0,0.9998125518032501,1e-10,0.007096747848664542,153.6,153.59999999999997,2.842170943040401e-14,131.7568234571326,131.7568234571326,0.0,179.0644262737256,0.6994704151317406,0.17552958486825943
near_1e21,secondary_control,12,256,0.45,212,44,0,0.828125,0.171875,0.0,0.9997891207786563,1e-10,0.005625572068338913,140.8,140.79999999999998,2.842170943040401e-14,127.55472968793347,127.55472968793347,0.0,155.42065785017607,0.6071119447272503,0.22101305527274973
near_1e21,secondary_control,12,256,0.5,201,55,0,0.78515625,0.21484375,0.0,0.9997656897540627,1e-10,0.01047239190037208,128.0,127.99999999999999,1.4210854715202004e-14,125.87003665176972,125.87003665176972,0.0,130.16600642874002,0.5084609626122657,0.2766952873877343
near_1e21,secondary_control,12,256,0.55,190,66,0,0.7421875,0.2578125,0.0,0.9997422587294689,1e-10,0.0018518461784832185,115.19999999999999,115.19999999999999,0.0,126.70274434864137,126.70274434864137,0.0,104.74153553835238,0.409146623196689,0.333040876803311
near_1e21,secondary_control,12,256,0.6,183,73,0,0.71484375,0.28515625,0.0,1.0250198296437847,1.0250198296437847e-10,0.006586641772690527,102.4,102.4,0.0,130.0528527785484,130.0528527785484,0.0,80.62691264339244,0.31494887751325173,0.39989487248674827
near_1e21,secondary_control,12,256,0.65,178,78,0,0.6953125,0.3046875,0.0,1.1937714821141001,1.1937714821141e-10,0.009365985869364435,89.6,89.59999999999998,1.4210854715202004e-14,135.92036194149085,135.92036194149085,0.0,59.06517526384937,0.2307233408744116,0.4645891591255884
near_1e21,secondary_control,12,256,0.7,172,84,0,0.671875,0.328125,0.0,1.362523134584415,1.3625231345844152e-10,0.017181235725478805,76.80000000000001,76.80000000000001,0.0,144.30527183746864,144.30527183746867,2.842170943040401e-14,40.873350813151184,0.1596615266138718,0.5122134733861282
near_1e21,secondary_control,12,256,0.75,168,88,0,0.65625,0.34375,0.0,1.5312747870547305,1.5312747870547305e-10,0.00011882220378423014,64.0,63.99999999999997,2.842170943040401e-14,155.20758246648188,155.2075824664819,2.842170943040401e-14,26.390463242248867,0.10308774704003464,0.5531622529599654
near_1e21,secondary_control,12,256,0.8,165,91,0,0.64453125,0.35546875,0.0,1.7000264395250464,1.7000264395250464e-10,0.016245001074254306,51.19999999999999,51.19999999999997,2.1316282072803006e-14,168.62729382853053,168.62729382853053,0.0,15.54576332503813,0.0607256379884302,0.5838056120115698
near_1e21,secondary_control,12,256,0.85,160,96,0,0.625,0.375,0.0,1.8687780919953614,1.8687780919953615e-10,0.009421601828706994,38.400000000000006,38.39999999999999,1.4210854715202004e-14,184.56440592361446,184.56440592361454,8.526512829121202e-14,7.989406151315414,0.031208617778575837,0.5937913822214241
near_1e21,secondary_control,12,256,0.9,154,102,0,0.6015625,0.3984375,0.0,2.037529744465677,2.037529744465677e-10,0.009014017531550067,25.599999999999994,25.59999999999998,1.4210854715202004e-14,203.0189187517339,203.01891875173396,5.684341886080802e-14,3.228073541271397,0.012609662270591394,0.5889528377294087
near_1e21,secondary_control,12,256,0.95,154,102,0,0.6015625,0.3984375,0.0,2.2062813969359922,2.2062813969359923e-10,9.347145506555243e-05,12.800000000000011,12.799999999999997,1.4210854715202004e-14,223.9908323128887,223.99083231288873,2.842170943040401e-14,0.7314585079586435,0.0028572597967134513,0.5987052402032865
near_1e21,secondary_control,12,512,0.1,512,0,0,1.0,0.0,0.0,0.9999553563824999,1e-10,0.6624966950593684,460.8,460.8,0.0,419.6212333549211,419.62123335492106,5.684341886080802e-14,506.019770025324,0.988319863330711,0.01168013666928902
near_1e21,secondary_control,12,512,0.15,512,0,0,1.0,0.0,0.0,0.9999330345737498,1e-10,0.4937450425890526,435.2,435.20000000000005,5.684341886080802e-14,380.9477750485724,380.94777504857245,5.684341886080802e-14,497.1784911353028,0.9710517404986383,0.028948259501361706
near_1e21,secondary_control,12,512,0.2,512,0,0,1.0,0.0,0.0,0.9999107127649998,1e-10,0.32499339011873674,409.6,409.6,0.0,347.2849334196843,347.2849334196843,0.0,483.0965695746207,0.943547987450431,0.056452012549569
near_1e21,secondary_control,12,512,0.25,512,0,0,1.0,0.0,0.0,0.9998883909562497,1e-10,0.15624173764842098,384.0,384.0,0.0,318.63270846825674,318.63270846825674,0.0,462.7773485931689,0.903862008971033,0.09613799102896703
near_1e21,secondary_control,12,512,0.3,511,1,0,0.998046875,0.001953125,0.0,0.9998660691474996,1e-10,0.012509914821894785,358.4,358.40000000000003,5.684341886080802e-14,294.99110019428974,294.99110019428974,0.0,435.4387637979542,0.8504663355428793,0.14758053945712069
near_1e21,secondary_control,12,512,0.35,497,15,0,0.970703125,0.029296875,0.0,0.9998437473387496,1e-10,0.001254587493396797,332.8,332.8,0.0,276.3601085977832,276.3601085977832,0.0,400.76637891757014,0.7827468338233792,0.18795629117662083
near_1e21,secondary_control,12,512,0.4,451,61,0,0.880859375,0.119140625,0.0,0.9998214255299995,1e-10,0.0018763530739165368,307.2,307.2,0.0,262.73973367873725,262.7397336787372,5.684341886080802e-14,359.1837392793903,0.7015307407800592,0.17932863421994083
near_1e21,secondary_control,12,512,0.45,423,89,0,0.826171875,0.173828125,0.0,0.9997991037212495,1e-10,0.005293735472701622,281.6,281.6,0.0,254.12997543715184,254.12997543715178,5.684341886080802e-14,312.0393800990671,0.6094519142559904,0.21671996074400957
near_1e21,secondary_control,12,512,0.5,400,112,0,0.78125,0.21875,0.0,0.9997767819124994,1e-10,0.010472391900372857,256.0,256.0,0.0,250.53083387302695,250.53083387302692,2.842170943040401e-14,261.5885597268027,0.5109151557164116,0.27033484428358845
near_1e21,secondary_control,12,512,0.55,384,128,0,0.75,0.25,0.0,0.9997544601037494,1e-10,0.0018518461784814422,230.39999999999998,230.4,2.842170943040401e-14,251.9423089863626,251.94230898636255,5.684341886080802e-14,210.69966459215624,0.41152278240655515,0.33847721759344485
near_1e21,secondary_control,12,512,0.6,368,144,0,0.71875,0.28125,0.0,1.0250198296437896,1.0250198296437896e-10,0.0020322261237057937,204.8,204.80000000000004,2.842170943040401e-14,258.36440077715883,258.3644007771587,1.1368683772161603e-13,162.340631580185,0.31707154605504884,0.40167845394495116
near_1e21,secondary_control,12,512,0.65,358,154,0,0.69921875,0.30078125,0.0,1.1937714821141054,1.1937714821141055e-10,0.00936493378873049,179.2,179.2,0.0,269.7971092454156,269.79710924541547,1.1368683772161603e-13,119.02514482017438,0.23247098597690308,0.4667477640230969
near_1e21,secondary_control,12,512,0.7,346,166,0,0.67578125,0.32421875,0.0,1.3625231345844213,1.3625231345844214e-10,0.0012212623967313707,153.60000000000002,153.60000000000008,5.684341886080802e-14,286.2404343911328,286.2404343911327,1.1368683772161603e-13,82.42357530718893,0.16098354552185337,0.5147977044781467
near_1e21,secondary_control,12,512,0.75,339,173,0,0.662109375,0.337890625,0.0,1.5312747870547372,1.5312747870547373e-10,0.00011882220378545139,128.0,128.00000000000006,5.684341886080802e-14,307.69437621431064,307.6943762143105,1.1368683772161603e-13,53.24764203226277,0.10399930084426322,0.5581100741557368
near_1e21,secondary_control,12,512,0.8,329,183,0,0.642578125,0.357421875,0.0,1.700026439525053,1.7000264395250531e-10,0.004117559309384955,102.39999999999998,102.4,2.842170943040401e-14,334.15893471494905,334.1589347149489,1.7053025658242404e-13,31.379558978259155,0.06128820112941241,0.5812899238705875
near_1e21,secondary_control,12,512,0.85,320,192,0,0.625,0.375,0.0,1.8687780919953685,1.8687780919953685e-10,0.0022427973775108745,76.80000000000001,76.80000000000004,2.842170943040401e-14,365.6341098930478,365.63410989304776,5.684341886080802e-14,16.131536529032548,0.031506907283266695,0.5934930927167333
near_1e21,secondary_control,12,512,0.9,310,202,0,0.60546875,0.39453125,0.0,2.0375297444656844,2.0375297444656844e-10,0.0014613784873054314,51.19999999999999,51.20000000000002,2.842170943040401e-14,402.1199017486074,402.11990174860716,2.2737367544323206e-13,6.519050632910081,0.012732520767402502,0.5927362292325975
near_1e21,secondary_control,12,512,0.95,304,208,0,0.59375,0.40625,0.0,2.2062813969360002,2.2062813969360003e-10,0.00016368794354870708,25.600000000000023,25.60000000000008,5.684341886080802e-14,443.6163102816273,443.6163102816271,2.2737367544323206e-13,1.47731267947283,0.002885376327095371,0.5908646236729046
near_1e21,secondary_control,13,128,0.1,128,0,0,1.0,0.0,0.0,0.9996865154175036,1e-10,0.6892029473417951,115.2,115.2,0.0,104.87050850105878,104.87050850105878,0.0,126.54692143374146,0.9886478237011052,0.011352176298894845
near_1e21,secondary_control,13,128,0.15,128,0,0,1.0,0.0,0.0,0.9995297731262555,1e-10,0.5338044210126929,108.8,108.8,0.0,95.15864412738223,95.15864412738225,1.4210854715202004e-14,124.39689645171956,0.971850753529059,0.02814924647094097
near_1e21,secondary_control,13,128,0.2,128,0,0,1.0,0.0,0.0,0.9993730308350073,1e-10,0.3784058946835903,102.4,102.4,0.0,86.68203400423509,86.6820340042351,1.4210854715202004e-14,120.96808895240842,0.9450631949406908,0.0549368050593092
near_1e21,secondary_control,13,128,0.25,128,0,0,1.0,0.0,0.0,0.9992162885437591,1e-10,0.22300736835448798,96.0,96.0,0.0,79.44067813161732,79.44067813161733,1.4210854715202004e-14,116.01109427503792,0.9063366740237337,0.09366332597626625
near_1e21,secondary_control,13,128,0.3,128,0,0,1.0,0.0,0.0,0.9990595462525109,1e-10,0.06760884202538564,89.6,89.6,0.0,73.43457650952895,73.43457650952895,0.0,109.32397763549785,0.854093575277327,0.145906424722673
near_1e21,secondary_control,13,128,0.35,124,4,0,0.96875,0.03125,0.0,0.9989028039612627,1e-10,0.009656882509174514,83.2,83.20000000000002,1.4210854715202004e-14,68.66372913796997,68.66372913796997,0.0,100.81363314961742,0.7876065089813861,0.18114349101861393
near_1e21,secondary_control,13,128,0.4,115,13,0,0.8984375,0.1015625,0.0,0.9987460616700146,1e-10,0.0010722800491069773,76.8,76.8,0.0,65.12813601694035,65.12813601694036,1.4210854715202004e-14,90.5636236612978,0.707528309853889,0.19090919014611096
near_1e21,secondary_control,13,128,0.45,106,22,0,0.828125,0.171875,0.0,0.9985893193787664,1e-10,0.006823424409721834,70.4,70.4,0.0,62.82779714644013,62.82779714644013,0.0,78.88482845336907,0.6162877222919458,0.21183727770805416
near_1e21,secondary_control,13,128,0.5,101,27,0,0.7890625,0.2109375,0.0,0.9984325770875182,1e-10,0.004610992731283181,64.0,64.0,0.0,61.7627125264693,61.7627125264693,0.0,66.31833079294566,0.518111959319888,0.27095054068011204
near_1e21,secondary_control,13,128,0.55,95,33,0,0.7421875,0.2578125,0.0,0.99827583479627,1e-10,0.0007604801605807232,57.599999999999994,57.599999999999994,0.0,61.93288215702785,61.93288215702785,0.0,53.570250316915306,0.41851758060090083,0.32366991939909917
near_1e21,secondary_control,13,128,0.6,91,37,0,0.7109375,0.2890625,0.0,0.9981190925050217,1e-10,0.00045492597561913595,51.2,51.2,0.0,63.33830603811579,63.33830603811579,0.0,41.3879082655363,0.32334303332450237,0.38759446667549763
near_1e21,secondary_control,13,128,0.65,86,42,0,0.671875,0.328125,0.0,1.0201808422783314,1.0201808422783314e-10,0.004244009125460746,44.8,44.8,0.0,65.97898416973312,65.97898416973311,1.4210854715202004e-14,30.419383160504907,0.23765143094144459,0.4342235690585554
near_1e21,secondary_control,13,128,0.7,86,42,0,0.671875,0.328125,0.0,1.1755793686074334,1.1755793686074334e-10,0.0164798838780994,38.400000000000006,38.400000000000006,0.0,69.85491655187982,69.85491655187982,0.0,21.108893586679397,0.1649132311459328,0.5069617688540672
near_1e21,secondary_control,13,128,0.75,82,46,0,0.640625,0.359375,0.0,1.3309778949365363,1.3309778949365363e-10,0.0016997414208994588,32.0,32.0,0.0,74.96610318455592,74.96610318455592,0.0,13.659506850436886,0.10671489726903817,0.5339101027309618
near_1e21,secondary_control,13,128,0.8,80,48,0,0.625,0.375,0.0,1.4863764212656387,1.4863764212656387e-10,0.002851566679840767,25.599999999999994,25.599999999999998,3.552713678800501e-15,81.31254406776142,81.3125440677614,2.842170943040401e-14,8.059765040113104,0.06296691437588363,0.5620330856241164
near_1e21,secondary_control,13,128,0.85,79,49,0,0.6171875,0.3828125,0.0,1.6417749475947407,1.6417749475947408e-10,0.027391828765859882,19.200000000000003,19.200000000000006,3.552713678800501e-15,88.89423920149628,88.89423920149626,1.4210854715202004e-14,4.14695039083922,0.032398049928431406,0.5847894500715686
near_1e21,secondary_control,13,128,0.9,77,51,0,0.6015625,0.3984375,0.0,1.7971734739238432,1.7971734739238432e-10,0.02452382566949063,12.799999999999997,12.800000000000002,5.329070518200751e-15,97.71118858576054,97.71118858576054,0.0,1.676778292960775,0.013099830413756055,0.5884626695862439
near_1e21,secondary_control,13,128,0.95,76,52,0,0.59375,0.40625,0.0,1.9525720002529456,1.9525720002529458e-10,0.0018018497713114812,6.400000000000006,6.400000000000006,0.0,107.76339222055418,107.76339222055415,2.842170943040401e-14,0.38009196960104225,0.0029694685125081425,0.5907805314874919
near_1e21,secondary_control,13,256,0.1,256,0,0,1.0,0.0,0.0,0.9998785341666354,1e-10,0.6830913101692059,230.4,230.39999999999998,2.842170943040401e-14,209.7636466645029,209.7636466645029,0.0,253.06653866912933,0.9885411666762864,0.011458833323713558
near_1e21,secondary_control,13,256,0.15,256,0,0,1.0,0.0,0.0,0.9998178012499532,1e-10,0.5246369652538089,217.6,217.60000000000002,2.842170943040401e-14,190.36820499513146,190.3682049951315,2.842170943040401e-14,248.7272493913095,0.9715908179348027,0.02840918206519727
near_1e21,secondary_control,13,256,0.2,256,0,0,1.0,0.0,0.0,0.9997570683332709,1e-10,0.36618262033841176,204.8,204.8,0.0,173.45458665801152,173.45458665801152,0.0,241.80992159461437,0.9445700062289624,0.05542999377103763
near_1e21,secondary_control,13,256,0.25,256,0,0,1.0,0.0,0.0,0.9996963354165886,1e-10,0.20772827542301475,192.0,192.0,0.0,159.022791653143,159.02279165314303,2.842170943040401e-14,231.8158272583149,0.9055305752277926,0.09446942477220743
near_1e21,secondary_control,13,256,0.3,256,0,0,1.0,0.0,0.0,0.9996356024999064,1e-10,0.04927393050761775,179.2,179.20000000000002,2.842170943040401e-14,147.07281998052594,147.07281998052594,0.0,218.34517080893713,0.8529108234724107,0.14708917652758935
near_1e21,secondary_control,13,256,0.35,248,8,0,0.96875,0.03125,0.0,0.9995748695832241,1e-10,0.009656882509176734,166.4,166.4,0.0,137.6046716401603,137.60467164016032,2.842170943040401e-14,201.22107534551833,0.786019825568431,0.18273017443156903
near_1e21,secondary_control,13,256,0.4,230,26,0,0.8984375,0.1015625,0.0,0.9995141366665419,1e-10,0.0010722800491085316,153.6,153.6,0.0,130.6183466320461,130.61834663204613,2.842170943040401e-14,180.62516184239976,0.7055670384468741,0.19287046155312593
near_1e21,secondary_control,13,256,0.45,212,44,0,0.828125,0.171875,0.0,0.9994534037498596,1e-10,0.0043355326825655904,140.8,140.8,0.0,126.11384495618336,126.11384495618339,2.842170943040401e-14,157.19638083263436,0.614048362627478,0.21407663737252203
near_1e21,secondary_control,13,256,0.5,201,55,0,0.78515625,0.21484375,0.0,0.9993926708331773,1e-10,0.00461099562691214,128.0,128.0,0.0,124.09116661257204,124.09116661257205,1.4210854715202004e-14,132.03196043077645,0.5157498454327205,0.2694064045672795
near_1e21,secondary_control,13,256,0.55,188,68,0,0.734375,0.265625,0.0,0.999331937916495,1e-10,0.0007231896925141701,115.19999999999999,115.19999999999999,0.0,124.55031160121217,124.55031160121219,1.4210854715202004e-14,106.5516402920893,0.41621734489097384,0.31815765510902616
near_1e21,secondary_control,13,256,0.6,182,74,0,0.7109375,0.2890625,0.0,0.9992712049998127,1e-10,0.00045492488228482397,102.4,102.39999999999999,1.4210854715202004e-14,127.49127992210373,127.49127992210376,2.842170943040401e-14,82.24687999372763,0.32127687497549856,0.38966062502450144
near_1e21,secondary_control,13,256,0.65,174,82,0,0.6796875,0.3203125,0.0,1.0599064839001615,1.0599064839001615e-10,0.004146924268109142,89.6,89.6,0.0,132.91407157524677,132.9140715752468,2.842170943040401e-14,60.401129126911215,0.23594191065199693,0.44374558934800307
near_1e21,secondary_control,13,256,0.7,173,83,0,0.67578125,0.32421875,0.0,1.2183608288155585,1.2183608288155586e-10,0.00373774355822043,76.80000000000001,76.80000000000001,0.0,140.8186865606412,140.81868656064123,2.842170943040401e-14,41.885350190793204,0.16361464918278595,0.5121666008172141
near_1e21,secondary_control,13,256,0.75,165,91,0,0.64453125,0.35546875,0.0,1.3768151737309555,1.3768151737309555e-10,0.00043973746635295186,64.0,64.0,0.0,151.2051248782871,151.2051248782871,0.0,27.08902891550193,0.10581651920117942,0.5387147307988206
near_1e21,secondary_control,13,256,0.8,162,94,0,0.6328125,0.3671875,0.0,1.535269518646353,1.5352695186463531e-10,0.002847583072052684,51.19999999999999,51.2,1.4210854715202004e-14,164.07338652818447,164.07338652818447,0.0,15.977240766891153,0.06241109674566857,0.5704014032543314
near_1e21,secondary_control,13,256,0.85,159,97,0,0.62109375,0.37890625,0.0,1.69372386356175,1.69372386356175e-10,0.014405041540424879,38.400000000000006,38.400000000000006,0.0,179.42347151033317,179.42347151033323,5.684341886080802e-14,8.218322762276278,0.03210282329014171,0.5889909267098583
near_1e21,secondary_control,13,256,0.9,155,101,0,0.60546875,0.39453125,0.0,1.852178208477147,1.8521782084771472e-10,0.0013231217360614167,25.599999999999994,25.60000000000001,1.4210854715202004e-14,197.25537982473344,197.25537982473347,2.842170943040401e-14,3.3223935417239527,0.01297809977235919,0.5924906502276408
near_1e21,secondary_control,13,256,0.95,153,103,0,0.59765625,0.40234375,0.0,2.010632553392544,2.010632553392544e-10,0.0013438220591661665,12.800000000000011,12.800000000000011,0.0,217.56911147138504,217.5691114713851,5.684341886080802e-14,0.7530480723664155,0.0029415940326813104,0.5947146559673187
near_1e21,secondary_control,13,512,0.1,512,0,0,1.0,0.0,0.0,0.9998785341666355,1e-10,0.6830913101692063,460.8,460.8,0.0,419.55978668072265,419.5597866807226,5.684341886080802e-14,506.0938792057884,0.9884646078238055,0.011535392176194481
near_1e21,secondary_control,13,512,0.15,512,0,0,1.0,0.0,0.0,0.9998178012499532,1e-10,0.5246369652538095,435.2,435.2,0.0,380.8095200316259,380.8095200316259,0.0,497.3589945552584,0.971404286240739,0.028595713759260954
near_1e21,secondary_control,13,512,0.2,512,0,0,1.0,0.0,0.0,0.9997570683332709,1e-10,0.36618262033841265,409.6,409.6,0.0,347.03914672289045,347.0391467228905,5.684341886080802e-14,483.43871745963435,0.9442162450383483,0.055783754961651666
near_1e21,secondary_control,13,512,0.25,512,0,0,1.0,0.0,0.0,0.9996963354165888,1e-10,0.20772827542301586,384.0,384.0,0.0,318.24866675451636,318.24866675451636,0.0,463.3357980843997,0.9049527306335932,0.09504726936640684
near_1e21,secondary_control,13,512,0.3,512,0,0,1.0,0.0,0.0,0.9996356024999065,1e-10,0.04927393050761908,358.4,358.4,0.0,294.43808012650356,294.43808012650356,0.0,436.2566144461069,0.8520637000900525,0.1479362999099475
near_1e21,secondary_control,13,512,0.35,500,12,0,0.9765625,0.0234375,0.0,0.9995748695832242,1e-10,0.0054543343216745255,332.8,332.8,0.0,275.6073868388521,275.6073868388521,0.0,401.86092713385455,0.7848846233083097,0.19167787669169034
near_1e21,secondary_control,13,512,0.4,454,58,0,0.88671875,0.11328125,0.0,0.999514136666542,1e-10,0.0010722800491090867,307.2,307.19999999999993,5.684341886080802e-14,261.75658689156194,261.75658689156194,0.0,360.53281837410066,0.7041656608869153,0.18255308911308465
near_1e21,secondary_control,13,512,0.45,422,90,0,0.82421875,0.17578125,0.0,0.9994534037498597,1e-10,0.0038434532551476774,281.6,281.59999999999997,5.684341886080802e-14,252.88568028463305,252.88568028463305,0.0,313.57473428604686,0.6124506529024353,0.21176809709756472
near_1e21,secondary_control,13,512,0.5,402,110,0,0.78515625,0.21484375,0.0,0.9993926708331774,1e-10,0.00046633914796778697,256.0,255.99999999999997,2.842170943040401e-14,248.9946670180655,248.9946670180655,0.0,263.2024243123453,0.5140672349850494,0.27108901501495064
near_1e21,secondary_control,13,512,0.55,377,135,0,0.736328125,0.263671875,0.0,0.9993319379164952,1e-10,0.0007231895104895525,230.39999999999998,230.39999999999995,2.842170943040401e-14,250.08354709185926,250.0835470918593,2.842170943040401e-14,212.2657032711609,0.41458145170148614,0.32174667329851386
near_1e21,secondary_control,13,512,0.6,363,149,0,0.708984375,0.291015625,0.0,0.9992712049998129,1e-10,0.00045492488228560113,204.8,204.8,0.0,256.15232050601435,256.15232050601435,0.0,163.74257284550035,0.31980971258886787,0.38917466241113213
near_1e21,secondary_control,13,512,0.65,350,162,0,0.68359375,0.31640625,0.0,1.0599064839001588,1.0599064839001589e-10,4.986850451227376e-05,179.2,179.19999999999996,2.842170943040401e-14,267.2009872605307,267.2009872605308,5.684341886080802e-14,120.18159187671338,0.23472967163420583,0.4488640783657942
near_1e21,secondary_control,13,512,0.7,343,169,0,0.669921875,0.330078125,0.0,1.2183608288155554,1.2183608288155555e-10,0.0037390214020339707,153.60000000000002,153.6,2.842170943040401e-14,283.2295473554084,283.22954735540844,5.684341886080802e-14,83.29978358647223,0.16269488981732858,0.5072269851826714
near_1e21,secondary_control,13,512,0.75,330,182,0,0.64453125,0.35546875,0.0,1.3768151737309524,1.3768151737309524e-10,0.0004396470137399966,128.0,127.99999999999997,2.842170943040401e-14,304.23800079064745,304.23800079064745,0.0,53.85257580388248,0.10518081211695797,0.539350437883042
near_1e21,secondary_control,13,512,0.8,323,189,0,0.630859375,0.369140625,0.0,1.5352695186463494,1.5352695186463495e-10,0.0005146902751804738,102.39999999999998,102.3999999999999,7.105427357601002e-14,330.2263475662478,330.2263475662478,0.0,31.753250693893865,0.062018067761511454,0.5688413072384886
near_1e21,secondary_control,13,512,0.85,320,192,0,0.625,0.375,0.0,1.693723863561746,1.6937238635617461e-10,0.0005993197714004861,76.80000000000001,76.79999999999998,2.842170943040401e-14,361.1945876822093,361.19458768220943,1.1368683772161603e-13,16.32981279661218,0.031894165618383166,0.5931058343816168
near_1e21,secondary_control,13,512,0.9,313,199,0,0.611328125,0.388671875,0.0,1.852178208477143,1.852178208477143e-10,0.001323036811806233,51.19999999999999,51.19999999999993,5.684341886080802e-14,397.14272113853224,397.14272113853235,1.1368683772161603e-13,6.6007504619116055,0.012892090745921105,0.5984360342540789
near_1e21,secondary_control,13,512,0.95,308,204,0,0.6015625,0.3984375,0.0,2.0106325533925395,2.0106325533925396e-10,0.0013438115227957237,25.600000000000023,25.599999999999994,2.842170943040401e-14,438.07074793521656,438.07074793521656,0.0,1.4960140641413429,0.0029219024690260603,0.598640597530974
near_1e21,secondary_control,14,128,0.1,128,0,0,1.0,0.0,0.0,0.9998872020563064,1e-10,0.6738645471294512,115.2,115.20000000000002,1.4210854715202004e-14,104.89883551369908,104.89883551369908,0.0,126.51274854492443,0.9883808480072221,0.011619151992777854
near_1e21,secondary_control,14,128,0.15,128,0,0,1.0,0.0,0.0,0.9998308030844597,1e-10,0.5107968206941769,108.8,108.80000000000001,1.4210854715202004e-14,95.22237990582292,95.22237990582293,1.4210854715202004e-14,124.31363311552907,0.9712002587150709,0.028799741284929126
near_1e21,secondary_control,14,128,0.2,128,0,0,1.0,0.0,0.0,0.9997744041126129,1e-10,0.3477290942589024,102.4,102.39999999999999,1.4210854715202004e-14,86.79534205479632,86.79534205479632,0.0,120.81016966763089,0.9438294505283663,0.05617054947163369
near_1e21,secondary_control,14,128,0.25,128,0,0,1.0,0.0,0.0,0.9997180051407661,1e-10,0.18466136782362808,96.0,96.0,0.0,79.61772196061924,79.61772196061924,0.0,115.75312346362342,0.904321277059558,0.095678722940442
near_1e21,secondary_control,14,128,0.3,128,0,0,1.0,0.0,0.0,0.9996616061689193,1e-10,0.021593641388353735,89.6,89.6,0.0,73.68951962329172,73.68951962329172,0.0,108.94575023749327,0.8511386737304162,0.14886132626958382
near_1e21,secondary_control,14,128,0.35,125,3,0,0.9765625,0.0234375,0.0,0.9996052071970726,1e-10,0.0028488972355280584,83.2,83.2,0.0,69.01073504281372,69.0107350428137,1.4210854715202004e-14,100.30671308899257,0.7836461960077544,0.19291630399224557
near_1e21,secondary_control,14,128,0.4,115,13,0,0.8984375,0.1015625,0.0,0.9995488082252257,1e-10,0.005101003154509787,76.8,76.8,0.0,65.58136821918526,65.58136821918526,0.0,89.93773933302172,0.7026385885392322,0.19579891146076778
near_1e21,secondary_control,14,128,0.45,105,23,0,0.8203125,0.1796875,0.0,0.999492409253379,1e-10,0.00022021129574889553,70.4,70.4,0.0,63.40141915240635,63.401419152406326,2.1316282072803006e-14,78.17112087169888,0.6107118818101475,0.20960061818985254
near_1e21,secondary_control,14,128,0.5,99,29,0,0.7734375,0.2265625,0.0,0.9994360102815322,1e-10,0.021515318939834716,64.0,63.999999999999986,1.4210854715202004e-14,62.47088784247697,62.47088784247697,0.0,65.56654053530086,0.512238597932038,0.26119890206796204
near_1e21,secondary_control,14,128,0.55,95,33,0,0.7421875,0.2578125,0.0,0.9993796113096854,1e-10,0.0012229077813497025,57.599999999999994,57.599999999999994,0.0,62.78977428939713,62.78977428939713,0.0,52.83917704033292,0.41280607062760094,0.32938142937239906
near_1e21,secondary_control,14,128,0.6,91,37,0,0.7109375,0.2890625,0.0,0.9993232123378386,1e-10,0.00147587232426738,51.2,51.2,0.0,64.35807849316684,64.35807849316683,1.4210854715202004e-14,40.732104832469936,0.3182195690036714,0.3927179309963286
near_1e21,secondary_control,14,128,0.65,87,41,0,0.6796875,0.3203125,0.0,1.119880443658567,1.119880443658567e-10,0.02803382253529174,44.8,44.8,0.0,67.17580045378608,67.17580045378607,1.4210854715202004e-14,29.877425895069948,0.23341738980523397,0.44627011019476603
near_1e21,secondary_control,14,128,0.7,84,44,0,0.65625,0.34375,0.0,1.2829481700938414,1.2829481700938414e-10,0.007491579844035479,38.400000000000006,38.4,7.105427357601002e-15,71.24294017125486,71.24294017125484,1.4210854715202004e-14,20.697629778549718,0.16170023264491967,0.4945497673550803
near_1e21,secondary_control,14,128,0.75,82,46,0,0.640625,0.359375,0.0,1.4460158965291159,1.446015896529116e-10,0.03510538675543029,32.0,32.0,0.0,76.55949764557317,76.55949764557317,0.0,13.375218379051233,0.10449389358633776,0.5361311064136622
near_1e21,secondary_control,14,128,0.8,81,47,0,0.6328125,0.3671875,0.0,1.6090836229643903,1.6090836229643903e-10,0.029220920794207794,25.599999999999994,25.599999999999987,7.105427357601002e-15,83.12547287674107,83.12547287674103,4.263256414560601e-14,7.883985225224177,0.061593634572063884,0.5712188654279361
near_1e21,secondary_control,14,128,0.85,81,47,0,0.6328125,0.3671875,0.0,1.7721513493996643,1.7721513493996644e-10,0.002716004238558445,19.200000000000003,19.199999999999996,7.105427357601002e-15,90.94086586475842,90.94086586475842,0.0,4.053623159342012,0.031668930932359465,0.6011435690676405
near_1e21,secondary_control,14,128,0.9,80,48,0,0.625,0.375,0.0,1.9352190758349388,1.935219075834939e-10,0.011806377668139079,12.799999999999997,12.799999999999997,0.0,100.0056766096254,100.00567660962537,2.842170943040401e-14,1.6383069997071602,0.012799273435212189,0.6122007265647879
near_1e21,secondary_control,14,128,0.95,79,49,0,0.6171875,0.3828125,0.0,2.0982868022702132,2.0982868022702132e-10,0.007893460574694089,6.400000000000006,6.400000000000002,3.552713678800501e-15,110.31990511134185,110.31990511134182,2.842170943040401e-14,0.3712838581456414,0.0029006551417628235,0.6142868448582371
near_1e21,secondary_control,14,256,0.1,256,0,0,1.0,0.0,0.0,0.9998872020563105,1e-10,0.6738645471294513,230.4,230.4,0.0,209.8252475789142,209.82524757891417,2.842170943040401e-14,252.99224289029053,0.9882509487901974,0.01174905120980263
near_1e21,secondary_control,14,256,0.15,256,0,0,1.0,0.0,0.0,0.9998308030844658,1e-10,0.5107968206941771,217.6,217.60000000000002,2.842170943040401e-14,190.5068070525569,190.5068070525569,0.0,248.54628940863606,0.9708839430024846,0.029116056997515405
near_1e21,secondary_control,14,256,0.2,256,0,0,1.0,0.0,0.0,0.9997744041126211,1e-10,0.34772909425890264,204.8,204.79999999999998,2.842170943040401e-14,173.70099031565672,173.70099031565672,0.0,241.46690196630058,0.9432300858058617,0.05676991419413835
near_1e21,secondary_control,14,256,0.25,256,0,0,1.0,0.0,0.0,0.9997180051407764,1e-10,0.1846613678236284,192.0,192.0,0.0,159.4077973682136,159.4077973682136,0.0,231.25593985122583,0.9033435150438509,0.09665648495614909
near_1e21,secondary_control,14,256,0.3,256,0,0,1.0,0.0,0.0,0.9996616061689315,1e-10,0.02159364138835418,179.2,179.2,0.0,147.6272282102276,147.6272282102276,0.0,217.52518413656185,0.8497077505334447,0.15029224946655528
near_1e21,secondary_control,14,256,0.35,249,7,0,0.97265625,0.02734375,0.0,0.9996052071970868,1e-10,0.002848897235531611,166.4,166.4,0.0,138.3592828416987,138.3592828416987,0.0,200.12361607626886,0.7817328752979252,0.19092337470207477
near_1e21,secondary_control,14,256,0.4,228,28,0,0.890625,0.109375,0.0,0.9995488082252421,1e-10,0.0035899822544251947,153.6,153.59999999999997,2.842170943040401e-14,131.60396126262685,131.60396126262685,0.0,179.27241531064743,0.7002828723072165,0.19034212769278347
near_1e21,secondary_control,14,256,0.45,209,47,0,0.81640625,0.18359375,0.0,0.9994924092533973,1e-10,0.000220210211207994,140.8,140.79999999999998,2.842170943040401e-14,127.36126347301213,127.36126347301213,0.0,155.65674726680805,0.608034169010969,0.20837208098903104
near_1e21,secondary_control,14,256,0.5,199,57,0,0.77734375,0.22265625,0.0,0.9994360102815526,1e-10,0.020681437290135718,128.0,127.99999999999999,1.4210854715202004e-14,125.63118947285447,125.63118947285447,0.0,130.41347509919217,0.5094276371062194,0.2679161128937806
near_1e21,secondary_control,14,256,0.55,191,65,0,0.74609375,0.25390625,0.0,0.9993796113097079,1e-10,0.001207607854799786,115.19999999999999,115.19999999999997,1.4210854715202004e-14,126.41373926215391,126.41373926215391,0.0,104.98099397628623,0.4100820077198681,0.3360117422801319
near_1e21,secondary_control,14,256,0.6,183,73,0,0.71484375,0.28515625,0.0,0.9993232123378631,1e-10,0.0027884609984781816,102.4,102.39999999999999,1.4210854715202004e-14,129.70891284091044,129.70891284091044,0.0,80.84070531730471,0.3157840051457215,0.3990597448542785
near_1e21,secondary_control,14,256,0.65,176,80,0,0.6875,0.3125,0.0,1.119880443658566,1.1198804436585661e-10,0.00543698329070097,89.6,89.59999999999997,2.842170943040401e-14,135.51671020912406,135.51671020912408,2.842170943040401e-14,59.241107518115356,0.2314105762426381,0.4560894237573619
near_1e21,secondary_control,14,256,0.7,168,88,0,0.65625,0.34375,0.0,1.28294817009384,1.2829481700938401e-10,0.00318654441981292,76.80000000000001,76.79999999999997,4.263256414560601e-14,143.83713136679475,143.83713136679478,2.842170943040401e-14,41.00637953463544,0.1601811700571697,0.4960688299428303
near_1e21,secondary_control,14,256,0.75,166,90,0,0.6484375,0.3515625,0.0,1.446015896529115,1.446015896529115e-10,0.01446128252244061,64.0,63.99999999999997,2.842170943040401e-14,154.67017631392258,154.67017631392258,0.0,26.482157695913223,0.10344592849966103,0.544991571500339
near_1e21,secondary_control,14,256,0.8,164,92,0,0.640625,0.359375,0.0,1.6090836229643894,1.6090836229643895e-10,0.00713530649529992,51.19999999999999,51.19999999999996,2.842170943040401e-14,168.0158450505075,168.0158450505075,0.0,15.60233797718283,0.06094663272337043,0.5796783672766296
near_1e21,secondary_control,14,256,0.85,162,94,0,0.6328125,0.3671875,0.0,1.7721513493996635,1.7721513493996636e-10,0.002714380687692808,38.400000000000006,38.39999999999996,4.263256414560601e-14,183.8741375765494,183.87413757654946,5.684341886080802e-14,8.019398592072907,0.03132577575028479,0.6014867242497152
near_1e21,secondary_control,14,256,0.9,159,97,0,0.62109375,0.37890625,0.0,1.935219075834938,1.935219075834938e-10,0.01098745969061854,25.599999999999994,25.59999999999995,4.263256414560601e-14,202.24505389204853,202.24505389204853,0.0,3.2404253522551327,0.012657911532246612,0.6084358384677534
near_1e21,secondary_control,14,256,0.95,157,99,0,0.61328125,0.38671875,0.0,2.098286802270212,2.098286802270212e-10,0.003047433327354132,12.800000000000011,12.799999999999983,2.842170943040401e-14,223.12859399700466,223.12859399700469,2.842170943040401e-14,0.7342850912339802,0.0028683011376327353,0.6104129488623673
near_1e21,secondary_control,14,512,0.1,512,0,0,1.0,0.0,0.0,0.9998919239412264,1e-10,0.662446793947825,460.8,460.79999999999995,5.684341886080802e-14,419.58493560270705,419.584935602707,5.684341886080802e-14,506.0635451437072,0.9884053616088031,0.011594638391196899
near_1e21,secondary_control,14,512,0.15,512,0,0,1.0,0.0,0.0,0.9998378859118395,1e-10,0.4936701909217376,435.2,435.20000000000005,5.684341886080802e-14,380.8661051060908,380.8661051060908,0.0,497.2851021942281,0.9712599652231018,0.028740034776898238
near_1e21,secondary_control,14,512,0.2,512,0,0,1.0,0.0,0.0,0.9997838478824527,1e-10,0.32489358789565004,409.6,409.6,0.0,347.13974241082815,347.13974241082815,0.0,483.29862445264865,0.9439426258840794,0.0560573741159206
near_1e21,secondary_control,14,512,0.25,512,0,0,1.0,0.0,0.0,0.9997298098530658,1e-10,0.1561169848695626,384.0,384.0,0.0,318.40584751691904,318.40584751691904,0.0,463.1070727812707,0.9045060015259193,0.09549399847408069
near_1e21,secondary_control,14,512,0.3,511,1,0,0.998046875,0.001953125,0.0,0.9996757718236791,1e-10,0.012659618156524832,358.4,358.4,0.0,294.66442042436336,294.6644204243634,5.684341886080802e-14,435.9215130724329,0.8514092052195955,0.1466376697804045
near_1e21,secondary_control,14,512,0.35,499,13,0,0.974609375,0.025390625,0.0,0.9996217337942922,1e-10,0.0022468051212332085,332.8,332.8,0.0,275.9154611331613,275.9154611331613,0.0,401.41222802497265,0.7840082578612747,0.1906011171387253
near_1e21,secondary_control,14,512,0.4,455,57,0,0.888671875,0.111328125,0.0,0.9995676957649053,1e-10,0.00022516564719454735,307.2,307.2,0.0,262.1589696433127,262.1589696433127,0.0,359.97944349720365,0.7030848505804759,0.18558702441952413
near_1e21,secondary_control,14,512,0.45,423,89,0,0.826171875,0.173828125,0.0,0.9995136577355186,1e-10,0.00022021021120866013,281.6,281.59999999999997,5.684341886080802e-14,253.3949459548176,253.39494595481764,5.684341886080802e-14,312.94452105662594,0.6112197676887225,0.21495210731127745
near_1e21,secondary_control,14,512,0.5,399,113,0,0.779296875,0.220703125,0.0,0.9994596197061317,1e-10,0.006327805576917589,256.0,255.99999999999997,2.842170943040401e-14,249.62339006767604,249.62339006767604,0.0,262.53949993320884,0.5127724608070485,0.2665244141929515
near_1e21,secondary_control,14,512,0.55,383,129,0,0.748046875,0.251953125,0.0,0.9994055816767449,1e-10,0.0012076078558183045,230.39999999999998,230.39999999999998,0.0,250.844301981888,250.844301981888,0.0,211.62194867728303,0.4133241185103184,0.3347227564896816
near_1e21,secondary_control,14,512,0.6,365,147,0,0.712890625,0.287109375,0.0,1.0253192363130497,1.0253192363130497e-10,0.0026041302767669805,204.8,204.8,0.0,257.0576816974535,257.0576816974535,0.0,163.1658689327373,0.31868333775925256,0.39420728724074744
near_1e21,secondary_control,14,512,0.65,351,161,0,0.685546875,0.314453125,0.0,1.1940958393391372,1.1940958393391372e-10,0.0004819499580255293,179.2,179.20000000000005,5.684341886080802e-14,268.2635292143725,268.2635292143725,0.0,119.70557493985108,0.23379995105439663,0.45174692394560334
near_1e21,secondary_control,14,512,0.7,340,172,0,0.6640625,0.3359375,0.0,1.3628724423652248,1.3628724423652249e-10,0.0031865444195209314,153.60000000000002,153.60000000000002,0.0,284.46184453264505,284.46184453264505,0.0,82.9389264446412,0.16199009071218984,0.5020724092878102
near_1e21,secondary_control,14,512,0.75,333,179,0,0.650390625,0.349609375,0.0,1.5316490453913123,1.5316490453913123e-10,0.004800475611410837,128.0,128.0,0.0,305.6526276522711,305.6526276522711,0.0,53.603334366356,0.10469401243428907,0.5456966125657109
near_1e21,secondary_control,14,512,0.8,326,186,0,0.63671875,0.36328125,0.0,1.7004256484173998,1.7004256484174e-10,0.0071353064972233815,102.39999999999998,102.39999999999999,1.4210854715202004e-14,331.83587857325074,331.83587857325074,0.0,31.599235275836296,0.061717256398117766,0.5750014936018822
near_1e21,secondary_control,14,512,0.85,322,190,0,0.62890625,0.37109375,0.0,1.869202251443487,1.869202251443487e-10,0.0027143806876911425,76.80000000000001,76.80000000000001,0.0,363.01159729558367,363.0115972955838,1.1368683772161603e-13,16.248075940112006,0.03173452332053126,0.5971717266794687
near_1e21,secondary_control,14,512,0.9,313,199,0,0.611328125,0.388671875,0.0,2.0379788544695745,2.0379788544695745e-10,0.0020856414492380626,51.19999999999999,51.19999999999999,0.0,399.17978381927037,399.1797838192705,1.1368683772161603e-13,6.567066034553649,0.012826300848737596,0.5985018241512624
near_1e21,secondary_control,14,512,0.95,309,203,0,0.603515625,0.396484375,0.0,2.206755457495662,2.2067554574956622e-10,0.00450662796708623,25.600000000000023,25.600000000000023,0.0,440.3404381443105,440.3404381443105,0.0,1.488303011101659,0.002906841818557928,0.6006087831814421
near_1e21,secondary_control,15,128,0.1,128,0,0,1.0,0.0,0.0,0.9997865995122045,1e-10,0.6942980793547833,115.2,115.19999999999999,1.4210854715202004e-14,104.87618573591003,104.87618573591001,1.4210854715202004e-14,126.54007110268068,0.9885943054896928,0.011405694510307152
near_1e21,secondary_control,15,128,0.15,128,0,0,1.0,0.0,0.0,0.9996798992683068,1e-10,0.5414471190321749,108.8,108.79999999999998,1.4210854715202004e-14,95.17141790579754,95.17141790579754,0.0,124.38020006927836,0.9717203130412372,0.028279686958762817
near_1e21,secondary_control,15,128,0.2,128,0,0,1.0,0.0,0.0,0.9995731990244091,1e-10,0.38859615870956654,102.4,102.4,0.0,86.70474294364007,86.70474294364008,1.4210854715202004e-14,120.93640606046165,0.9448156723473566,0.05518432765264336
near_1e21,secondary_control,15,128,0.25,128,0,0,1.0,0.0,0.0,0.9994664987805114,1e-10,0.23574519838695818,96.0,96.0,0.0,79.47616084943762,79.47616084943763,1.4210854715202004e-14,115.95930026689523,0.905932033335119,0.09406796666488104
near_1e21,secondary_control,15,128,0.3,128,0,0,1.0,0.0,0.0,0.9993597985366136,1e-10,0.08289423806434981,89.6,89.60000000000001,1.4210854715202004e-14,73.48567162319017,73.48567162319017,0.0,109.2479638910522,0.8534997178988453,0.14650028210115473
near_1e21,secondary_control,15,128,0.35,127,1,0,0.9921875,0.0078125,0.0,0.9992530982927159,1e-10,0.004879468346019156,83.2,83.20000000000002,1.4210854715202004e-14,68.73327526489773,68.73327526489774,1.4210854715202004e-14,100.71162727691528,0.7868095881009006,0.20537791189909937
near_1e21,secondary_control,15,128,0.4,112,16,0,0.875,0.125,0.0,0.9991463980488182,1e-10,0.009452633990901349,76.8,76.8,0.0,65.21897177456029,65.21897177456032,2.842170943040401e-14,90.43748834906813,0.7065428777270948,0.1684571222729052
near_1e21,secondary_control,15,128,0.45,104,24,0,0.8125,0.1875,0.0,0.9990396978049204,1e-10,0.004587228682233713,70.4,70.39999999999999,1.4210854715202004e-14,62.94276115217787,62.94276115217787,0.0,78.74074650168907,0.6151620820444459,0.1973379179555541
near_1e21,secondary_control,15,128,0.5,101,27,0,0.7890625,0.2109375,0.0,0.9989329975610227,1e-10,0.015537188992315154,64.0,63.99999999999999,7.105427357601002e-15,61.90464339775046,61.904643397750476,1.4210854715202004e-14,66.166280511178,0.5169240664935781,0.27213843350642186
near_1e21,secondary_control,15,128,0.55,95,33,0,0.7421875,0.2578125,0.0,0.998826297317125,1e-10,0.0014279533894561158,57.599999999999994,57.59999999999999,7.105427357601002e-15,62.10461851127806,62.104618511278076,1.4210854715202004e-14,53.42211383840159,0.41736026436251245,0.32482723563748755
near_1e21,secondary_control,15,128,0.6,93,35,0,0.7265625,0.2734375,0.0,0.9987195970732273,1e-10,0.00751260713761992,51.2,51.2,0.0,63.542686492760666,63.54268649276068,1.4210854715202004e-14,41.254787052458944,0.3223030238473355,0.4042594761526645
near_1e21,secondary_control,15,128,0.65,89,39,0,0.6953125,0.3046875,0.0,0.9986128968293295,1e-10,0.009903235349340678,44.8,44.8,0.0,66.21884734219829,66.2188473421983,1.4210854715202004e-14,30.309195652836493,0.2367905910377851,0.4585219089622149
near_1e21,secondary_control,15,128,0.7,87,41,0,0.6796875,0.3203125,0.0,1.1399134445165169,1.1399134445165169e-10,0.017519173767049923,38.400000000000006,38.400000000000006,0.0,70.1331010595909,70.13310105959093,2.842170943040401e-14,21.025164690024074,0.16425909914081308,0.515428400859187
near_1e21,secondary_control,15,128,0.75,86,42,0,0.671875,0.328125,0.0,1.2927644048391254,1.2927644048391253e-10,0.006783822664575556,32.0,32.0,0.0,75.28544764493853,75.28544764493857,4.263256414560601e-14,13.601566199478444,0.10626223593342535,0.5656127640665747
near_1e21,secondary_control,15,128,0.8,81,47,0,0.6328125,0.3671875,0.0,1.4456153651617338,1.445615365161734e-10,0.002898128365242947,25.599999999999994,25.59999999999999,3.552713678800501e-15,81.67588709824119,81.67588709824122,2.842170943040401e-14,8.023910401018616,0.06268680000795794,0.5701256999920421
near_1e21,secondary_control,15,128,0.85,80,48,0,0.625,0.375,0.0,1.5984663254843423,1.5984663254843423e-10,0.03200755054826643,19.200000000000003,19.199999999999996,7.105427357601002e-15,89.30441941949883,89.30441941949887,4.263256414560601e-14,4.127903214602958,0.03224924386408561,0.5927507561359144
near_1e21,secondary_control,15,128,0.9,79,49,0,0.6171875,0.3828125,0.0,1.7513172858069508,1.751317285806951e-10,0.008264185883566366,12.799999999999997,12.799999999999992,5.329070518200751e-15,98.1710446087115,98.17104460871154,4.263256414560601e-14,1.6689238731545604,0.013038467759020003,0.60414903224098
near_1e21,secondary_control,15,128,0.95,78,50,0,0.609375,0.390625,0.0,1.9041682461295588,1.9041682461295588e-10,0.026437853508473497,6.400000000000006,6.399999999999999,7.105427357601002e-15,108.27576266587917,108.2757626658792,2.842170943040401e-14,0.37829334092428196,0.002955416725970953,0.606419583274029
near_1e21,secondary_control,15,256,0.1,256,0,0,1.0,0.0,0.0,0.9999567112994937,1e-10,0.6942980792583491,230.4,230.39999999999998,2.842170943040401e-14,209.75842491136834,209.7584249113683,2.842170943040401e-14,253.07283854000272,0.9885657755468856,0.011434224453114372
near_1e21,secondary_control,15,256,0.15,256,0,0,1.0,0.0,0.0,0.9999350669492406,1e-10,0.5414471188875237,217.6,217.6,0.0,190.3564560505787,190.3564560505787,0.0,248.74260102540953,0.971650785255506,0.028349214744494033
near_1e21,secondary_control,15,256,0.2,256,0,0,1.0,0.0,0.0,0.9999134225989875,1e-10,0.38859615851669815,204.8,204.79999999999998,2.842170943040401e-14,173.43369964547327,173.43369964547324,2.842170943040401e-14,241.83904331014338,0.9446837629302476,0.055316237069752416
near_1e21,secondary_control,15,256,0.25,256,0,0,1.0,0.0,0.0,0.9998917782487343,1e-10,0.2357451981458728,192.0,192.0,0.0,158.99015569605197,158.99015569605194,2.842170943040401e-14,231.86341216291672,0.9057164537613934,0.09428354623860657
near_1e21,secondary_control,15,256,0.3,256,0,0,1.0,0.0,0.0,0.9998701338984812,1e-10,0.08289423777504745,179.2,179.2,0.0,147.02582420231482,147.02582420231482,0.0,218.41496331835836,0.8531834504623373,0.14681654953766266
near_1e21,secondary_control,15,256,0.35,252,4,0,0.984375,0.015625,0.0,0.9998484895482281,1e-10,0.004879468346021043,166.4,166.39999999999998,2.842170943040401e-14,137.54070516426185,137.54070516426185,0.0,201.31465784570236,0.7863853822097748,0.19798961779022517
near_1e21,secondary_control,15,256,0.4,223,33,0,0.87109375,0.12890625,0.0,0.9998268451979749,1e-10,0.001986143713129218,153.6,153.59999999999997,2.842170943040401e-14,130.53479858189303,130.534798581893,2.842170943040401e-14,180.74076994264937,0.7060186325884741,0.16507511741152592
near_1e21,secondary_control,15,256,0.45,210,46,0,0.8203125,0.1796875,0.0,0.9998052008477218,1e-10,0.003428543993068134,140.8,140.79999999999995,5.684341886080802e-14,126.00810445520837,126.00810445520835,1.4210854715202004e-14,157.3282931737696,0.6145636452100375,0.20574885478996252
near_1e21,secondary_control,15,256,0.5,200,56,0,0.78125,0.21875,0.0,0.9997835564974688,1e-10,0.0003661165434658553,128.0,127.99999999999997,2.842170943040401e-14,123.96062278420786,123.96062278420784,1.4210854715202004e-14,132.1710042431899,0.5162929853249606,0.2649570146750394
near_1e21,secondary_control,15,256,0.55,191,65,0,0.74609375,0.25390625,0.0,0.9997619121472155,1e-10,0.013194015280062255,115.19999999999999,115.19999999999996,2.842170943040401e-14,124.39235356889151,124.3923535688915,1.4210854715202004e-14,106.68694352382498,0.4167458731399413,0.3293478768600587
near_1e21,secondary_control,15,256,0.6,187,69,0,0.73046875,0.26953125,0.0,0.9997402677969625,1e-10,0.007186510128246781,102.4,102.39999999999999,1.4210854715202004e-14,127.30329680925931,127.30329680925928,2.842170943040401e-14,82.36833030106828,0.321751290238548,0.408717459761452
near_1e21,secondary_control,15,256,0.65,179,77,0,0.69921875,0.30078125,0.0,0.9997186234467094,1e-10,0.008257065791223761,89.6,89.59999999999998,1.4210854715202004e-14,132.69345250531128,132.69345250531128,0.0,60.501553380553254,0.23633419289278615,0.4628845571072139
near_1e21,secondary_control,15,256,0.7,173,83,0,0.67578125,0.32421875,0.0,1.139913445191556,1.1399134451915561e-10,0.0026078621207965558,76.80000000000001,76.79999999999998,2.842170943040401e-14,140.56282065704738,140.56282065704738,0.0,41.96159391529884,0.1639124762316361,0.5118687737683639
near_1e21,secondary_control,15,256,0.75,171,85,0,0.66796875,0.33203125,0.0,1.2927644055623815,1.2927644055623815e-10,0.0075794574512300095,64.0,63.999999999999986,1.4210854715202004e-14,150.91140126446766,150.91140126446766,0.0,27.14175314575394,0.10602247322560132,0.5619462767743987
near_1e21,secondary_control,15,256,0.8,165,91,0,0.64453125,0.35546875,0.0,1.4456153659332074,1.4456153659332075e-10,0.005807367119156082,51.19999999999999,51.199999999999974,1.4210854715202004e-14,163.73919432757214,163.73919432757214,0.0,16.009850364571953,0.06253847798660919,0.5819927720133908
near_1e21,secondary_control,15,256,0.85,162,94,0,0.6328125,0.3671875,0.0,1.5984663263040324,1.5984663263040325e-10,0.015235848512951677,38.400000000000006,38.39999999999998,2.842170943040401e-14,179.04619984636065,179.0461998463607,5.684341886080802e-14,8.2356397469777,0.03217046776163164,0.6006420322383683
near_1e21,secondary_control,15,256,0.9,158,98,0,0.6171875,0.3828125,0.0,1.7513172866748579,1.751317286674858e-10,0.005124728198430906,25.599999999999994,25.59999999999998,1.4210854715202004e-14,196.83241782083348,196.83241782083348,0.0,3.329532844516194,0.013005987673891382,0.6041815123261086
near_1e21,secondary_control,15,256,0.95,154,102,0,0.6015625,0.3984375,0.0,1.9041682470456833,1.9041682470456833e-10,0.01227135310521632,12.800000000000011,12.799999999999955,5.684341886080802e-14,217.09784825099035,217.09784825099035,0.0,0.7546827447620863,0.0029479794717268996,0.5986145205282731
near_1e21,secondary_control,15,512,0.1,512,0,0,1.0,0.0,0.0,0.999957206467232,1e-10,0.6879936471328538,460.8,460.8,0.0,419.54336771910727,419.5433677191072,5.684341886080802e-14,506.1136853488855,0.988503291697042,0.011496708302958014
near_1e21,secondary_control,15,512,0.15,512,0,0,1.0,0.0,0.0,0.9999358097008479,1e-10,0.5319904706992806,435.2,435.19999999999993,5.684341886080802e-14,380.7725773679913,380.7725773679913,0.0,497.40724846621094,0.9714985321605683,0.02850146783943175
near_1e21,secondary_control,15,512,0.2,512,0,0,1.0,0.0,0.0,0.9999144129344638,1e-10,0.37598729426570754,409.6,409.59999999999997,5.684341886080802e-14,346.973470876429,346.973470876429,0.0,483.5302237263849,0.9443949682155955,0.05560503178440446
near_1e21,secondary_control,15,512,0.25,512,0,0,1.0,0.0,0.0,0.9998930161680798,1e-10,0.21998411783213445,384.0,384.0,0.0,318.14604824442034,318.1460482444204,5.684341886080802e-14,463.4852477775074,0.9052446245654442,0.09475537543455581
near_1e21,secondary_control,15,512,0.3,512,0,0,1.0,0.0,0.0,0.9998716194016958,1e-10,0.06398094139856136,358.4,358.4,0.0,294.2903094719653,294.2903094719653,0.0,436.4756699956389,0.8524915429602322,0.14750845703976778
near_1e21,secondary_control,15,512,0.35,501,11,0,0.978515625,0.021484375,0.0,0.9998502226353118,1e-10,0.0008832090828843064,332.8,332.8,0.0,275.4062545590639,275.4062545590639,0.0,402.15441068077564,0.7854578333608899,0.19305779163911008
near_1e21,secondary_control,15,512,0.4,448,64,0,0.875,0.125,0.0,0.9998288258689277,1e-10,0.001986143719475253,307.2,307.2,0.0,261.4938835057161,261.4938835057161,0.0,360.8950187851606,0.7048730835647667,0.17012691643523326
near_1e21,secondary_control,15,512,0.45,424,88,0,0.828125,0.171875,0.0,0.9998074291025437,1e-10,0.003428543993845956,281.6,281.59999999999997,5.684341886080802e-14,252.55319631192197,252.55319631192197,0.0,313.9875525553056,0.6132569385845813,0.2148680614154187
near_1e21,secondary_control,15,512,0.5,400,112,0,0.78125,0.21875,0.0,0.9997860323361596,1e-10,0.0003661006410176082,256.0,255.99999999999997,2.842170943040401e-14,248.58419297768143,248.58419297768143,0.0,263.6370366714508,0.5149160872489273,0.26633391275107265
near_1e21,secondary_control,15,512,0.55,379,133,0,0.740234375,0.259765625,0.0,0.9997646355697756,1e-10,0.0013281254742258941,230.39999999999998,230.39999999999995,2.842170943040401e-14,249.58687350299454,249.5868735029946,5.684341886080802e-14,212.68810837266682,0.4154064616653649,0.3248279133346351
near_1e21,secondary_control,15,512,0.6,367,145,0,0.716796875,0.283203125,0.0,0.9997432388033916,1e-10,0.00023204192407288993,204.8,204.79999999999998,2.842170943040401e-14,255.56123788786124,255.5612378878613,5.684341886080802e-14,164.12128985853624,0.3205493942549536,0.3962474807450464
near_1e21,secondary_control,15,512,0.65,355,157,0,0.693359375,0.306640625,0.0,1.0280412936364507,1.0280412936364507e-10,0.005753279715337123,179.2,179.19999999999993,5.684341886080802e-14,266.50728613228165,266.50728613228165,0.0,120.49441674199029,0.2353406576991998,0.45801871730080024
near_1e21,secondary_control,15,512,0.7,346,166,0,0.67578125,0.32421875,0.0,1.1840444700700234,1.1840444700700236e-10,0.0026078623526764044,153.60000000000002,153.59999999999997,5.684341886080802e-14,282.4250182362556,282.4250182362556,0.0,83.53707524686749,0.16315835009153806,0.5126228999084619
near_1e21,secondary_control,15,512,0.75,340,172,0,0.6640625,0.3359375,0.0,1.3400476465035966,1.3400476465035968e-10,0.007579455708399907,128.0,127.99999999999994,5.684341886080802e-14,303.31443419978325,303.31443419978325,0.0,54.01655230561298,0.10550107872190036,0.5585614212780996
near_1e21,secondary_control,15,512,0.8,328,184,0,0.640625,0.359375,0.0,1.4960508229371698,1.4960508229371698e-10,0.005309234199507795,102.39999999999998,102.39999999999992,5.684341886080802e-14,329.17553402286455,329.17553402286455,0.0,31.854615292495136,0.06221604549315456,0.5784089545068455
near_1e21,secondary_control,15,512,0.85,320,192,0,0.625,0.375,0.0,1.6520539993707426,1.6520539993707428e-10,0.015439864181673424,76.80000000000001,76.79999999999998,2.842170943040401e-14,360.0083177054993,360.0083177054994,1.1368683772161603e-13,16.38362146072689,0.031999260665482206,0.5930007393345178
near_1e21,secondary_control,15,512,0.9,314,198,0,0.61328125,0.38671875,0.0,1.8080571758043162,1.8080571758043162e-10,0.0051267880466900895,51.19999999999999,51.19999999999996,2.842170943040401e-14,395.8127852476879,395.812785247688,1.1368683772161603e-13,6.622929065718732,0.012935408331481898,0.6003458416685181
near_1e21,secondary_control,15,512,0.95,307,205,0,0.599609375,0.400390625,0.0,1.964060352237889,1.964060352237889e-10,0.0016889652331433247,25.600000000000023,25.599999999999994,2.842170943040401e-14,436.5889366494299,436.5889366494301,1.7053025658242404e-13,1.5010916333096158,0.0029318195963078434,0.5966775554036922
near_1e21,secondary_control,16,128,0.1,128,0,0,1.0,0.0,0.0,0.9998198103861965,1e-10,0.696095636055734,115.2,115.19999999999999,1.4210854715202004e-14,104.8800293362984,104.8800293362984,0.0,126.53543371394697,0.9885580758902107,0.011441924109789281
near_1e21,secondary_control,16,128,0.15,128,0,0,1.0,0.0,0.0,0.9997297155792948,1e-10,0.544143454083601,108.8,108.80000000000001,1.4210854715202004e-14,95.1800660066714,95.18006600667141,1.4210854715202004e-14,124.36889883192858,0.971632022124442,0.028367977875558004
near_1e21,secondary_control,16,128,0.2,128,0,0,1.0,0.0,0.0,0.999639620772393,1e-10,0.392191272111468,102.4,102.4,0.0,86.72011734519361,86.72011734519361,0.0,120.91496553517021,0.9446481682435173,0.05535183175648273
near_1e21,secondary_control,16,128,0.25,128,0,0,1.0,0.0,0.0,0.9995495259654913,1e-10,0.24023909013933498,96.0,96.0,0.0,79.50018335186502,79.50018335186502,0.0,115.92426094428372,0.9056582886272165,0.09434171137278347
near_1e21,secondary_control,16,128,0.3,128,0,0,1.0,0.0,0.0,0.9994594311585895,1e-10,0.08828690816720197,89.6,89.6,0.0,73.52026402668564,73.52026402668562,1.4210854715202004e-14,109.19656106085282,0.8530981332879126,0.14690186671208738
near_1e21,secondary_control,16,128,0.35,123,5,0,0.9609375,0.0390625,0.0,0.9993693363516878,1e-10,0.0034461373570496834,83.2,83.2,0.0,68.78035936965544,68.78035936965546,1.4210854715202004e-14,100.64268438605976,0.7862709717660918,0.17466652823390816
near_1e21,secondary_control,16,128,0.4,115,13,0,0.8984375,0.1015625,0.0,0.999279241544786,1e-10,0.0029955707330251435,76.8,76.8,0.0,65.28046938077446,65.28046938077446,0.0,90.35229151917022,0.7058772774935174,0.19256022250648264
near_1e21,secondary_control,16,128,0.45,107,21,0,0.8359375,0.1640625,0.0,0.9991891467378843,1e-10,0.007909950034141966,70.4,70.4,0.0,63.020594060042676,63.02059406004267,7.105427357601002e-15,78.64349858838263,0.6144023327217393,0.22153516727826073
near_1e21,secondary_control,16,128,0.5,100,28,0,0.78125,0.21875,0.0,0.9990990519309825,1e-10,0.0051061697965607555,64.0,64.0,0.0,62.00073340746009,62.00073340746009,0.0,66.06373465103493,0.5161229269612104,0.2651270730387896
near_1e21,secondary_control,16,128,0.55,95,33,0,0.7421875,0.2578125,0.0,0.9990089571240808,1e-10,0.0028603696612938823,57.599999999999994,57.599999999999994,0.0,62.22088742302671,62.22088742302671,0.0,53.32228673376591,0.41658036510754615,0.32560713489245385
near_1e21,secondary_control,16,128,0.6,92,36,0,0.71875,0.28125,0.0,0.998918862317179,1e-10,0.020270450273787377,51.2,51.2,0.0,63.68105610674253,63.68105610674253,0.0,41.165146438619495,0.3216027065517148,0.3971472934482852
near_1e21,secondary_control,16,128,0.65,87,41,0,0.6796875,0.3203125,0.0,0.9988287675102773,1e-10,0.007562409541283177,44.8,44.8,0.0,66.38123945860755,66.38123945860755,0.0,30.235048582536674,0.23621131705106777,0.4434761829489322
near_1e21,secondary_control,16,128,0.7,84,44,0,0.65625,0.34375,0.0,1.127330547609862,1.1273305476098621e-10,0.0007126014172209594,38.400000000000006,38.400000000000006,0.0,70.32143747862177,70.32143747862177,0.0,20.968854631964504,0.1638191768122227,0.4924308231877773
near_1e21,secondary_control,16,128,0.75,82,46,0,0.640625,0.359375,0.0,1.279282729581995,1.279282729581995e-10,0.008884644648238793,32.0,31.999999999999996,3.552713678800501e-15,75.5016501667852,75.5016501667852,0.0,13.56261747574995,0.10595794902929648,0.5346670509707036
near_1e21,secondary_control,16,128,0.8,80,48,0,0.625,0.375,0.0,1.431234911554128,1.431234911554128e-10,0.019646026074962242,25.599999999999994,25.599999999999998,3.552713678800501e-15,81.92187752309783,81.92187752309783,0.0,7.999816652337115,0.06249856759638371,0.5625014324036163
near_1e21,secondary_control,16,128,0.85,78,50,0,0.609375,0.390625,0.0,1.583187093526261,1.5831870935262611e-10,0.003680906699137898,19.200000000000003,19.200000000000006,3.552713678800501e-15,89.58211954755964,89.58211954755967,2.842170943040401e-14,4.115106919347751,0.0321492728074043,0.5772257271925957
near_1e21,secondary_control,16,128,0.9,77,51,0,0.6015625,0.3984375,0.0,1.735139275498394,1.7351392754983941e-10,0.041533511236338194,12.799999999999997,12.800000000000002,5.329070518200751e-15,98.48237624017071,98.48237624017071,0.0,1.6636479160539386,0.012997249344171395,0.5885652506558287
near_1e21,secondary_control,16,128,0.95,77,51,0,0.6015625,0.3984375,0.0,1.887091457470527,1.8870914574705272e-10,0.02741792436936985,6.400000000000006,6.400000000000011,5.329070518200751e-15,108.62264760093092,108.62264760093092,0.0,0.37708526632938594,0.0029459786431983276,0.5986165213568017
near_1e21,secondary_control,16,256,0.1,256,0,0,1.0,0.0,0.0,0.9999425103428544,1e-10,0.6727021376270867,230.4,230.39999999999998,2.842170943040401e-14,209.77622510919923,209.77622510919923,0.0,253.05136448311524,0.9884818925121689,0.011518107487831108
near_1e21,secondary_control,16,256,0.15,256,0,0,1.0,0.0,0.0,0.9999137655142817,1e-10,0.5090532064406301,217.6,217.60000000000002,2.842170943040401e-14,190.39650649569825,190.39650649569825,0.0,248.6902773138319,0.9714463957571559,0.028553604242844144
near_1e21,secondary_control,16,256,0.2,256,0,0,1.0,0.0,0.0,0.999885020685709,1e-10,0.3454042752541734,204.8,204.8,0.0,173.5049004367969,173.5049004367969,0.0,241.73980039992423,0.944296095312204,0.05570390468779596
near_1e21,secondary_control,16,256,0.25,256,0,0,1.0,0.0,0.0,0.9998562758571361,1e-10,0.18175534406771676,192.0,192.0,0.0,159.10140693249517,159.10140693249517,0.0,231.70128228747188,0.905083133935437,0.09491686606456295
near_1e21,secondary_control,16,256,0.3,256,0,0,1.0,0.0,0.0,0.9998275310285634,1e-10,0.018106412881260137,179.2,179.20000000000002,2.842170943040401e-14,147.18602598279307,147.18602598279307,0.0,218.17723378002037,0.8522548194532046,0.14774518054679542
near_1e21,secondary_control,16,256,0.35,247,9,0,0.96484375,0.03515625,0.0,0.9997987861999906,1e-10,0.0034461373570492393,166.4,166.40000000000003,2.842170943040401e-14,137.75875758769055,137.75875758769052,2.842170943040401e-14,200.99600551619778,0.7851406465476476,0.1797031034523524
near_1e21,secondary_control,16,256,0.4,228,28,0,0.890625,0.109375,0.0,0.9997700413714178,1e-10,0.0007515032128905252,153.6,153.6,0.0,130.81960174718765,130.81960174718765,0.0,180.34728500086723,0.7044815820346376,0.18614341796536238
near_1e21,secondary_control,16,256,0.45,216,40,0,0.84375,0.15625,0.0,0.999741296542845,1e-10,0.0059118711615842034,140.8,140.8,0.0,126.36855846128437,126.36855846128435,1.4210854715202004e-14,156.8795295395705,0.6128106622639473,0.23093933773605269
near_1e21,secondary_control,16,256,0.5,202,54,0,0.7890625,0.2109375,0.0,0.9997125517142722,1e-10,0.004920646131232109,128.0,128.0,0.0,124.4056277299807,124.40562772998068,1.4210854715202004e-14,131.69822217015025,0.5144461803521494,0.2746163196478506
near_1e21,secondary_control,16,256,0.55,193,63,0,0.75390625,0.24609375,0.0,0.9996838068856995,1e-10,0.005424518331301309,115.19999999999999,115.20000000000002,2.842170943040401e-14,124.93080955327665,124.93080955327665,0.0,106.22711921466076,0.4149496844322686,0.3389565655677314
near_1e21,secondary_control,16,256,0.6,182,74,0,0.7109375,0.2890625,0.0,0.9996550620571267,1e-10,0.00992854383468833,102.4,102.4,0.0,127.94410393117221,127.9441039311722,1.4210854715202004e-14,81.95578911272722,0.3201398012215907,0.3907976987784093
near_1e21,secondary_control,16,256,0.65,175,81,0,0.68359375,0.31640625,0.0,1.1274361054239366,1.1274361054239366e-10,0.0003214971523091137,89.6,89.60000000000001,1.4210854715202004e-14,133.44551086366738,133.44551086366738,0.0,60.160585006129196,0.23500228518019217,0.44859146481980783
near_1e21,secondary_control,16,256,0.7,171,85,0,0.66796875,0.33203125,0.0,1.2910850366103928,1.2910850366103927e-10,0.000752529014989678,76.80000000000001,76.80000000000001,0.0,141.43503035076216,141.43503035076213,2.842170943040401e-14,41.702822740393444,0.1629016513296619,0.505067098670338
near_1e21,secondary_control,16,256,0.75,164,92,0,0.640625,0.359375,0.0,1.4547339677968498,1.45473396779685e-10,0.008795197799912557,64.0,64.00000000000003,2.842170943040401e-14,151.91266239245658,151.91266239245655,2.842170943040401e-14,26.962860998500886,0.10532367577539409,0.5353013242246059
near_1e21,secondary_control,16,256,0.8,160,96,0,0.625,0.375,0.0,1.6183828989833065,1.6183828989833065e-10,0.011165757350199534,51.19999999999999,51.19999999999999,0.0,164.8784069887506,164.87840698875056,5.684341886080802e-14,15.899231730076428,0.06210637394561105,0.562893626054389
near_1e21,secondary_control,16,256,0.85,156,100,0,0.609375,0.390625,0.0,1.782031830169763,1.782031830169763e-10,0.0036809232410741632,38.400000000000006,38.400000000000006,0.0,180.33226413964417,180.33226413964417,0.0,8.176906151736349,0.03194103965522011,0.5774339603447799
near_1e21,secondary_control,16,256,0.9,155,101,0,0.60546875,0.39453125,0.0,1.9456807613562197,1.9456807613562198e-10,0.003064872304412547,25.599999999999994,25.60000000000001,1.4210854715202004e-14,198.27423384513747,198.27423384513742,5.684341886080802e-14,3.305321056047404,0.012911410375185171,0.5925573396248148
near_1e21,secondary_control,16,256,0.95,152,104,0,0.59375,0.40625,0.0,2.1093296925426763,2.1093296925426763e-10,0.0016276531704089159,12.800000000000011,12.800000000000011,0.0,218.7043161052303,218.70431610523025,5.684341886080802e-14,0.7491393078917022,0.002926325421451962,0.590823674578548
near_1e21,secondary_control,16,512,0.1,512,0,0,1.0,0.0,0.0,0.999979531436781,1e-10,0.6727021376270876,460.8,460.79999999999995,5.684341886080802e-14,419.5955621643126,419.5955621643126,0.0,506.0507287177873,0.9883803295269283,0.011619670473071664
near_1e21,secondary_control,16,512,0.15,512,0,0,1.0,0.0,0.0,0.9999692971551716,1e-10,0.5090532064406317,435.2,435.2,0.0,380.8900148697033,380.8900148697033,0.0,497.25388591452185,0.9711989959268005,0.02880100407319952
near_1e21,secondary_control,16,512,0.2,512,0,0,1.0,0.0,0.0,0.9999590628735621,1e-10,0.3454042752541754,409.6,409.6,0.0,347.18224865725034,347.18224865725034,0.0,483.2394531945963,0.9438270570206959,0.056172942979304086
near_1e21,secondary_control,16,512,0.25,512,0,0,1.0,0.0,0.0,0.9999488285919526,1e-10,0.18175534406771932,384.0,384.0,0.0,318.47226352695367,318.47226352695367,0.0,463.0104938087337,0.904317370720183,0.09568262927981697
near_1e21,secondary_control,16,512,0.3,512,0,0,1.0,0.0,0.0,0.999938594310343,1e-10,0.018106412881263245,358.4,358.4,0.0,294.7600594788133,294.7600594788133,0.0,435.7800721954079,0.8511329535066561,0.14886704649334392
near_1e21,secondary_control,16,512,0.35,495,17,0,0.966796875,0.033203125,0.0,0.9999283600287335,1e-10,0.0032628047943666916,332.8,332.8,0.0,276.04563651282916,276.04563651282916,0.0,401.2229332770223,0.7836385415566842,0.18315833344331578
near_1e21,secondary_control,16,512,0.4,455,57,0,0.888671875,0.111328125,0.0,0.9999181257471241,1e-10,0.00011348264113664186,307.2,307.2,0.0,262.3289946290014,262.3289946290014,0.0,359.74612769535946,0.702629155654999,0.18604271934500105
near_1e21,secondary_control,16,512,0.45,427,85,0,0.833984375,0.166015625,0.0,0.9999078914655146,1e-10,0.002528552411343976,281.6,281.6,0.0,253.61013382732983,253.61013382732983,0.0,312.67898803282975,0.6107011485016206,0.2232832264983794
near_1e21,secondary_control,16,512,0.5,403,109,0,0.787109375,0.212890625,0.0,0.9998976571839051,1e-10,0.004920646131233997,256.0,256.0,0.0,249.88905410781462,249.88905410781467,5.684341886080802e-14,262.260386850416,0.5122273180672188,0.2748820569327812
near_1e21,secondary_control,16,512,0.55,383,129,0,0.748046875,0.251953125,0.0,0.9998874229022956,1e-10,0.0011387177076127575,230.39999999999998,230.39999999999998,0.0,251.16575547045568,251.16575547045574,5.684341886080802e-14,211.35110517183628,0.41279512728874274,0.33525174771125726
near_1e21,secondary_control,16,512,0.6,365,147,0,0.712890625,0.287109375,0.0,0.9998771886206861,1e-10,0.007460740232351881,204.8,204.8,0.0,257.4402379152531,257.44023791525314,5.684341886080802e-14,162.92340443612883,0.31820977428931413,0.39468085071068587
near_1e21,secondary_control,16,512,0.65,353,159,0,0.689453125,0.310546875,0.0,1.12743610542393,1.12743610542393e-10,0.0003217048806294365,179.2,179.2,0.0,268.7125014422067,268.71250144220676,5.684341886080802e-14,119.50556757742295,0.2334093116746542,0.4560438133253458
near_1e21,secondary_control,16,512,0.7,342,170,0,0.66796875,0.33203125,0.0,1.2910850366103857,1.2910850366103857e-10,0.0007527952766016588,153.60000000000002,153.60000000000002,0.0,284.9825460513166,284.9825460513167,1.1368683772161603e-13,82.78738584836574,0.16169411298508934,0.5062746370149107
near_1e21,secondary_control,16,512,0.75,332,180,0,0.6484375,0.3515625,0.0,1.4547339677968418,1.454733967796842e-10,0.00879819844041041,128.0,128.0,0.0,306.25037174258284,306.25037174258296,1.1368683772161603e-13,53.49871057061601,0.1044896690832344,0.5439478309167656
near_1e21,secondary_control,16,512,0.8,324,188,0,0.6328125,0.3671875,0.0,1.6183828989832985,1.6183828989832985e-10,0.007847417672249613,102.39999999999998,102.39999999999998,0.0,332.5159785160055,332.51597851600553,5.684341886080802e-14,31.534604883642512,0.06159102516336428,0.5712214748366358
near_1e21,secondary_control,16,512,0.85,316,196,0,0.6171875,0.3828125,0.0,1.7820318301697542,1.7820318301697542e-10,0.0003001161784222939,76.80000000000001,76.80000000000004,2.842170943040401e-14,363.77936637158416,363.7793663715843,1.1368683772161603e-13,16.213783807559928,0.031667546499140484,0.5855199535008595
near_1e21,secondary_control,16,512,0.9,312,200,0,0.609375,0.390625,0.0,1.9456807613562104,1.9456807613562105e-10,0.0030523150110159936,51.19999999999999,51.19999999999999,0.0,400.04053530931935,400.0405353093195,1.7053025658242404e-13,6.552935936787128,0.012798703001537359,0.5965762969984626
near_1e21,secondary_control,16,512,0.95,304,208,0,0.59375,0.40625,0.0,2.1093296925426666,2.1093296925426665e-10,0.00258555327082044,25.600000000000023,25.600000000000023,0.0,441.2994853292108,441.2994853292108,0.0,1.4850685799261707,0.002900524570168302,0.5908494754298317
