local_index,offset_text,absolute_gamma_decimal_string,theta_unfolded_relative_x
1,538.49806962,144176897509546973538.49806962,0.0
2,538.69355122,144176897509546973538.69355122,1.3869573789296799
3,538.75465657,144176897509546973538.75465657,1.8205046594644243
4,538.85404881,144176897509546973538.85404881,2.5257004460568693
5,538.97012909,144176897509546973538.97012909,3.3492991934286085
6,539.21494632,144176897509546973539.21494632,5.086296760655522
7,539.35285980,144176897509546973539.35285980,6.064803785049996
8,539.56862583,144176897509546973539.56862583,7.5956807956272705
9,539.68588848,144176897509546973539.68588848,8.427668551458758
10,539.83553307,144176897509546973539.83553307,9.489408727093736
11,540.02924860,144176897509546973540.02924860,10.863835699999491
12,540.18683678,144176897509546973540.18683678,11.981936273573162
13,540.28742217,144176897509546973540.28742217,12.695597553576086
14,540.34476420,144176897509546973540.34476420,13.102443781718822
15,540.38204424,144176897509546973540.38204424,13.366948607568382
16,540.58516153,144176897509546973540.58516153,14.80808180963804
17,540.78543861,144176897509546973540.78543861,16.229063497615268
18,540.84291127,144176897509546973540.84291127,16.636836555917007
19,540.92679021,144176897509546973540.92679021,17.231964254737765
20,541.20534904,144176897509546973541.20534904,19.20836113676921
21,541.32890137,144176897509546973541.32890137,20.084974668566858
22,541.41339094,144176897509546973541.41339094,20.68443483542704
23,541.65737959,144176897509546973541.65737959,22.415553562164447
24,541.79556281,144176897509546973541.79556281,23.395974413146142
25,541.85031790,144176897509546973541.85031790,23.784466097833903
26,542.08248157,144176897509546973542.08248157,25.431685658272812
27,542.24277873,144176897509546973542.24277873,26.569006658732558
28,542.35507153,144176897509546973542.35507153,27.36573293660564
29,542.46334047,144176897509546973542.46334047,28.133909610225533
30,542.57541148,144176897509546973542.57541148,28.929062270545494
31,542.70254428,144176897509546973542.70254428,29.83107951955507
32,542.82136046,144176897509546973542.82136046,30.674089693337347
33,542.91010799,144176897509546973542.91010799,31.303760422425317
34,543.07959994,144176897509546973543.07959994,32.506319183565395
35,543.38073913,144176897509546973543.38073913,34.642925501783616
36,543.50159274,144176897509546973543.50159274,35.50039140220488
37,543.58736591,144176897509546973543.58736591,36.10895881236364
38,543.74503185,144176897509546973543.74503185,37.227611099273936
39,543.81807834,144176897509546973543.81807834,37.74588171047424
40,544.01975027,144176897509546973544.01975027,39.17675996927962
41,544.16925357,144176897509546973544.16925357,40.237497681214336
42,544.28632617,144176897509546973544.28632617,41.068137017297545
43,544.44386878,144176897509546973544.44386878,42.18591426812494
44,544.49836127,144176897509546973544.49836127,42.57254278508895
45,544.78528938,144176897509546973544.78528938,44.6083203692035
46,544.81148939,144176897509546973544.81148939,44.794211507794195
47,545.07065762,144176897509546973545.07065762,46.63303055256692
48,545.12786450,144176897509546973545.12786450,47.03891788079395
49,545.29541631,144176897509546973545.29541631,48.22771119552293
50,545.35569445,144176897509546973545.35569445,48.65538935582629
51,545.44097166,144176897509546973545.44097166,49.26043789064509
52,545.63730063,144176897509546973545.63730063,50.653407426597134
53,545.86593569,144176897509546973545.86593569,52.27559122061678
54,546.00667595,144176897509546973546.00667595,53.274154472193814
55,546.14653418,144176897509546973546.14653418,54.266459651313205
56,546.28120124,144176897509546973546.28120124,55.221933069608156
57,546.40502707,144176897509546973546.40502707,56.10048710548975
58,546.57977171,144176897509546973546.57977171,57.34031411670927
59,546.77399868,144176897509546973546.77399868,58.71836979677662
60,547.01567385,144176897509546973547.01567385,60.433074200339846
61,547.06638153,144176897509546973547.06638153,60.79284919166591
62,547.17360262,144176897509546973547.17360262,61.55359128684205
63,547.33787247,144176897509546973547.33787247,62.71909883636677
64,547.41732296,144176897509546973547.41732296,63.28280633295508
65,547.65081234,144176897509546973547.65081234,64.93943191046579
66,547.70972242,144176897509546973547.70972242,65.35740357710519
67,547.83219930,144176897509546973547.83219930,66.22638670628096
68,547.99230969,144176897509546973547.99230969,67.36238255885127
69,548.18748081,144176897509546973548.18748081,68.74713705767863
70,548.27390417,144176897509546973548.27390417,69.36031761719879
71,548.43013058,144176897509546973548.43013058,70.4687563251549
72,548.57172645,144176897509546973548.57172645,71.47339019720458
73,548.59911868,144176897509546973548.59911868,71.66774023078237
74,548.78990070,144176897509546973548.78990070,73.02135371873268
75,548.91500279,144176897509546973548.91500279,73.9089629200336
76,549.12983779,144176897509546973549.12983779,75.43323419928628
77,549.17395377,144176897509546973549.17395377,75.7462405589115
78,549.39251953,144176897509546973549.39251953,77.29698187478661
79,549.48411333,144176897509546973549.48411333,77.94684711414524
80,549.66535943,144176897509546973549.66535943,79.23280249714409
81,549.81436700,144176897509546973549.81436700,80.29002296560701
82,549.95191662,144176897509546973549.95191662,81.26594837458654
83,550.04693310,144176897509546973550.04693310,81.94009779865472
84,550.16280389,144176897509546973550.16280389,82.76221019794401
85,550.33927776,144176897509546973550.33927776,84.01430623248014
86,550.55709719,144176897509546973550.55709719,85.55975227810671
87,550.61352274,144176897509546973550.61352274,85.96009600832309
88,550.69573040,144176897509546973550.69573040,86.54336584365052
89,550.84648021,144176897509546973550.84648021,87.61294764240677
90,551.00682253,144176897509546973551.00682253,88.75058905663042
91,551.10186099,144176897509546973551.10186099,89.4248944305332
92,551.24581768,144176897509546973551.24581768,90.44627850679302
93,551.39596492,144176897509546973551.39596492,91.51158502384591
94,551.68573476,144176897509546973551.68573476,93.56752490657284
95,551.71324631,144176897509546973551.71324631,93.76272152496706
96,551.82875903,144176897509546973551.82875903,94.58229338934837
97,552.04365851,144176897509546973552.04365851,96.10702215928963
98,552.15628264,144176897509546973552.15628264,96.90609924966047
99,552.30993403,144176897509546973552.30993403,97.99626798750229
100,552.43051630,144176897509546973552.43051630,98.85180870921008
101,552.65042730,144176897509546973552.65042730,100.41209460904824
102,552.81352595,144176897509546973552.81352595,101.56929240214473
103,552.92580104,144176897509546973552.92580104,102.36589302617017
104,553.01661876,144176897509546973553.01661876,103.01025191668248
105,553.20954303,144176897509546973553.20954303,104.37906483744393
106,553.39828882,144176897509546973553.39828882,105.71823111284996
107,553.44837755,144176897509546973553.44837755,106.07361460508001
108,553.50088774,144176897509546973553.50088774,106.44617854710575
109,553.70070638,144176897509546973553.70070638,107.86390756710402
110,553.89727491,144176897509546973553.89727491,109.25857680016155
111,553.97773006,144176897509546973553.97773006,109.82941243873518
112,554.11361029,144176897509546973554.11361029,110.79349339392054
113,554.32057939,144176897509546973554.32057939,112.26195549191561
114,554.53735528,144176897509546973554.53735528,113.79999753888858
115,554.68245123,144176897509546973554.68245123,114.829464754756
116,554.78995866,144176897509546973554.78995866,115.5922384548294
117,554.94136164,144176897509546973554.94136164,116.66645454628221
118,555.03054036,144176897509546973555.03054036,117.29918460244865
119,555.29976658,144176897509546973555.29976658,119.20936588002334
120,555.34713411,144176897509546973555.34713411,119.54544224350293
121,555.42138916,144176897509546973555.42138916,120.07228768327984
122,555.62521816,144176897509546973555.62521816,121.5184705239659
123,555.68687388,144176897509546973555.68687388,121.9559227230845
124,555.92261295,144176897509546973555.92261295,123.62851002868524
125,556.06834425,144176897509546973556.06834425,124.66248510294294
126,556.13199528,144176897509546973556.13199528,125.11409418397652
127,556.21456980,144176897509546973556.21456980,125.69996691995564
128,556.37462970,144176897509546973556.37462970,126.83560454199142
129,556.52504892,144176897509546973556.52504892,127.9028407786083
130,556.72156251,144176897509546973556.72156251,129.2971202080301
131,556.93203846,144176897509546973556.93203846,130.7904636835272
132,557.01331401,144176897509546973557.01331401,131.3671201248448
133,557.18706423,144176897509546973557.18706423,132.59989164768712
134,557.23814035,144176897509546973557.23814035,132.96228074988957
135,557.41861170,144176897509546973557.41861170,134.24273922049704
136,557.46162615,144176897509546973557.46162615,134.5479301378422
137,557.53177607,144176897509546973557.53177607,135.04564935630228
138,557.79949483,144176897509546973557.79949483,136.94513508621193
139,557.96126527,144176897509546973557.96126527,138.09290912453932
140,558.06255869,144176897509546973558.06255869,138.81159393326826
141,558.31704915,144176897509546973558.31704915,140.6172238307328
142,558.42281292,144176897509546973558.42281292,141.3676261255008
143,558.48066977,144176897509546973558.48066977,141.7781250421719
144,558.71763178,144176897509546973558.71763178,143.45938920358404
145,558.85222953,144176897509546973558.85222953,144.4143708619592
146,558.95321133,144176897509546973558.95321133,145.13084470219584
147,559.17233565,144176897509546973559.17233565,146.68554904535117
148,559.23280271,144176897509546973559.23280271,147.11456760796364
149,559.42238040,144176897509546973559.42238040,148.45963627952116
150,559.55845193,144176897509546973559.55845193,149.42507452330346
151,559.69695889,144176897509546973559.69695889,150.4077923351339
152,559.84236234,144176897509546973559.84236234,151.4394412877685
153,559.99067925,144176897509546973559.99067925,152.49176146902622
154,560.09226995,144176897509546973560.09226995,153.21255550281575
155,560.26032561,144176897509546973560.26032561,154.40492367305734
156,560.39240582,144176897509546973560.39240582,155.34204318645442
157,560.50342582,144176897509546973560.50342582,156.12973884788124
158,560.63404186,144176897509546973560.63404186,157.0564699595796
159,560.71541875,144176897509546973560.71541875,157.63384541619467
160,560.89290858,144176897509546973560.89290858,158.8931497671079
161,560.96496221,144176897509546973560.96496221,159.40437595825412
162,561.09489709,144176897509546973561.09489709,160.326274185997
163,561.25621760,144176897509546973561.25621760,161.470855935467
164,561.38542017,144176897509546973561.38542017,162.38755836596778
165,561.47815243,144176897509546973561.47815243,163.0455010688709
166,561.65732106,144176897509546973561.65732106,164.3167166382709
167,561.91923292,144176897509546973561.91923292,166.17500195441417
168,562.00269315,144176897509546973562.00269315,166.76715887274136
169,562.20403783,144176897509546973562.20403783,168.19571526697098
170,562.38147172,144176897509546973562.38147172,169.45462271916955
171,562.48841428,144176897509546973562.48841428,170.21338862201478
172,562.55806392,144176897509546973562.55806392,170.70755831439396
173,562.77201202,144176897509546973562.77201202,172.22553696815467
174,562.89753510,144176897509546973562.89753510,173.11613312672907
175,563.01297315,144176897509546973563.01297315,173.9351752015676
176,563.13998275,144176897509546973563.13998275,174.83631833685453
177,563.38726431,144176897509546973563.38726431,176.59080051991035
178,563.52600240,144176897509546973563.52600240,177.57515821733102
179,563.62183899,144176897509546973563.62183899,178.25512638657025
180,563.85668421,144176897509546973563.85668421,179.92137175588056
181,563.99233580,144176897509546973563.99233580,180.8838304922222
182,564.14571085,144176897509546973564.14571085,181.97203857595593
183,564.21416784,144176897509546973564.21416784,182.45774632246415
184,564.24001124,144176897509546973564.24001124,182.64110728496206
185,564.50423583,144176897509546973564.50423583,184.51580160297033
186,564.64500327,144176897509546973564.64500327,185.51455769879234
187,564.73694411,144176897509546973564.73694411,186.16688521433855
188,564.96262558,144176897509546973564.96262558,187.76811305421808
189,565.02106950,144176897509546973565.02106950,188.18277727886928
190,565.14924102,144176897509546973565.14924102,189.0921643282521
191,565.39681158,144176897509546973565.39681158,190.8486969891151
192,565.47028068,144176897509546973565.47028068,191.36996605161673
193,565.59883696,144176897509546973565.59883696,192.28208300356388
194,565.70103380,144176897509546973565.70103380,193.0071776484885
195,565.90676487,144176897509546973565.90676487,194.46685582593128
196,566.06050161,144176897509546973566.06050161,195.55763012875872
197,566.24107614,144176897509546973566.24107614,196.8388206696089
198,566.28750185,144176897509546973566.28750185,197.16821474586237
199,566.47574302,144176897509546973566.47574302,198.50380070254502
200,566.57577920,144176897509546973566.57577920,199.21356529425563
201,566.69667017,144176897509546973566.69667017,200.07129626682527
202,566.91074654,144176897509546973566.91074654,201.5901850063587
203,566.98857087,144176897509546973566.98857087,202.14235476941445
204,567.04468021,144176897509546973567.04468021,202.5404549647263
205,567.28321812,144176897509546973567.28321812,204.23290026100466
206,567.45055433,144176897509546973567.45055433,205.420163876719
207,567.51524324,144176897509546973567.51524324,205.87913679825954
208,567.67644715,144176897509546973567.67644715,207.02289126152777
209,567.79850641,144176897509546973567.79850641,207.888911343846
210,567.92081915,144176897509546973567.92081915,208.75672988676823
211,568.08109033,144176897509546973568.08109033,209.89386655707767
212,568.28758217,144176897509546973568.28758217,211.35894245770857
213,568.35744451,144176897509546973568.35744451,211.85462127337354
214,568.53300095,144176897509546973568.53300095,213.10020806965835
215,568.60993166,144176897509546973568.60993166,213.64603752829177
216,568.77007138,144176897509546973568.77007138,214.78224147952673
217,568.82829572,144176897509546973568.82829572,215.19534776674922
218,569.08277847,144176897509546973569.08277847,217.00092296115534
219,569.19092747,144176897509546973569.19092747,217.76824865100986
220,569.35207738,144176897509546973569.35207738,218.91161998001655
221,569.57829458,144176897509546973569.57829458,220.5166488665246
222,569.70633310,144176897509546973569.70633310,221.42509227041137
223,569.75799872,144176897509546973569.75799872,221.79166392163572
224,569.88474088,144176897509546973569.88474088,222.69090954901696
225,570.01062839,144176897509546973570.01062839,223.5840913672013
226,570.29790622,144176897509546973570.29790622,225.6223502423149
227,570.35116356,144176897509546973570.35116356,226.00021527255387
228,570.52643669,144176897509546973570.52643669,227.24379196203054
229,570.65576376,144176897509546973570.65576376,228.16137772985655
230,570.79821205,144176897509546973570.79821205,229.17205958907712
231,570.94056292,144176897509546973570.94056292,230.18205024570958
232,571.03259420,144176897509546973571.03259420,230.83501944019307
233,571.13791776,144176897509546973571.13791776,231.58229841027077
234,571.34065748,144176897509546973571.34065748,233.0207527233935
235,571.54887139,144176897509546973571.54887139,234.49804684657596
236,571.66086055,144176897509546973571.66086055,235.29261877468653
237,571.91307312,144176897509546973571.91307312,237.08208686283558
238,572.01559231,144176897509546973572.01559231,237.80946860644926
239,572.07364312,144176897509546973572.07364312,238.2213436846272
240,572.19610584,144176897509546973572.19610584,239.09022634748547
241,572.36832838,144176897509546973572.36832838,240.31215886016705
242,572.45969528,144176897509546973572.45969528,240.96041422611927
243,572.56406744,144176897509546973572.56406744,241.70094293811482
244,572.80811221,144176897509546973572.80811221,243.43245984068108
245,572.90663878,144176897509546973572.90663878,244.13151363030698
246,573.02839289,144176897509546973573.02839289,244.9953686492935
247,573.29531621,144176897509546973573.29531621,246.88921066962897
248,573.40572205,144176897509546973573.40572205,247.67254881738776
249,573.48669872,144176897509546973573.48669872,248.2470846815185
250,573.57999956,144176897509546973573.57999956,248.90906150439255
251,573.70591204,144176897509546973573.70591204,249.80242048669746
252,573.89367648,144176897509546973573.89367648,251.13462400640773
253,573.98332383,144176897509546973573.98332383,251.77067902940732
254,574.20550129,144176897509546973574.20550129,253.34704564180896
255,574.30220527,144176897509546973574.30220527,254.0331680115505
256,574.43579681,144176897509546973574.43579681,254.98101053056803
257,574.66661007,144176897509546973574.66661007,256.6186488254859
258,574.71718917,144176897509546973574.71718917,256.97751153156474
259,574.86243597,144176897509546973574.86243597,258.0080490400869
260,575.02571804,144176897509546973575.02571804,259.16654821255844
261,575.18779705,144176897509546973575.18779705,260.3165115793874
262,575.44857098,144176897509546973575.44857098,262.1667231923781
263,575.54057038,144176897509546973575.54057038,262.81946619574563
264,575.60562145,144176897509546973575.60562145,263.28100867106696
265,575.75926846,144176897509546973575.75926846,264.3711463324631
266,575.98089634,144176897509546973575.98089634,265.9436136313933
267,576.11586250,144176897509546973576.11586250,266.90120918779246
268,576.18242080,144176897509546973576.18242080,267.3734455789107
269,576.24579124,144176897509546973576.24579124,267.8230638517508
270,576.35955945,144176897509546973576.35955945,268.6302582800096
271,576.65332876,144176897509546973576.65332876,270.71457471801494
272,576.76799658,144176897509546973576.76799658,271.5281519502188
273,576.84847101,144176897509546973576.84847101,272.09912438191395
274,577.04112756,144176897509546973577.04112756,273.4660378081476
275,577.11941330,144176897509546973577.11941330,274.0214813115667
276,577.25700154,144176897509546973577.25700154,274.997680732494
277,577.32348861,144176897509546973577.32348861,275.46941174114096
278,577.50848528,144176897509546973577.50848528,276.7819777142756
279,577.56630788,144176897509546973577.56630788,277.1922336244937
280,577.72881237,144176897509546973577.72881237,278.3452158055006
281,577.95060485,144176897509546973577.95060485,279.9188509544205
282,578.09346542,144176897509546973578.09346542,280.93245797277723
283,578.35079434,144176897509546973578.35079434,282.75822696794614
284,578.49144453,144176897509546973578.49144453,283.75615116576506
285,578.58288498,144176897509546973578.58288498,284.4049283747717
286,578.71840191,144176897509546973578.71840191,285.3664316877863
287,578.80036304,144176897509546973578.80036304,285.94795237330817
288,578.94764510,144176897509546973578.94764510,286.9929302121481
289,579.01672418,144176897509546973579.01672418,287.48305173630007
290,579.18532616,144176897509546973579.18532616,288.6792960900559
291,579.42635020,144176897509546973579.42635020,290.38938067488357
292,579.46904707,144176897509546973579.46904707,290.69231833706607
293,579.60046383,144176897509546973579.60046383,291.6247306203553
294,579.77238538,144176897509546973579.77238538,292.8445275852335
295,579.85190588,144176897509546973579.85190588,293.4087318082968
296,580.07446755,144176897509546973580.07446755,294.9878244209694
297,580.21900277,144176897509546973580.21900277,296.0133132132354
298,580.31959320,144176897509546973580.31959320,296.72701025243606
299,580.42414500,144176897509546973580.42414500,297.46881352440835
300,580.54489091,144176897509546973580.54489091,298.3255152848302
301,580.73730409,144176897509546973580.73730409,299.69070198170766
302,580.88426544,144176897509546973580.88426544,300.7334043577879
303,581.07280895,144176897509546973581.07280895,302.0711354406305
304,581.24118305,144176897509546973581.24118305,303.2657629678026
305,581.48294121,144176897509546973581.48294121,304.9810561919652
306,581.57666764,144176897509546973581.57666764,305.64605260947576
307,581.64875887,144176897509546973581.64875887,306.15754557558927
308,581.94087742,144176897509546973581.94087742,308.23014974112067
309,582.06396747,144176897509546973582.06396747,309.1034833598363
310,582.16853641,144176897509546973582.16853641,309.84540824146126
311,582.22999460,144176897509546973582.22999460,310.28145894964126
312,582.43202234,144176897509546973582.43202234,311.7148617084763
313,582.59813097,144176897509546973582.59813097,312.893415547213
314,582.72737816,144176897509546973582.72737816,313.8104345601351
315,582.89723139,144176897509546973582.89723139,315.0155566313865
316,582.95173670,144176897509546973582.95173670,315.40227610726225
317,583.00577573,144176897509546973583.00577573,315.7856872897403
318,583.20993120,144176897509546973583.20993120,317.2341864608406
319,583.32461530,144176897509546973583.32461530,318.04787920092923
320,583.48399769,144176897509546973583.48399769,319.1787098360475
321,583.56891724,144176897509546973583.56891724,319.7812207449407
322,583.86617735,144176897509546973583.86617735,321.8903046844314
323,584.00144274,144176897509546973584.00144274,322.8500233012951
324,584.06953630,144176897509546973584.06953630,323.3331524832723
325,584.22060123,144176897509546973584.22060123,324.40497008329703
326,584.33478048,144176897509546973584.33478048,325.21508087279415
327,584.49677385,144176897509546973584.49677385,326.3644366170646
328,584.54446873,144176897509546973584.54446873,326.7028355546279
329,584.70154652,144176897509546973584.70154652,327.8173148708728
330,584.74013587,144176897509546973584.74013587,328.0911093544999
331,585.09456452,144176897509546973585.09456452,330.60580859689196
332,585.20281631,144176897509546973585.20281631,331.3738635899084
333,585.33224094,144176897509546973585.33224094,332.2921415536336
334,585.39557883,144176897509546973585.39557883,332.741528881655
335,585.45588460,144176897509546973585.45588460,333.1694030789888
336,585.63951445,144176897509546973585.63951445,334.47227135635734
337,585.69993076,144176897509546973585.69993076,334.9009298437148
338,586.04449081,144176897509546973586.04449081,337.345610590301
339,586.24434024,144176897509546973586.24434024,338.7635580677792
340,586.36359745,144176897509546973586.36359745,339.6096973842165
341,586.45933567,144176897509546973586.45933567,340.28896761054256
342,586.64592152,144176897509546973586.64592152,341.6128089411914
343,586.72295597,144176897509546973586.72295597,342.1593744433118
344,586.93836792,144176897509546973586.93836792,343.68773922834595
345,587.06281400,144176897509546973587.06281400,344.57069398692613
346,587.14453576,144176897509546973587.14453576,345.15051632340754
347,587.26200780,144176897509546973587.26200780,345.9839897178136
348,587.41956144,144176897509546973587.41956144,347.1018452273614
349,587.44575222,144176897509546973587.44575222,347.2876708783737
350,587.56377024,144176897509546973587.56377024,348.12501804396715
351,587.79150355,144176897509546973587.79150355,349.7408038505729
352,587.93345896,144176897509546973587.93345896,350.7479886872966
353,588.14091679,144176897509546973588.14091679,352.21991836321104
354,588.40210054,144176897509546973588.40210054,354.0730376814437
355,588.46638336,144176897509546973588.46638336,354.5291293623866
356,588.55562735,144176897509546973588.55562735,355.16232251435395
357,588.77490863,144176897509546973588.77490863,356.7181405010962
358,588.81622124,144176897509546973588.81622124,357.0112567293363
359,588.87568977,144176897509546973588.87568977,357.43319064279723
360,589.02315465,144176897509546973589.02315465,358.4794656039648
361,589.21654335,144176897509546973589.21654335,359.85157369222793
362,589.30201963,144176897509546973589.30201963,360.45803464440684
363,589.51993911,144176897509546973589.51993911,362.0041905526791
364,589.74221938,144176897509546973589.74221938,363.5812866101443
365,589.79549323,144176897509546973589.79549323,363.9592687801362
366,589.94575468,144176897509546973589.94575468,365.0253856261523
367,590.11323902,144176897509546973590.11323902,366.2137002359067
368,590.17242236,144176897509546973590.17242236,366.6336107038111
369,590.35780470,144176897509546973590.35780470,367.9489130360319
370,590.55435890,144176897509546973590.55435890,369.3434805966085
371,590.65185369,144176897509546973590.65185369,370.03521382570887
372,590.78242680,144176897509546973590.78242680,370.9616403456693
373,590.96975297,144176897509546973590.96975297,372.2907343051424
374,591.18416735,144176897509546973591.18416735,373.8120212523008
375,591.27777694,144176897509546973591.27777694,374.4761886807906
376,591.49254717,144176897509546973591.49254717,376.0000004117818
377,591.61211553,144176897509546973591.61211553,376.84834736202424
378,591.64929179,144176897509546973591.64929179,377.11211586058374
379,591.77817312,144176897509546973591.77817312,378.0265390679331
380,591.90481839,144176897509546973591.90481839,378.92509725311794
381,592.11150194,144176897509546973592.11150194,380.3915333513281
382,592.26953505,144176897509546973592.26953505,381.5127907383646
383,592.37366040,144176897509546973592.37366040,382.25156831393247
384,592.48687094,144176897509546973592.48687094,383.0548060295314
385,592.72334336,144176897509546973592.72334336,384.7325965112563
386,592.81685215,144176897509546973592.81685215,385.39604875579124
387,592.90840454,144176897509546973592.90840454,386.04562018793195
388,592.96946037,144176897509546973592.96946037,386.4788161201587
389,593.24935089,144176897509546973593.24935089,388.4646614478338
390,593.40510822,144176897509546973593.40510822,389.5697719961713
391,593.48859646,144176897509546973593.48859646,390.16212764765896
392,593.66214983,144176897509546973593.66214983,391.39350250421637
393,593.78700021,144176897509546973593.78700021,392.27932580320294
394,593.91791282,144176897509546973593.91791282,393.2081611024559
395,594.13755820,144176897509546973594.13755820,394.766562407432
396,594.28412687,144176897509546973594.28412687,395.8064786879229
397,594.40977515,144176897509546973594.40977515,396.69796315037775
398,594.51211202,144176897509546973594.51211202,397.4240513192032
399,594.60134183,144176897509546973594.60134183,398.05714386295153
400,594.80508218,144176897509546973594.80508218,399.50269772489156
401,594.90745944,144176897509546973594.90745944,400.2290724639545
402,595.04841749,144176897509546973595.04841749,401.22918095276896
403,595.15664419,144176897509546973595.15664419,401.9970579302554
404,595.25823231,144176897509546973595.25823231,402.7178336587413
405,595.47858973,144176897509546973595.47858973,404.28128694370986
406,595.63644954,144176897509546973595.63644954,405.4013147535699
407,595.75235923,144176897509546973595.75235923,406.2237031514291
408,595.87359076,144176897509546973595.87359076,407.0838504240749
409,596.01051539,144176897509546973596.01051539,408.0553414796817
410,596.07445506,144176897509546973596.07445506,408.50899848429407
411,596.28809872,144176897509546973596.28809872,410.02481711222913
412,596.35335586,144176897509546973596.35335586,410.48782167046295
413,596.40089819,144176897509546973596.40089819,410.82513825373735
414,596.62681172,144176897509546973596.62681172,412.4280125776305
415,596.73817032,144176897509546973596.73817032,413.2181106327788
416,596.94939612,144176897509546973596.94939612,414.71677435320225
417,597.11215724,144176897509546973597.11215724,415.8715773443117
418,597.26371184,144176897509546973597.26371184,416.94686919162996
419,597.45578176,144176897509546973597.45578176,418.3096204317182
420,597.51766943,144176897509546973597.51766943,418.74871833439175
421,597.66108946,144176897509546973597.66108946,419.76629476559964
422,597.82919190,144176897509546973597.82919190,420.95899484363304
423,597.98401591,144176897509546973597.98401591,422.05748341291513
424,598.06735933,144176897509546973598.06735933,422.64881155507396
425,598.21695064,144176897509546973598.21695064,423.7101737049042
426,598.41463073,144176897509546973598.41463073,425.11272954388335
427,598.70099723,144176897509546973598.70099723,427.14452246072705
428,598.76303075,144176897509546973598.76303075,427.58465518066066
429,598.89658531,144176897509546973598.89658531,428.53223532365985
430,598.95751644,144176897509546973598.95751644,428.9645464995456
431,599.18668268,144176897509546973599.18668268,430.5904990575846
432,599.34060640,144176897509546973599.34060640,431.6825999982681
433,599.45081233,144176897509546973599.45081233,432.46451976880047
434,599.61308893,144176897509546973599.61308893,433.6158850522728
435,599.72563682,144176897509546973599.72563682,434.414421213827
436,599.81199350,144176897509546973599.81199350,435.0271286734849
437,599.99270762,144176897509546973599.99270762,436.3093096164012
438,600.19091320,144176897509546973600.19091320,437.7155938484007
439,600.29015043,144176897509546973600.29015043,438.41968982681016
440,600.40873229,144176897509546973600.40873229,439.26103748170044
441,600.49854839,144176897509546973600.49854839,439.89828979926733
442,600.66366893,144176897509546973600.66366893,441.06983306147646
443,600.83122395,144176897509546973600.83122395,442.25864915140875
444,600.91318217,144176897509546973600.91318217,442.840149190251
445,601.09853980,144176897509546973601.09853980,444.1552762030717
446,601.29299716,144176897509546973601.29299716,445.5349665183709
447,601.42660007,144176897509546973601.42660007,446.4828897084357
448,601.54985069,144176897509546973601.54985069,447.35736258397316
449,601.68685235,144176897509546973601.68685235,448.32940017350904
450,601.90696415,144176897509546973601.90696415,449.89111076519384
451,602.02496532,144176897509546973602.02496532,450.7283383787075
452,602.08429256,144176897509546973602.08429256,451.14926982846816
453,602.27030497,144176897509546973602.27030497,452.46904255706255
454,602.42115001,144176897509546973602.42115001,453.5393000201841
455,602.49691145,144176897509546973602.49691145,454.0768334158916
456,602.68132974,144176897509546973602.68132974,455.3852957372819
457,602.75648720,144176897509546973602.75648720,455.9185438472248
458,602.79720102,144176897509546973602.79720102,456.2074116131599
459,603.05766856,144176897509546973603.05766856,458.055449364921
460,603.14892897,144176897509546973603.14892897,458.7029491759193
461,603.25572121,144176897509546973603.25572121,459.46064854650166
462,603.48040741,144176897509546973603.48040741,461.0548148671869
463,603.62639664,144176897509546973603.62639664,462.0906199751498
464,603.71048984,144176897509546973603.71048984,462.68726786557943
465,604.02779976,144176897509546973604.02779976,464.9386067893021
466,604.12789223,144176897509546973604.12789223,465.648770763005
467,604.24499942,144176897509546973604.24499942,466.47965551786797
468,604.32903483,144176897509546973604.32903483,467.07589338368695
469,604.48542129,144176897509546973604.48542129,468.18546765902386
470,604.60541895,144176897509546973604.60541895,469.0368605266456
471,604.74010570,144176897509546973604.74010570,469.99247364704445
472,604.90440210,144176897509546973604.90440210,471.1581695709144
473,605.07361371,144176897509546973605.07361371,472.3587392976308
474,605.20806973,144176897509546973605.20806973,473.3127153704709
475,605.28565461,144176897509546973605.28565461,473.8631862168799
476,605.45095418,144176897509546973605.45095418,475.0359997110676
477,605.56257983,144176897509546973605.56257983,475.82799250704085
478,605.71921657,144176897509546973605.71921657,476.9393425387292
479,605.94959474,144176897509546973605.94959474,478.5738938357608
480,606.10199596,144176897509546973606.10199596,479.65519251879226
481,606.15066370,144176897509546973606.15066370,480.0004939748313
482,606.27475810,144176897509546973606.27475810,480.88095353605775
483,606.45687354,144176897509546973606.45687354,482.17307695496277
484,606.60322106,144176897509546973606.60322106,483.2114241587511
485,606.70798991,144176897509546973606.70798991,483.9547674176024
486,606.78804490,144176897509546973606.78804490,484.5227638893964
487,606.93595491,144176897509546973606.93595491,485.57219708304257
488,607.14022634,144176897509546973607.14022634,487.0215189994941
489,607.17792455,144176897509546973607.17792455,487.28899077449466
490,607.42142625,144176897509546973607.42142625,489.0166545525531
491,607.51011990,144176897509546973607.51011990,489.64594299878905
492,607.61144207,144176897509546973607.61144207,490.3648317910368
493,607.94334554,144176897509546973607.94334554,492.7197131036968
494,608.02534198,144176897509546973608.02534198,493.30148431645523
495,608.18480814,144176897509546973608.18480814,494.4329093063345
496,608.22776492,144176897509546973608.22776492,494.7376910504785
497,608.38997602,144176897509546973608.38997602,495.8885916062817
498,608.52689696,144176897509546973608.52689696,496.86005648104737
499,608.73064069,144176897509546973608.73064069,498.3056343243541
500,608.83666133,144176897509546973608.83666133,499.0578591320437
501,608.99678761,144176897509546973608.99678761,500.19396772541796
502,609.06935908,144176897509546973609.06935908,500.7088680322309
503,609.29751372,144176897509546973609.29751372,502.32764320843694
504,609.47799692,144176897509546973609.47799692,503.6081857557296
505,609.55210487,144176897509546973609.55210487,504.1339875093977
506,609.72191599,144176897509546973609.72191599,505.3388108068759
507,609.88160533,144176897509546973609.88160533,506.47181927646795
508,610.06544929,144176897509546973610.06544929,507.77620668118357
509,610.18655738,144176897509546973610.18655738,508.6354781372878
510,610.36195169,144176897509546973610.36195169,509.87991460842767
511,610.46642002,144176897509546973610.46642002,510.6211256541627
512,610.66033630,144176897509546973610.66033630,511.9969769641612
513,610.79793857,144176897509546973610.79793857,512.9732759290457
514,610.92560342,144176897509546973610.92560342,513.8790681147934
515,611.00367769,144176897509546973611.00367769,514.4330112218738
516,611.12832329,144176897509546973611.12832329,515.3173815905997
517,611.31549222,144176897509546973611.31549222,516.6453599198637
518,611.40060118,144176897509546973611.40060118,517.2492147076547
519,611.54894063,144176897509546973611.54894063,518.3016948119912
520,611.73271832,144176897509546973611.73271832,519.6056120258269
521,611.77656334,144176897509546973611.77656334,519.9166959028686
522,611.87295224,144176897509546973611.87295224,520.6005827551448
523,612.01112969,144176897509546973612.01112969,521.5809626675211
524,612.18148495,144176897509546973612.18148495,522.7896466812416
525,612.36887821,144176897509546973612.36887821,524.1192166495592
526,612.64152786,144176897509546973612.64152786,526.0536874331526
527,612.72587392,144176897509546973612.72587392,526.6521293852373
528,612.77493955,144176897509546973612.77493955,527.0002539022269
529,612.83146382,144176897509546973612.83146382,527.401298058634
530,612.97321770,144176897509546973612.97321770,528.4070530241034
531,613.18358628,144176897509546973613.18358628,529.8996347009771
532,613.35889055,144176897509546973613.35889055,531.1434323312113
533,613.47311195,144176897509546973613.47311195,531.9538421782848
534,613.61546539,144176897509546973613.61546539,532.96385106927
535,613.75987906,144176897509546973613.75987906,533.9884774546936
536,613.88875897,144176897509546973613.88875897,534.9028905870308
537,614.12268526,144176897509546973614.12268526,536.5626160754714
538,614.18548311,144176897509546973614.18548311,537.0081717770742
539,614.25708913,144176897509546973614.25708913,537.5162221399461
540,614.42058120,144176897509546973614.42058120,538.6762112789903
541,614.61996815,144176897509546973614.61996815,540.0908774243707
542,614.79980503,144176897509546973614.79980503,541.3668342802573
543,614.87285231,144176897509546973614.87285231,541.88511049657
544,615.05150131,144176897509546973615.05150131,543.152639250112
545,615.17889454,144176897509546973615.17889454,544.0565042705241
546,615.29389820,144176897509546973615.29389820,544.8724643140316
547,615.42626891,144176897509546973615.42626891,545.8116449478542
548,615.59359499,144176897509546973615.59359499,546.9988366904191
549,615.75289411,144176897509546973615.75289411,548.129076518316
550,615.82078418,144176897509546973615.82078418,548.6107619226842
551,616.01134692,144176897509546973616.01134692,549.9628196017295
552,616.15418751,144176897509546973616.15418751,550.9762848604095
553,616.35093806,144176897509546973616.35093806,552.3722455397316
554,616.41258004,144176897509546973616.41258004,552.8096002524659
555,616.56344708,144176897509546973616.56344708,553.8800138073236
556,616.66527523,144176897509546973616.66527523,554.6024925676021
557,616.81977261,144176897509546973616.81977261,555.6986636712573
558,617.02012924,144176897509546973617.02012924,557.1202097727626
559,617.23101106,144176897509546973617.23101106,558.6164329279399
560,617.32300369,144176897509546973617.32300369,559.2691278976232
561,617.51584956,144176897509546973617.51584956,560.6373845641975
562,617.62322791,144176897509546973617.62322791,561.3992424314843
563,617.85405510,144176897509546973617.85405510,563.0369795608514
564,617.95573346,144176897509546973617.95573346,563.7583955492588
565,618.11579587,144176897509546973618.11579587,564.8940509799427
566,618.20527347,144176897509546973618.20527347,565.5289016132961
567,618.35503860,144176897509546973618.35503860,566.5914970297437
568,618.49518835,144176897509546973618.49518835,567.5858705662691
569,618.65640990,144176897509546973618.65640990,568.7297501867295
570,618.73203336,144176897509546973618.73203336,569.266304603448
571,618.82744975,144176897509546973618.82744975,569.9432914205261
572,618.99485793,144176897509546973618.99485793,571.1310656690702
573,619.14112563,144176897509546973619.14112563,572.1688465436591
574,619.19109119,144176897509546973619.19109119,572.523356135019
575,619.38734216,144176897509546973619.38734216,573.9157722548155
576,619.56459430,144176897509546973619.56459430,575.1733901764208
577,619.66965198,144176897509546973619.66965198,575.9187827069159
578,619.78174625,144176897509546973619.78174625,576.7141003987714
579,619.88978937,144176897509546973619.88978937,577.4806748616702
580,620.06600573,144176897509546973620.06600573,578.7309438424342
581,620.34062588,144176897509546973620.34062588,580.6793954790346
582,620.47400851,144176897509546973620.47400851,581.6257557651155
583,620.53656123,144176897509546973620.53656123,582.0695722500232
584,620.72613868,144176897509546973620.72613868,583.4146392187617
585,620.84370924,144176897509546973620.84370924,584.2488116203427
586,621.01506314,144176897509546973621.01506314,585.4645810636734
587,621.15966056,144176897509546973621.15966056,586.4905111698481
588,621.27893976,144176897509546973621.27893976,587.3368065070707
589,621.50024474,144176897509546973621.50024474,588.9069828050184
590,621.55834175,144176897509546973621.55834175,589.3191856758423
591,621.72524685,144176897509546973621.72524685,590.5033905320845
592,621.86442787,144176897509546973621.86442787,591.4908908528101
593,621.92092319,144176897509546973621.92092319,591.8917296066826
594,622.00299140,144176897509546973622.00299140,592.474010033255
595,622.32781643,144176897509546973622.32781643,594.7786692555018
596,622.43603585,144176897509546973622.43603585,595.5464945808136
597,622.57814194,144176897509546973622.57814194,596.5547485040287
598,622.63868172,144176897509546973622.63868172,596.98428302078
599,622.78868472,144176897509546973622.78868472,598.0485661436499
600,622.93864157,144176897509546973622.93864157,599.1125218286276
601,623.02496697,144176897509546973623.02496697,599.7250073542169
602,623.19736998,144176897509546973623.19736998,600.9482203157908
603,623.37696957,144176897509546973623.37696957,602.2224935804011
604,623.50418623,144176897509546973623.50418623,603.1251058227288
605,623.66731034,144176897509546973623.66731034,604.2824842565344
606,623.73337184,144176897509546973623.73337184,604.7511958124464
607,623.94566476,144176897509546973623.94566476,606.2574308334844
608,624.03046847,144176897509546973624.03046847,606.8591198484356
609,624.20025220,144176897509546973624.20025220,608.0637488117023
610,624.29716461,144176897509546973624.29716461,608.7513500087426
611,624.38656836,144176897509546973624.38656836,609.3856766705179
612,624.52906277,144176897509546973624.52906277,610.3966857547781
613,624.71399088,144176897509546973624.71399088,611.7087652893023
614,624.85049851,144176897509546973624.85049851,612.6772976970004
615,625.02248849,144176897509546973625.02248849,613.8975801781289
616,625.11810158,144176897509546973625.11810158,614.5759625972302
617,625.28365002,144176897509546973625.28365002,615.750541843708
618,625.47204374,144176897509546973625.47204374,617.0872101546796
619,625.59269187,144176897509546973625.59269187,617.9432181582848
620,625.70043328,144176897509546973625.70043328,618.7076519649233
621,625.92386627,144176897509546973625.92386627,620.2929266617584
622,626.01532055,144176897509546973626.01532055,620.9418019957064
623,626.19869609,144176897509546973626.19869609,622.2428659235554
624,626.25895322,144176897509546973626.25895322,622.6703950162507
625,626.51505334,144176897509546973626.51505334,624.4874455784458
626,626.68464335,144176897509546973626.68464335,625.6907000830245
627,626.80090980,144176897509546973626.80090980,626.5156197212383
628,626.91231830,144176897509546973626.91231830,627.3060718208246
629,627.03012623,144176897509546973627.03012623,628.1419283812883
630,627.22709203,144176897509546973627.22709203,629.5394162763474
631,627.36667279,144176897509546973627.36667279,630.5297527839195
632,627.49144142,144176897509546973627.49144142,631.4149960602045
633,627.60672476,144176897509546973627.60672476,632.2329404553838
634,627.83274898,144176897509546973627.83274898,633.8366001335623
635,627.92360226,144176897509546973627.92360226,634.481211325081
636,628.08383690,144176897509546973628.08383690,635.6180887412067
637,628.25811103,144176897509546973628.25811103,636.8545774468447
638,628.36819286,144176897509546973628.36819286,637.6356167180835
639,628.42526799,144176897509546973628.42526799,638.0405692696631
640,628.69148080,144176897509546973628.69148080,639.9293701654768
641,628.76272209,144176897509546973628.76272209,640.4348327402153
642,628.88237018,144176897509546973628.88237018,641.2837453810998
643,628.97432052,144176897509546973628.97432052,641.9361402998957
644,629.19803829,144176897509546973629.19803829,643.5234355333048
645,629.24427016,144176897509546973629.24427016,643.8514542994609
646,629.43264866,144176897509546973629.43264866,645.1880146233314
647,629.58109284,144176897509546973629.58109284,646.2412377952829
648,629.70261923,144176897509546973629.70261923,647.1034771228983
649,629.84501314,144176897509546973629.84501314,648.1137731517273
650,630.03531428,144176897509546973630.03531428,649.4639747581278
651,630.18892445,144176897509546973630.18892445,650.5538510368167
652,630.34602186,144176897509546973630.34602186,651.66846955851
653,630.41581504,144176897509546973630.41581504,652.163657678517
654,630.51152190,144176897509546973630.51152190,652.8427054031682
655,630.69159261,144176897509546973630.69159261,654.1203213013582
656,630.78769640,144176897509546973630.78769640,654.8021852756842
657,631.02640480,144176897509546973631.02640480,656.4958402119672
658,631.17326555,144176897509546973631.17326555,657.5378288231084
659,631.23543954,144176897509546973631.23543954,657.9789581887775
660,631.34110423,144176897509546973631.34110423,658.7286575031264
661,631.55176577,144176897509546973631.55176577,660.2233177543199
662,631.57275537,144176897509546973631.57275537,660.3722406227677
663,631.71881986,144176897509546973631.71881986,661.4085797063699
664,631.84357372,144176897509546973631.84357372,662.2937181883394
665,632.03149474,144176897509546973632.03149474,663.6270326555066
666,632.18123242,144176897509546973632.18123242,664.689433312038
667,632.35053602,144176897509546973632.35053602,665.890655715064
668,632.45795891,144176897509546973632.45795891,666.6528295971657
669,632.65275741,144176897509546973632.65275741,668.0349403276867
670,632.73548138,144176897509546973632.73548138,668.6218734232101
671,633.02096757,144176897509546973633.02096757,670.6474204711319
672,633.19268640,144176897509546973633.19268640,671.8657791216118
673,633.23899804,144176897509546973633.23899804,672.1943638622132
674,633.45221804,144176897509546973633.45221804,673.707176589014
675,633.52626237,144176897509546973633.52626237,674.2325269537614
676,633.69382071,144176897509546973633.69382071,675.4213665993557
677,633.84793648,144176897509546973633.84793648,676.5148301499453
678,633.91585138,144176897509546973633.91585138,676.996691725123
679,634.16246173,144176897509546973634.16246173,678.7464116202586
680,634.22785672,144176897509546973634.22785672,679.2103942351213
681,634.35816373,144176897509546973634.35816373,680.1349327545818
682,634.47917277,144176897509546973634.47917277,680.9935014431192
683,634.60565421,144176897509546973634.60565421,681.890897241525
684,634.67012632,144176897509546973634.67012632,682.3483319499562
685,634.73141635,144176897509546973634.73141635,682.7831895496654
686,635.03611447,144176897509546973635.03611447,684.9450467570957
687,635.18044829,144176897509546973635.18044829,685.9691066004677
688,635.41217228,144176897509546973635.41217228,687.6132065966082
689,635.56205693,144176897509546973635.56205693,688.6766500168881
690,635.64177657,144176897509546973635.64177657,689.2422671539671
691,635.77140744,144176897509546973635.77140744,690.1620084067682
692,635.91020026,144176897509546973635.91020026,691.146754417858
693,635.98753846,144176897509546973635.98753846,691.6954750501995
694,636.11942475,144176897509546973636.11942475,692.631218685893
695,636.33306518,144176897509546973636.33306518,694.1470143967231
696,636.54503771,144176897509546973636.54503771,695.6509762254267
697,636.65856684,144176897509546973636.65856684,696.4564743622178
698,636.74408972,144176897509546973636.74408972,697.0632659450744
699,636.88382405,144176897509546973636.88382405,698.0546920439158
700,637.13203775,144176897509546973637.13203775,699.8157878338338
701,637.23216417,144176897509546973637.23216417,700.526192685466
702,637.35780404,144176897509546973637.35780404,701.4176174783072
703,637.52199782,144176897509546973637.52199782,702.5825853051787
704,637.64111754,144176897509546973637.64111754,703.4277491192156
705,637.76284457,144176897509546973637.76284457,704.291412003465
706,637.88866752,144176897509546973637.88866752,705.1841357633544
707,637.99315070,144176897509546973637.99315070,705.9254521710114
708,638.12839288,144176897509546973638.12839288,706.8850061110934
709,638.40793649,144176897509546973638.40793649,708.8683900849413
710,638.52774073,144176897509546973638.52774073,709.7184106223988
711,638.71275248,144176897509546973638.71275248,711.0310835893235
712,638.77113158,144176897509546973638.77113158,711.4452879109593
713,638.88079673,144176897509546973638.88079673,712.2233708047147
714,639.02363789,144176897509546973639.02363789,713.2368401075896
715,639.10083078,144176897509546973639.10083078,713.7845297540136
716,639.25439748,144176897509546973639.25439748,714.874097609622
717,639.39559318,144176897509546973639.39559318,715.8758922439413
718,639.54635067,144176897509546973639.54635067,716.9455285329035
719,639.77921744,144176897509546973639.77921744,718.5977366433294
720,639.89053368,144176897509546973639.89053368,719.3875341509347
721,640.07191055,144176897509546973640.07191055,720.6744173574036
722,640.11542486,144176897509546973640.11542486,720.9831548208965
723,640.26947658,144176897509546973640.26947658,722.0761639316814
724,640.42365858,144176897509546973640.42365858,723.1700973893477
725,640.67410494,144176897509546973640.67410494,724.9470340781618
726,640.77667963,144176897509546973640.77667963,725.6748095986554
727,640.84322251,144176897509546973640.84322251,726.1469365836567
728,640.95609891,144176897509546973640.95609891,726.9478035495861
729,640.99049946,144176897509546973640.99049946,727.1918781666434
730,641.29656914,144176897509546973641.29656914,729.3634667005138
731,641.36119211,144176897509546973641.36119211,729.8219717725505
732,641.54584638,144176897509546973641.54584638,731.1321083906638
733,641.62352029,144176897509546973641.62352029,731.6832109119488
734,641.84640243,144176897509546973641.84640243,733.264577284562
735,641.91448825,144176897509546973641.91448825,733.7476515506283
736,642.03013206,144176897509546973642.03013206,734.568153508905
737,642.25587457,144176897509546973642.25587457,736.1698144324016
738,642.38630714,144176897509546973642.38630714,737.095243809971
739,642.46278592,144176897509546973642.46278592,737.6378667895892
740,642.64761821,144176897509546973642.64761821,738.9492664736514
741,642.70857735,144176897509546973642.70857735,739.3817763826976
742,642.87121412,144176897509546973642.87121412,740.5356971007436
743,642.96070795,144176897509546973642.96070795,741.1706628872278
744,643.24300329,144176897509546973643.24300329,743.1735706025854
745,643.33456622,144176897509546973643.33456622,743.8232168168579
746,643.40132707,144176897509546973643.40132707,744.2968903162109
747,643.57706381,144176897509546973643.57706381,745.5437563552246
748,643.75689081,144176897509546973643.75689081,746.8196431117315
749,643.94440875,144176897509546973643.94440875,748.1500976944885
750,644.13282365,144176897509546973644.13282365,749.4869162792315
751,644.24688186,144176897509546973644.24688186,750.2961682803765
752,644.40266966,144176897509546973644.40266966,751.4014950157685
753,644.56527273,144176897509546973644.56527273,752.5551766296551
754,644.80007516,144176897509546973644.80007516,754.2211184005386
755,644.89247508,144176897509546973644.89247508,754.8767031249141
756,644.95446136,144176897509546973644.95446136,755.3165006733198
757,645.06964822,144176897509546973645.06964822,756.133760535285
758,645.28195481,144176897509546973645.28195481,757.6400925460517
759,645.35253750,144176897509546973645.35253750,758.1408823018149
760,645.53456077,144176897509546973645.53456077,759.4323517672962
761,645.64852715,144176897509546973645.64852715,760.240952227344
762,645.73370930,144176897509546973645.73370930,760.845326303961
763,646.02869951,144176897509546973646.02869951,762.9383051238167
764,646.13536360,144176897509546973646.13536360,763.6950952600357
765,646.32749133,144176897509546973646.32749133,765.0582566666362
766,646.41039563,144176897509546973646.41039563,765.6464692177408
767,646.61072566,144176897509546973646.61072566,767.0678265901468
768,646.67432237,144176897509546973646.67432237,767.5190502664935
769,646.76491644,144176897509546973646.76491644,768.1618223426059
770,646.95474776,144176897509546973646.95474776,769.5086905390293
771,647.04598173,144176897509546973647.04598173,770.156002756141
772,647.16134587,144176897509546973647.16134587,770.9745204336967
773,647.26924382,144176897509546973647.26924382,771.740064903989
774,647.37612441,144176897509546973647.37612441,772.4983911247937
775,647.59467610,144176897509546973647.59467610,774.0490326129085
776,647.70581822,144176897509546973647.70581822,774.8375947253727
777,647.81955773,144176897509546973647.81955773,775.6445855248666
778,648.05970865,144176897509546973648.05970865,777.3484752543898
779,648.17551236,144176897509546973648.17551236,778.1701117157852
780,648.32695907,144176897509546973648.32695907,779.2446380750391
781,648.42004574,144176897509546973648.42004574,779.9050953448614
782,648.62382249,144176897509546973648.62382249,781.350907467674
783,648.72384390,144176897509546973648.72384390,782.060567265069
784,648.81591631,144176897509546973648.81591631,782.7138282801484
785,649.01697715,144176897509546973649.01697715,784.1403708071781
786,649.12846916,144176897509546973649.12846916,784.9314154168047
787,649.23147116,144176897509546973649.23147116,785.6622227354707
788,649.44411199,144176897509546973649.44411199,787.1709262054147
789,649.58940585,144176897509546973649.58940585,788.2017976083507
790,649.77973777,144176897509546973649.77973777,789.5522176012803
791,649.96588637,144176897509546973649.96588637,790.8729566086724
792,650.15003159,144176897509546973650.15003159,792.1794814768627
793,650.17896778,144176897509546973650.17896778,792.3847860284861
794,650.25693263,144176897509546973650.25693263,792.9379527920313
795,650.46763117,144176897509546973650.46763117,794.4328755611447
796,650.56116349,144176897509546973650.56116349,795.0964947528865
797,650.66190517,144176897509546973650.66190517,795.8112649227735
798,650.86371583,144176897509546973650.86371583,797.2431274818772
799,650.89436784,144176897509546973650.89436784,797.4606059118088
800,651.09710470,144176897509546973651.09710470,798.8990399330058
801,651.24661185,144176897509546973651.24661185,799.9598049609943
802,651.40798921,144176897509546973651.40798921,801.1047900657009
803,651.48507806,144176897509546973651.48507806,801.6517415401144
804,651.60373487,144176897509546973651.60373487,802.4936209711695
805,651.79531339,144176897509546973651.79531339,803.8528856894777
806,651.94892858,144176897509546973651.94892858,804.9427975854627
807,652.03157255,144176897509546973652.03157255,805.5291630746726
808,652.21812917,144176897509546973652.21812917,806.8527970161647
809,652.36185548,144176897509546973652.36185548,807.8725465281435
810,652.55871551,144176897509546973652.55871551,809.2692839767055
811,652.70629206,144176897509546973652.70629206,810.3163512453359
812,652.86825782,144176897509546973652.86825782,811.4655110944774
813,653.01863583,144176897509546973653.01863583,812.5324549428922
814,653.12449526,144176897509546973653.12449526,813.2835359529093
815,653.22516448,144176897509546973653.22516448,813.997792013378
816,653.34717167,144176897509546973653.34717167,814.863442654937
817,653.45627521,144176897509546973653.45627521,815.6375408814214
818,653.76643131,144176897509546973653.76643131,817.8381228876822
819,653.84646523,144176897509546973653.84646523,818.4059698661633
820,653.92241740,144176897509546973653.92241740,818.9448565062728
821,653.99123384,144176897509546973653.99123384,819.4331145788979
822,654.19218785,144176897509546973654.19218785,820.8588991386467
823,654.29617173,144176897509546973654.29617173,821.5966729734002
824,654.62574180,144176897509546973654.62574180,823.934998628914
825,654.72593719,144176897509546973654.72593719,824.645892828139
826,654.82817075,144176897509546973654.82817075,825.3712480043615
827,654.94735832,144176897509546973654.94735832,826.2168932195029
828,655.08124671,144176897509546973655.08124671,827.1668419126971
829,655.17164669,144176897509546973655.17164669,827.8082369049424
830,655.32813763,144176897509546973655.32813763,828.9185524741246
831,655.55592908,144176897509546973655.55592908,830.5347507886186
832,655.73306209,144176897509546973655.73306209,831.7915234734725
833,655.88771087,144176897509546973655.88771087,832.8887687720759
834,655.99229822,144176897509546973655.99229822,833.6308242741037
835,656.06651831,144176897509546973656.06651831,834.1574216699216
836,656.21223263,144176897509546973656.21223263,835.1912762697393
837,656.32729208,144176897509546973656.32729208,836.0076321476996
838,656.52107980,144176897509546973656.52107980,837.3825713143525
839,656.71558674,144176897509546973656.71558674,838.7626134036643
840,656.83650427,144176897509546973656.83650427,839.62053282153
841,656.96899896,144176897509546973656.96899896,840.5605931032369
842,657.24064347,144176897509546973657.24064347,842.4879323392071
843,657.29878161,144176897509546973657.29878161,842.9004270306269
844,657.38357166,144176897509546973657.38357166,843.5020191268002
845,657.49176624,144176897509546973657.49176624,844.2696682103518
846,657.66480319,144176897509546973657.66480319,845.4973790262546
847,657.75639679,144176897509546973657.75639679,846.1472428465975
848,657.88460682,144176897509546973657.88460682,847.0569031274694
849,657.98487622,144176897509546973657.98487622,847.7683224334852
850,658.15025832,144176897509546973658.15025832,848.941721484536
851,658.27181977,144176897509546973658.27181977,849.8042095656182
852,658.35156734,144176897509546973658.35156734,850.3700248682513
853,658.57476961,144176897509546973658.57476961,851.9536625884784
854,658.69832134,144176897509546973658.69832134,852.8302718632287
855,658.88284209,144176897509546973658.88284209,854.139461146405
856,658.91741690,144176897509546973658.91741690,854.3847721519144
857,659.12972218,144176897509546973659.12972218,855.8910948681278
858,659.24290099,144176897509546973659.24290099,856.6941074568726
859,659.37678165,144176897509546973659.37678165,857.6440013051068
860,659.56915404,144176897509546973659.56915404,859.0088985937152
861,659.69699281,144176897509546973659.69699281,859.9159247555882
862,659.88569466,144176897509546973659.88569466,861.2547792732266
863,660.08157874,144176897509546973660.08157874,862.644592279519
864,660.16056775,144176897509546973660.16056775,863.2050255390885
865,660.28801312,144176897509546973660.28801312,864.1092604969153
866,660.38036945,144176897509546973660.38036945,864.764535946801
867,660.49368321,144176897509546973660.49368321,865.5685060164457
868,660.63453139,144176897509546973660.63453139,866.5678349689396
869,660.73184613,144176897509546973660.73184613,867.2582907290807
870,661.00726328,144176897509546973661.00726328,869.2123971435785
871,661.13573082,144176897509546973661.13573082,870.1238844782225
872,661.16727003,144176897509546973661.16727003,870.3476576621698
873,661.48477208,144176897509546973661.48477208,872.6003597634049
874,661.55973302,144176897509546973661.55973302,873.1322135484389
875,661.70349952,144176897509546973661.70349952,874.1522482116394
876,661.79685627,144176897509546973661.79685627,874.8146217203757
877,661.99510431,144176897509546973661.99510431,876.2212072094261
878,662.15435206,144176897509546973662.15435206,877.351082563119
879,662.27708896,144176897509546973662.27708896,878.2219105547149
880,662.45582104,144176897509546973662.45582104,879.4900287674134
881,662.58342402,144176897509546973662.58342402,880.3953819806285
882,662.71952008,144176897509546973662.71952008,881.3609942666966
883,662.91998137,144176897509546973662.91998137,882.7832829391613
884,662.98481781,144176897509546973662.98481781,883.2433025976944
885,663.11332182,144176897509546973663.11332182,884.1550486898666
886,663.29193243,144176897509546973663.29193243,885.422305063329
887,663.43045179,144176897509546973663.43045179,886.405110854138
888,663.56928217,144176897509546973663.56928217,887.390123356392
889,663.68704846,144176897509546973663.68704846,888.2256844777695
890,663.83144141,144176897509546973663.83144141,889.2501638531579
891,664.01388103,144176897509546973664.01388103,890.5445873547465
892,664.12763590,144176897509546973664.12763590,891.3516871346525
893,664.17239293,144176897509546973664.17239293,891.6692417946178
894,664.34897227,144176897509546973664.34897227,892.9220861471274
895,664.55088411,144176897509546973664.55088411,894.354666586316
896,664.68191026,144176897509546973664.68191026,895.2843074608292
897,664.93786761,144176897509546973664.93786761,897.1003450586071
898,665.01393089,144176897509546973665.01393089,897.640020032935
899,665.13473713,144176897509546973665.13473713,898.497149839468
900,665.26155623,144176897509546973665.26155623,899.3969413622211
901,665.37141178,144176897509546973665.37141178,900.1763751590024
902,665.49310630,144176897509546973665.49310630,901.0398073822363
903,665.64887622,144176897509546973665.64887622,902.1450072576173
904,665.73648685,144176897509546973665.73648685,902.7666115914839
905,665.83563466,144176897509546973665.83563466,903.4700731279365
906,666.04482142,144176897509546973666.04482142,904.9542696986439
907,666.28876085,144176897509546973666.28876085,906.6850392055969
908,666.39993498,144176897509546973666.39993498,907.4738284315374
909,666.48788244,144176897509546973666.48788244,908.0978226008358
910,666.64458940,144176897509546973666.64458940,909.2096708489657
911,666.74057833,144176897509546973666.74057833,909.8907198825273
912,666.92584321,144176897509546973666.92584321,911.2051888267783
913,667.11827598,144176897509546973667.11827598,912.5705145162518
914,667.16221942,144176897509546973667.16221942,912.8822966909606
915,667.32337645,144176897509546973667.32337645,914.0257185369293
916,667.41236005,144176897509546973667.41236005,914.6570642012973
917,667.57631405,144176897509546973667.57631405,915.8203307701459
918,667.78995222,144176897509546973667.78995222,917.3361104460977
919,668.00257786,144176897509546973668.00257786,918.844706141793
920,668.07270092,144176897509546973668.07270092,919.3422347864334
921,668.18419320,144176897509546973668.18419320,920.1332813117314
922,668.39401429,144176897509546973668.39401429,921.6219785038485
923,668.50012708,144176897509546973668.50012708,922.3748571230603
924,668.65030251,144176897509546973668.65030251,923.4403636503879
925,668.75801841,144176897509546973668.75801841,924.2046164615632
926,668.89176774,144176897509546973668.89176774,925.1535785130832
927,669.04319275,144176897509546973669.04319275,926.2279509091246
928,669.12266183,144176897509546973669.12266183,926.79179030323
929,669.23202412,144176897509546973669.23202412,927.5677243813843
930,669.38657049,144176897509546973669.38657049,928.6642430729559
931,669.56645898,144176897509546973669.56645898,929.9405661058654
932,669.75007072,144176897509546973669.75007072,931.2433058913548
933,669.84720399,144176897509546973669.84720399,931.9324741075249
934,670.05337655,144176897509546973670.05337655,933.3952846913589
935,670.14482889,144176897509546973670.14482889,934.0441462608538
936,670.26310638,144176897509546973670.26310638,934.883334386574
937,670.39856268,144176897509546973670.39856268,935.8444075249539
938,670.57481280,144176897509546973670.57481280,937.0949160355822
939,670.72038469,144176897509546973670.72038469,938.1277600833097
940,670.75715868,144176897509546973670.75715868,938.388674444473
941,670.91219525,144176897509546973670.91219525,939.4886711437299
942,671.00109194,144176897509546973671.00109194,940.1194001747891
943,671.08791205,144176897509546973671.08791205,940.7353957068699
944,671.28194642,144176897509546973671.28194642,942.1120848747377
945,671.52665384,144176897509546973671.52665384,943.8483033313487
946,671.63384380,144176897509546973671.63384380,944.6088245567181
947,671.91042319,144176897509546973671.91042319,946.571177155737
948,672.02061767,144176897509546973672.02061767,947.3530156876158
949,672.20602700,144176897509546973672.20602700,948.6685095160166
950,672.39694784,144176897509546973672.39694784,950.0231079428222
951,672.62749913,144176897509546973672.62749913,951.658887539916
952,672.69330006,144176897509546973672.69330006,952.1257503311144
953,672.78513551,144176897509546973672.78513551,952.7773300962936
954,672.88127761,144176897509546973672.88127761,953.4594658830929
955,673.01194032,144176897509546973673.01194032,954.3865281221243
956,673.10781781,144176897509546973673.10781781,955.0667864800913
957,673.31001342,144176897509546973673.31001342,956.5013802898243
958,673.45243155,144176897509546973673.45243155,957.5118481614646
959,673.62952286,144176897509546973673.62952286,958.7683249815276
960,673.75506198,144176897509546973673.75506198,959.659034945168
961,673.87788852,144176897509546973673.87788852,960.5304989396379
962,674.00488793,144176897509546973674.00488793,961.4315697760708
963,674.14865229,144176897509546973674.14865229,962.4515892558023
964,674.21507517,144176897509546973674.21507517,962.9228648313335
965,674.39671976,144176897509546973674.39671976,964.2116475323303
966,674.44338589,144176897509546973674.44338589,964.5427474074571
967,674.64875569,144176897509546973674.64875569,965.9998623457393
968,674.84327113,144176897509546973674.84327113,967.379964743222
969,674.91616870,144176897509546973674.91616870,967.8971787552699
970,675.18927568,144176897509546973675.18927568,969.8348943313047
971,675.28619742,144176897509546973675.28619742,970.5225617254313
972,675.44188557,144176897509546973675.44188557,971.6271814362093
973,675.55318699,144176897509546973675.55318699,972.416873794745
974,675.60823363,144176897509546973675.60823363,972.8074340496912
975,675.72330393,144176897509546973675.72330393,973.6238669092578
976,675.92276511,144176897509546973675.92276511,975.0390597223462
977,676.12566023,144176897509546973676.12566023,976.4786166107327
978,676.26680338,144176897509546973676.26680338,977.4800383986549
979,676.36093313,144176897509546973676.36093313,978.1478964033945
980,676.48840635,144176897509546973676.48840635,979.0523289591692
981,676.64310315,144176897509546973676.64310315,980.1499149634623
982,676.78453752,144176897509546973676.78453752,981.1534029802667
983,676.89316656,144176897509546973676.89316656,981.9241345918049
984,677.06490834,144176897509546973677.06490834,983.142656074346
985,677.13364982,144176897509546973677.13364982,983.6303822998555
986,677.22741218,144176897509546973677.22741218,984.2956336435516
987,677.43044901,144176897509546973677.43044901,985.7361959755715
988,677.51909056,144176897509546973677.51909056,986.3651147681958
989,677.77369663,144176897509546973677.77369663,988.171564927734
990,677.93649254,144176897509546973677.93649254,989.326614756639
991,678.01979807,144176897509546973678.01979807,989.9176740662576
992,678.17751042,144176897509546973678.17751042,991.0366556357804
993,678.34329871,144176897509546973678.34329871,992.2129366369368
994,678.45699317,144176897509546973678.45699317,993.0196078031254
995,678.51055469,144176897509546973678.51055469,993.3996310144696
996,678.66697230,144176897509546973678.66697230,994.5094263015147
997,678.96489373,144176897509546973678.96489373,996.6232023585952
998,679.02742375,144176897509546973679.02742375,997.0668577852114
999,679.25918506,144176897509546973679.25918506,998.711222569697
1000,679.31399521,144176897509546973679.31399521,999.10010490943
1001,679.44040175,144176897509546973679.44040175,999.9969692864249
1002,679.57325611,144176897509546973679.57325611,1000.939581455166
1003,679.70836021,144176897509546973679.70836021,1001.8981557067511
1004,679.78910125,144176897509546973679.78910125,1002.4710197574365
1005,680.08898639,144176897509546973680.08898639,1004.5987284919381
1006,680.22097181,144176897509546973680.22097181,1005.5351754628047
1007,680.32646122,144176897509546973680.32646122,1006.2836311517208
1008,680.50923753,144176897509546973680.50923753,1007.58044349543
1009,680.58023790,144176897509546973680.58023790,1008.0841967237556
1010,680.74048662,144176897509546973680.74048662,1009.2211740385926
1011,680.82493078,144176897509546973680.82493078,1009.8203120179192
1012,680.98621704,144176897509546973680.98621704,1010.9646507609363
1013,681.18511179,144176897509546973681.18511179,1012.3758247084734
1014,681.36756685,144176897509546973681.36756685,1013.6703577580803
1015,681.45143067,144176897509546973681.45143067,1014.2653781793078
1016,681.60452703,144176897509546973681.60452703,1015.3516089354981
1017,681.72969321,144176897509546973681.72969321,1016.2396728604068
1018,681.91967957,144176897509546973681.91967957,1017.5876410778656
1019,681.99175527,144176897509546973681.99175527,1018.0990238574035
1020,682.15329401,144176897509546973682.15329401,1019.2451539659457
1021,682.28208603,144176897509546973682.28208603,1020.1589435117969
1022,682.45498602,144176897509546973682.45498602,1021.3856825856911
1023,682.55742491,144176897509546973682.55742491,1022.1124945944678
1024,682.73257063,144176897509546973682.73257063,1023.3551672999396
1025,682.80744262,144176897509546973682.80744262,1023.8863899777039
1026,682.97654744,144176897509546973682.97654744,1025.0862020209427
1027,683.07609209,144176897509546973683.07609209,1025.7924791685127
1028,683.20663586,144176897509546973683.20663586,1026.7186975188579
1029,683.42462020,144176897509546973683.42462020,1028.2653136139486
1030,683.56796786,144176897509546973683.56796786,1029.2823765742953
1031,683.72824947,144176897509546973683.72824947,1030.4195872462778
1032,683.85153078,144176897509546973683.85153078,1031.2942778697873
1033,684.04466990,144176897509546973684.04466990,1032.6646151682542
1034,684.10991217,144176897509546973684.10991217,1033.1275142226646
1035,684.25303036,144176897509546973684.25303036,1034.142949075252
1036,684.51026165,144176897509546973684.51026165,1035.9680253778663
1037,684.62795044,144176897509546973684.62795044,1036.8030366306277
1038,684.71357156,144176897509546973684.71357156,1037.4105252340369
1039,684.88788112,144176897509546973684.88788112,1038.647265318321
1040,684.97378112,144176897509546973684.97378112,1039.256732597339
1041,685.14944501,144176897509546973685.14944501,1040.5030817598533
1042,685.26562764,144176897509546973685.26562764,1041.3274066885524
1043,685.33912503,144176897509546973685.33912503,1041.8488764708366
1044,685.54657285,144176897509546973685.54657285,1043.320735125011
1045,685.67950055,144176897509546973685.67950055,1044.26386764684
1046,685.82815051,144176897509546973685.82815051,1045.318550844131
1047,685.96650823,144176897509546973685.96650823,1046.300209786384
1048,686.07618765,144176897509546973686.07618765,1047.0783939269156
1049,686.22282617,144176897509546973686.22282617,1048.1188057986687
1050,686.35205764,144176897509546973686.35205764,1049.0357132769502
1051,686.46280121,144176897509546973686.46280121,1049.821447645712
1052,686.61236029,144176897509546973686.61236029,1050.8825811211486
1053,686.76414436,144176897509546973686.76414436,1051.9595010762262
1054,686.85920114,144176897509546973686.85920114,1052.6339364319747
1055,687.10488292,144176897509546973687.10488292,1054.3770680496798
1056,687.18364368,144176897509546973687.18364368,1054.9358818574863
1057,687.25159014,144176897509546973687.25159014,1055.4179673533547
1058,687.38116756,144176897509546973687.38116756,1056.3373293741877
1059,687.60646804,144176897509546973687.60646804,1057.9358540599505
1060,687.72966440,144176897509546973687.72966440,1058.8099419565058
1061,687.85934167,144176897509546973687.85934167,1059.7300124209687
1062,687.95703273,144176897509546973687.95703273,1060.4231382012083
1063,688.13765732,144176897509546973688.13765732,1061.7046839217091
1064,688.32836527,144176897509546973688.32836527,1063.057771877164
1065,688.49604142,144176897509546973688.49604142,1064.2474473940056
1066,688.69356277,144176897509546973688.69356277,1065.6488769601574
1067,688.73424817,144176897509546973688.73424817,1065.9375430839495
1068,688.83663563,144176897509546973688.83663563,1066.6639901928174
1069,689.04943666,144176897509546973689.04943666,1068.173830294404
1070,689.15553266,144176897509546973689.15553266,1068.926589787241
1071,689.32174352,144176897509546973689.32174352,1070.1058689558954
1072,689.49401620,144176897509546973689.49401620,1071.328157215834
1073,689.58753739,144176897509546973689.58753739,1071.9916974393475
1074,689.71321067,144176897509546973689.71321067,1072.8833592787753
1075,689.87299576,144176897509546973689.87299576,1074.0170471021738
1076,689.96638851,144176897509546973689.96638851,1074.679676033751
1077,690.16563626,144176897509546973690.16563626,1076.093354544146
1078,690.35711885,144176897509546973690.35711885,1077.4519386315337
1079,690.53719557,144176897509546973690.53719557,1078.729597171148
1080,690.65257174,144176897509546973690.65257174,1079.548200202503
1081,690.73174673,144176897509546973690.73174673,1080.1099530048496
1082,690.89534740,144176897509546973690.89534740,1081.2707126694643
1083,691.07895604,144176897509546973691.07895604,1082.573430460209
1084,691.28615055,144176897509546973691.28615055,1084.0434918599428
1085,691.35305734,144176897509546973691.35305734,1084.518200815113
1086,691.54776403,144176897509546973691.54776403,1085.8996601464387
1087,691.65566428,144176897509546973691.65566428,1086.6652209354124
1088,691.80158847,144176897509546973691.80158847,1087.7005645794427
1089,691.90191650,144176897509546973691.90191650,1088.4123998699354
1090,692.08512378,144176897509546973692.08512378,1089.7122699798058
1091,692.19665726,144176897509546973692.19665726,1090.503608822355
1092,692.30895723,144176897509546973692.30895723,1091.300385971944
1093,692.47978074,144176897509546973692.47978074,1092.5123922563675
1094,692.62490022,144176897509546973692.62490022,1093.542026419442
1095,692.81010659,144176897509546973692.81010659,1094.8560802306256
1096,692.89313464,144176897509546973692.89313464,1095.4451707977462
1097,692.93403108,144176897509546973692.93403108,1095.7353342669933
1098,693.03773036,144176897509546973693.03773036,1096.4710888422867
1099,693.25531748,144176897509546973693.25531748,1098.01488663013
1100,693.38272120,144176897509546973693.38272120,1098.91882607792
1101,693.52569249,144176897509546973693.52569249,1099.9332186634142
1102,693.63450919,144176897509546973693.63450919,1100.7052817374622
1103,693.75510908,144176897509546973693.75510908,1101.5609474744604
1104,694.03569125,144176897509546973694.03569125,1103.551700113469
1105,694.11052428,144176897509546973694.11052428,1104.0826463669584
1106,694.26786274,144176897509546973694.26786274,1105.198975157425
1107,694.32007240,144176897509546973694.32007240,1105.5694068153837
1108,694.50383837,144176897509546973694.50383837,1106.8732408748945
1109,694.60509596,144176897509546973694.60509596,1107.5916714669456
1110,694.80519163,144176897509546973694.80519163,1109.0113660366565
1111,694.94570092,144176897509546973694.94570092,1110.008290537856
1112,695.08818862,144176897509546973695.08818862,1111.0192520141368
1113,695.22418561,144176897509546973695.22418561,1111.9841613907365
1114,695.42876431,144176897509546973695.42876431,1113.435663412087
1115,695.53915413,144176897509546973695.53915413,1114.2188878966815
1116,695.73301607,144176897509546973695.73301607,1115.5943536600917
1117,695.82116975,144176897509546973695.82116975,1116.2198109765645
1118,695.97130756,144176897509546973695.97130756,1117.285050587023
1119,696.05894735,144176897509546973696.05894735,1117.906861813391
1120,696.29739194,144176897509546973696.29739194,1119.5986449969048
1121,696.42961419,144176897509546973696.42961419,1120.5367722953113
1122,696.51336081,144176897509546973696.51336081,1121.1309611732897
1123,696.60467142,144176897509546973696.60467142,1121.7788171572497
1124,696.79662168,144176897509546973696.79662168,1123.1407194001945
1125,696.95570749,144176897509546973696.95570749,1124.2694457768075
1126,697.06936394,144176897509546973697.06936394,1125.0758472590464
1127,697.15101928,144176897509546973697.15101928,1125.6551983403863
1128,697.37425734,144176897509546973697.37425734,1127.2390899934878
1129,697.51323593,144176897509546973697.51323593,1128.2251540573882
1130,697.62898582,144176897509546973697.62898582,1129.0464086616364
1131,697.73587075,144176897509546973697.73587075,1129.8047656750834
1132,697.79274750,144176897509546973697.79274750,1130.2083107049075
1133,698.00543523,144176897509546973698.00543523,1131.7173469340528
1134,698.09273176,144176897509546973698.09273176,1132.3367227036315
1135,698.34700696,144176897509546973698.34700696,1134.1408253144082
1136,698.45821922,144176897509546973698.45821922,1134.9298850757077
1137,698.59999582,144176897509546973698.59999582,1135.9358012413702
1138,698.77246536,144176897509546973698.77246536,1137.1594862385443
1139,698.90426511,144176897509546973698.90426511,1138.0946158661084
1140,699.12336021,144176897509546973699.12336021,1139.6491128910577
1141,699.26336929,144176897509546973699.26336929,1140.6424883628317
1142,699.41425385,144176897509546973699.41425385,1141.713026223472
1143,699.47668893,144176897509546973699.47668893,1142.156008043296
1144,699.55573372,144176897509546973699.55573372,1142.7168370663674
1145,699.74283732,144176897509546973699.74283732,1144.0443518741258
1146,699.93436143,144176897509546973699.93436143,1145.40323054919
1147,700.13616959,144176897509546973700.13616959,1146.8350753705963
1148,700.25570043,144176897509546973700.25570043,1147.683156113478
1149,700.31037728,144176897509546973700.31037728,1148.071092679191
1150,700.40150339,144176897509546973700.40150339,1148.7176396210907
1151,700.54573570,144176897509546973700.54573570,1149.740979243002
1152,700.72196716,144176897509546973700.72196716,1150.9913553594577
1153,700.92230733,144176897509546973700.92230733,1152.4127846759636
1154,701.08394161,144176897509546973701.08394161,1153.5595926483456
1155,701.19169838,144176897509546973701.19169838,1154.3241354353963
1156,701.35733303,144176897509546973701.35733303,1155.4993263486278
1157,701.46394928,144176897509546973701.46394928,1156.2557770562714
1158,701.62525490,144176897509546973701.62525490,1157.4002531600163
1159,701.85521973,144176897509546973701.85521973,1159.0318717771281
1160,702.03777998,144176897509546973702.03777998,1160.3271511580865
1161,702.09088718,144176897509546973702.09088718,1160.7039509331769
1162,702.25791943,144176897509546973702.25791943,1161.8890579287033
1163,702.36156061,144176897509546973702.36156061,1162.624400279912
1164,702.44322639,144176897509546973702.44322639,1163.2038254338754
1165,702.51779625,144176897509546973702.51779625,1163.7329044754463
1166,702.62530126,144176897509546973702.62530126,1164.4956610054287
1167,702.84472390,144176897509546973702.84472390,1166.0524819525267
1168,702.93115669,144176897509546973702.93115669,1166.6657294186411
1169,703.06846598,144176897509546973703.06846598,1167.6399496673043
1170,703.26034781,144176897509546973703.26034781,1169.001366393999
1171,703.46034109,144176897509546973703.46034109,1170.4203344985795
1172,703.58304532,144176897509546973703.58304532,1171.290930693947
1173,703.75518381,144176897509546973703.75518381,1172.5122668652457
1174,703.88982586,144176897509546973703.88982586,1173.467562835617
1175,704.06515751,144176897509546973704.06515751,1174.7115547291119
1176,704.13560145,144176897509546973704.13560145,1175.211360042675
1177,704.29846807,144176897509546973704.29846807,1176.3669115646105
1178,704.38969106,144176897509546973704.38969106,1177.0141458777557
1179,704.47969564,144176897509546973704.47969564,1177.652735475797
1180,704.72141359,144176897509546973704.72141359,1179.3677434068363
1181,704.88253009,144176897509546973704.88253009,1180.5108776892564
1182,704.98156577,144176897509546973704.98156577,1181.21354365451
1183,705.09354841,144176897509546973705.09354841,1182.008069322706
1184,705.20457446,144176897509546973705.20457446,1182.7958079093603
1185,705.28102978,144176897509546973705.28102978,1183.3382644384271
1186,705.35575836,144176897509546973705.35575836,1183.8684696109237
1187,705.52005927,144176897509546973705.52005927,1185.0341975335996
1188,705.75675433,144176897509546973705.75675433,1186.713567663695
1189,705.86657734,144176897509546973705.86657734,1187.492770586608
1190,706.04463207,144176897509546973706.04463207,1188.7560829476017
1191,706.23233825,144176897509546973706.23233825,1190.0878731080143
1192,706.29678157,144176897509546973706.29678157,1190.5451035491235
1193,706.47439210,144176897509546973706.47439210,1191.8052642760622
1194,706.59050390,144176897509546973706.59050390,1192.6290866603213
1195,706.84132295,144176897509546973706.84132295,1194.408667614097
1196,706.96581771,144176897509546973706.96581771,1195.2919677611192
1197,707.05347124,144176897509546973707.05347124,1195.9138764738714
1198,707.21140202,144176897509546973707.21140202,1197.034407821482
1199,707.29633798,144176897509546973707.29633798,1197.6370351606204
1200,707.60637015,144176897509546973707.60637015,1199.8367378737507
1201,707.72501191,144176897509546973707.72501191,1200.6785105238682
1202,707.78463653,144176897509546973707.78463653,1201.1015519081973
1203,707.98703223,144176897509546973707.98703223,1202.5375653722708
1204,708.14835568,144176897509546973708.14835568,1203.6821679812729
1205,708.22940993,144176897509546973708.22940993,1204.257254281626
1206,708.47563935,144176897509546973708.47563935,1206.0042714483495
1207,708.53763871,144176897509546973708.53763871,1206.4441618003873
1208,708.73409597,144176897509546973708.73409597,1207.8380415640138
1209,708.93932958,144176897509546973708.93932958,1209.2941902234982
1210,709.00535544,144176897509546973709.00535544,1209.7626489107977
1211,709.05625591,144176897509546973709.05625591,1210.1237917623882
1212,709.20115109,144176897509546973709.20115109,1211.1518344992612
1213,709.34091748,144176897509546973709.34091748,1212.143488066333
1214,709.45014497,144176897509546973709.45014497,1212.9184657278493
1215,709.59084444,144176897509546973709.59084444,1213.9167395711572
1216,709.76403341,144176897509546973709.76403341,1215.1455289809571
1217,709.84583809,144176897509546973709.84583809,1215.7259396413824
1218,710.02329337,144176897509546973710.02329337,1216.984998857319
1219,710.17762279,144176897509546973710.17762279,1218.0799782715192
1220,710.37274740,144176897509546973710.37274740,1219.464402778226
1221,710.46490036,144176897509546973710.46490036,1220.1182353019124
1222,710.68273718,144176897509546973710.68273718,1221.6638047309611
1223,710.83964299,144176897509546973710.83964299,1222.777063835534
1224,710.87029385,144176897509546973710.87029385,1222.9945341061248
1225,711.03753009,144176897509546973711.03753009,1224.1810884267998
1226,711.13249376,144176897509546973711.13249376,1224.8548631597503
1227,711.27016772,144176897509546973711.27016772,1225.8316707708425
1228,711.42509678,144176897509546973711.42509678,1226.930904678165
1229,711.64341901,144176897509546973711.64341901,1228.4799181294711
1230,711.72534325,144176897509546973711.72534325,1229.0611770775317
1231,711.87711935,144176897509546973711.87711935,1230.1380404848303
1232,712.12112405,144176897509546973712.12112405,1231.8692730875844
1233,712.20793090,144176897509546973712.20793090,1232.4851745389187
1234,712.35352064,144176897509546973712.35352064,1233.5181452338047
1235,712.43591809,144176897509546973712.43591809,1234.10276164416
1236,712.56744082,144176897509546973712.56744082,1235.0359257929622
1237,712.66940480,144176897509546973712.66940480,1235.75936827781
1238,712.91204225,144176897509546973712.91204225,1237.480900133914
1239,712.98793839,144176897509546973712.98793839,1238.0193892367517
1240,713.13410020,144176897509546973713.13410020,1239.0564188134342
1241,713.29526949,144176897509546973713.29526949,1240.1999276450704
1242,713.39144811,144176897509546973713.39144811,1240.8823225441517
1243,713.53024879,144176897509546973713.53024879,1241.867124322562
1244,713.61696463,144176897509546973713.61696463,1242.4823800507638
1245,713.86122928,144176897509546973713.86122928,1244.2154570192824
1246,713.98743512,144176897509546973713.98743512,1245.1108974139386
1247,714.12289679,144176897509546973714.12289679,1246.0720086528922
1248,714.35742567,144176897509546973714.35742567,1247.7360095649378
1249,714.43121689,144176897509546973714.43121689,1248.2595640942604
1250,714.56036742,144176897509546973714.56036742,1249.1758972968541
1251,714.70812975,144176897509546973714.70812975,1250.224282689246
1252,714.76927142,144176897509546973714.76927142,1250.658087663047
1253,714.90615321,144176897509546973714.90615321,1251.629274765473
1254,715.20115725,144176897509546973715.20115725,1253.72235171027
1255,715.35773470,144176897509546973715.35773470,1254.8332810747295
1256,715.38384955,144176897509546973715.38384955,1255.0185679963995
1257,715.54078666,144176897509546973715.54078666,1256.1320491769422
1258,715.59002707,144176897509546973715.59002707,1256.481413771825
1259,715.71872523,144176897509546973715.71872523,1257.394537373569
1260,715.92659390,144176897509546973715.92659390,1258.869381991706
1261,716.05369858,144176897509546973716.05369858,1259.7711997270962
1262,716.22031857,144176897509546973716.22031857,1260.9533817053884
1263,716.31151780,144176897509546973716.31151780,1261.6004474394585
1264,716.38432495,144176897509546973716.38432495,1262.1170199144706
1265,716.60613962,144176897509546973716.60613962,1263.6908125031919
1266,716.77916928,144176897509546973716.77916928,1264.9184715959693
1267,717.00203924,144176897509546973717.00203924,1266.4997515505213
1268,717.08479129,144176897509546973717.08479129,1267.0868838758608
1269,717.25177479,144176897509546973717.25177479,1268.27164498629
1270,717.42724787,144176897509546973717.42724787,1269.5166403367964
1271,717.59121567,144176897509546973717.59121567,1270.680004817734
1272,717.63772651,144176897509546973717.63772651,1271.0100028980557
1273,717.71114548,144176897509546973717.71114548,1271.5309162842511
1274,717.97912418,144176897509546973717.97912418,1273.4322463089748
1275,718.09978646,144176897509546973718.09978646,1274.2883547079466
1276,718.20978081,144176897509546973718.20978081,1275.0687733016816
1277,718.40696093,144176897509546973718.40696093,1276.4677818140544
1278,718.52755650,144176897509546973718.52755650,1277.3234169003117
1279,718.66383884,144176897509546973718.66383884,1278.2903508576808
1280,718.93972939,144176897509546973718.93972939,1280.247816082538
1281,719.05053855,144176897509546973719.05053855,1281.0340158175259
1282,719.11617919,144176897509546973719.11617919,1281.4997413385245
1283,719.29641872,144176897509546973719.29641872,1282.7785550279373
1284,719.46815221,144176897509546973719.46815221,1283.9970176922743
1285,719.51548404,144176897509546973719.51548404,1284.3328407614365
1286,719.66492834,144176897509546973719.66492834,1285.393159863715
1287,719.78404114,144176897509546973719.78404114,1286.2382745798059
1288,719.86569474,144176897509546973719.86569474,1286.8176133157083
1289,720.05172705,144176897509546973720.05172705,1288.1375272363732
1290,720.24434586,144176897509546973720.24434586,1289.5041728943283
1291,720.42093572,144176897509546973720.42093572,1290.757091887068
1292,720.54584024,144176897509546973720.54584024,1291.6432993136273
1293,720.62986204,144176897509546973720.62986204,1292.2394406154224
1294,720.76807763,144176897509546973720.76807763,1293.2200911341085
1295,720.95340497,144176897509546973720.95340497,1294.5350032369888
1296,721.03245600,144176897509546973721.03245600,1295.0958765333528
1297,721.21442668,144176897509546973721.21442668,1296.3869728686336
1298,721.30921937,144176897509546973721.30921937,1297.059534484991
1299,721.46114092,144176897509546973721.46114092,1298.137429871518
1300,721.53465445,144176897509546973721.53465445,1298.659014168376
1301,721.74351317,144176897509546973721.74351317,1300.1408832693953
1302,721.81391250,144176897509546973721.81391250,1300.6403720714882
1303,721.92745568,144176897509546973721.92745568,1301.4459698941382
1304,722.12972474,144176897509546973722.12972474,1302.8810848374176
1305,722.29128820,144176897509546973722.29128820,1304.0273903363106
1306,722.34491834,144176897509546973722.34491834,1304.40790041197
1307,722.55099619,144176897509546973722.55099619,1305.8700390208799
1308,722.74305131,144176897509546973722.74305131,1307.2326852538001
1309,722.80521436,144176897509546973722.80521436,1307.673736999306
1310,722.97413949,144176897509546973722.97413949,1308.872274127814
1311,723.18057888,144176897509546973723.18057888,1310.3369778915558
1312,723.26893486,144176897509546973723.26893486,1310.9638705424934
1313,723.29664788,144176897509546973723.29664788,1311.1604966064372
1314,723.58123600,144176897509546973723.58123600,1313.1796717768354
1315,723.68680345,144176897509546973723.68680345,1313.9286811657105
1316,723.92998115,144176897509546973723.92998115,1315.6540461381996
1317,724.05412438,144176897509546973724.05412438,1316.5348521521296
1318,724.18458975,144176897509546973724.18458975,1317.4605142482874
1319,724.25104416,144176897509546973724.25104416,1317.932013531657
1320,724.43128083,144176897509546973724.43128083,1319.2108069291442
1321,724.52051675,144176897509546973724.52051675,1319.8439428238246
1322,724.67937314,144176897509546973724.67937314,1320.9710414474323
1323,724.80755850,144176897509546973724.80755850,1321.8805266927072
1324,724.86969714,144176897509546973724.86969714,1322.3214052473368
1325,725.20379628,144176897509546973725.20379628,1324.6918650119237
1326,725.28458417,144176897509546973725.28458417,1325.2650614670563
1327,725.37043578,144176897509546973725.37043578,1325.8741854152054
1328,725.52536497,144176897509546973725.52536497,1326.973420244888
1329,725.59407257,144176897509546973725.59407257,1327.4609060891237
1330,725.83487419,144176897509546973725.83487419,1329.1694125864985
1331,725.94893207,144176897509546973725.94893207,1329.9786622462675
1332,726.14954882,144176897509546973726.14954882,1331.4020539197006
1333,726.30068989,144176897509546973726.30068989,1332.4744117390342
1334,726.45431319,144176897509546973726.45431319,1333.564381176109
1335,726.57674055,144176897509546973726.57674055,1334.4330129569769
1336,726.69285591,144176897509546973726.69285591,1335.2568605997171
1337,726.82488020,144176897509546973726.82488020,1336.1935833563011
1338,726.97818893,144176897509546973726.97818893,1337.281320894401
1339,727.17030109,144176897509546973727.17030109,1338.6443718306227
1340,727.29414760,144176897509546973727.29414760,1339.5230725927363
1341,727.46659968,144176897509546973727.46659968,1340.7466337098326
1342,727.53785885,144176897509546973727.53785885,1341.252223144582
1343,727.73254731,144176897509546973727.73254731,1342.633553132619
1344,727.83220515,144176897509546973727.83220515,1343.340633372172
1345,727.96006804,144176897509546973727.96006804,1344.2478306673484
1346,728.08463291,144176897509546973728.08463291,1345.1316282503533
1347,728.24002530,144176897509546973728.24002530,1346.2341495205906
1348,728.37703879,144176897509546973728.37703879,1347.20627104491
1349,728.62542214,144176897509546973728.62542214,1348.9685705149664
1350,728.70886857,144176897509546973728.70886857,1349.5606295212046
1351,728.76020073,144176897509546973728.76020073,1349.924835247413
1352,728.88267989,144176897509546973728.88267989,1350.7938345533687
1353,729.00557731,144176897509546973729.00557731,1351.6658014470324
1354,729.18336035,144176897509546973729.18336035,1352.9271861460352
1355,729.25399184,144176897509546973729.25399184,1353.4283221416495
1356,729.40633057,144176897509546973729.40633057,1354.5091774531995
1357,729.56220707,144176897509546973729.56220707,1355.6151335220916
1358,729.78867645,144176897509546973729.78867645,1357.221951645601
1359,729.92129068,144176897509546973729.92129068,1358.1628600730417
1360,730.10634786,144176897509546973730.10634786,1359.4758553694016
1361,730.26714177,144176897509546973730.26714177,1360.6167008503137
1362,730.42846384,144176897509546973730.42846384,1361.7612936681066
1363,730.59706895,144176897509546973730.59706895,1362.9575602294597
1364,730.74953547,144176897509546973730.74953547,1364.0393222211444
1365,730.78662413,144176897509546973730.78662413,1364.3024691907906
1366,730.96808478,144176897509546973730.96808478,1365.5899468229713
1367,731.17024791,144176897509546973731.17024791,1367.024310184541
1368,731.23027022,144176897509546973731.23027022,1367.450173210805
1369,731.29316149,144176897509546973731.29316149,1367.89639173468
1370,731.45221460,144176897509546973731.45221460,1369.0248861022123
1371,731.54366700,144176897509546973731.54366700,1369.673748097412
1372,731.75444518,144176897509546973731.75444518,1371.1692359186104
1373,731.84422655,144176897509546973731.84422655,1371.8062418240866
1374,732.05483061,144176897509546973732.05483061,1373.3004942501439
1375,732.20991040,144176897509546973732.20991040,1374.4007975987115
1376,732.30422589,144176897509546973732.30422589,1375.0699734434093
1377,732.32895819,144176897509546973732.32895819,1375.2454510637217
1378,732.50396861,144176897509546973732.50396861,1376.487163805016
1379,732.76085376,144176897509546973732.76085376,1378.3097842170137
1380,732.85031954,144176897509546973732.85031954,1378.9445509865343
1381,732.92866701,144176897509546973732.92866701,1379.500432469175
1382,733.03996020,144176897509546973733.03996020,1380.2900664352112
1383,733.23336708,144176897509546973733.23336708,1381.662303512009
1384,733.46514846,144176897509546973733.46514846,1383.3068106947285
1385,733.56288185,144176897509546973733.56288185,1384.0002368096586
1386,733.63851756,144176897509546973733.63851756,1384.536878141094
1387,733.81732041,144176897509546973733.81732041,1385.8054984725272
1388,734.03254802,144176897509546973734.03254802,1387.3325553507138
1389,734.08750248,144176897509546973734.08750248,1387.7224615812854
1390,734.23608731,144176897509546973734.23608731,1388.7766826760867
1391,734.33170672,144176897509546973734.33170672,1389.4551099360867
1392,734.42293478,144176897509546973734.42293478,1390.102380221282
1393,734.73496621,144176897509546973734.73496621,1392.3162678418892
1394,734.86432634,144176897509546973734.86432634,1393.234088173024
1395,735.03696136,144176897509546973735.03696136,1394.4589472638577
1396,735.14116063,144176897509546973735.14116063,1395.1982493076591
1397,735.26831391,144176897509546973735.26831391,1396.1004118638848
1398,735.38092795,144176897509546973735.38092795,1396.8994173649094
1399,735.58520643,144176897509546973735.58520643,1398.3487893016675
1400,735.75182317,144176897509546973735.75182317,1399.530948220953
1401,735.91359771,144176897509546973735.91359771,1400.678751349104
1402,736.07642885,144176897509546973736.07642885,1401.834051137639
1403,736.26832121,144176897509546973736.26832121,1403.1955425755148
1404,736.39757262,144176897509546973736.39757262,1404.1125915296698
1405,736.49112384,144176897509546973736.49112384,1404.7763448184032
1406,736.62963492,144176897509546973736.62963492,1405.759091861959
1407,736.68049753,144176897509546973736.68049753,1406.1199660938616
1408,736.79497808,144176897509546973736.79497808,1406.9322146306367
1409,736.93992129,144176897509546973736.93992129,1407.9605981441503
1410,737.16025900,144176897509546973737.16025900,1409.5239115851132
1411,737.27368171,144176897509546973737.27368171,1410.3286546636061
1412,737.38877195,144176897509546973737.38877195,1411.1452289990464
1413,737.51530445,144176897509546973737.51530445,1412.0429870721816
1414,737.63380347,144176897509546973737.63380347,1412.8837469707344
1415,737.92302796,144176897509546973737.92302796,1414.9358175521736
1416,738.01070233,144176897509546973738.01070233,1415.5578741263705
1417,738.16845669,144176897509546973738.16845669,1416.6771537601587
1418,738.28739756,144176897509546973738.28739756,1417.5210486193312
1419,738.42965119,144176897509546973738.42965119,1418.5303493504896
1420,738.48133345,144176897509546973738.48133345,1418.8970390638272
1421,738.66335837,144176897509546973738.66335837,1420.1885202361887
1422,738.78158797,144176897509546973738.78158797,1421.0273685785794
1423,738.93992914,144176897509546973738.93992914,1422.1508116756272
1424,739.13106994,144176897509546973739.13106994,1423.5069707359917
1425,739.18303948,144176897509546973739.18303948,1423.8756987236006
1426,739.29903679,144176897509546973739.29903679,1424.6987087922746
1427,739.46174014,144176897509546973739.46174014,1425.8531019006748
1428,739.68311498,144176897509546973739.68311498,1427.4237738608358
1429,739.71375118,144176897509546973739.71375118,1427.6411401175696
1430,739.95037708,144176897509546973739.95037708,1429.320019552007
1431,740.04009829,144176897509546973740.04009829,1429.9565986175353
1432,740.17889307,144176897509546973740.17889307,1430.9413585349798
1433,740.29408352,144176897509546973740.29408352,1431.7586438682783
1434,740.43147352,144176897509546973740.43147352,1432.7334367607612
1435,740.57987700,144176897509546973740.57987700,1433.7863711630007
1436,740.79537254,144176897509546973740.79537254,1435.3153290256816
1437,740.91250983,144176897509546973740.91250983,1436.1464273424199
1438,741.06091259,144176897509546973741.06091259,1437.1993566362028
1439,741.19877622,144176897509546973741.19877622,1438.1775099709132
1440,741.32683392,144176897509546973741.32683392,1439.0860894584137
1441,741.42107916,144176897509546973741.42107916,1439.7547668738173
1442,741.56310711,144176897509546973741.56310711,1440.7624663875658
1443,741.80184587,144176897509546973741.80184587,1442.4563367304447
1444,741.87438108,144176897509546973741.87438108,1442.970979769696
1445,741.97797424,144176897509546973741.97797424,1443.7059814152149
1446,742.22222520,144176897509546973742.22222520,1445.4389612521031
1447,742.26262573,144176897509546973742.26262573,1445.725606200764
1448,742.39375938,144176897509546973742.39375938,1446.656009796261
1449,742.60300357,144176897509546973742.60300357,1448.1406138373507
1450,742.68889747,144176897509546973742.68889747,1448.750037836387
1451,742.93681752,144176897509546973742.93681752,1450.509050156381
1452,743.00648705,144176897509546973743.00648705,1451.0033609698799
1453,743.20244246,144176897509546973743.20244246,1452.3936800681513
1454,743.36277089,144176897509546973743.36277089,1453.531222931729
1455,743.52414969,144176897509546973743.52414969,1454.6762182533491
1456,743.61260265,144176897509546973743.61260265,1455.3037989850402
1457,743.70914209,144176897509546973743.70914209,1455.9887539304966
1458,743.88101782,144176897509546973743.88101782,1457.2082257988588
1459,744.04236218,144176897509546973744.04236218,1458.352976765961
1460,744.09828790,144176897509546973744.09828790,1458.749774162882
1461,744.26885586,144176897509546973744.26885586,1459.9599672998881
1462,744.46643244,144176897509546973744.46643244,1461.3617887272487
1463,744.57006260,144176897509546973744.57006260,1462.0970528906873
1464,744.70136503,144176897509546973744.70136503,1463.028653993604
1465,744.78567461,144176897509546973744.78567461,1463.6268371172098
1466,745.03296932,144176897509546973745.03296932,1465.3814126005534
1467,745.15085144,144176897509546973745.15085144,1466.217795544922
1468,745.24345857,144176897509546973745.24345857,1466.8748504406
1469,745.34941632,144176897509546973745.34941632,1467.6266290387764
1470,745.54251826,144176897509546973745.54251826,1468.9967025422093
1471,745.71120415,144176897509546973745.71120415,1470.193542244037
1472,745.83897872,144176897509546973745.83897872,1471.1001129018434
1473,745.92629843,144176897509546973745.92629843,1471.7196531353513
1474,746.15146967,144176897509546973746.15146967,1473.317260853115
1475,746.38799792,144176897509546973746.38799792,1474.9954474530957
1476,746.49885509,144176897509546973746.49885509,1475.7819878228224
1477,746.64834436,144176897509546973746.64834436,1476.8426259908
1478,746.78266131,144176897509546973746.78266131,1477.795615351015
1479,746.93055014,144176897509546973746.93055014,1478.8448982708896
1480,747.05269293,144176897509546973747.05269293,1479.71151100515
1481,747.20063576,144176897509546973747.20063576,1480.7611770592862
1482,747.27075143,144176897509546973747.27075143,1481.2586532712933
1483,747.35188437,144176897509546973747.35188437,1481.8342978834064
1484,747.47359983,144176897509546973747.47359983,1482.6978786775928
1485,747.67668414,144176897509546973747.67668414,1484.1387778839598
1486,747.93571254,144176897509546973747.93571254,1485.9766048238475
1487,748.00380940,144176897509546973748.00380940,1486.459757419585
1488,748.12702934,144176897509546973748.12702934,1487.3340126181013
1489,748.20947958,144176897509546973748.20947958,1487.9190035776726
1490,748.42096897,144176897509546973748.42096897,1489.419537489948
1491,748.49707680,144176897509546973748.49707680,1489.9595285500416
1492,748.71886627,144176897509546973748.71886627,1491.533142342774
1493,748.81822779,144176897509546973748.81822779,1492.238120168542
1494,748.99078683,144176897509546973748.99078683,1493.4624401752794
1495,749.04256058,144176897509546973749.04256058,1493.8297790173872
1496,749.23434376,144176897509546973749.23434376,1495.1904958145467
1497,749.33244625,144176897509546973749.33244625,1495.886540723105
1498,749.43883120,144176897509546973749.43883120,1496.6413503389952
1499,749.60451328,144176897509546973749.60451328,1497.8168777718197
1500,749.73896778,144176897509546973749.73896778,1498.77084306014
1501,749.92976801,144176897509546973749.92976801,1500.1245857494773
1502,750.09079409,144176897509546973750.09079409,1501.2670784948616
1503,750.14305384,144176897509546973750.14305384,1501.6378655453232
1504,750.30194605,144176897509546973750.30194605,1502.7652183146577
1505,750.54819526,144176897509546973750.54819526,1504.512375892993
1506,750.71491592,144176897509546973750.71491592,1505.6952721328796
1507,750.81120238,144176897509546973750.81120238,1506.3784321652715
1508,750.92968222,144176897509546973750.92968222,1507.2190559802107
1509,750.98026823,144176897509546973750.98026823,1507.5779677132848
1510,751.19799877,144176897509546973751.19799877,1509.1227830773464
1511,751.30673711,144176897509546973751.30673711,1509.8942901810103
1512,751.40472066,144176897509546973751.40472066,1510.5894912008823
1513,751.53864964,144176897509546973751.53864964,1511.5397278833298
1514,751.65797729,144176897509546973751.65797729,1512.386366977126
1515,751.73614788,144176897509546973751.73614788,1512.940993482208
1516,751.90034666,144176897509546973751.90034666,1514.1059967844737
1517,752.13187628,144176897509546973752.13187628,1515.748717710125
1518,752.31110433,144176897509546973752.31110433,1517.0203548691143
1519,752.49147822,144176897509546973752.49147822,1518.3001218533304
1520,752.59350162,144176897509546973752.59350162,1519.0239859277676
1521,752.70652240,144176897509546973752.70652240,1519.8258772811912
1522,752.91056524,144176897509546973752.91056524,1521.273577333553
1523,753.07436319,144176897509546973753.07436319,1522.4357367153364
1524,753.20028485,144176897509546973753.20028485,1523.3291608304658
1525,753.38571858,144176897509546973753.38571858,1524.6448277787922
1526,753.47869750,144176897509546973753.47869750,1525.304520553861
1527,753.65993192,144176897509546973753.65993192,1526.5903930663383
1528,753.77040681,144176897509546973753.77040681,1527.3742211292963
1529,753.89131927,144176897509546973753.89131927,1528.2321045751119
1530,754.15875656,144176897509546973754.15875656,1530.1295932531586
1531,754.22278865,144176897509546973754.22278865,1530.5839059849645
1532,754.39181442,144176897509546973754.39181442,1531.7831571622148
1533,754.51879335,144176897509546973754.51879335,1532.6840826914313
1534,754.62818137,144176897509546973754.62818137,1533.4601993259662
1535,754.78379745,144176897509546973754.78379745,1534.5643076944066
1536,754.94438938,144176897509546973754.94438938,1535.703720111279
1537,754.98863792,144176897509546973754.98863792,1536.0176669945654
1538,755.19100853,144176897509546973755.19100853,1537.4535024431088
1539,755.36541682,144176897509546973755.36541682,1538.6909430245346
1540,755.43726429,144176897509546973755.43726429,1539.200706494211
1541,755.54362227,144176897509546973755.54362227,1539.9553247558226
1542,755.66992358,144176897509546973755.66992358,1540.8514425176631
1543,755.86862638,144176897509546973755.86862638,1542.2612545648021
1544,756.00350308,144176897509546973756.00350308,1543.2182153954413
1545,756.16835473,144176897509546973756.16835473,1544.3878508618802
1546,756.33768522,144176897509546973756.33768522,1545.5892640515783
1547,756.40775251,144176897509546973756.40775251,1546.0863970036673
1548,756.49760766,144176897509546973756.49760766,1546.723926384066
1549,756.73113559,144176897509546973756.73113559,1548.380825476869
1550,756.83565751,144176897509546973756.83565751,1549.1224167478833
1551,756.88509650,144176897509546973756.88509650,1549.4731902835374
1552,757.11117267,144176897509546973757.11117267,1551.0772185510657
1553,757.22554907,144176897509546973757.22554907,1551.8887281353714
1554,757.39884504,144176897509546973757.39884504,1553.1182767186153
1555,757.48449560,144176897509546973757.48449560,1553.7259742011481
1556,757.60747502,144176897509546973757.60747502,1554.598522891283
1557,757.90165107,144176897509546973757.90165107,1556.6857251816873
1558,758.04725009,144176897509546973758.04725009,1557.7187617189059
1559,758.13699482,144176897509546973758.13699482,1558.3555076606904
1560,758.21783827,144176897509546973758.21783827,1558.9290983184076
1561,758.31709906,144176897509546973758.31709906,1559.6333614568764
1562,758.43833787,144176897509546973758.43833787,1560.4935603816966
1563,758.66755137,144176897509546973758.66755137,1562.1198482531654
1564,758.86395959,144176897509546973758.86395959,1563.5133800741216
1565,759.01638456,144176897509546973759.01638456,1564.5948472652774
1566,759.16371111,144176897509546973759.16371111,1565.6401407641783
1567,759.21242227,144176897509546973759.21242227,1565.985750288544
1568,759.45062240,144176897509546973759.45062240,1567.6757990090655
1569,759.58302702,144176897509546973759.58302702,1568.6152202370142
1570,759.66514771,144176897509546973759.66514771,1569.1978730133283
1571,759.78691165,144176897509546973759.78691165,1570.0617977769405
1572,759.98378442,144176897509546973759.98378442,1571.458625616808
1573,760.02277576,144176897509546973760.02277576,1571.7352722512092
1574,760.15968801,144176897509546973760.15968801,1572.706675469739
1575,760.36283102,144176897509546973760.36283102,1574.1479911572383
1576,760.48778842,144176897509546973760.48778842,1575.0345737715706
1577,760.62170775,144176897509546973760.62170775,1575.9847419865066
1578,760.73598827,144176897509546973760.73598827,1576.7955712946457
1579,760.85145068,144176897509546973760.85145068,1577.6147862056066
1580,761.01907506,144176897509546973761.01907506,1578.8040944102127
1581,761.08725183,144176897509546973761.08725183,1579.2878139737065
1582,761.23957731,144176897509546973761.23957731,1580.368575275461
1583,761.33084737,144176897509546973761.33084737,1581.0161435539708
1584,761.58873654,144176897509546973761.58873654,1582.845887567103
1585,761.81271407,144176897509546973761.81271407,1584.435025818212
1586,761.98489767,144176897509546973761.98489767,1585.6566820485205
1587,762.05997925,144176897509546973762.05997925,1586.1893917838752
1588,762.20776972,144176897509546973762.20776972,1587.2379768317874
1589,762.37714770,144176897509546973762.37714770,1588.4397269667834
1590,762.45545164,144176897509546973762.45545164,1588.9952996006386
1591,762.65110883,144176897509546973762.65110883,1590.3835028044755
1592,762.69528957,144176897509546973762.69528957,1590.6969686414113
1593,762.98891113,144176897509546973762.98891113,1592.7802367815066
1594,763.08136499,144176897509546973763.08136499,1593.4362042144392
1595,763.18485445,144176897509546973763.18485445,1594.170470100274
1596,763.32801138,144176897509546973763.32801138,1595.1861798162188
1597,763.50514759,144176897509546973763.50514759,1596.4429752053252
1598,763.61952586,144176897509546973763.61952586,1597.2544980574285
1599,763.76819750,144176897509546973763.76819750,1598.3093350760307
1600,763.88794313,144176897509546973763.88794313,1599.1589397709129
1601,764.10898157,144176897509546973764.10898157,1600.727224946526
1602,764.16454788,144176897509546973764.16454788,1601.121472301133
1603,764.33494099,144176897509546973764.33494099,1602.3304248635905
1604,764.56213856,144176897509546973764.56213856,1603.942409552617
1605,764.63166841,144176897509546973764.63166841,1604.4357293254927
1606,764.68664562,144176897509546973764.68664562,1604.8257969691097
1607,764.85024247,144176897509546973764.85024247,1605.9865295305228
1608,764.99517410,144176897509546973764.99517410,1607.0148308830226
1609,765.18375502,144176897509546973765.18375502,1608.3528273927675
1610,765.32393748,144176897509546973765.32393748,1609.3474330093243
1611,765.51109887,144176897509546973765.51109887,1610.6753578416933
1612,765.67417383,144176897509546973765.67417383,1611.8323875523702
1613,765.81280278,144176897509546973765.81280278,1612.8159708928779
1614,765.91601140,144176897509546973765.91601140,1613.5482441967497
1615,766.08455689,144176897509546973766.08455689,1614.7440877494973
1616,766.18098361,144176897509546973766.18098361,1615.4282429376583
1617,766.29570949,144176897509546973766.29570949,1616.242232110144
1618,766.46427480,144176897509546973766.46427480,1617.438216287356
1619,766.55675587,144176897509546973766.55675587,1618.0943767773858
1620,766.67588943,144176897509546973766.67588943,1618.9396387873148
1621,766.84529568,144176897509546973766.84529568,1620.1415895001917
1622,767.00030514,144176897509546973767.00030514,1621.2413938518591
1623,767.15848653,144176897509546973767.15848653,1622.3637032971976
1624,767.31521954,144176897509546973767.31521954,1623.4757363721333
1625,767.38200463,144176897509546973767.38200463,1623.949581856199
1626,767.43886516,144176897509546973767.43886516,1624.3530118038432
1627,767.68619469,144176897509546973767.68619469,1626.1078343378347
1628,767.78952831,144176897509546973767.78952831,1626.8409945265712
1629,767.86042152,144176897509546973767.86042152,1627.34398744624
1630,768.10920244,144176897509546973768.10920244,1629.1091077068215
1631,768.21832716,144176897509546973768.21832716,1629.8833562070774
1632,768.38240070,144176897509546973768.38240070,1631.0474709216599
1633,768.44484167,144176897509546973768.44484167,1631.4904945314984
1634,768.52435442,144176897509546973768.52435442,1632.0546437677
1635,768.84042876,144176897509546973768.84042876,1634.297216153814
1636,768.84572888,144176897509546973768.84572888,1634.3348209234864
1637,768.99515471,144176897509546973768.99515471,1635.3950089796574
1638,769.15371648,144176897509546973769.15371648,1636.5200172511145
1639,769.33141216,144176897509546973769.33141216,1637.7807821240228
1640,769.52728840,144176897509546973769.52728840,1639.1705395048964
1641,769.66804425,144176897509546973769.66804425,1640.1692133687538
1642,769.84262608,144176897509546973769.84262608,1641.4078852301748
1643,769.99525503,144176897509546973769.99525503,1642.4907996755283
1644,770.14021961,144176897509546973770.14021961,1643.5193348108783
1645,770.23932841,144176897509546973770.23932841,1644.2225195683022
1646,770.39247065,144176897509546973770.39247065,1645.3090758467133
1647,770.53552400,144176897509546973770.53552400,1646.3240506543837
1648,770.70164567,144176897509546973770.70164567,1647.5026970129495
1649,770.80132507,144176897509546973770.80132507,1648.209930222404
1650,770.94959958,144176897509546973770.94959958,1649.2619495723154
1651,771.07584009,144176897509546973771.07584009,1650.1576359533578
1652,771.18095807,144176897509546973771.18095807,1650.9034563171115
1653,771.29438784,144176897509546973771.29438784,1651.7082494868616
1654,771.44498652,144176897509546973771.44498652,1652.776759006341
1655,771.59772265,144176897509546973771.59772265,1653.8604339022527
1656,771.87177496,144176897509546973771.87177496,1655.8048566692407
1657,771.93010704,144176897509546973771.93010704,1656.2187273802656
1658,772.07889959,144176897509546973772.07889959,1657.2744222648598
1659,772.15999391,144176897509546973772.15999391,1657.8497928650252
1660,772.39985977,144176897509546973772.39985977,1659.551660071352
1661,772.61621990,144176897509546973772.61621990,1661.0867522683143
1662,772.71176707,144176897509546973772.71176707,1661.7646669798132
1663,772.92039520,144176897509546973772.92039520,1663.244900026585
1664,772.99643342,144176897509546973772.99643342,1663.7843971982352
1665,773.05572091,144176897509546973773.05572091,1664.2050466186088
1666,773.14413707,144176897509546973773.14413707,1664.8323662513958
1667,773.37963644,144176897509546973773.37963644,1666.5032528665802
1668,773.47190403,144176897509546973773.47190403,1667.1578986991626
1669,773.53957073,144176897509546973773.53957073,1667.637999275753
1670,773.67692985,144176897509546973773.67692985,1668.6125730721988
1671,773.90225588,144176897509546973773.90225588,1670.2112790372278
1672,774.00462524,144176897509546973774.00462524,1670.9375977251673
1673,774.14350194,144176897509546973774.14350194,1671.9229388714768
1674,774.25210477,144176897509546973774.25210477,1672.6934845209964
1675,774.51069307,144176897509546973774.51069307,1674.5281889166524
1676,774.61645813,144176897509546973774.61645813,1675.2786003640722
1677,774.77914441,144176897509546973774.77914441,1676.4328723594756
1678,774.97659855,144176897509546973774.97659855,1677.8338250653733
1679,775.04927597,144176897509546973775.04927597,1678.3494770957975
1680,775.16308956,144176897509546973775.16308956,1679.1569934987376
1681,775.31549337,144176897509546973775.31549337,1680.2383105580234
1682,775.50633145,144176897509546973775.50633145,1681.5923217960978
1683,775.62659344,144176897509546973775.62659344,1682.44559010593
1684,775.67375294,144176897509546973775.67375294,1682.7801904801424
1685,775.81528427,144176897509546973775.81528427,1683.7843664357986
1686,775.96588392,144176897509546973775.96588392,1684.8528828375047
1687,776.19038436,144176897509546973776.19038436,1686.4457311763301
1688,776.28604619,144176897509546973776.28604619,1687.1244594095779
1689,776.46385703,144176897509546973776.46385703,1688.3860413517743
1690,776.60793558,144176897509546973776.60793558,1689.408290034351
1691,776.73764001,144176897509546973776.73764001,1690.3285532011573
1692,776.82948009,144176897509546973776.82948009,1690.9801658165518
1693,776.96039781,144176897509546973776.96039781,1691.909037371658
1694,777.11189792,144176897509546973777.11189792,1692.9839426081262
1695,777.26921367,144176897509546973777.26921367,1694.1001102693504
1696,777.43582108,144176897509546973777.43582108,1695.2822029915494
1697,777.55216826,144176897509546973777.55216826,1696.1076954154844
1698,777.71026601,144176897509546973777.71026601,1697.229411428422
1699,777.85964053,144176897509546973777.85964053,1698.2892354360938
1700,777.98010495,144176897509546973777.98010495,1699.1439400027512
1701,778.05186367,144176897509546973778.05186367,1699.6530737841738
1702,778.29745056,144176897509546973778.29745056,1701.3955321498404
1703,778.37604527,144176897509546973778.37604527,1701.9531678197925
1704,778.54165005,144176897509546973778.54165005,1703.1281468030168
1705,778.64616889,144176897509546973778.64616889,1703.869716221188
1706,778.70869575,144176897509546973778.70869575,1704.3133492273548
1707,778.97659166,144176897509546973778.97659166,1706.2140918504947
1708,779.15883943,144176897509546973779.15883943,1707.5071541611928
1709,779.21612702,144176897509546973779.21612702,1707.9136141332392
1710,779.32337242,144176897509546973779.32337242,1708.674528709784
1711,779.40409479,144176897509546973779.40409479,1709.2472602953458
1712,779.56403215,144176897509546973779.56403215,1710.3820284864112
1713,779.76601999,144176897509546973779.76601999,1711.8151481515972
1714,779.85051043,144176897509546973779.85051043,1712.414614491176
1715,780.07114899,144176897509546973780.07114899,1713.9800624866316
1716,780.22065351,144176897509546973780.22065351,1715.0408088545626
1717,780.31297959,144176897509546973780.31297959,1715.695869678311
1718,780.48041073,144176897509546973780.48041073,1716.883806829867
1719,780.76198519,144176897509546973780.76198519,1718.8815998447346
1720,780.78641489,144176897509546973780.78641489,1719.0549304941667
1721,780.88161794,144176897509546973780.88161794,1719.7304036471085
1722,781.10841553,144176897509546973781.10841553,1721.3395504464695
1723,781.27033081,144176897509546973781.27033081,1722.4883521360273
1724,781.39746188,144176897509546973781.39746188,1723.3903571105504
1725,781.51807021,144176897509546973781.51807021,1724.2460827300147
1726,781.68886210,144176897509546973781.68886210,1725.457864668043
1727,781.88095216,144176897509546973781.88095216,1726.8207588030205
1728,782.10352383,144176897509546973782.10352383,1728.3999223664823
1729,782.19497400,144176897509546973782.19497400,1729.048768539656
1730,782.28204750,144176897509546973782.28204750,1729.6665618937836
1731,782.43391841,144176897509546973782.43391841,1730.7440979855144
1732,782.54088785,144176897509546973782.54088785,1731.503054604081
1733,782.74526637,144176897509546973782.74526637,1732.9531363325336
1734,782.83679082,144176897509546973782.83679082,1733.6025095281693
1735,782.92814412,144176897509546973782.92814412,1734.2506684010484
1736,783.10487818,144176897509546973783.10487818,1735.504610504168
1737,783.21413878,144176897509546973783.21413878,1736.2798230837473
1738,783.42077847,144176897509546973783.42077847,1737.7459479917961
1739,783.49442821,144176897509546973783.49442821,1738.2684987093535
1740,783.56820821,144176897509546973783.56820821,1738.7919736318906
1741,783.71054276,144176897509546973783.71054276,1739.8018484968352
1742,783.93983476,144176897509546973783.93983476,1741.4286933319988
1743,784.03254175,144176897509546973784.03254175,1742.0864567422577
1744,784.11345658,144176897509546973784.11345658,1742.6605538467081
1745,784.24226833,144176897509546973784.24226833,1743.5744833784663
1746,784.40939504,144176897509546973784.40939504,1744.7602605751474
1747,784.51581827,144176897509546973784.51581827,1745.5153417906586
1748,784.74451968,144176897509546973784.74451968,1747.1379963431643
1749,784.92990460,144176897509546973784.92990460,1748.4533169806887
1750,785.00851506,144176897509546973785.00851506,1749.0110643981338
1751,785.11628795,144176897509546973785.11628795,1749.7757215578567
1752,785.34739013,144176897509546973785.34739013,1751.4154097629755
1753,785.51918654,144176897509546973785.51918654,1752.6343188496778
1754,785.63916394,144176897509546973785.63916394,1753.4855679710008
1755,785.76867580,144176897509546973785.76867580,1754.40446483846
1756,785.83926791,144176897509546973785.83926791,1754.9053214298667
1757,786.06940953,144176897509546973786.06940953,1756.5381943859802
1758,786.13567166,144176897509546973786.13567166,1757.0083294275755
1759,786.20937468,144176897509546973786.20937468,1757.5312581709375
1760,786.32388573,144176897509546973786.32388573,1758.3437231076196
1761,786.48583263,144176897509546973786.48583263,1759.4927491435726
1762,786.66417750,144176897509546973786.66417750,1760.7581200707634
1763,786.87709727,144176897509546973786.87709727,1762.268802642021
1764,787.02491943,144176897509546973787.02491943,1763.3176125329842
1765,787.16098074,144176897509546973787.16098074,1764.28297826506
1766,787.27140947,144176897509546973787.27140947,1765.0664788191752
1767,787.33446481,144176897509546973787.33446481,1765.5138614326484
1768,787.60437523,144176897509546973787.60437523,1767.4288971632184
1769,787.65986554,144176897509546973787.65986554,1767.822605291828
1770,787.75799583,144176897509546973787.75799583,1768.5188474435804
1771,787.97360383,144176897509546973787.97360383,1770.0486032188364
1772,788.04046994,144176897509546973788.04046994,1770.523023546196
1773,788.24534814,144176897509546973788.24534814,1771.9766505436826
1774,788.49692309,144176897509546973788.49692309,1773.7615946676121
1775,788.57592750,144176897509546973788.57592750,1774.322137191397
1776,788.70381484,144176897509546973788.70381484,1775.229507961253
1777,788.82944670,144176897509546973788.82944670,1776.1208759225121
1778,788.95355830,144176897509546973788.95355830,1777.001457519096
1779,789.07792715,144176897509546973789.07792715,1777.8838643247313
1780,789.31187074,144176897509546973789.31187074,1779.5437125580372
1781,789.43493896,144176897509546973789.43493896,1780.41689129118
1782,789.54107049,144176897509546973789.54107049,1781.1699028721707
1783,789.64848440,144176897509546973789.64848440,1781.9320130404637
1784,789.77910020,144176897509546973789.77910020,1782.8587424493433
1785,790.00707679,144176897509546973790.00707679,1784.476254346748
1786,790.16960594,144176897509546973790.16960594,1785.629411492401
1787,790.35426143,144176897509546973790.35426143,1786.9395567665106
1788,790.47587071,144176897509546973790.47587071,1787.8023842052173
1789,790.55154002,144176897509546973790.55154002,1788.3392639313042
1790,790.65385591,144176897509546973790.65385591,1789.065203245374
1791,790.79362206,144176897509546973790.79362206,1790.0568551096267
1792,790.98629437,144176897509546973790.98629437,1791.423880354304
1793,791.06117286,144176897509546973791.06117286,1791.9551491500813
1794,791.10532334,144176897509546973791.10532334,1792.268400289929
1795,791.31451340,144176897509546973791.31451340,1793.752620274397
1796,791.54714039,144176897509546973791.54714039,1795.4031271268
1797,791.62134884,144176897509546973791.62134884,1795.9296419358993
1798,791.87758334,144176897509546973791.87758334,1797.7476459347993
1799,791.99092903,144176897509546973791.99092903,1798.551842550314
1800,792.06919447,144176897509546973792.06919447,1799.107142023631
1801,792.18197596,144176897509546973792.18197596,1799.9073355956202
1802,792.36732911,144176897509546973792.36732911,1801.2224308224875
1803,792.45958310,144176897509546973792.45958310,1801.8769801619967
1804,792.65208475,144176897509546973792.65208475,1803.242794560506
1805,792.87410118,144176897509546973792.87410118,1804.8180186523496
1806,793.02977466,144176897509546973793.02977466,1805.9225342783197
1807,793.12198627,144176897509546973793.12198627,1806.5767829283843
1808,793.22484856,144176897509546973793.22484856,1807.3065989935747
1809,793.29752706,144176897509546973793.29752706,1807.822258686684
1810,793.60409652,144176897509546973793.60409652,1809.997393199096
1811,793.66700957,144176897509546973793.66700957,1810.44376625379
1812,793.74066359,144176897509546973793.74066359,1810.966347338285
1813,793.92536715,144176897509546973793.92536715,1812.2768336728382
1814,794.10079447,144176897509546973794.10079447,1813.5215043525332
1815,794.23938971,144176897509546973794.23938971,1814.5048485179304
1816,794.33036195,144176897509546973794.33036195,1815.150303740037
1817,794.51080008,144176897509546973794.51080008,1816.430526512123
1818,794.60527196,144176897509546973794.60527196,1817.1008119562125
1819,794.69755293,144176897509546973794.69755293,1817.755552720951
1820,794.86650557,144176897509546973794.86650557,1818.9542850350801
1821,795.07240361,144176897509546973795.07240361,1820.4151478778497
1822,795.15948202,144176897509546973795.15948202,1821.0329760688148
1823,795.37743042,144176897509546973795.37743042,1822.5793371667694
1824,795.48474661,144176897509546973795.48474661,1823.3407540039507
1825,795.55671341,144176897509546973795.55671341,1823.8513641293944
1826,795.71323048,144176897509546973795.71323048,1824.9618650929888
1827,795.79948644,144176897509546973795.79948644,1825.573857936298
1828,795.85278101,144176897509546973795.85278101,1825.9519871163252
1829,796.13888080,144176897509546973796.13888080,1827.9818877046707
1830,796.24491322,144176897509546973796.24491322,1828.73419609239
1831,796.38754341,144176897509546973796.38754341,1829.7461685464657
1832,796.56242430,144176897509546973796.56242430,1830.9869622621877
1833,796.63201812,144176897509546973796.63201812,1831.4807359072618
1834,796.78636602,144176897509546973796.78636602,1832.5758464385203
1835,797.01374441,144176897509546973797.01374441,1834.1891140597168
1836,797.10048519,144176897509546973797.10048519,1834.804546739187
1837,797.19359752,144176897509546973797.19359752,1835.4651860687343
1838,797.37540404,144176897509546973797.37540404,1836.75511767586
1839,797.56679549,144176897509546973797.56679549,1838.113055117755
1840,797.67417827,144176897509546973797.67417827,1838.8749444162413
1841,797.80343194,144176897509546973797.80343194,1839.7920094052747
1842,797.97635304,144176897509546973797.97635304,1841.018898256285
1843,798.10376587,144176897509546973798.10376587,1841.9229023402438
1844,798.25625668,144176897509546973798.25625668,1843.0048366713957
1845,798.41581642,144176897509546973798.41581642,1844.13692561876
1846,798.65173316,144176897509546973798.65173316,1845.8107735070319
1847,798.79107725,144176897509546973798.79107725,1846.7994308222767
1848,798.88534386,144176897509546973798.88534386,1847.468259859517
1849,799.12470065,144176897509546973799.12470065,1849.1665151740192
1850,799.16714354,144176897509546973799.16714354,1849.4676508280584
1851,799.34576074,144176897509546973799.34576074,1850.7349539580907
1852,799.42776021,144176897509546973799.42776021,1851.3167466689383
1853,799.55593486,144176897509546973799.55593486,1852.2261559259182
1854,799.69214321,144176897509546973799.69214321,1853.192564918398
1855,799.85406445,144176897509546973799.85406445,1854.3414088946263
1856,799.95499020,144176897509546973799.95499020,1855.0574850556895
1857,800.09084556,144176897509546973800.09084556,1856.0213895562622
1858,800.21795841,144176897509546973800.21795841,1856.9232652584474
1859,800.55466144,144176897509546973800.55466144,1859.312199828077
1860,800.57692016,144176897509546973800.57692016,1859.4701272030807
1861,800.65544983,144176897509546973800.65544983,1860.0273014091001
1862,800.83018319,144176897509546973800.83018319,1861.2670483878294
1863,801.01325378,144176897509546973801.01325378,1862.5659486713625
1864,801.13861307,144176897509546973801.13861307,1863.455382726961
1865,801.22166800,144176897509546973801.22166800,1864.044664009803
1866,801.47211304,144176897509546973801.47211304,1865.8215913331128
1867,801.55161995,144176897509546973801.55161995,1866.3856991340535
1868,801.66240090,144176897509546973801.66240090,1867.1716987168652
1869,801.87265966,144176897509546973801.87265966,1868.6635012121722
1870,802.00890329,144176897509546973802.00890329,1869.6301605190363
1871,802.11374475,144176897509546973802.11374475,1870.3740189515677
1872,802.29048052,144176897509546973802.29048052,1871.6279731872723
1873,802.39240318,144176897509546973802.39240318,1872.3511225034595
1874,802.48436160,144176897509546973802.48436160,1873.003574750493
1875,802.57145755,144176897509546973802.57145755,1873.6215273891423
1876,802.71192622,144176897509546973802.71192622,1874.618163688236
1877,802.93005530,144176897509546973802.93005530,1876.1658067250496
1878,802.99969418,144176897509546973802.99969418,1876.6599000743795
1879,803.06787813,144176897509546973803.06787813,1877.1436705805402
1880,803.21765995,144176897509546973803.21765995,1878.206384413855
1881,803.36755671,144176897509546973803.36755671,1879.2699137555405
1882,803.62845319,144176897509546973803.62845319,1881.1209948704525
1883,803.79009283,144176897509546973803.79009283,1882.2678408724576
1884,803.90929887,144176897509546973803.90929887,1883.1136171337066
1885,804.04661899,144176897509546973804.04661899,1884.0879142220745
1886,804.24229937,144176897509546973804.24229937,1885.4762819607915
1887,804.39145171,144176897509546973804.39145171,1886.5345295838292
1888,804.45039925,144176897509546973804.45039925,1886.952767032125
1889,804.61322352,144176897509546973804.61322352,1888.108018077468
1890,804.81273008,144176897509546973804.81273008,1889.5235328652377
1891,805.00847784,144176897509546973805.00847784,1890.9123786703722
1892,805.04762680,144176897509546973805.04762680,1891.1901436311123
1893,805.19713620,144176897509546973805.19713620,1892.2509246230284
1894,805.32060078,144176897509546973805.32060078,1893.126915561651
1895,805.47659237,144176897509546973805.47659237,1894.2336882031757
1896,805.59104458,144176897509546973805.59104458,1895.0457356654142
1897,805.78072409,144176897509546973805.78072409,1896.391526757907
1898,805.80949423,144176897509546973805.80949423,1896.595653171676
1899,805.95884666,144176897509546973805.95884666,1897.6553204490544
1900,806.14738907,144176897509546973806.14738907,1898.9930437273104
1901,806.24611193,144176897509546973806.24611193,1899.693490209977
1902,806.48153842,144176897509546973806.48153842,1901.3638597358097
1903,806.59817360,144176897509546973806.59817360,1902.1913955424727
1904,806.70038703,144176897509546973806.70038703,1902.9166078947565
1905,806.85394859,144176897509546973806.85394859,1904.0061392816592
1906,807.02038197,144176897509546973807.02038197,1905.1869972472743
1907,807.12319571,144176897509546973807.12319571,1905.9164688463834
1908,807.22728523,144176897509546973807.22728523,1906.6549922052736
1909,807.36540194,144176897509546973807.36540194,1907.6349411625565
1910,807.50692407,144176897509546973807.50692407,1908.6390518434869
1911,807.66533546,144176897509546973807.66533546,1909.762993156976
1912,807.78513500,144176897509546973807.78513500,1910.6129803475628
1913,807.98747957,144176897509546973807.98747957,1912.0486310402514
1914,808.16052231,144176897509546973808.16052231,1913.276382936661
1915,808.35248773,144176897509546973808.35248773,1914.6383927410025
1916,808.49454704,144176897509546973808.49454704,1915.6463147564257
1917,808.58836535,144176897509546973808.58836535,1916.3119630697872
1918,808.72661409,144176897509546973808.72661409,1917.2928487903396
1919,808.93125217,144176897509546973808.93125217,1918.7447721174763
1920,809.02203109,144176897509546973809.02203109,1919.3888557189266
1921,809.16776239,144176897509546973809.16776239,1920.4228307931842
1922,809.29256784,144176897509546973809.29256784,1921.308335310275
1923,809.38801967,144176897509546973809.38801967,1921.98557357695
1924,809.62574158,144176897509546973809.62574158,1923.6722292888317
1925,809.82386585,144176897509546973809.82386585,1925.0779366199642
1926,809.83962359,144176897509546973809.83962359,1925.1897390288266
1927,809.95984780,144176897509546973809.95984780,1926.0427392865772
1928,810.12402052,144176897509546973810.12402052,1927.2075576910865
1929,810.28568357,144176897509546973810.28568357,1928.354569788889
1930,810.41250778,144176897509546973810.41250778,1929.2543975674955
1931,810.59044123,144176897509546973810.59044123,1930.5168494373181
1932,810.70978720,144176897509546973810.70978720,1931.36361851296
1933,810.84863557,144176897509546973810.84863557,1932.3487586556837
1934,811.00538934,144176897509546973811.00538934,1933.460939024458
1935,811.18871596,144176897509546973811.18871596,1934.7616558610462
1936,811.31898568,144176897509546973811.31898568,1935.685929805014
1937,811.39072219,144176897509546973811.39072219,1936.1949060047339
1938,811.57096767,144176897509546973811.57096767,1937.4737619098662
1939,811.65801345,144176897509546973811.65801345,1938.0913585884061
1940,811.74967600,144176897509546973811.74967600,1938.7417116144404
1941,811.83618153,144176897509546973811.83618153,1939.3554751765953
1942,812.15966676,144176897509546973812.15966676,1941.6506284121083
1943,812.29948468,144176897509546973812.29948468,1942.6426475885964
1944,812.37434520,144176897509546973812.37434520,1943.1737888858056
1945,812.53510729,144176897509546973812.53510729,1944.3144086013065
1946,812.68271532,144176897509546973812.68271532,1945.361699223021
1947,812.87122088,144176897509546973812.87122088,1946.6991610476186
1948,812.90896948,144176897509546973812.90896948,1946.9669903436459
1949,813.10958455,144176897509546973813.10958455,1948.3903700973465
1950,813.18342931,144176897509546973813.18342931,1948.9143044971943
1951,813.24327357,144176897509546973813.24327357,1949.338904244657
1952,813.31236765,144176897509546973813.31236765,1949.8291321949928
1953,813.53273725,144176897509546973813.53273725,1951.3926718980224
1954,813.73149793,144176897509546973813.73149793,1952.802894608329
1955,813.94064656,144176897509546973813.94064656,1954.2868206436774
1956,814.07192787,144176897509546973814.07192787,1955.2182718985273
1957,814.15771258,144176897509546973814.15771258,1955.8269211858967
1958,814.33070627,144176897509546973814.33070627,1957.0543250686856
1959,814.50895210,144176897509546973814.50895210,1958.3189932992605
1960,814.56869475,144176897509546973814.56869475,1958.7428721157542
1961,814.74921919,144176897509546973814.74921919,1960.0237072641014
1962,814.87919253,144176897509546973814.87919253,1960.9458783685793
1963,815.01690779,144176897509546973815.01690779,1961.9229790064308
1964,815.15774067,144176897509546973815.15774067,1962.9221994042173
1965,815.27794305,144176897509546973815.27794305,1963.775044776395
1966,815.39373048,144176897509546973815.39373048,1964.5965657299057
1967,815.50875041,144176897509546973815.50875041,1965.4126412103471
1968,815.69092902,144176897509546973815.69092902,1966.7052128253874
1969,815.87593082,144176897509546973815.87593082,1968.017815196277
1970,815.90065747,144176897509546973815.90065747,1968.1932527293936
1971,816.13856071,144176897509546973816.13856071,1969.8811949919354
1972,816.32954094,144176897509546973816.32954094,1971.236214795478
1973,816.52765550,144176897509546973816.52765550,1972.6418532333944
1974,816.60886537,144176897509546973816.60886537,1973.2180436699289
1975,816.83461395,144176897509546973816.83461395,1974.8197476605544
1976,816.99296207,144176897509546973816.99296207,1975.9432400684007
1977,817.15679418,144176897509546973817.15679418,1977.1056418180801
1978,817.28396640,144176897509546973817.28396640,1978.0079387551007
1979,817.37470974,144176897509546973817.37470974,1978.651769913643
1980,817.49853601,144176897509546973817.49853601,1979.5303270713594
1981,817.67707375,144176897509546973817.67707375,1980.797066426421
1982,817.74020460,144176897509546973817.74020460,1981.2449847893033
1983,817.92807900,144176897509546973817.92807900,1982.5779684838913
1984,817.99276366,144176897509546973817.99276366,1983.0369112513465
1985,818.16364117,144176897509546973818.16364117,1984.2493006700315
1986,818.28057744,144176897509546973818.28057744,1985.078972734006
1987,818.48457967,144176897509546973818.48457967,1986.526384655213
1988,818.61330658,144176897509546973818.61330658,1987.4397122404757
1989,818.68668559,144176897509546973818.68668559,1987.9603421073177
1990,818.82289546,144176897509546973818.82289546,1988.9267618843176
1991,818.93946789,144176897509546973818.93946789,1989.7538524747786
1992,819.19464979,144176897509546973819.19464979,1991.5643881936098
1993,819.33633517,144176897509546973819.33633517,1992.5696571461733
1994,819.41106197,144176897509546973819.41106197,1993.0998496894297
1995,819.52366050,144176897509546973819.52366050,1993.8987451457801
1996,819.68110603,144176897509546973819.68110603,1995.0158336063462
1997,819.80934770,144176897509546973819.80934770,1995.925718375515
1998,819.93960540,144176897509546973819.93960540,1996.8499070366342
1999,820.06855233,144176897509546973820.06855233,1997.7647956811604
2000,820.26334473,144176897509546973820.26334473,1999.1468631317002
2001,820.44494936,144176897509546973820.44494936,2000.4353623133434
2002,820.49637187,144176897509546973820.49637187,2000.800209079932
2003,820.70181222,144176897509546973820.70181222,2002.257824576032
2004,820.87928684,144176897509546973820.87928684,2003.5170210107947
2005,820.90385470,144176897509546973820.90385470,2003.6913319163302
2006,821.13336852,144176897509546973821.13336852,2005.3197505818994
2007,821.33927307,144176897509546973821.33927307,2006.780659613633
2008,821.45953845,144176897509546973821.45953845,2007.6339519757823
2009,821.54179831,144176897509546973821.54179831,2008.2175921742294
2010,821.68472482,144176897509546973821.68472482,2009.2316670420898
2011,821.92481536,144176897509546973821.92481536,2010.9351283707479
2012,821.99039194,144176897509546973821.99039194,2011.4003993809913
2013,822.18790395,144176897509546973822.18790395,2012.8017626791059
2014,822.33372488,144176897509546973822.33372488,2013.836373685287
2015,822.35332772,144176897509546973822.35332772,2013.975457382095
2016,822.42201935,144176897509546973822.42201935,2014.4628299179205
2017,822.54346491,144176897509546973822.54346491,2015.324495750307
2018,822.76296754,144176897509546973822.76296754,2016.8818842327678
2019,822.84161398,144176897509546973822.84161398,2017.4398869311524
2020,823.02269155,144176897509546973823.02269155,2018.7246465805013
2021,823.22095195,144176897509546973823.22095195,2020.131319764727
2022,823.30686349,144176897509546973823.30686349,2020.7408689209556
2023,823.45890740,144176897509546973823.45890740,2021.819632461339
2024,823.62651270,144176897509546973823.62651270,2023.0088052918393
2025,823.78341288,144176897509546973823.78341288,2024.1220244511178
2026,823.92138007,144176897509546973823.92138007,2025.1009125522007
2027,824.07176708,144176897509546973824.07176708,2026.1679202563257
2028,824.16546751,144176897509546973824.16546751,2026.8327322017844
2029,824.37203570,144176897509546973824.37203570,2028.2983498116907
2030,824.51295072,144176897509546973824.51295072,2029.2981529992594
2031,824.66484834,144176897509546973824.66484834,2030.375878600548
2032,824.77346452,144176897509546973824.77346452,2031.1465189693713
2033,824.80030164,144176897509546973824.80030164,2031.3369304536911
2034,824.95629948,144176897509546973824.95629948,2032.443747439459
2035,825.11272042,144176897509546973825.11272042,2033.553566353117
2036,825.33283735,144176897509546973825.33283735,2035.1153133425566
2037,825.49730333,144176897509546973825.49730333,2036.2822124499094
2038,825.66679484,144176897509546973825.66679484,2037.4847680892149
2039,825.80464584,144176897509546973825.80464584,2038.4628318130785
2040,825.86833653,144176897509546973825.86833653,2038.914722284942
2041,825.89559664,144176897509546973825.89559664,2039.1081349166932
2042,826.13566845,144176897509546973826.13566845,2040.811463354523
2043,826.33855165,144176897509546973826.33855165,2042.250935669569
2044,826.45994892,144176897509546973826.45994892,2043.1122588805945
2045,826.58355813,144176897509546973826.58355813,2043.9892759804811
2046,826.74972315,144176897509546973826.74972315,2045.1682299107179
2047,826.89846758,144176897509546973826.89846758,2046.2235833801144
2048,827.11315148,144176897509546973827.11315148,2047.7467825929427
2049,827.20950010,144176897509546973827.20950010,2048.43038365544
2050,827.45094986,144176897509546973827.45094986,2050.1434887572645
2051,827.52113985,144176897509546973827.52113985,2050.6414922755366
2052,827.67273190,144176897509546973827.67273190,2051.7170498335604
2053,827.84260401,144176897509546973827.84260401,2052.922305859902
2054,827.92251870,144176897509546973827.92251870,2053.4893068921238
2055,828.01330045,144176897509546973828.01330045,2054.1334105726473
2056,828.14119691,144176897509546973828.14119691,2055.0408460496233
2057,828.33160143,144176897509546973828.33160143,2056.391781145282
2058,828.54716801,144176897509546973828.54716801,2057.9212430423695
2059,828.74006905,144176897509546973828.74006905,2059.2898911444477
2060,828.80360668,144176897509546973828.80360668,2059.740695643532
2061,828.87974077,144176897509546973828.87974077,2060.280873020398
2062,829.05351376,144176897509546973829.05351376,2061.513806098187
2063,829.15183485,144176897509546973829.15183485,2062.2114019909973
2064,829.23046564,144176897509546973829.23046564,2062.7692936513968
2065,829.33780810,144176897509546973829.33780810,2063.530896876301
2066,829.54072911,144176897509546973829.54072911,2064.9706374562807
2067,829.70548627,144176897509546973829.70548627,2066.139602508713
2068,829.90704477,144176897509546973829.90704477,2067.5696759727166
2069,830.04313436,144176897509546973830.04313436,2068.535242353624
2070,830.13177988,144176897509546973830.13177988,2069.1641893137116
2071,830.23526245,144176897509546973830.23526245,2069.898406314453
2072,830.41477474,144176897509546973830.41477474,2071.1720601786737
2073,830.55269798,144176897509546973830.55269798,2072.1506364510387
2074,830.64535315,144176897509546973830.64535315,2072.808032194308
2075,830.84049213,144176897509546973830.84049213,2074.192558657299
2076,830.97239004,144176897509546973830.97239004,2075.1283847378095
2077,831.06699472,144176897509546973831.06699472,2075.7996124083793
2078,831.11846648,144176897509546973831.11846648,2076.1648086076048
2079,831.33197335,144176897509546973831.33197335,2077.6796566996945
2080,831.52482723,144176897509546973831.52482723,2079.047970197851
2081,831.66511844,144176897509546973831.66511844,2080.04334740424
2082,831.75637303,144176897509546973831.75637303,2080.690805921879
2083,831.83358840,144176897509546973831.83358840,2081.238655065677
2084,832.06667099,144176897509546973832.06667099,2082.892394436035
2085,832.17402916,144176897509546973832.17402916,2083.654109124629
2086,832.37803542,144176897509546973832.37803542,2085.101549639004
2087,832.50468614,144176897509546973832.50468614,2086.0001464923694
2088,832.69461349,144176897509546973832.69461349,2087.347696029221
2089,832.88433360,144176897509546973832.88433360,2088.693775181918
2090,833.01858008,144176897509546973833.01858008,2089.646264551922
2091,833.08077306,144176897509546973833.08077306,2090.0875286531395
2092,833.20380431,144176897509546973833.20380431,2090.960445081215
2093,833.37953455,144176897509546973833.37953455,2092.2072650022155
2094,833.46454466,144176897509546973833.46454466,2092.8104184414556
2095,833.59771095,144176897509546973833.59771095,2093.7552437781633
2096,833.77591709,144176897509546973833.77591709,2095.019630405056
2097,833.97728267,144176897509546973833.97728267,2096.4483350864352
2098,834.00841731,144176897509546973834.00841731,2096.669237814305
2099,834.17203195,144176897509546973834.17203195,2097.8300965971716
2100,834.38837172,144176897509546973834.38837172,2099.365044338327
2101,834.61331448,144176897509546973834.61331448,2100.9610309724594
2102,834.72212911,144176897509546973834.72212911,2101.733079359694
2103,834.79872475,144176897509546973834.79872475,2102.2765314702347
2104,834.90595985,144176897509546973834.90595985,2103.037372967466
2105,834.99118416,144176897509546973834.99118416,2103.64204617261
2106,835.14383573,144176897509546973835.14383573,2104.7251211086486
2107,835.35198284,144176897509546973835.35198284,2106.20194128056
2108,835.44505981,144176897509546973835.44505981,2106.8623297281165
2109,835.67395464,144176897509546973835.67395464,2108.4863566107865
2110,835.78215464,144176897509546973835.78215464,2109.254044149666
2111,835.87532252,144176897509546973835.87532252,2109.9150776108468
2112,836.10243416,144176897509546973836.10243416,2111.526452619742
2113,836.26633738,144176897509546973836.26633738,2112.689358900483
2114,836.42278477,144176897509546973836.42278477,2113.7993654789784
2115,836.52564167,144176897509546973836.52564167,2114.5291433016932
2116,836.64101541,144176897509546973836.64101541,2115.347729092007
2117,836.78392890,144176897509546973836.78392890,2116.3617115819397
2118,836.87703339,144176897509546973836.87703339,2117.0222952860686
2119,837.08372477,144176897509546973837.08372477,2118.4887869387467
2120,837.21994269,144176897509546973837.21994269,2119.4552638311316
2121,837.35726674,144176897509546973837.35726674,2120.4295888031597
2122,837.38421974,144176897509546973837.38421974,2120.6208224652246
2123,837.61589974,144176897509546973837.61589974,2122.2646103488432
2124,837.81636573,144176897509546973837.81636573,2123.686932368179
2125,837.87990951,144176897509546973837.87990951,2124.1377805019983
2126,837.92787179,144176897509546973837.92787179,2124.4780766636645
2127,838.15732874,144176897509546973838.15732874,2126.1060918320954
2128,838.29267153,144176897509546973838.29267153,2127.0663596080676
2129,838.44199956,144176897509546973838.44199956,2128.1258537655203
2130,838.66015662,144176897509546973838.66015662,2129.673695322642
2131,838.71838385,144176897509546973838.71838385,2130.0868221146425
2132,838.84927355,144176897509546973838.84927355,2131.0154948656373
2133,839.12020570,144176897509546973839.12020570,2132.9377798511896
2134,839.25550669,144176897509546973839.25550669,2133.897751052863
2135,839.30362725,144176897509546973839.30362725,2134.23917022362
2136,839.40255824,144176897509546973839.40255824,2134.9410934050616
2137,839.45198791,144176897509546973839.45198791,2135.2918008145803
2138,839.63817486,144176897509546973839.63817486,2136.612811918249
2139,839.90413492,144176897509546973839.90413492,2138.4998195328662
2140,839.99842332,144176897509546973839.99842332,2139.168803171876
2141,840.12045571,144176897509546973840.12045571,2140.0346326094236
2142,840.35133767,144176897509546973840.35133767,2141.672758336263
2143,840.48222768,144176897509546973840.48222768,2142.6014332867326
2144,840.65954955,144176897509546973840.65954955,2143.8595459481908
2145,840.74046290,144176897509546973840.74046290,2144.4336325519243
2146,840.86657696,144176897509546973840.86657696,2145.3284217602377
2147,841.00187393,144176897509546973841.00187393,2146.2883644396934
2148,841.19509960,144176897509546973841.19509960,2147.659315817241
2149,841.23353961,144176897509546973841.23353961,2147.932050721782
2150,841.39523112,144176897509546973841.39523112,2149.0792647455305
2151,841.49736047,144176897509546973841.49736047,2149.803880543579
2152,841.57395631,144176897509546973841.57395631,2150.3473340731357
2153,841.69114269,144176897509546973841.69114269,2151.178780687298
2154,841.88529768,144176897509546973841.88529768,2152.5563256635846
2155,842.00658434,144176897509546973842.00658434,2153.416864087931
2156,842.16548722,144176897509546973842.16548722,2154.544292561758
2157,842.34223960,144176897509546973842.34223960,2155.7983646467233
2158,842.45977514,144176897509546973842.45977514,2156.632288578641
2159,842.57512506,144176897509546973842.57512506,2157.450705364174
2160,842.73908816,144176897509546973842.73908816,2158.614036498241
2161,842.90967608,144176897509546973842.90967608,2159.8243712530225
2162,842.99991100,144176897509546973842.99991100,2160.4645951315415
2163,843.15188594,144176897509546973843.15188594,2161.542869324332
2164,843.32648513,144176897509546973843.32648513,2162.781664356323
2165,843.50190759,144176897509546973843.50190759,2164.026300553934
2166,843.65748036,144176897509546973843.65748036,2165.130101634507
2167,843.90862776,144176897509546973843.90862776,2166.912012257445
2168,844.02116399,144176897509546973844.02116399,2167.7104656903794
2169,844.11840574,144176897509546973844.11840574,2168.40040358071
2170,844.35855913,144176897509546973844.35855913,2170.104310835078
2171,844.47080058,144176897509546973844.47080058,2170.900672780649
2172,844.53467962,144176897509546973844.53467962,2171.3538996106267
2173,844.74613987,144176897509546973844.74613987,2172.8542267723024
2174,844.80178805,144176897509546973844.80178805,2173.24905500102
2175,844.88251097,144176897509546973844.88251097,2173.8217904888756
2176,845.08798414,144176897509546973845.08798414,2175.279638845466
2177,845.21654791,144176897509546973845.21654791,2176.191808939554
2178,845.40435436,144176897509546973845.40435436,2177.5243105235295
2179,845.57677003,144176897509546973845.57677003,2178.7476133088026
2180,845.72328769,144176897509546973845.72328769,2179.787167669318
2181,845.81896020,144176897509546973845.81896020,2180.4659716780084
2182,845.91355641,144176897509546973845.91355641,2181.1371392532596
2183,846.19218811,144176897509546973846.19218811,2183.114053153692
2184,846.24105744,144176897509546973846.24105744,2183.4607849066897
2185,846.43991411,144176897509546973846.43991411,2184.871688673622
2186,846.49617189,144176897509546973846.49617189,2185.270842062448
2187,846.55190018,144176897509546973846.55190018,2185.6662386779385
2188,846.76611119,144176897509546973846.76611119,2187.1860826988973
2189,846.86372275,144176897509546973846.86372275,2187.878644420363
2190,847.03703847,144176897509546973847.03703847,2189.1083331314157
2191,847.14075513,144176897509546973847.14075513,2189.844211019181
2192,847.30901209,144176897509546973847.30901209,2191.038007428808
2193,847.56333584,144176897509546973847.56333584,2192.8424545056664
2194,847.63568710,144176897509546973847.63568710,2193.355792405151
2195,847.68775322,144176897509546973847.68775322,2193.725205635482
2196,847.92136622,144176897509546973847.92136622,2195.3827083066485
2197,847.98143516,144176897509546973847.98143516,2195.808902176442
2198,848.19918676,144176897509546973848.19918676,2197.3538669628656
2199,848.32529203,144176897509546973848.32529203,2198.248593805435
2200,848.46481409,144176897509546973848.46481409,2199.238513831875
2201,848.59133494,144176897509546973848.59133494,2200.136189247341
2202,848.66451073,144176897509546973848.66451073,2200.655377252245
2203,848.77006292,144176897509546973848.77006292,2201.4042783702157
2204,849.01966982,144176897509546973849.01966982,2203.1752590240817
2205,849.10456180,144176897509546973849.10456180,2203.7775743216494
2206,849.39216792,144176897509546973849.39216792,2205.8181624402205
2207,849.43070766,144176897509546973849.43070766,2206.0916049369825
2208,849.56013174,144176897509546973849.56013174,2207.0098789984145
2209,849.66780048,144176897509546973849.66780048,2207.773797205668
2210,849.81613188,144176897509546973849.81613188,2208.826220194619
2211,849.94143127,144176897509546973849.94143127,2209.7152292549904
2212,850.12890921,144176897509546973850.12890921,2211.0454000345912
2213,850.22048545,144176897509546973850.22048545,2211.6951406843637
2214,850.44048722,144176897509546973850.44048722,2213.2560706045156
2215,850.52351175,144176897509546973850.52351175,2213.8451361969583
2216,850.72419426,144176897509546973850.72419426,2215.268994442781
2217,850.86502272,144176897509546973850.86502272,2216.2681834803184
2218,851.05907590,144176897509546973851.05907590,2217.6450061066207
2219,851.10921281,144176897509546973851.10921281,2218.000731439753
2220,851.31967577,144176897509546973851.31967577,2219.493982750175
2221,851.42871205,144176897509546973851.42871205,2220.2676037616516
2222,851.54214391,144176897509546973851.54214391,2221.0724117601167
2223,851.65381191,144176897509546973851.65381191,2221.8647050326817
2224,851.78732605,144176897509546973851.78732605,2222.8119983925912
2225,851.91970051,144176897509546973851.91970051,2223.7512056329597
2226,852.06003554,144176897509546973852.06003554,2224.746893745707
2227,852.24280296,144176897509546973852.24280296,2226.043643014165
2228,852.30122634,144176897509546973852.30122634,2226.458161505895
2229,852.52269261,144176897509546973852.52269261,2228.0294821691214
2230,852.59821519,144176897509546973852.59821519,2228.5653208342783
2231,852.98813132,144176897509546973852.98813132,2231.3318065478556
2232,853.00432621,144176897509546973853.00432621,2231.4467105704666
2233,853.12840426,144176897509546973853.12840426,2232.327054127153
2234,853.30009174,144176897509546973853.30009174,2233.545190346909
2235,853.40708739,144176897509546973853.40708739,2234.3043329274938
2236,853.60848994,144176897509546973853.60848994,2235.7332999139403
2237,853.63579798,144176897509546973853.63579798,2235.927052612824
2238,853.77868599,144176897509546973853.77868599,2236.940854320146
2239,853.92374661,144176897509546973853.92374661,2237.9700708668756
2240,854.10040854,144176897509546973854.10040854,2239.223501201953
2241,854.27491319,144176897509546973854.27491319,2240.4616254651833
2242,854.35184276,144176897509546973854.35184276,2241.0074468354264
2243,854.50927511,144176897509546973854.50927511,2242.1244417828525
2244,854.65697821,144176897509546973854.65697821,2243.1724069337197
2245,854.74775330,144176897509546973854.74775330,2243.8164633610177
2246,854.87091786,144176897509546973854.87091786,2244.690325634064
2247,855.00722357,144176897509546973855.00722357,2245.6574254034267
2248,855.21779787,144176897509546973855.21779787,2247.1514666799353
2249,855.36142605,144176897509546973855.36142605,2248.17051995182
2250,855.60413820,144176897509546973855.60413820,2249.8925818103194
2251,855.66215401,144176897509546973855.66215401,2250.304208560735
2252,855.87265078,144176897509546973855.87265078,2251.7976997557753
2253,856.05611711,144176897509546973856.05611711,2253.0994078458393
2254,856.15857765,144176897509546973856.15857765,2253.8263734630746
2255,856.20915104,144176897509546973856.20915104,2254.1851956562527
2256,856.40747312,144176897509546973856.40747312,2255.592306464946
2257,856.54652385,144176897509546973856.54652385,2256.5788823678395
2258,856.74919871,144176897509546973856.74919871,2258.0168764941436
2259,856.85930223,144176897509546973856.85930223,2258.798069657644
2260,856.95555663,144176897509546973856.95555663,2259.4810022218057
2261,856.99927210,144176897509546973856.99927210,2259.791166931374
2262,857.28448533,144176897509546973857.28448533,2261.8147773065543
2263,857.45016109,144176897509546973857.45016109,2262.99025989848
2264,857.46687360,144176897509546973857.46687360,2263.1088364758402
2265,857.55021389,144176897509546973857.55021389,2263.7001424104023
2266,857.61998012,144176897509546973857.61998012,2264.1951393180325
2267,857.83935828,144176897509546973857.83935828,2265.75164467602
2268,857.97120351,144176897509546973857.97120351,2266.687096987773
2269,858.08553458,144176897509546973858.08553458,2267.4982849521516
2270,858.32186321,144176897509546973858.32186321,2269.175055232479
2271,858.47783060,144176897509546973858.47783060,2270.281656173094
2272,858.55279010,144176897509546973858.55279010,2270.813499741214
2273,858.68405244,144176897509546973858.68405244,2271.7448164024167
2274,858.84901938,144176897509546973858.84901938,2272.9152698605044
2275,859.00002268,144176897509546973859.00002268,2273.9866501908155
2276,859.20764978,144176897509546973859.20764978,2275.4597808507383
2277,859.28857438,144176897509546973859.28857438,2276.03394727411
2278,859.44865296,144176897509546973859.44865296,2277.1697174322194
2279,859.52378497,144176897509546973859.52378497,2277.702784972404
2280,859.72860918,144176897509546973859.72860918,2279.1560289065796
2281,859.77364306,144176897509546973859.77364306,2279.4755478391435
2282,859.96631274,144176897509546973859.96631274,2280.842554423763
2283,860.08798652,144176897509546973860.08798652,2281.70583949506
2284,860.21685539,144176897509546973860.21685539,2282.620174297726
2285,860.45645259,144176897509546973860.45645259,2284.320135340151
2286,860.53222953,144176897509546973860.53222953,2284.857778709582
2287,860.71528001,144176897509546973860.71528001,2286.156536311078
2288,860.77163420,144176897509546973860.77163420,2286.556373736463
2289,860.92751309,144176897509546973860.92751309,2287.662346762593
2290,861.13431965,144176897509546973861.13431965,2289.129655626461
2291,861.25351955,144176897509546973861.25351955,2289.975388323926
2292,861.37317665,144176897509546973861.37317665,2290.8243648914713
2293,861.58198122,144176897509546973861.58198122,2292.3058497939674
2294,861.68519268,144176897509546973861.68519268,2293.038143247863
2295,861.82343846,144176897509546973861.82343846,2294.019007966982
2296,861.95821331,144176897509546973861.95821331,2294.9752461638336
2297,862.14269994,144176897509546973862.14269994,2296.284193362917
2298,862.32282393,144176897509546973862.32282393,2297.5621872869115
2299,862.43375529,144176897509546973862.43375529,2298.349254040543
2300,862.60521299,144176897509546973862.60521299,2299.5657599530655
2301,862.72015904,144176897509546973862.72015904,2300.3813112490766
2302,862.84527009,144176897509546973862.84527009,2301.2689840222847
2303,863.07418115,144176897509546973863.07418115,2302.8931260580853
2304,863.16725470,144176897509546973863.16725470,2303.5534902404725
2305,863.28249067,144176897509546973863.28249067,2304.3710985417633
2306,863.50922974,144176897509546973863.50922974,2305.979830137106
2307,863.59652665,144176897509546973863.59652665,2306.5992086028145
2308,863.72992272,144176897509546973863.72992272,2307.545664246756
2309,863.90335590,144176897509546973863.90335590,2308.7761863457786
2310,863.95202094,144176897509546973863.95202094,2309.1214686451044
2311,864.24593819,144176897509546973864.24593819,2311.2068347290847
2312,864.29020407,144176897509546973864.29020407,2311.5209046410396
2313,864.38363732,144176897509546973864.38363732,2312.1838209233133
2314,864.51938322,144176897509546973864.51938322,2313.1469487965473
2315,864.67322709,144176897509546973864.67322709,2314.2384831951795
2316,864.77954872,144176897509546973864.77954872,2314.992843550672
2317,864.95510136,144176897509546973864.95510136,2316.2384033856574
2318,865.01954263,144176897509546973865.01954263,2316.6956192818548
2319,865.09044028,144176897509546973865.09044028,2317.198643703674
2320,865.31970434,144176897509546973865.31970434,2318.8252903023326
2321,865.56013115,144176897509546973865.56013115,2320.5311374931784
2322,865.63047086,144176897509546973865.63047086,2321.030203286666
2323,865.73579670,144176897509546973865.73579670,2321.7774984335238
2324,865.90846418,144176897509546973865.90846418,2323.0025878306187
2325,866.07299848,144176897509546973866.07299848,2324.1699716737635
2326,866.17815624,144176897509546973866.17815624,2324.9160742797567
2327,866.36958974,144176897509546973866.36958974,2326.2743100697203
2328,866.48987368,144176897509546973866.48987368,2327.127734116534
2329,866.65092677,144176897509546973866.65092677,2328.2704185000002
2330,866.71345415,144176897509546973866.71345415,2328.714055195608
2331,867.00985702,144176897509546973867.00985702,2330.8170569496474
2332,867.08843927,144176897509546973867.08843927,2331.3746042149164
2333,867.22497586,144176897509546973867.22497586,2332.3433420961
2334,867.27166037,144176897509546973867.27166037,2332.6745723787776
2335,867.45686085,144176897509546973867.45686085,2333.9885843999464
2336,867.60568499,144176897509546973867.60568499,2335.0445034180834
2337,867.73362740,144176897509546973867.73362740,2335.9522649139353
2338,867.98806217,144176897509546973867.98806217,2337.757499686455
2339,868.05760402,144176897509546973868.05760402,2338.250904600278
2340,868.20767718,144176897509546973868.20767718,2339.3156855138845
2341,868.39953157,144176897509546973868.39953157,2340.6769075516136
2342,868.45867754,144176897509546973868.45867754,2341.096552876419
2343,868.58398522,144176897509546973868.58398522,2341.9856207549947
2344,868.74525024,144176897509546973868.74525024,2343.129808798535
2345,868.91210257,144176897509546973868.91210257,2344.313639247463
2346,869.00745738,144176897509546973869.00745738,2344.9901891495815
2347,869.17225462,144176897509546973869.17225462,2346.1594385727763
2348,869.22676969,144176897509546973869.22676969,2346.5462272966224
2349,869.35818888,144176897509546973869.35818888,2347.4786568209533
2350,869.55737377,144176897509546973869.55737377,2348.8918893346877
2351,869.68988082,144176897509546973869.68988082,2349.83203731157
2352,869.85101598,144176897509546973869.85101598,2350.9753039881625
2353,869.95549350,144176897509546973869.95549350,2351.716580237673
2354,870.18674289,144176897509546973870.18674289,2353.3573129093593
2355,870.26192907,144176897509546973870.26192907,2353.8907647899687
2356,870.37737635,144176897509546973870.37737635,2354.7098723523854
2357,870.56169030,144176897509546973870.56169030,2356.0175943732415
2358,870.65259012,144176897509546973870.65259012,2356.662535769733
2359,870.77482352,144176897509546973870.77482352,2357.5297913890936
2360,870.99427382,144176897509546973870.99427382,2359.0868085860748
2361,871.06549778,144176897509546973871.06549778,2359.5921482030953
2362,871.32312394,144176897509546973871.32312394,2361.4200261395217
2363,871.47314651,144176897509546973871.47314651,2362.484448113086
2364,871.55907701,144176897509546973871.55907701,2363.0941317920106
2365,871.68656398,144176897509546973871.68656398,2363.9986619051206
2366,871.81772022,144176897509546973871.81772022,2364.92922577845
2367,871.99814994,144176897509546973871.99814994,2366.2093888809222
2368,872.17258679,144176897509546973872.17258679,2367.4470320978016
2369,872.32067979,144176897509546973872.32067979,2368.497763619939
2370,872.45790032,144176897509546973872.45790032,2369.4713541093975
2371,872.69527073,144176897509546973872.69527073,2371.15551590104
2372,872.88330631,144176897509546973872.88330631,2372.4896431804477
2373,872.95375801,144176897509546973872.95375801,2372.9895035518234
2374,873.06997654,144176897509546973873.06997654,2373.814083193856
2375,873.11562518,144176897509546973873.11562518,2374.137963897135
2376,873.26004743,144176897509546973873.26004743,2375.1626511583354
2377,873.38322398,144176897509546973873.38322398,2376.0365985013773
2378,873.49923167,144176897509546973873.49923167,2376.8596822169707
2379,873.62462046,144176897509546973873.62462046,2377.749325577397
2380,873.92587383,144176897509546973873.92587383,2379.8867420117263
2381,874.01528567,144176897509546973874.01528567,2380.5211260726896
2382,874.13281349,144176897509546973874.13281349,2381.354995230598
2383,874.20273183,144176897509546973874.20273183,2381.8510713706823
2384,874.34363616,144176897509546973874.34363616,2382.8507987118574
2385,874.56673145,144176897509546973874.56673145,2384.433677400542
2386,874.69019489,144176897509546973874.69019489,2385.3096602507744
2387,874.82875247,144176897509546973874.82875247,2386.2927372154995
2388,874.94758763,144176897509546973874.94758763,2387.13588205388
2389,875.18105801,144176897509546973875.18105801,2388.792372824891
2390,875.31159778,144176897509546973875.31159778,2389.71856279492
2391,875.39949848,144176897509546973875.39949848,2390.342225198329
2392,875.53531510,144176897509546973875.53531510,2391.305854835544
2393,875.71538255,144176897509546973875.71538255,2392.5834476037767
2394,875.78340685,144176897509546973875.78340685,2393.066085380588
2395,875.97318980,144176897509546973875.97318980,2394.4126103880444
2396,876.03113596,144176897509546973876.03113596,2394.8237429662136
2397,876.15324449,144176897509546973876.15324449,2395.69011262307
2398,876.35479083,144176897509546973876.35479083,2397.120099810914
2399,876.40092744,144176897509546973876.40092744,2397.447442699852
2400,876.61375861,144176897509546973876.61375861,2398.9574966471178
2401,876.75373761,144176897509546973876.75373761,2399.9506586989182
2402,876.92601847,144176897509546973876.92601847,2401.1730049966022
2403,877.03125249,144176897509546973877.03125249,2401.9196486733135
2404,877.16148151,144176897509546973877.16148151,2402.843633847569
2405,877.30809317,144176897509546973877.30809317,2403.883855145503
2406,877.43165930,144176897509546973877.43165930,2404.7605665893893
2407,877.60323877,144176897509546973877.60323877,2405.9779364696715
2408,877.72264715,144176897509546973877.72264715,2406.8251483491886
2409,877.83133840,144176897509546973877.83133840,2407.596321345586
2410,877.88844505,144176897509546973877.88844505,2408.001497534053
2411,878.01764213,144176897509546973878.01764213,2408.918161012571
2412,878.23156904,144176897509546973878.23156904,2410.435989321609
2413,878.43658927,144176897509546973878.43658927,2411.8906240331544
2414,878.63779804,144176897509546973878.63779804,2413.3182161352083
2415,878.87504840,144176897509546973878.87504840,2415.0015261626263
2416,878.94517849,144176897509546973878.94517849,2415.4991046856717
2417,879.05675979,144176897509546973879.05675979,2416.2907828148946
2418,879.19054727,144176897509546973879.19054727,2417.2400155436753
2419,879.34124673,144176897509546973879.34124673,2418.309240105208
2420,879.44977778,144176897509546973879.44977778,2419.079276469963
2421,879.58222097,144176897509546973879.58222097,2420.018971355106
2422,879.79816693,144176897509546973879.79816693,2421.5511249832325
2423,879.94173847,144176897509546973879.94173847,2422.5697763898474
2424,880.08498941,144176897509546973880.08498941,2423.586153114161
2425,880.16808215,144176897509546973880.16808215,2424.175702661937
2426,880.32027977,144176897509546973880.32027977,2425.255556786901
2427,880.49896459,144176897509546973880.49896459,2426.5233396861695
2428,880.57198085,144176897509546973880.57198085,2427.0413958131344
2429,880.73570085,144176897509546973880.73570085,2428.2030021335163
2430,880.93559537,144176897509546973880.93559537,2429.621269528103
2431,881.06011816,144176897509546973881.06011816,2430.504768550187
2432,881.18735058,144176897509546973881.18735058,2431.407492610958
2433,881.28944184,144176897509546973881.28944184,2432.1318381574506
2434,881.40143825,144176897509546973881.40143825,2432.926461524883
2435,881.63821426,144176897509546973881.63821426,2434.6064060016165
2436,881.67610978,144176897509546973881.67610978,2434.8752777066384
2437,881.83240174,144176897509546973881.83240174,2435.9841814970177
2438,881.91825497,144176897509546973881.91825497,2436.5933169391947
2439,882.07263587,144176897509546973882.07263587,2437.6886616080574
2440,882.34310582,144176897509546973882.34310582,2439.6076672481345
2441,882.47355036,144176897509546973882.47355036,2440.5331815537984
2442,882.58742283,144176897509546973882.58742283,2441.341115714985
2443,882.77699647,144176897509546973882.77699647,2442.686155651473
2444,882.93345997,144176897509546973882.93345997,2443.7962765316897
2445,883.00945976,144176897509546973883.00945976,2444.335501039457
2446,883.12895889,144176897509546973883.12895889,2445.1833567973863
2447,883.25028031,144176897509546973883.25028031,2446.0441418466758
2448,883.38924036,144176897509546973883.38924036,2447.030074367813
2449,883.59778664,144176897509546973883.59778664,2448.5097266823755
2450,883.66988765,144176897509546973883.66988765,2449.021289038361
2451,883.90005260,144176897509546973883.90005260,2450.6543275226654
2452,884.00319258,144176897509546973884.00319258,2451.3861138203206
2453,884.03265589,144176897509546973884.03265589,2451.595158329943
2454,884.18668696,144176897509546973884.18668696,2452.688020927348
2455,884.30201575,144176897509546973884.30201575,2453.506287793864
2456,884.61980167,144176897509546973884.61980167,2455.7610039751517
2457,884.66026289,144176897509546973884.66026289,2456.048079524152
2458,884.86660302,144176897509546973884.86660302,2457.5120790303604
2459,884.98545055,144176897509546973884.98545055,2458.3553116348667
2460,885.10999636,144176897509546973885.10999636,2459.238973985667
2461,885.24462872,144176897509546973885.24462872,2460.194201204724
2462,885.49219954,144176897509546973885.49219954,2461.950735710307
2463,885.56747293,144176897509546973885.56747293,2462.4848063527493
2464,885.72320781,144176897509546973885.72320781,2463.589757616565
2465,885.78546961,144176897509546973885.78546961,2464.031510001114
2466,885.92071765,144176897509546973885.92071765,2464.9911055183584
2467,886.03271426,144176897509546973886.03271426,2465.7857303048067
2468,886.13796437,144176897509546973886.13796437,2466.532488141338
2469,886.37629583,144176897509546973886.37629583,2468.223468658574
2470,886.51519681,144176897509546973886.51519681,2469.2089820733995
2471,886.61981311,144176897509546973886.61981311,2469.951242977962
2472,886.76023987,144176897509546973886.76023987,2470.947581922298
2473,886.87029889,144176897509546973886.87029889,2471.728459354787
2474,886.96998086,144176897509546973886.96998086,2472.435710798594
2475,887.13804693,144176897509546973887.13804693,2473.628152828607
2476,887.37485352,144176897509546973887.37485352,2475.3083142728537
2477,887.43879022,144176897509546973887.43879022,2475.761950205082
2478,887.63898638,144176897509546973887.63898638,2477.182357759273
2479,887.82349726,144176897509546973887.82349726,2478.4914770140203
2480,887.87610468,144176897509546973887.87610468,2478.864730810569
2481,888.05072996,144176897509546973888.05072996,2480.1037109531694
2482,888.12570218,144176897509546973888.12570218,2480.6356447706935
2483,888.27602653,144176897509546973888.27602653,2481.7022078971736
2484,888.44949377,144176897509546973888.44949377,2482.9329716545835
2485,888.57376090,144176897509546973888.57376090,2483.8146567487915
2486,888.70634718,144176897509546973888.70634718,2484.7553668687765
2487,888.84042654,144176897509546973888.84042654,2485.7066705091916
2488,889.03107080,144176897509546973889.03107080,2487.0593065790704
2489,889.12200797,144176897509546973889.12200797,2487.7045129767594
2490,889.28145843,144176897509546973889.28145843,2488.8358265738993
2491,889.45512493,144176897509546973889.45512493,2490.068004096735
2492,889.51508477,144176897509546973889.51508477,2490.493423893419
2493,889.71420065,144176897509546973889.71420065,2491.906166775757
2494,889.97543022,144176897509546973889.97543022,2493.7596111905054
2495,890.19856131,144176897509546973890.19856131,2495.3427438830154
2496,890.27507013,144176897509546973890.27507013,2495.885579998804
2497,890.38817980,144176897509546973890.38817980,2496.688102033793
2498,890.55192772,144176897509546973890.55192772,2497.849906448778
2499,890.66596589,144176897509546973890.66596589,2498.6590162645416
2500,890.72281772,144176897509546973890.72281772,2499.062384484999
2501,890.89966618,144176897509546973890.89966618,2500.3171382651467
2502,891.10844619,144176897509546973891.10844619,2501.798448912504
2503,891.22346689,144176897509546973891.22346689,2502.6145298561564
2504,891.36532527,144176897509546973891.36532527,2503.6210262573727
2505,891.42658522,144176897509546973891.42658522,2504.0556704371083
2506,891.62338395,144176897509546973891.62338395,2505.4519729573326
2507,891.82250596,144176897509546973891.82250596,2506.8647593325045
2508,891.91851493,144176897509546973891.91851493,2507.5459505514477
2509,892.00810582,144176897509546973892.00810582,2508.1816049862914
2510,892.18413760,144176897509546973892.18413760,2509.430564357389
2511,892.36756929,144176897509546973892.36756929,2510.7320266739193
2512,892.46651454,144176897509546973892.46651454,2511.4340510311863
2513,892.58945646,144176897509546973892.58945646,2512.306333655862
2514,892.73327279,144176897509546973892.73327279,2513.3267218668448
2515,892.79005930,144176897509546973892.79005930,2513.7296266367475
2516,893.00172656,144176897509546973893.00172656,2515.23142255071
2517,893.16066228,144176897509546973893.16066228,2516.359084026928
2518,893.27412657,144176897509546973893.27412657,2517.164122118802
2519,893.44608258,144176897509546973893.44608258,2518.3841635801
2520,893.56809772,144176897509546973893.56809772,2519.249870627536
2521,893.62797035,144176897509546973893.62797035,2519.6746716623875
2522,893.68156975,144176897509546973893.68156975,2520.054963635321
2523,893.83753614,144176897509546973893.83753614,2521.161557480857
2524,893.98646799,144176897509546973893.98646799,2522.2182407099444
2525,894.18497076,144176897509546973894.18497076,2523.6266335284477
2526,894.28260774,144176897509546973894.28260774,2524.319375606819
2527,894.61587335,144176897509546973894.61587335,2526.6839214102756
2528,894.77131197,144176897509546973894.77131197,2527.7867706860116
2529,894.83960189,144176897509546973894.83960189,2528.271293057685
2530,895.02565464,144176897509546973895.02565464,2529.591352001763
2531,895.09166996,144176897509546973895.09166996,2530.05973590693
2532,895.16918353,144176897509546973895.16918353,2530.6097008032616
2533,895.38976950,144176897509546973895.38976950,2532.1747756685168
2534,895.57238721,144176897509546973895.57238721,2533.4704627327096
2535,895.68190377,144176897509546973895.68190377,2534.2474913686888
2536,895.71994552,144176897509546973895.71994552,2534.517400587101
2537,896.04913453,144176897509546973896.04913453,2536.853022591842
2538,896.08325906,144176897509546973896.08325906,2537.0951388252165
2539,896.26746550,144176897509546973896.26746550,2538.402098054138
2540,896.37855979,144176897509546973896.37855979,2539.1903208089775
2541,896.48602469,144176897509546973896.48602469,2539.952792755345
2542,896.57027423,144176897509546973896.57027423,2540.550549890412
2543,896.76775917,144176897509546973896.76775917,2541.9517211247407
2544,896.92443558,144176897509546973896.92443558,2543.0633526182096
2545,896.98680628,144176897509546973896.98680628,2543.5058776568526
2546,897.14230776,144176897509546973897.14230776,2544.6091729292493
2547,897.37801005,144176897509546973897.37801005,2546.281499277847
2548,897.45009475,144176897509546973897.45009475,2546.7929459130955
2549,897.51777576,144176897509546973897.51777576,2547.273148020265
2550,897.73640321,144176897509546973897.73640321,2548.824327031559
2551,897.88638344,144176897509546973897.88638344,2549.8884485994818
2552,898.11862975,144176897509546973898.11862975,2551.536254497242
2553,898.23913934,144176897509546973898.23913934,2552.3912795486144
2554,898.42274310,144176897509546973898.42274310,2553.693962715374
2555,898.60881519,144176897509546973898.60881519,2555.014158878278
2556,898.65408475,144176897509546973898.65408475,2555.335349979041
2557,898.82542356,144176897509546973898.82542356,2556.551012357631
2558,899.02261797,144176897509546973899.02261797,2557.9501222586814
2559,899.08814271,144176897509546973899.08814271,2558.4150254600336
2560,899.14206181,144176897509546973899.14206181,2558.797585729697
2561,899.33565307,144176897509546973899.33565307,2560.1711309971456
2562,899.47055180,144176897509546973899.47055180,2561.1282481323733
2563,899.62378675,144176897509546973899.62378675,2562.215462195551
2564,899.77227320,144176897509546973899.77227320,2563.2689852764884
2565,899.90364617,144176897509546973899.90364617,2564.2010868662715
2566,900.02168695,144176897509546973900.02168695,2565.0385955158613
2567,900.11595032,144176897509546973900.11595032,2565.707401565046
2568,900.38427234,144176897509546973900.38427234,2567.6111674722633
2569,900.44692902,144176897509546973900.44692902,2568.0557215615754
2570,900.67530199,144176897509546973900.67530199,2569.6760458063613
2571,900.68765335,144176897509546973900.68765335,2569.7636796803004
2572,900.79384140,144176897509546973900.79384140,2570.5170922751518
2573,901.11193719,144176897509546973901.11193719,2572.7740070085433
2574,901.14984144,144176897509546973901.14984144,2573.042940653604
2575,901.31180208,144176897509546973901.31180208,2574.1920641759416
2576,901.49742037,144176897509546973901.49742037,2575.5090405920328
2577,901.65231264,144176897509546973901.65231264,2576.608013471402
2578,901.76087535,144176897509546973901.76087535,2577.3782744663554
2579,901.87859310,144176897509546973901.87859310,2578.2134911926023
2580,901.97026897,144176897509546973901.97026897,2578.863938725088
2581,902.16611354,144176897509546973902.16611354,2580.253471404812
2582,902.41304245,144176897509546973902.41304245,2582.0054515082875
2583,902.52678695,144176897509546973902.52678695,2582.8124777122252
2584,902.68036723,144176897509546973902.68036723,2583.9021419190053
2585,902.78299985,144176897509546973902.78299985,2584.6303284574205
2586,902.82320640,144176897509546973902.82320640,2584.915597102673
2587,902.91163663,144176897509546973902.91163663,2585.5430165632206
2588,903.24362460,144176897509546973903.24362460,2587.898497410049
2589,903.34775981,144176897509546973903.34775981,2588.637344943095
2590,903.41299743,144176897509546973903.41299743,2589.1002110053882
2591,903.50199467,144176897509546973903.50199467,2589.731653446633
2592,903.73471503,144176897509546973903.73471503,2591.3828227665545
2593,903.80274144,144176897509546973903.80274144,2591.8654755139823
2594,903.95805032,144176897509546973903.95805032,2592.967404274179
2595,904.08286081,144176897509546973904.08286081,2593.852944550468
2596,904.19779070,144176897509546973904.19779070,2594.6683811900034
2597,904.33646826,144176897509546973904.33646826,2595.652309422297
2598,904.57271322,144176897509546973904.57271322,2597.3284860573717
2599,904.65412999,144176897509546973904.65412999,2597.906144465734
2600,904.77822423,144176897509546973904.77822423,2598.786602891748
2601,904.93347987,144176897509546973904.93347987,2599.888153909943
2602,905.09681771,144176897509546973905.09681771,2601.047048774966
2603,905.13738213,144176897509546973905.13738213,2601.3348565361107
2604,905.38917101,144176897509546973905.38917101,2603.1213185102733
2605,905.46294339,144176897509546973905.46294339,2603.644739368309
2606,905.58438870,144176897509546973905.58438870,2604.5064034269258
2607,905.74396691,144176897509546973905.74396691,2605.638623420398
2608,905.92935947,144176897509546973905.92935947,2606.953998264325
2609,906.05367463,144176897509546973906.05367463,2607.8360241351734
2610,906.16339279,144176897509546973906.16339279,2608.614483139062
2611,906.25114092,144176897509546973906.25114092,2609.23706304628
2612,906.50291371,144176897509546973906.50291371,2611.023410860623
2613,906.60847623,144176897509546973906.60847623,2611.7723852707586
2614,906.88879256,144176897509546973906.88879256,2613.7612517539874
2615,906.95810023,144176897509546973906.95810023,2614.2529951422293
2616,907.06467061,144176897509546973907.06467061,2615.009120398603
2617,907.21809435,144176897509546973907.21809435,2616.097673941729
2618,907.33995391,144176897509546973907.33995391,2616.9622771367876
2619,907.54999015,144176897509546973907.54999015,2618.452500835134
2620,907.77320090,144176897509546973907.77320090,2620.03619872163
2621,907.91888124,144176897509546973907.91888124,2621.0698122306662
2622,907.96447192,144176897509546973907.96447192,2621.3932817031714
2623,908.19172232,144176897509546973908.19172232,2623.005641225217
2624,908.26587811,144176897509546973908.26587811,2623.5317824074605
2625,908.35309229,144176897509546973908.35309229,2624.15057389729
2626,908.51209295,144176897509546973908.51209295,2625.2786961279335
2627,908.68155822,144176897509546973908.68155822,2626.481065592368
2628,908.83694876,144176897509546973908.83694876,2627.5835737367092
2629,908.97669635,144176897509546973908.97669635,2628.575093916297
2630,909.14892622,144176897509546973909.14892622,2629.797078435907
2631,909.24380457,144176897509546973909.24380457,2630.4702478167246
2632,909.28972462,144176897509546973909.28972462,2630.7960541953726
2633,909.43847928,144176897509546973909.43847928,2631.8514802474265
2634,909.71159197,144176897509546973909.71159197,2633.7892363363617
2635,909.75064825,144176897509546973909.75064825,2634.066343725188
2636,909.93866536,144176897509546973909.93866536,2635.400339958488
2637,910.04535363,144176897509546973910.04535363,2636.1573016537154
2638,910.08881058,144176897509546973910.08881058,2636.465632143482
2639,910.27775226,144176897509546973910.27775226,2637.806188273897
2640,910.53687705,144176897509546973910.53687705,2639.6446991084413
2641,910.63783558,144176897509546973910.63783558,2640.3610078461916
2642,910.85983089,144176897509546973910.85983089,2641.9360820899683
2643,910.91274952,144176897509546973910.91274952,2642.311543946027
2644,911.02466345,144176897509546973911.02466345,2643.105582111351
2645,911.14440837,144176897509546973911.14440837,2643.955181768727
2646,911.33853641,144176897509546973911.33853641,2645.332535532637
2647,911.42720315,144176897509546973911.42720315,2645.9616330502995
2648,911.60105398,144176897509546973911.60105398,2647.1951184090317
2649,911.79468743,144176897509546973911.79468743,2648.56896301786
2650,911.82642896,144176897509546973911.82642896,2648.794171678174
2651,911.93096390,144176897509546973911.93096390,2649.5358553271153
2652,912.12461176,144176897509546973912.12461176,2650.9098021760306
2653,912.29466623,144176897509546973912.29466623,2652.1163520609634
2654,912.45794184,144176897509546973912.45794184,2653.2748053992254
2655,912.54979326,144176897509546973912.54979326,2653.9264984728147
2656,912.69659367,144176897509546973912.69659367,2654.9680589668938
2657,912.83034071,144176897509546973912.83034071,2655.917004770683
2658,913.02201717,144176897509546973913.02201717,2657.2769643810207
2659,913.10858181,144176897509546973913.10858181,2657.89114733329
2660,913.19723071,144176897509546973913.19723071,2658.5201182747446
2661,913.38294603,144176897509546973913.38294603,2659.8377831263433
2662,913.55614110,144176897509546973913.55614110,2661.0666158161243
2663,913.63891160,144176897509546973913.63891160,2661.65387904567
2664,913.93470862,144176897509546973913.93470862,2663.752582246147
2665,913.99225922,144176897509546973913.99225922,2664.1609082949
2666,914.15075944,144176897509546973914.15075944,2665.2854798642493
2667,914.29550552,144176897509546973914.29550552,2666.312464724856
2668,914.43156920,144176897509546973914.43156920,2667.2778472722684
2669,914.58943294,144176897509546973914.58943294,2668.397902965789
2670,914.69226897,144176897509546973914.69226897,2669.1275327142066
2671,914.87804899,144176897509546973914.87804899,2670.4456566174113
2672,915.02596834,144176897509546973915.02596834,2671.4951560790946
2673,915.11320824,144176897509546973915.11320824,2672.114130054354
2674,915.27017398,144176897509546973915.27017398,2673.2278143670064
2675,915.37308676,144176897509546973915.37308676,2673.957988662731
2676,915.47340529,144176897509546973915.47340529,2674.6697565499744
2677,915.65665372,144176897509546973915.65665372,2675.969918622342
2678,915.76065422,144176897509546973915.76065422,2676.707810377307
2679,915.88184095,144176897509546973915.88184095,2677.5676397904176
2680,916.06430562,144176897509546973916.06430562,2678.8622410237326
2681,916.15761808,144176897509546973916.15761808,2679.524300291424
2682,916.29159648,144176897509546973916.29159648,2680.4748876126714
2683,916.48410482,144176897509546973916.48410482,2681.8407494772587
2684,916.59565359,144176897509546973916.59565359,2682.632196803565
2685,916.85775638,144176897509546973916.85775638,2684.491836783126
2686,917.01812449,144176897509546973917.01812449,2685.6296611794346
2687,917.09502420,144176897509546973917.09502420,2686.175270690622
2688,917.22726541,144176897509546973917.22726541,2687.1135325117248
2689,917.48982991,144176897509546973917.48982991,2688.9764483601725
2690,917.57369419,144176897509546973917.57369419,2689.5714720451365
2691,917.63391865,144176897509546973917.63391865,2689.9987693416037
2692,917.82090196,144176897509546973917.82090196,2691.325430682319
2693,917.98195682,144176897509546973917.98195682,2692.4681276240744
2694,918.01927269,144176897509546973918.01927269,2692.7328866666016
2695,918.14790726,144176897509546973918.14790726,2693.6455590922774
2696,918.32257810,144176897509546973918.32257810,2694.884862486673
2697,918.69939777,144176897509546973918.69939777,2697.5584277830094
2698,918.77435403,144176897509546973918.77435403,2698.090248363074
2699,918.85146126,144176897509546973918.85146126,2698.637330245038
2700,919.06166707,144176897509546973919.06166707,2700.128757055916
2701,919.08961419,144176897509546973919.08961419,2700.3270440778347
2702,919.22322300,144176897509546973919.22322300,2701.275009128865
2703,919.50063971,144176897509546973919.50063971,2703.243302579363
2704,919.58658300,144176897509546973919.58658300,2703.8530770043476
2705,919.61606403,144176897509546973919.61606403,2704.062247238768
2706,919.74060227,144176897509546973919.74060227,2704.9458558798215
2707,919.87054859,144176897509546973919.87054859,2705.867835275267
2708,920.00900110,144176897509546973920.00900110,2706.8501667600503
2709,920.22128970,144176897509546973920.22128970,2708.3563711303477
2710,920.32719765,144176897509546973920.32719765,2709.1077963935936
2711,920.48571711,144176897509546973920.48571711,2710.232504472262
2712,920.65049198,144176897509546973920.65049198,2711.4015951785414
2713,920.74569373,144176897509546973920.74569373,2712.077059107881
2714,920.80116907,144176897509546973920.80116907,2712.4706610231588
2715,921.05186993,144176897509546973921.05186993,2714.2494034095575
2716,921.15277607,144176897509546973921.15277607,2714.9653404361234
2717,921.31782866,144176897509546973921.31782866,2716.13640158772
2718,921.52821386,144176897509546973921.52821386,2717.629101184805
2719,921.63151352,144176897509546973921.63151352,2718.3620204246618
2720,921.71526563,144176897509546973921.71526563,2718.9562482546235
2721,921.89134594,144176897509546973921.89134594,2720.205551949901
2722,922.03274233,144176897509546973922.03274233,2721.208770495608
2723,922.06161170,144176897509546973922.06161170,2721.413600954058
2724,922.28688219,144176897509546973922.28688219,2723.011912858404
2725,922.45585570,144176897509546973922.45585570,2724.21079324683
2726,922.63852690,144176897509546973922.63852690,2725.5068598267944
2727,922.70510868,144176897509546973922.70510868,2725.9792628103655
2728,922.82095919,144176897509546973922.82095919,2726.8012313214545
2729,922.94236328,144176897509546973922.94236328,2727.6626029209183
2730,923.11109382,144176897509546973923.11109382,2728.8597594180196
2731,923.14431192,144176897509546973923.14431192,2729.0954444590107
2732,923.29358821,144176897509546973923.29358821,2730.1545715170805
2733,923.49128343,144176897509546973923.49128343,2731.5572347046036
2734,923.60317185,144176897509546973923.60317185,2732.351091874464
2735,923.80057556,144176897509546973923.80057556,2733.7516867755317
2736,924.02184099,144176897509546973924.02184099,2735.3215824631084
2737,924.13639750,144176897509546973924.13639750,2736.1343699420777
2738,924.33771882,144176897509546973924.33771882,2737.562760595264
2739,924.52569210,144176897509546973924.52569210,2738.8964458512555
2740,924.60643975,144176897509546973924.60643975,2739.4693568004122
2741,924.70476880,144176897509546973924.70476880,2740.1670091700503
2742,924.76182421,144176897509546973924.76182421,2740.571821806674
2743,924.86877796,144176897509546973924.86877796,2741.330667103452
2744,925.11983318,144176897509546973925.11983318,2743.111923702016
2745,925.30196024,144176897509546973925.30196024,2744.404129565738
2746,925.35446448,144176897509546973925.35446448,2744.7766512920443
2747,925.58556907,144176897509546973925.58556907,2746.416356596303
2748,925.71306195,144176897509546973925.71306195,2747.3209286413294
2749,925.92529962,144176897509546973925.92529962,2748.8267716592572
2750,926.05602426,144176897509546973926.05602426,2749.7542732965258
2751,926.20391572,144176897509546973926.20391572,2750.8035748764582
2752,926.25507794,144176897509546973926.25507794,2751.1665748649552
2753,926.37443620,144176897509546973926.37443620,2752.013431139117
2754,926.56836133,144176897509546973926.56836133,2753.389345240564
2755,926.77586333,144176897509546973926.77586333,2754.8615883061143
2756,926.85598769,144176897509546973926.85598769,2755.430076963533
2757,927.03758984,144176897509546973927.03758984,2756.7185585493803
2758,927.14675424,144176897509546973927.14675424,2757.493088582368
2759,927.27382767,144176897509546973927.27382767,2758.394684596542
2760,927.41725713,144176897509546973927.41725713,2759.412327934344
2761,927.52081706,144176897509546973927.52081706,2760.1470938103903
2762,927.76586414,144176897509546973927.76586414,2761.8857221815065
2763,927.80021171,144176897509546973927.80021171,2762.1294209012826
2764,927.97074223,144176897509546973927.97074223,2763.339348398534
2765,928.11173244,144176897509546973928.11173244,2764.3396850650865
2766,928.20882581,144176897509546973928.20882581,2765.028570187608
2767,928.31175736,144176897509546973928.31175736,2765.758877657964
2768,928.44433672,144176897509546973928.44433672,2766.6995386800027
2769,928.65760749,144176897509546973928.65760749,2768.2127116239603
2770,928.70411266,144176897509546973928.70411266,2768.5426694751845
2771,928.81101671,144176897509546973928.81101671,2769.3011621465407
2772,928.99267659,144176897509546973928.99267659,2770.5900533312943
2773,929.22350790,144176897509546973929.22350790,2772.227819692386
2774,929.33943397,144176897509546973929.33943397,2773.050324307638
2775,929.46570170,144176897509546973929.46570170,2773.9462038167285
2776,929.68301103,144176897509546973929.68301103,2775.488030662599
2777,929.83673063,144176897509546973929.83673063,2776.578683355774
2778,930.02596853,144176897509546973930.02596853,2777.921341190466
2779,930.07774113,144176897509546973930.07774113,2778.2886718732334
2780,930.16390807,144176897509546973930.16390807,2778.900033112617
2781,930.44718244,144176897509546973930.44718244,2780.9098871230876
2782,930.53249210,144176897509546973930.53249210,2781.5151658932173
2783,930.66597832,144176897509546973930.66597832,2782.4622611585232
2784,930.79426688,144176897509546973930.79426688,2783.372478615943
2785,930.94021711,144176897509546973930.94021711,2784.408007015828
2786,931.10411490,144176897509546973931.10411490,2785.5708747702906
2787,931.18526024,144176897509546973931.18526024,2786.1466073613824
2788,931.29041701,144176897509546973931.29041701,2786.892702943247
2789,931.37356231,144176897509546973931.37356231,2787.482625408371
2790,931.52873165,144176897509546973931.52873165,2788.5835641212557
2791,931.76068204,144176897509546973931.76068204,2790.229270443263
2792,931.92560706,144176897509546973931.92560706,2791.399426475642
2793,932.04307575,144176897509546973932.04307575,2792.2328761015337
2794,932.19117884,144176897509546973932.19117884,2793.2836792130174
2795,932.27452985,144176897509546973932.27452985,2793.875061206825
2796,932.40729636,144176897509546973932.40729636,2794.8170500728834
2797,932.55500499,144176897509546973932.55500499,2795.865054459537
2798,932.69055260,144176897509546973932.69055260,2796.826775449573
2799,932.80999344,144176897509546973932.80999344,2797.674217635352
2800,932.90072548,144176897509546973932.90072548,2798.3179686195026
2801,933.07849650,144176897509546973933.07849650,2799.5792680356567
2802,933.25453940,144176897509546973933.25453940,2800.8283063040317
2803,933.39846492,144176897509546973933.39846492,2801.8494692266813
2804,933.50709909,144176897509546973933.50709909,2802.6202372359744
2805,933.63474015,144176897509546973933.63474015,2803.525860629795
2806,933.84086898,144176897509546973933.84086898,2804.988360945828
2807,933.98707227,144176897509546973933.98707227,2806.025684826384
2808,934.16270859,144176897509546973934.16270859,2807.2718383775723
2809,934.25707563,144176897509546973934.25707563,2807.9413799735885
2810,934.46752189,144176897509546973934.46752189,2809.4345127961924
2811,934.60950714,144176897509546973934.60950714,2810.441909350071
2812,934.73986976,144176897509546973934.73986976,2811.3668424268703
2813,934.91664191,144176897509546973934.91664191,2812.621054781546
2814,935.07250065,144176897509546973935.07250065,2813.726884841836
2815,935.18384458,144176897509546973935.18384458,2814.516878812177
2816,935.28703344,144176897509546973935.28703344,2815.2490119172894
2817,935.35062364,144176897509546973935.35062364,2815.700189404672
2818,935.49041686,144176897509546973935.49041686,2816.692033332711
2819,935.74440959,144176897509546973935.74440959,2818.4941317965463
2820,935.83577037,144176897509546973935.83577037,2819.1423437406156
2821,936.00709951,144176897509546973936.00709951,2820.357937509792
2822,936.10104472,144176897509546973936.10104472,2821.024486188668
2823,936.32055514,144176897509546973936.32055514,2822.5819299417935
2824,936.41138929,144176897509546973936.41138929,2823.2264054044526
2825,936.55956977,144176897509546973936.55956977,2824.2777576040935
2826,936.73352936,144176897509546973936.73352936,2825.5120146236086
2827,936.86377519,144176897509546973936.86377519,2826.436119066141
2828,937.07628109,144176897509546973937.07628109,2827.943865197087
2829,937.23578861,144176897509546973937.23578861,2829.07558363943
2830,937.31408738,144176897509546973937.31408738,2829.6311195917274
2831,937.51626398,144176897509546973937.51626398,2831.06557852401
2832,937.63191598,144176897509546973937.63191598,2831.886138590983
2833,937.72655175,144176897509546973937.72655175,2832.5575868475566
2834,937.79533445,144176897509546973937.79533445,2833.0456055322193
2835,937.95571017,144176897509546973937.95571017,2834.1834839220787
2836,938.06070050,144176897509546973938.06070050,2834.9283985990087
2837,938.15554973,144176897509546973938.15554973,2835.601361371128
2838,938.43578438,144176897509546973938.43578438,2837.589648328311
2839,938.51177749,144176897509546973938.51177749,2838.128825440951
2840,938.61741130,144176897509546973938.61741130,2838.878305659263
2841,938.84630999,144176897509546973938.84630999,2840.502359928938
2842,938.97389585,144176897509546973938.97389585,2841.407591674402
2843,939.03685919,144176897509546973939.03685919,2841.8543215406144
2844,939.20191578,144176897509546973939.20191578,2843.025411072527
2845,939.33058301,144176897509546973939.33058301,2843.93831522348
2846,939.52922375,144176897509546973939.52922375,2845.347686950021
2847,939.59800649,144176897509546973939.59800649,2845.835705918487
2848,939.75500818,144176897509546973939.75500818,2846.949645299226
2849,939.87648171,144176897509546973939.87648171,2847.81150958097
2850,939.97947648,144176897509546973939.97947648,2848.542265602215
2851,940.03785354,144176897509546973940.03785354,2848.9564554498897
2852,940.27036109,144176897509546973940.27036109,2850.606114866067
2853,940.39708284,144176897509546973940.39708284,2851.5052156828874
2854,940.59004441,144176897509546973940.59004441,2852.8742932500927
2855,940.73851473,144176897509546973940.73851473,2853.9277018874072
2856,941.01134690,144176897509546973941.01134690,2855.8634676648044
2857,941.10708246,144176897509546973941.10708246,2856.542719018221
2858,941.20355310,144176897509546973941.20355310,2857.2271858222475
2859,941.35341278,144176897509546973941.35341278,2858.290452078407
2860,941.40842217,144176897509546973941.40842217,2858.6807480416637
2861,941.57403993,144176897509546973941.57403993,2859.855819119012
2862,941.72695263,144176897509546973941.72695263,2860.940746793008
2863,941.84587008,144176897509546973941.84587008,2861.7844754854323
2864,942.02438157,144176897509546973942.02438157,2863.0510285946725
2865,942.20122416,144176897509546973942.20122416,2864.305740726707
2866,942.31253865,144176897509546973942.31253865,2865.095525817924
2867,942.42887389,144176897509546973942.42887389,2865.920933526617
2868,942.54100865,144176897509546973942.54100865,2866.716538498218
2869,942.78804890,144176897509546973942.78804890,2868.46930856778
2870,943.00748854,144176897509546973943.00748854,2870.02625013122
2871,943.06083236,144176897509546973943.06083236,2870.4047287438834
2872,943.13254627,144176897509546973943.13254627,2870.91354459482
2873,943.24670636,144176897509546973943.24670636,2871.723519442605
2874,943.41463898,144176897509546973943.41463898,2872.9150146343363
2875,943.62020564,144176897509546973943.62020564,2874.3735263098542
2876,943.76319303,144176897509546973943.76319303,2875.3880331261194
2877,943.88259046,144176897509546973943.88259046,2876.2351673145226
2878,944.06097305,144176897509546973944.06097305,2877.50080586809
2879,944.20411674,144176897509546973944.20411674,2878.51642164519
2880,944.28028907,144176897509546973944.28028907,2879.056870337874
2881,944.42386007,144176897509546973944.42386007,2880.075517913146
2882,944.54012656,144176897509546973944.54012656,2880.9004378351633
2883,944.71412689,144176897509546973944.71412689,2882.1349839081936
2884,944.88991298,144176897509546973944.88991298,2883.382200089352
2885,944.93540807,144176897509546973944.93540807,2883.704991343263
2886,945.24571851,144176897509546973945.24571851,2885.906668404004
2887,945.33263091,144176897509546973945.33263091,2886.5233187409176
2888,945.46909452,144176897509546973945.46909452,2887.491538823242
2889,945.53161220,144176897509546973945.53161220,2887.9351066965846
2890,945.69341697,144176897509546973945.69341697,2889.083124308971
2891,945.87548145,144176897509546973945.87548145,2890.3748861626545
2892,946.02115687,144176897509546973946.02115687,2891.4084647639024
2893,946.12052550,144176897509546973946.12052550,2892.1134930356816
2894,946.23377637,144176897509546973946.23377637,2892.917016895813
2895,946.39237399,144176897509546973946.39237399,2894.042279525849
2896,946.54641605,144176897509546973946.54641605,2895.135220098172
2897,946.74187254,144176897509546973946.74187254,2896.5219993196697
2898,946.89095728,144176897509546973946.89095728,2897.579767315373
2899,947.01630659,144176897509546973947.01630659,2898.4691305620836
2900,947.17209396,144176897509546973947.17209396,2899.574454246592
2901,947.29176077,144176897509546973947.29176077,2900.423499707354
2902,947.39663626,144176897509546973947.39663626,2901.167599585421
2903,947.63934920,144176897509546973947.63934920,2902.8896670490326
2904,947.68843762,144176897509546973947.68843762,2903.2379532628706
2905,947.79418372,144176897509546973947.79418372,2903.988230187594
2906,947.89871041,144176897509546973947.89871041,2904.7298553021346
2907,948.11001194,144176897509546973948.11001194,2906.2290563328847
2908,948.20784314,144176897509546973948.20784314,2906.923176417484
2909,948.42986247,144176897509546973948.42986247,2908.498421085056
2910,948.49891196,144176897509546973948.49891196,2908.988332665823
2911,948.66752256,144176897509546973948.66752256,2910.184638179159
2912,948.81720436,144176897509546973948.81720436,2911.24664236268
2913,948.95779824,144176897509546973948.95779824,2912.2441670366056
2914,949.06732319,144176897509546973949.06732319,2913.0212552002968
2915,949.21193689,144176897509546973949.21193689,2914.0473008143563
2916,949.38768402,144176897509546973949.38768402,2915.2942405712397
2917,949.48887265,144176897509546973949.48887265,2916.0121818866487
2918,949.65596217,144176897509546973949.65596217,2917.197695217345
2919,949.70763768,144176897509546973949.70763768,2917.5643370389
2920,949.94717283,144176897509546973949.94717283,2919.263857831678
2921,950.11045230,144176897509546973950.11045230,2920.4223385569444
2922,950.16511439,144176897509546973950.16511439,2920.8101703992925
2923,950.44211204,144176897509546973950.44211204,2922.7754905860197
2924,950.52819254,144176897509546973950.52819254,2923.386238526782
2925,950.59249368,144176897509546973950.59249368,2923.842460189571
2926,950.72765930,144176897509546973950.72765930,2924.8014709304107
2927,950.82811875,144176897509546973950.82811875,2925.5142386561747
2928,950.98339319,144176897509546973950.98339319,2926.6159230618537
2929,951.12541725,144176897509546973951.12541725,2927.623594975745
2930,951.28546185,144176897509546973951.28546185,2928.7591240430734
2931,951.50242154,144176897509546973951.50242154,2930.2984701655514
2932,951.52024982,144176897509546973951.52024982,2930.424963219116
2933,951.63585926,144176897509546973951.63585926,2931.24522131953
2934,951.70426356,144176897509546973951.70426356,2931.73055522633
2935,951.96546169,144176897509546973951.96546169,2933.5837765717974
2936,952.16031960,144176897509546973952.16031960,2934.9663088209572
2937,952.28567289,144176897509546973952.28567289,2935.8557003060823
2938,952.42626553,144176897509546973952.42626553,2936.8532161821095
2939,952.59093681,144176897509546973952.59093681,2938.021571909164
2940,952.79209503,144176897509546973952.79209503,2939.4488053549785
2941,952.91886454,144176897509546973952.91886454,2940.3482450327683
2942,953.06244463,144176897509546973953.06244463,2941.366957102308
2943,953.19088678,144176897509546973953.19088678,2942.278264292898
2944,953.42608362,144176897509546973953.42608362,2943.9470044338573
2945,953.61701747,144176897509546973953.61701747,2945.3016951676395
2946,953.73465703,144176897509546973953.73465703,2946.136357129666
2947,953.94601441,144176897509546973953.94601441,2947.6359544205734
2948,953.96772323,144176897509546973953.96772323,2947.7899802116804
2949,954.08306289,144176897509546973954.08306289,2948.608324201704
2950,954.20690472,144176897509546973954.20690472,2949.4869917588485
2951,954.31494340,144176897509546973954.31494340,2950.2535347195967
2952,954.50690499,144176897509546973954.50690499,2951.615517349786
2953,954.63761896,144176897509546973954.63761896,2952.5429432825626
2954,954.70733025,144176897509546973954.70733025,2953.037550386557
2955,954.89268957,144176897509546973954.89268957,2954.352689390061
2956,954.96508805,144176897509546973954.96508805,2954.866362319172
2957,955.10555096,144176897509546973955.10555096,2955.8629577506113
2958,955.32835238,144176897509546973955.32835238,2957.4437514084543
2959,955.37483665,144176897509546973955.37483665,2957.773560972529
2960,955.57189260,144176897509546973955.57189260,2959.171688488953
2961,955.72913540,144176897509546973955.72913540,2960.28733856417
2962,955.84517793,144176897509546973955.84517793,2961.1106694723126
2963,955.93589087,144176897509546973955.93589087,2961.754284940456
2964,956.18612756,144176897509546973956.18612756,2963.5297340040734
2965,956.28060303,144176897509546973956.28060303,2964.200044919496
2966,956.44683372,144176897509546973956.44683372,2965.3794647835657
2967,956.59268453,144176897509546973956.59268453,2966.4142877907047
2968,956.74605035,144176897509546973956.74605035,2967.5024303868604
2969,956.78466533,144176897509546973956.78466533,2967.77640671736
2970,956.98399409,144176897509546973956.98399409,2969.190660000098
2971,957.09897276,144176897509546973957.09897276,2970.0064427375833
2972,957.15902961,144176897509546973957.15902961,2970.432550827873
2973,957.42834365,144176897509546973957.42834365,2972.3433551952785
2974,957.52933870,144176897509546973957.52933870,2973.059923045311
2975,957.63878834,144176897509546973957.63878834,2973.8364768786087
2976,957.77588127,144176897509546973957.77588127,2974.8091620359974
2977,957.93436792,144176897509546973957.93436792,2975.933637325126
2978,958.16241212,144176897509546973958.16241212,2977.5516289208163
2979,958.26717868,144176897509546973958.26717868,2978.294955931937
2980,958.31518064,144176897509546973958.31518064,2978.635533626334
2981,958.46376059,144176897509546973958.46376059,2979.6897200971503
2982,958.66156777,144176897509546973958.66156777,2981.093177649709
2983,958.74291857,144176897509546973958.74291857,2981.6703679957154
2984,959.09410810,144176897509546973959.09410810,2984.162085426084
2985,959.10864592,144176897509546973959.10864592,2984.2652324062733
2986,959.23862925,144176897509546973959.23862925,2985.1874743905896
2987,959.35466577,144176897509546973959.35466577,2986.010762657308
2988,959.57024817,144176897509546973959.57024817,2987.5403367985436
2989,959.66026084,144176897509546973959.66026084,2988.178983795773
2990,959.74465985,144176897509546973959.74465985,2988.7778014322867
2991,959.88072910,144176897509546973959.88072910,2989.743223499289
2992,960.00903769,144176897509546973960.00903769,2990.653583071139
2993,960.15208024,144176897509546973960.15208024,2991.668481251957
2994,960.25816136,144176897509546973960.25816136,2992.4211351700196
2995,960.37783273,144176897509546973960.37783273,2993.2702129843415
2996,960.74198383,144176897509546973960.74198383,2995.8538937767553
2997,960.84351464,144176897509546973960.84351464,2996.5742628862686
2998,960.91680164,144176897509546973960.91680164,2997.094239934899
2999,961.05833537,144176897509546973961.05833537,2998.098432918745
3000,961.25228120,144176897509546973961.25228120,2999.4744938883255
3001,961.33147797,144176897509546973961.33147797,3000.036401221491
3002,961.51282752,144176897509546973961.51282752,3001.323090590404
3003,961.69876713,144176897509546973961.69876713,3002.642346797253
3004,961.77901366,144176897509546973961.77901366,3003.211702260463
3005,961.83642647,144176897509546973961.83642647,3003.6190506782914
3006,961.97205791,144176897509546973961.97205791,3004.581366448793
3007,962.21031130,144176897509546973962.21031130,3006.2717930532176
3008,962.27603321,144176897509546973962.27603321,3006.73809519128
3009,962.51438627,144176897509546973962.51438627,3008.4292289622203
3010,962.64879195,144176897509546973962.64879195,3009.382847868788
3011,962.79491483,144176897509546973962.79491483,3010.419601234048
3012,962.88631867,144176897509546973962.88631867,3011.0681186922156
3013,963.05230083,144176897509546973963.05230083,3012.2457752163214
3014,963.19792061,144176897509546973963.19792061,3013.2789590473785
3015,963.29797318,144176897509546973963.29797318,3013.9888399274323
3016,963.58651327,144176897509546973963.58651327,3016.0360546368606
3017,963.63725613,144176897509546973963.63725613,3016.396079233063
3018,963.71902842,144176897509546973963.71902842,3016.976260083882
3019,963.83363431,144176897509546973963.83363431,3017.7893979178484
3020,963.98689004,144176897509546973963.98689004,3018.8767594167657
3021,964.27010420,144176897509546973964.27010420,3020.8861862325343
3022,964.38050762,144176897509546973964.38050762,3021.6695072102025
3023,964.43078441,144176897509546973964.43078441,3022.0262250029737
3024,964.65305057,144176897509546973964.65305057,3023.6032209488753
3025,964.75357443,144176897509546973964.75357443,3024.3164456686723
3026,964.89630181,144176897509546973964.89630181,3025.329107693468
3027,965.04946188,144176897509546973965.04946188,3026.415790477136
3028,965.14782400,144176897509546973965.14782400,3027.113677481034
3029,965.34697884,144176897509546973965.34697884,3028.526696787647
3030,965.52558414,144176897509546973965.52558414,3029.79391548624
3031,965.58698921,144176897509546973965.58698921,3030.229589303828
3032,965.67260185,144176897509546973965.67260185,3030.8370177409683
3033,965.88272485,144176897509546973965.88272485,3032.327857008361
3034,966.08247367,144176897509546973966.08247367,3033.74509064995
3035,966.22276454,144176897509546973966.22276454,3034.740465444012
3036,966.35474235,144176897509546973966.35474235,3035.676858421328
3037,966.51501857,144176897509546973966.51501857,3036.814030850835
3038,966.63967628,144176897509546973966.63967628,3037.6984871409663
3039,966.71795269,144176897509546973966.71795269,3038.2538644472993
3040,966.82141525,144176897509546973966.82141525,3038.9879394755117
3041,966.88920537,144176897509546973966.88920537,3039.468915726742
3042,967.07908066,144176897509546973967.07908066,3040.816095893785
3043,967.25063620,144176897509546973967.25063620,3042.0332959888287
3044,967.34338437,144176897509546973967.34338437,3042.6913515744377
3045,967.46222282,144176897509546973967.46222282,3043.534519755627
3046,967.61085875,144176897509546973967.61085875,3044.5891034089614
3047,967.72259746,144176897509546973967.72259746,3045.381898374557
3048,967.87923188,144176897509546973967.87923188,3046.493231945662
3049,968.09046950,144176897509546973968.09046950,3047.9919795299184
3050,968.21129141,144176897509546973968.21129141,3048.849220516338
3051,968.31953125,144176897509546973968.31953125,3049.6171907231615
3052,968.43099758,144176897509546973968.43099758,3050.4080531311615
3053,968.65484627,144176897509546973968.65484627,3051.9962772523027
3054,968.70364533,144176897509546973968.70364533,3052.342510434105
3055,968.98797405,144176897509546973968.98797405,3054.359845141032
3056,969.18667889,144176897509546973969.18667889,3055.769671662132
3057,969.23080031,144176897509546973969.23080031,3056.0827166189865
3058,969.39555760,144176897509546973969.39555760,3057.2516825937787
3059,969.51393401,144176897509546973969.51393401,3058.0915725647055
3060,969.62547438,144176897509546973969.62547438,3058.882960292349
3061,969.72213756,144176897509546973969.72213756,3059.56879318287
3062,969.92787692,144176897509546973969.92787692,3061.0285301785175
3063,970.08251598,144176897509546973970.08251598,3062.125706512954
3064,970.19070127,144176897509546973970.19070127,3062.893289683222
3065,970.25314220,144176897509546973970.25314220,3063.3363130092575
3066,970.57021339,144176897509546973970.57021339,3065.58595812479
3067,970.74083062,144176897509546973970.74083062,3066.796500836335
3068,970.87853623,144176897509546973970.87853623,3067.7735330066744
3069,971.01198427,144176897509546973971.01198427,3068.7203573818674
3070,971.06612685,144176897509546973971.06612685,3069.1045032597676
3071,971.18462867,144176897509546973971.18462867,3069.9452830245414
3072,971.30567401,144176897509546973971.30567401,3070.8041092644435
3073,971.57851141,144176897509546973971.57851141,3072.7399121491035
3074,971.66785886,144176897509546973971.66785886,3073.3738393579356
3075,971.84239821,144176897509546973971.84239821,3074.612209820404
3076,971.91346262,144176897509546973971.91346262,3075.1164174175838
3077,972.06688244,144176897509546973972.06688244,3076.2049431480004
3078,972.24996588,144176897509546973972.24996588,3077.5039346032977
3079,972.39579398,144176897509546973972.39579398,3078.538596481195
3080,972.49606475,144176897509546973972.49606475,3079.2500255074688
3081,972.61037175,144176897509546973972.61037175,3080.061042693297
3082,972.90098907,144176897509546973972.90098907,3082.1229955135054
3083,972.99218179,144176897509546973972.99218179,3082.7700150586115
3084,973.18640494,144176897509546973973.18640494,3084.1480436354777
3085,973.19978755,144176897509546973973.19978755,3084.2429943095503
3086,973.33285862,144176897509546973973.33285862,3085.187144052844
3087,973.52971064,144176897509546973973.52971064,3086.5838246698236
3088,973.59904831,144176897509546973973.59904831,3087.075780910433
3089,973.67892482,144176897509546973973.67892482,3087.6425110525415
3090,973.93548587,144176897509546973973.93548587,3089.4628319494623
3091,973.97939342,144176897509546973973.97939342,3089.7743594817885
3092,974.10594860,144176897509546973974.10594860,3090.672278471314
3093,974.29281712,144176897509546973974.29281712,3091.9981253679202
3094,974.53754767,144176897509546973974.53754767,3093.7345079337065
3095,974.61006001,144176897509546973974.61006001,3094.248988708503
3096,974.68487606,144176897509546973974.68487606,3094.779814487553
3097,974.82208504,144176897509546973974.82208504,3095.75332302885
3098,974.98341649,144176897509546973974.98341649,3096.8979823984832
3099,975.13674872,144176897509546973975.13674872,3097.985886670938
3100,975.19578283,144176897509546973975.19578283,3098.4047383402153
3101,975.42773384,144176897509546973975.42773384,3100.0504490611715
3102,975.58289084,144176897509546973975.58289084,3101.1513002207826
3103,975.72378313,144176897509546973975.72378313,3102.1509421372075
3104,975.78052254,144176897509546973975.78052254,3102.5535127288927
3105,976.00976333,144176897509546973976.00976333,3104.179994225065
3106,976.18083295,144176897509546973976.18083295,3105.393746679361
3107,976.34245886,144176897509546973976.34245886,3106.5404952659323
3108,976.49772107,144176897509546973976.49772107,3107.6420928987964
3109,976.70397175,144176897509546973976.70397175,3109.1054577501955
3110,976.74826472,144176897509546973976.74826472,3109.4197198678385
3111,976.86921974,144176897509546973976.86921974,3110.2779052802125
3112,977.04784477,144176897509546973977.04784477,3111.545263964713
3113,977.13682249,144176897509546973977.13682249,3112.176567910017
3114,977.31522722,144176897509546973977.31522722,3113.442363548632
3115,977.35480740,144176897509546973977.35480740,3113.7231880493027
3116,977.44964984,144176897509546973977.44964984,3114.3961026458364
3117,977.66731013,144176897509546973977.66731013,3115.9404195806037
3118,977.76486657,144176897509546973977.76486657,3116.6325902213193
3119,978.05838266,144176897509546973978.05838266,3118.715110043441
3120,978.12452756,144176897509546973978.12452756,3119.184413328935
3121,978.18392894,144176897509546973978.18392894,3119.6058708078467
3122,978.28502771,144176897509546973978.28502771,3120.3231745594644
3123,978.43487193,144176897509546973978.43487193,3121.3863311257037
3124,978.70212963,144176897509546973978.70212963,3123.2825455985276
3125,978.78283026,144176897509546973978.78283026,3123.8551229370737
3126,978.84276946,144176897509546973978.84276946,3124.280396291329
3127,979.10417467,144176897509546973979.10417467,3126.1350868857385
3128,979.28887175,144176897509546973979.28887175,3127.44552724418
3129,979.40807838,144176897509546973979.40807838,3128.291307691526
3130,979.46771369,144176897509546973979.46771369,3128.714424922249
3131,979.61026198,144176897509546973979.61026198,3129.725816289361
3132,979.73898996,144176897509546973979.73898996,3130.6391514663583
3133,980.00324124,144176897509546973980.00324124,3132.514035152023
3134,980.10044920,144176897509546973980.10044920,3133.2037332996374
3135,980.19243663,144176897509546973980.19243663,3133.8563913749103
3136,980.30633063,144176897509546973980.30633063,3134.664478293146
3137,980.48109504,144176897509546973980.48109504,3135.904445574076
3138,980.64465016,144176897509546973980.64465016,3137.064882057846
3139,980.83235792,144176897509546973980.83235792,3138.396683428483
3140,980.96394024,144176897509546973980.96394024,3139.330270373038
3141,981.23238684,144176897509546973981.23238684,3141.2349201851866
3142,981.31005818,144176897509546973981.31005818,3141.786004472119
3143,981.45520284,144176897509546973981.45520284,3142.8158172892804
3144,981.48957095,144176897509546973981.48957095,3143.059661741978
3145,981.72709921,144176897509546973981.72709921,3144.744943491827
3146,981.86828060,144176897509546973981.86828060,3145.746636595567
3147,981.94628728,144176897509546973981.94628728,3146.300100146263
3148,982.09283786,144176897509546973982.09283786,3147.3398880767763
3149,982.30060776,144176897509546973982.30060776,3148.814031913969
3150,982.39702204,144176897509546973982.39702204,3149.4980988393477
3151,982.49139475,144176897509546973982.49139475,3150.1676806644614
3152,982.70092575,144176897509546973982.70092575,3151.6543196451353
3153,982.72092264,144176897509546973982.72092264,3151.796199157791
3154,983.01634921,144176897509546973983.01634921,3153.8922739862833
3155,983.12663951,144176897509546973983.12663951,3154.674792368624
3156,983.25656998,144176897509546973983.25656998,3155.596659307069
3157,983.35484021,144176897509546973983.35484021,3156.293894344165
3158,983.43699908,144176897509546973983.43699908,3156.8768180105917
3159,983.57243112,144176897509546973983.57243112,3157.8377190223573
3160,983.75457524,144176897509546973983.75457524,3159.1300459281256
3161,983.89205032,144176897509546973983.89205032,3160.1054424699228
3162,984.01485003,144176897509546973984.01485003,3160.976716103425
3163,984.18353862,144176897509546973984.18353862,3162.173574961966
3164,984.33866618,144176897509546973984.33866618,3163.2742172424537
3165,984.47353986,144176897509546973984.47353986,3164.231156645955
3166,984.56552926,144176897509546973984.56552926,3164.883828698533
3167,984.63812560,144176897509546973984.63812560,3165.3989054599588
3168,984.85871581,144176897509546973984.85871581,3166.9640104083483
3169,985.02734539,144176897509546973985.02734539,3168.1604505862824
3170,985.22157160,144176897509546973985.22157160,3169.5385008740896
3171,985.31579206,144176897509546973985.31579206,3170.207002473438
3172,985.48357871,144176897509546973985.48357871,3171.3974619964997
3173,985.64801239,144176897509546973985.64801239,3172.564131932804
3174,985.73072927,144176897509546973985.73072927,3173.1510147242175
3175,985.81815207,144176897509546973985.81815207,3173.771286389411
3176,985.95812748,144176897509546973985.95812748,3174.764422969878
3177,986.10119349,144176897509546973986.10119349,3175.7794876012476
3178,986.20416665,144176897509546973986.20416665,3176.5100902978375
3179,986.31018295,144176897509546973986.31018295,3177.2622843128843
3180,986.50988484,144176897509546973986.50988484,3178.679184982419
3181,986.77486122,144176897509546973986.77486122,3180.5592133098066
3182,986.79187944,144176897509546973986.79187944,3180.679958923743
3183,986.94446117,144176897509546973986.94446117,3181.7625383394698
3184,987.04195342,144176897509546973987.04195342,3182.45425354707
3185,987.18435046,144176897509546973987.18435046,3183.464571783496
3186,987.35600243,144176897509546973987.35600243,3184.6824560569994
3187,987.52507274,144176897509546973987.52507274,3185.882023249065
3188,987.69888375,144176897509546973987.69888375,3187.1152260817544
3189,987.86246373,144176897509546973987.86246373,3188.2758389491864
3190,988.03007985,144176897509546973988.03007985,3189.4650885484407
3191,988.16223768,144176897509546973988.16223768,3190.402758781863
3192,988.27039461,144176897509546973988.27039461,3191.1701407356936
3193,988.43479368,144176897509546973988.43479368,3192.336565111316
3194,988.62387573,144176897509546973988.62387573,3193.678117177959
3195,988.70480588,144176897509546973988.70480588,3194.252322979018
3196,988.83835700,144176897509546973988.83835700,3195.199878714946
3197,989.02037261,144176897509546973989.02037261,3196.4912938321227
3198,989.07435656,144176897509546973989.07435656,3196.874314217654
3199,989.32590640,144176897509546973989.32590640,3198.659080184152
3200,989.45390756,144176897509546973989.45390756,3199.5672585158904
3201,989.56553543,144176897509546973989.56553543,3200.3592670629387
3202,989.77051915,144176897509546973989.77051915,3201.8136427331524
3203,989.92194299,144176897509546973989.92194299,3202.888006827952
3204,989.99052511,144176897509546973989.99052511,3203.374602381685
3205,990.09239007,144176897509546973990.09239007,3204.097342311818
3206,990.23177335,144176897509546973990.23177335,3205.0862776832055
3207,990.40349236,144176897509546973990.40349236,3206.3046376108
3208,990.54847330,144176897509546973990.54847330,3207.333288821641
3209,990.69607578,144176897509546973990.69607578,3208.380540065668
3210,990.80871303,144176897509546973990.80871303,3209.179710243474
3211,990.88412547,144176897509546973990.88412547,3209.714767456639
3212,991.04882026,144176897509546973991.04882026,3210.883289988999
3213,991.20691939,144176897509546973991.20691939,3212.005015793146
3214,991.27324113,144176897509546973991.27324113,3212.4755737723954
3215,991.45030946,144176897509546973991.45030946,3213.731887547545
3216,991.61126277,144176897509546973991.61126277,3214.8738639840362
3217,991.80617576,144176897509546973991.80617576,3216.2567870301427
3218,991.95391339,144176897509546973991.95391339,3217.3049971740847
3219,992.15849409,144176897509546973992.15849409,3218.7565133855933
3220,992.22921373,144176897509546973992.22921373,3219.258274812414
3221,992.37316285,144176897509546973992.37316285,3220.279605178927
3222,992.55101698,144176897509546973992.55101698,3221.5414942670895
3223,992.67559438,144176897509546973992.67559438,3222.4253807514333
3224,992.88098043,144176897509546973992.88098043,3223.8826109847478
3225,992.96557896,144176897509546973992.96557896,3224.482844231407
3226,993.13073061,144176897509546973993.13073061,3225.6546082215214
3227,993.28438158,144176897509546973993.28438158,3226.7447739794297
3228,993.33153423,144176897509546973993.33153423,3227.0793257523515
3229,993.48856527,144176897509546973993.48856527,3228.193473373657
3230,993.61389866,144176897509546973993.61389866,3229.082723666712
3231,993.78488264,144176897509546973993.78488264,3230.295868498449
3232,993.86593612,144176897509546973993.86593612,3230.8709493355914
3233,993.98704095,144176897509546973993.98704095,3231.7301976617387
3234,994.17903548,144176897509546973994.17903548,3233.092414003827
3235,994.26736559,144176897509546973994.26736559,3233.7191231050733
3236,994.47102480,144176897509546973994.47102480,3235.16410127231
3237,994.63859002,144176897509546973994.63859002,3236.3529897320473
3238,994.69738916,144176897509546973994.69738916,3236.7701742706317
3239,994.87214879,144176897509546973994.87214879,3238.010107637084
3240,995.12597874,144176897509546973995.12597874,3239.811051163973
3241,995.19609425,144176897509546973995.19609425,3240.308526240767
3242,995.33765142,144176897509546973995.33765142,3241.312885533263
3243,995.37127916,144176897509546973995.37127916,3241.551477002382
3244,995.52042308,144176897509546973995.52042308,3242.609664884855
3245,995.63072325,144176897509546973995.63072325,3243.392253295625
3246,995.92640763,144176897509546973995.92640763,3245.4901573064126
3247,995.97753310,144176897509546973995.97753310,3245.85289655076
3248,996.20830086,144176897509546973996.20830086,3247.490212019587
3249,996.29254652,144176897509546973996.29254652,3248.087941625748
3250,996.41670861,144176897509546973996.41670861,3248.9688814528668
3251,996.51397411,144176897509546973996.51397411,3249.658987851322
3252,996.60972115,144176897509546973996.60972115,3250.3383206562444
3253,996.87704429,144176897509546973996.87704429,3252.2349994310325
3254,996.94040864,144176897509546973996.94040864,3252.684574494842
3255,997.05635832,144176897509546973997.05635832,3253.507246624907
3256,997.21506553,144176897509546973997.21506553,3254.633286804642
3257,997.28506075,144176897509546973997.28506075,3255.1299084143934
3258,997.50846922,144176897509546973997.50846922,3256.7150091398935
3259,997.71610862,144176897509546973997.71610862,3258.1882270692868
3260,997.87425314,144176897509546973997.87425314,3259.3102749190657
3261,998.01880630,144176897509546973998.01880630,3260.3358909970475
3262,998.11319378,144176897509546973998.11319378,3261.0055776164763
3263,998.33682395,144176897509546973998.33682395,3262.592251320972
3264,998.43839891,144176897509546973998.43839891,3263.3129336782195
3265,998.54115355,144176897509546973998.54115355,3264.0419859581643
3266,998.74745922,144176897509546973998.74745922,3265.5057409679534
3267,998.93974569,144176897509546973998.93974569,3266.8700286473813
3268,999.03056524,144176897509546973999.03056524,3267.5144005218876
3269,999.17974878,144176897509546973999.17974878,3268.572869511388
3270,999.33532310,144176897509546973999.33532310,3269.6766815893325
3271,999.47357613,144176897509546973999.47357613,3270.6575977477737
3272,999.50825765,144176897509546973999.50825765,3270.9036658691543
3273,999.78497408,144176897509546973999.78497408,3272.866990777788
3274,999.86175830,144176897509546973999.86175830,3273.4117808783108
3275,1000.01995334,144176897509546974000.01995334,3274.5341871714763
3276,1000.11340400,144176897509546974000.11340400,3275.197226979074
3277,1000.19779514,144176897509546974000.19779514,3275.7959887773163
3278,1000.36247196,144176897509546974000.36247196,3276.964383811108
3279,1000.64480166,144176897509546974000.64480166,3278.967535313377
3280,1000.83800850,144176897509546974000.83800850,3280.3383530905885
3281,1000.90840619,144176897509546974000.90840619,3280.837830256752
3282,1001.10040831,144176897509546974001.10040831,3282.2001004504896
3283,1001.15750952,144176897509546974001.15750952,3282.6052380417273
3284,1001.23888338,144176897509546974001.23888338,3283.1825920002534
3285,1001.36016332,144176897509546974001.36016332,3284.0430827456694
3286,1001.54498477,144176897509546974001.54498477,3285.3544055190764
3287,1001.58840711,144176897509546974001.58840711,3285.662490448161
3288,1001.71853821,144176897509546974001.71853821,3286.5857808722894
3289,1001.93972627,144176897509546974001.93972627,3288.1551276136097
3290,1002.03779899,144176897509546974002.03779899,3288.850961301669
3291,1002.09841206,144176897509546974002.09841206,3289.281015816754
3292,1002.29349189,144176897509546974002.29349189,3290.665122605827
3293,1002.48162199,144176897509546974002.48162199,3291.9999205120944
3294,1002.72487064,144176897509546974002.72487064,3293.725788880433
3295,1002.77583871,144176897509546974002.77583871,3294.087411359358
3296,1002.91917642,144176897509546974002.91917642,3295.1044037236697
3297,1003.08700043,144176897509546974003.08700043,3296.29512831888
3298,1003.21555474,144176897509546974003.21555474,3297.2072312935215
3299,1003.29478350,144176897509546974003.29478350,3297.7693655982616
3300,1003.38840802,144176897509546974003.38840802,3298.4336389562795
3301,1003.50819605,144176897509546974003.50819605,3299.283544482508
3302,1003.71498141,144176897509546974003.71498141,3300.750702930703
3303,1003.88655582,144176897509546974003.88655582,3301.9680369098855
3304,1003.97682122,144176897509546974003.97682122,3302.60847704641
3305,1004.21348435,144176897509546974004.21348435,3304.2876206306355
3306,1004.39973294,144176897509546974004.39973294,3305.6090690749684
3307,1004.45591994,144176897509546974004.45591994,3306.007720274109
3308,1004.53571880,144176897509546974004.53571880,3306.57389948334
3309,1004.80668144,144176897509546974004.80668144,3308.4964007978488
3310,1004.91695003,144176897509546974004.91695003,3309.278765146026
3311,1005.07826030,144176897509546974005.07826030,3310.423274241888
3312,1005.26437322,144176897509546974005.26437322,3311.743760096864
3313,1005.35129195,144176897509546974005.35129195,3312.360455345628
3314,1005.50951202,144176897509546974005.50951202,3313.483039228619
3315,1005.60382769,144176897509546974005.60382769,3314.1522163504305
3316,1005.73100324,144176897509546974005.73100324,3315.054536914064
3317,1005.92330057,144176897509546974005.92330057,3316.418901646049
3318,1006.01214077,144176897509546974006.01214077,3317.0492298761
3319,1006.14006543,144176897509546974006.14006543,3317.9568654343016
3320,1006.22056529,144176897509546974006.22056529,3318.5280182938536
3321,1006.32405724,144176897509546974006.32405724,3319.262301846435
3322,1006.53259706,144176897509546974006.53259706,3320.7419083267873
3323,1006.61545997,144176897509546974006.61545997,3321.3298272125758
3324,1006.83123697,144176897509546974006.83123697,3322.860782056169
3325,1007.05164020,144176897509546974007.05164020,3324.4245603667023
3326,1007.09767483,144176897509546974007.09767483,3324.7511796994927
3327,1007.28011084,144176897509546974007.28011084,3326.0455775878463
3328,1007.44259499,144176897509546974007.44259499,3327.198415454948
3329,1007.65714145,144176897509546974007.65714145,3328.7206395201297
3330,1007.72715952,144176897509546974007.72715952,3329.2174232524344
3331,1007.98287965,144176897509546974007.98287965,3331.0317777555915
3332,1008.00995333,144176897509546974008.00995333,3331.2238676517804
3333,1008.20218483,144176897509546974008.20218483,3332.58776531472
3334,1008.29394184,144176897509546974008.29394184,3333.238788541909
3335,1008.50556963,144176897509546974008.50556963,3334.740304413106
3336,1008.66604938,144176897509546974008.66604938,3335.8789209040256
3337,1008.73900920,144176897509546974008.73900920,3336.396576584736
3338,1008.86502326,144176897509546974008.86502326,3337.2906562851576
3339,1009.04066414,144176897509546974009.04066414,3338.536842189906
3340,1009.09552678,144176897509546974009.09552678,3338.9260969503316
3341,1009.22583520,144176897509546974009.22583520,3339.850645473853
3342,1009.30112931,144176897509546974009.30112931,3340.38486312633
3343,1009.55991326,144176897509546974009.55991326,3342.2209556741764
3344,1009.70485351,144176897509546974009.70485351,3343.2493181862565
3345,1009.85969881,144176897509546974009.85969881,3344.3479578097686
3346,1010.01827102,144176897509546974010.01827102,3345.4730401538495
3347,1010.12884185,144176897509546974010.12884185,3346.257548918679
3348,1010.26438596,144176897509546974010.26438596,3347.2192450759385
3349,1010.33660509,144176897509546974010.33660509,3347.7316455026457
3350,1010.61289019,144176897509546974010.61289019,3349.69191009089
3351,1010.71535284,144176897509546974010.71535284,3350.4188906787417
3352,1010.81189672,144176897509546974010.81189672,3351.1038771263484
3353,1010.99698408,144176897509546974010.99698408,3352.41708655219
3354,1011.10735337,144176897509546974011.10735337,3353.2001653748143
3355,1011.32759850,144176897509546974011.32759850,3354.7628219533713
3356,1011.42564039,144176897509546974011.42564039,3355.4584369001477
3357,1011.55551472,144176897509546974011.55551472,3356.379905520862
3358,1011.71075495,144176897509546974011.71075495,3357.4813472038913
3359,1011.80630339,144176897509546974011.80630339,3358.1592709261404
3360,1011.99524249,144176897509546974011.99524249,3359.4998087512517
3361,1012.13500095,144176897509546974012.13500095,3360.491406054348
3362,1012.22926161,144176897509546974012.22926161,3361.1601928758682
3363,1012.35288832,144176897509546974012.35288832,3362.0373341396357
3364,1012.45227426,144176897509546974012.45227426,3362.742485227231
3365,1012.70323486,144176897509546974012.70323486,3364.523070489428
3366,1012.80957267,144176897509546974012.80957267,3365.277545643298
3367,1012.91328472,144176897509546974012.91328472,3366.013390822749
3368,1013.02504378,144176897509546974013.02504378,3366.8063301732004
3369,1013.19596228,144176897509546974013.19596228,3368.0190104191706
3370,1013.30730297,144176897509546974013.30730297,3368.808981401455
3371,1013.42364987,144176897509546974013.42364987,3369.634471838768
3372,1013.56991124,144176897509546974013.56991124,3370.6722078015077
3373,1013.74920132,144176897509546974013.74920132,3371.944285068242
3374,1013.83553314,144176897509546974013.83553314,3372.5568161442384
3375,1014.03232579,144176897509546974014.03232579,3373.9530755263827
3376,1014.09184522,144176897509546974014.09184522,3374.3753705793606
3377,1014.35233114,144176897509546974014.35233114,3376.2235387386722
3378,1014.38218747,144176897509546974014.38218747,3376.4353717562108
3379,1014.50146008,144176897509546974014.50146008,3377.2816203368634
3380,1014.68981906,144176897509546974014.68981906,3378.618042164793
3381,1014.84744065,144176897509546974014.84744065,3379.7363797849534
3382,1014.92303538,144176897509546974014.92303538,3380.2727303600545
3383,1015.18052383,144176897509546974015.18052383,3382.099631233163
3384,1015.32097768,144176897509546974015.32097768,3383.0961623831877
3385,1015.51502506,144176897509546974015.51502506,3384.472943858032
3386,1015.58661593,144176897509546974015.58661593,3384.980886730458
3387,1015.75442889,144176897509546974015.75442889,3386.171532925047
3388,1015.90932977,144176897509546974015.90932977,3387.2705668930453
3389,1016.11260007,144176897509546974016.11260007,3388.71278571314
3390,1016.22297832,144176897509546974016.22297832,3389.4959281076717
3391,1016.30170374,144176897509546974016.30170374,3390.054491175389
3392,1016.55588830,144176897509546974016.55588830,3391.857950688213
3393,1016.69594463,144176897509546974016.69594463,3392.8516614024657
3394,1016.82478868,144176897509546974016.82478868,3393.765820105273
3395,1016.87317657,144176897509546974016.87317657,3394.109136003477
3396,1017.01837014,144176897509546974017.01837014,3395.1392958409483
3397,1017.19348709,144176897509546974017.19348709,3396.381764421
3398,1017.36539722,144176897509546974017.36539722,3397.6014803600765
3399,1017.51169363,144176897509546974017.51169363,3398.6394649343815
3400,1017.68097331,144176897509546974017.68097331,3399.8405176231195
3401,1017.78788187,144176897509546974017.78788187,3400.599042293282
3402,1017.90117000,144176897509546974017.90117000,3401.4028305160537
3403,1017.99578201,144176897509546974017.99578201,3402.0741101935523
3404,1018.15627362,144176897509546974018.15627362,3403.212810832107
3405,1018.33776770,144176897509546974018.33776770,3404.500525652776
3406,1018.47082588,144176897509546974018.47082588,3405.444583940502
3407,1018.59151469,144176897509546974018.59151469,3406.300880571918
3408,1018.73946674,144176897509546974018.73946674,3407.350612042682
3409,1018.83342848,144176897509546974018.83342848,3408.0172780032126
3410,1018.88361449,144176897509546974018.88361449,3408.3733517047194
3411,1019.11297571,144176897509546974019.11297571,3410.000687661246
3412,1019.34509267,144176897509546974019.34509267,3411.6475758105485
3413,1019.47414972,144176897509546974019.47414972,3412.5632457651654
3414,1019.59072187,144176897509546974019.59072187,3413.3903343690044
3415,1019.72032573,144176897509546974019.72032573,3414.309883983724
3416,1019.79798270,144176897509546974019.79798270,3414.860866314372
3417,1020.00003182,144176897509546974020.00003182,3416.2944207659943
3418,1020.02958407,144176897509546974020.02958407,3416.5040963119354
3419,1020.11845939,144176897509546974020.11845939,3417.1346737211584
3420,1020.43393918,144176897509546974020.43393918,3419.3730277281015
3421,1020.55631003,144176897509546974020.55631003,3420.24125856606
3422,1020.69147282,144176897509546974020.69147282,3421.2002492278266
3423,1020.80471984,144176897509546974020.80471984,3422.0037457719045
3424,1020.99894553,144176897509546974020.99894553,3423.381792370271
3425,1021.13478178,144176897509546974021.13478178,3424.345561283885
3426,1021.25094893,144176897509546974021.25094893,3425.1697763807624
3427,1021.32587333,144176897509546974021.32587333,3425.701370911613
3428,1021.60093117,144176897509546974021.60093117,3427.6529279933047
3429,1021.76651639,144176897509546974021.76651639,3428.827768196785
3430,1021.79779774,144176897509546974021.79779774,3429.049711843683
3431,1021.88390031,144176897509546974021.88390031,3429.660616372837
3432,1022.12386394,144176897509546974022.12386394,3431.3631772650297
3433,1022.20519605,144176897509546974022.20519605,3431.940235004011
3434,1022.38371641,144176897509546974022.38371641,3433.206851046601
3435,1022.49231158,144176897509546974022.49231158,3433.9773423478164
3436,1022.53144757,144176897509546974022.53144757,3434.255015285383
3437,1022.74932798,144176897509546974022.74932798,3435.800893988922
3438,1022.92660236,144176897509546974022.92660236,3437.058669705082
3439,1023.02723001,144176897509546974023.02723001,3437.7726308231204
3440,1023.24690210,144176897509546974023.24690210,3439.3312216376544
3441,1023.32633500,144176897509546974023.32633500,3439.894804331804
3442,1023.53460687,144176897509546974023.53460687,3441.3725096857606
3443,1023.68081241,144176897509546974023.68081241,3442.4098495302446
3444,1023.76490328,144176897509546974023.76490328,3443.00648088914
3445,1023.91225806,144176897509546974023.91225806,3444.0519746821187
3446,1024.00904133,144176897509546974024.00904133,3444.738659620668
3447,1024.21714108,144176897509546974024.21714108,3446.215143769641
3448,1024.34659232,144176897509546974024.34659232,3447.1336105334162
3449,1024.49687138,144176897509546974024.49687138,3448.199852323772
3450,1024.61457528,144176897509546974024.61457528,3449.034970783176
3451,1024.70036852,144176897509546974024.70036852,3449.6436805915687
3452,1024.82684847,144176897509546974024.82684847,3450.541065818307
3453,1025.15478894,144176897509546974025.15478894,3452.8678293332164
3454,1025.29463009,144176897509546974025.29463009,3453.860013328388
3455,1025.38750568,144176897509546974025.38750568,3454.5189729689523
3456,1025.44287742,144176897509546974025.44287742,3454.9118398340547
3457,1025.60226172,144176897509546974025.60226172,3456.042684020774
3458,1025.68964037,144176897509546974025.68964037,3456.662642438233
3459,1025.77578173,144176897509546974025.77578173,3457.2738221854984
3460,1025.91877020,144176897509546974025.91877020,3458.2883366644487
3461,1026.12816560,144176897509546974026.12816560,3459.7740135524214
3462,1026.34544575,144176897509546974026.34544575,3461.3156333638894
3463,1026.52971739,144176897509546974026.52971739,3462.623055191956
3464,1026.59895164,144176897509546974026.59895164,3463.114277659504
3465,1026.72905099,144176897509546974026.72905099,3464.0373428148764
3466,1026.88136453,144176897509546974026.88136453,3465.1180194013887
3467,1027.07148851,144176897509546974027.07148851,3466.4669640436077
3468,1027.35312440,144176897509546974027.35312440,3468.4651929091733
3469,1027.44560610,144176897509546974027.44560610,3469.1213578691027
3470,1027.55736305,144176897509546974027.55736305,3469.914282248938
3471,1027.64906812,144176897509546974027.64906812,3470.5649369577277
3472,1027.73221482,144176897509546974027.73221482,3471.154869355962
3473,1027.91826983,144176897509546974027.91826983,3472.4749443349183
3474,1028.09903841,144176897509546974028.09903841,3473.7575116758326
3475,1028.25014182,144176897509546974028.25014182,3474.8296022944937
3476,1028.32514765,144176897509546974028.32514765,3475.3617745776205
3477,1028.45453475,144176897509546974028.45453475,3476.2797862630337
3478,1028.62310968,144176897509546974028.62310968,3477.475838694905
3479,1028.66777395,144176897509546974028.66777395,3477.7927352153497
3480,1028.91337917,144176897509546974028.91337917,3479.5353236338133
3481,1029.03985705,144176897509546974029.03985705,3480.432694173738
3482,1029.24554092,144176897509546974029.24554092,3481.892037463456
3483,1029.32456637,144176897509546974029.32456637,3482.452729267701
3484,1029.41746783,144176897509546974029.41746783,3483.111872457957
3485,1029.51409422,144176897509546974029.51409422,3483.7974443205253
3486,1029.62098308,144176897509546974029.62098308,3484.555829217633
3487,1029.72699685,144176897509546974029.72699685,3485.30800528213
3488,1029.92144031,144176897509546974029.92144031,3486.687596975832
3489,1030.10482545,144176897509546974030.10482545,3487.988729016439
3490,1030.28173018,144176897509546974030.28173018,3489.2438820366774
3491,1030.44149417,144176897509546974030.44149417,3490.377420153911
3492,1030.57001654,144176897509546974030.57001654,3491.2892965117317
3493,1030.67089327,144176897509546974030.67089327,3492.0050248720268
3494,1030.85444179,144176897509546974030.85444179,3493.307316106627
3495,1030.94135302,144176897509546974030.94135302,3493.9239581422985
3496,1031.03068468,144176897509546974031.03068468,3494.5577733198347
3497,1031.19783023,144176897509546974031.19783023,3495.7436841878025
3498,1031.32246622,144176897509546974031.32246622,3496.62798637282
3499,1031.45515409,144176897509546974031.45515409,3497.569417281872
3500,1031.68286926,144176897509546974031.68286926,3499.1850743837463
3501,1031.78237491,144176897509546974031.78237491,3499.891074823239
3502,1031.92786517,144176897509546974031.92786517,3500.923339699674
3503,1032.08233046,144176897509546974032.08233046,3502.019283122247
3504,1032.22269754,144176897509546974032.22269754,3503.0151986322735
3505,1032.39219450,144176897509546974032.39219450,3504.217792939759
3506,1032.59357364,144176897509546974032.59357364,3505.646593830408
3507,1032.63579229,144176897509546974032.63579229,3505.9461384839506
3508,1032.76017019,144176897509546974032.76017019,3506.8286095000503
3509,1032.88951622,144176897509546974032.88951622,3507.7463297905724
3510,1032.96011878,144176897509546974032.96011878,3508.247260525554
3511,1033.23415130,144176897509546974033.23415130,3510.19154288093
3512,1033.30457446,144176897509546974033.30457446,3510.6912007587534
3513,1033.40894886,144176897509546974033.40894886,3511.431745363726
3514,1033.65185030,144176897509546974033.65185030,3513.155150249713
3515,1033.78597491,144176897509546974033.78597491,3514.106774942449
3516,1033.91911380,144176897509546974033.91911380,3515.051405873995
3517,1034.04515736,144176897509546974034.04515736,3515.9456948792445
3518,1034.26289362,144176897509546974034.26289362,3517.490550827157
3519,1034.43376123,144176897509546974034.43376123,3518.702870004561
3520,1034.62364276,144176897509546974034.62364276,3520.050094444897
3521,1034.75753156,144176897509546974034.75753156,3521.0000460470737
3522,1034.83395207,144176897509546974034.83395207,3521.5422555964433
3523,1034.99005547,144176897509546974034.99005547,3522.649821538742
3524,1035.09426352,144176897509546974035.09426352,3523.3891858773363
3525,1035.26529150,144176897509546974035.26529150,3524.602642892546
3526,1035.42045884,144176897509546974035.42045884,3525.703567415273
3527,1035.46641300,144176897509546974035.46641300,3526.029615807063
3528,1035.59719463,144176897509546974035.59719463,3526.957521792879
3529,1035.80671535,144176897509546974035.80671535,3528.4440878361415
3530,1035.90511570,144176897509546974035.90511570,3529.1422460849067
3531,1036.05466822,144176897509546974036.05466822,3530.2033330166255
3532,1036.17009086,144176897509546974036.17009086,3531.022265756298
3533,1036.31622781,144176897509546974036.31622781,3532.059118949319
3534,1036.44369368,144176897509546974036.44369368,3532.963499356263
3535,1036.62297315,144176897509546974036.62297315,3534.2355013442107
3536,1036.82362173,144176897509546974036.82362173,3535.6591188540056
3537,1036.97426429,144176897509546974036.97426429,3536.727939705548
3538,1037.08794980,144176897509546974037.08794980,3537.5345473707803
3539,1037.19636973,144176897509546974037.19636973,3538.303795330366
3540,1037.29953509,144176897509546974037.29953509,3539.0357617011236
3541,1037.45649078,144176897509546974037.45649078,3540.149374708233
3542,1037.53762992,144176897509546974037.53762992,3540.7250633098356
3543,1037.73203618,144176897509546974037.73203618,3542.1043910666017
3544,1037.91555294,144176897509546974037.91555294,3543.4064569614957
3545,1038.00832618,144176897509546974038.00832618,3544.064690420733
3546,1038.06658192,144176897509546974038.06658192,3544.4780194934333
3547,1038.23262198,144176897509546974038.23262198,3545.656086822609
3548,1038.44998349,144176897509546974038.44998349,3547.1982838896974
3549,1038.53509108,144176897509546974038.53509108,3547.8021289572303
3550,1038.73864447,144176897509546974038.73864447,3549.246356323216
3551,1038.79551506,144176897509546974038.79551506,3549.6498576473537
3552,1039.01869354,144176897509546974039.01869354,3551.2333265756533
3553,1039.21135295,144176897509546974039.21135295,3552.6002602938124
3554,1039.42495588,144176897509546974039.42495588,3554.1157899391833
3555,1039.52066075,144176897509546974039.52066075,3554.7948235446274
3556,1039.68646807,144176897509546974039.68646807,3555.971239565136
3557,1039.74146812,144176897509546974039.74146812,3556.361469260355
3558,1039.77361812,144176897509546974039.77361812,3556.5895760475546
3559,1040.05155316,144176897509546974040.05155316,3558.561547090308
3560,1040.12069192,144176897509546974040.12069192,3559.0520920487697
3561,1040.24900904,144176897509546974040.24900904,3559.962512141643
3562,1040.36721202,144176897509546974040.36721202,3560.801171613033
3563,1040.58771220,144176897509546974040.58771220,3562.3656377914676
3564,1040.69032613,144176897509546974040.69032613,3563.0936917228582
3565,1040.85013838,144176897509546974040.85013838,3564.2275722485997
3566,1041.00574420,144176897509546974041.00574420,3565.3316078215307
3567,1041.09253692,144176897509546974041.09253692,3565.9474090194
3568,1041.22129923,144176897509546974041.22129923,3566.860987770456
3569,1041.34879840,144176897509546974041.34879840,3567.765604443529
3570,1041.48468962,144176897509546974041.48468962,3568.7297633736316
3571,1041.63458958,144176897509546974041.63458958,3569.79331541957
3572,1041.72018468,144176897509546974041.72018468,3570.4006194090257
3573,1041.82457945,144176897509546974041.82457945,3571.1413085407553
3574,1042.09161193,144176897509546974042.09161193,3573.0359250599054
3575,1042.25585644,144176897509546974042.25585644,3574.2012528201303
3576,1042.30433272,144176897509546974042.30433272,3574.54519585236
3577,1042.41032413,144176897509546974042.41032413,3575.297213270893
3578,1042.55679865,144176897509546974042.55679865,3576.3364615497035
3579,1042.80530387,144176897509546974042.80530387,3578.0996256970275
3580,1042.91600076,144176897509546974042.91600076,3578.8850288675053
3581,1043.10480991,144176897509546974043.10480991,3580.224644687112
3582,1043.23352152,144176897509546974043.23352152,3581.137863717667
3583,1043.42926327,144176897509546974043.42926327,3582.526666881377
3584,1043.45973480,144176897509546974043.45973480,3582.7428647914658
3585,1043.74020582,144176897509546974043.74020582,3584.7328288124527
3586,1043.88465922,144176897509546974043.88465922,3585.7577370853614
3587,1043.94109564,144176897509546974043.94109564,3586.158157939086
3588,1044.14160010,144176897509546974044.14160010,3587.580752906107
3589,1044.24933531,144176897509546974044.24933531,3588.3451427232562
3590,1044.44136313,144176897509546974044.44136313,3589.7075952605223
3591,1044.57576715,144176897509546974044.57576715,3590.6612023892585
3592,1044.65498815,144176897509546974044.65498815,3591.223281636186
3593,1044.79857856,144176897509546974044.79857856,3592.24206692694
3594,1044.94443744,144176897509546974044.94443744,3593.276947191366
3595,1045.20679554,144176897509546974045.20679554,3595.1383986155256
3596,1045.27788444,144176897509546974045.27788444,3595.642779971188
3597,1045.44135893,144176897509546974045.44135893,3596.8026443787444
3598,1045.54765242,144176897509546974045.54765242,3597.556805078717
3599,1045.68863896,144176897509546974045.68863896,3598.5571157063296
3600,1045.76886092,144176897509546974045.76886092,3599.1262968434503
3601,1045.90814112,144176897509546974045.90814112,3600.114500854103
3602,1046.04099548,144176897509546974046.04099548,3601.057113022844
3603,1046.12963912,144176897509546974046.12963912,3601.6860466441835
3604,1046.23797299,144176897509546974046.23797299,3602.4546840012777
3605,1046.46437348,144176897509546974046.46437348,3604.0610133448004
3606,1046.62973490,144176897509546974046.62973490,3605.234265669619
3607,1046.87276652,144176897509546974046.87276652,3606.95859419298
3608,1046.96844336,144176897509546974046.96844336,3607.637428923362
3609,1047.12332673,144176897509546974047.12332673,3608.736338656529
3610,1047.23889184,144176897509546974047.23889184,3609.5562822320944
3611,1047.40630462,144176897509546974047.40630462,3610.7440891180017
3612,1047.46852182,144176897509546974047.46852182,3611.185525062031
3613,1047.66597257,144176897509546974047.66597257,3612.5864537156112
3614,1047.77508519,144176897509546974047.77508519,3613.360616365412
3615,1047.92971209,144176897509546974047.92971209,3614.4577064236887
3616,1047.99478755,144176897509546974047.99478755,3614.919421947985
3617,1048.12019607,144176897509546974048.12019607,3615.8092052943184
3618,1048.22924063,144176897509546974048.22924063,3616.5828850530484
3619,1048.44018555,144176897509546974048.44018555,3618.0795559077055
3620,1048.50424859,144176897509546974048.50424859,3618.534088232204
3621,1048.59785083,144176897509546974048.59785083,3619.198203511864
3622,1048.82421256,144176897509546974048.82421256,3620.8042578501277
3623,1048.90089169,144176897509546974048.90089169,3621.348302328807
3624,1049.07366545,144176897509546974049.07366545,3622.57414579089
3625,1049.18442188,144176897509546974049.18442188,3623.359971402366
3626,1049.45670228,144176897509546974049.45670228,3625.2918223280694
3627,1049.48968131,144176897509546974049.48968131,3625.5258111485437
3628,1049.77104052,144176897509546974049.77104052,3627.522076947674
3629,1049.85648510,144176897509546974049.85648510,3628.1283129858516
3630,1049.96630356,144176897509546974049.96630356,3628.9074836261557
3631,1050.16171691,144176897509546974050.16171691,3630.293956765949
3632,1050.32636310,144176897509546974050.32636310,3631.4621344774737
3633,1050.39116433,144176897509546974050.39116433,3631.9219043182784
3634,1050.55941257,144176897509546974050.55941257,3633.115638858818
3635,1050.70322760,144176897509546974050.70322760,3634.1360178461982
3636,1050.85622960,144176897509546974050.85622960,3635.221579110742
3637,1050.95722421,144176897509546974050.95722421,3635.9381438389396
3638,1051.12358915,144176897509546974051.12358915,3637.1185162173533
3639,1051.29994736,144176897509546974051.29994736,3638.369791635062
3640,1051.41817878,144176897509546974051.41817878,3639.2086528904965
3641,1051.60584103,144176897509546974051.60584103,3640.5401313640923
3642,1051.65812610,144176897509546974051.65812610,3640.911098061952
3643,1051.76671427,144176897509546974051.76671427,3641.681539697615
3644,1052.01680521,144176897509546974052.01680521,3643.45595465348
3645,1052.13884548,144176897509546974052.13884548,3644.3218400002497
3646,1052.18782206,144176897509546974052.18782206,3644.6693327004614
3647,1052.42355630,144176897509546974052.42355630,3646.341885736831
3648,1052.48713415,144176897509546974052.48713415,3646.7929755999894
3649,1052.65336923,144176897509546974052.65336923,3647.9724266114554
3650,1052.85486340,144176897509546974052.85486340,3649.4020436490323
3651,1053.11532089,144176897509546974053.11532089,3651.25001009525
3652,1053.20553527,144176897509546974053.20553527,3651.8900882408484
3653,1053.28445299,144176897509546974053.28445299,3652.450015692242
3654,1053.41178446,144176897509546974053.41178446,3653.35344252058
3655,1053.47344247,144176897509546974053.47344247,3653.790910967429
3656,1053.54809657,144176897509546974053.54809657,3654.320587698448
3657,1053.79509450,144176897509546974053.79509450,3656.0730575042708
3658,1053.86821708,144176897509546974053.86821708,3656.5918679800257
3659,1054.02330505,144176897509546974054.02330505,3657.692229366339
3660,1054.33028359,144176897509546974054.33028359,3659.8702663336344
3661,1054.49647486,144176897509546974054.49647486,3661.0494065096927
3662,1054.62644100,144176897509546974054.62644100,3661.9715265296027
3663,1054.65791375,144176897509546974054.65791375,3662.1948281746054
3664,1054.79491615,144176897509546974054.79491615,3663.1668710144995
3665,1054.93919336,144176897509546974054.93919336,3664.190529205454
3666,1055.04659404,144176897509546974055.04659404,3664.952545505853
3667,1055.20244056,144176897509546974055.20244056,3666.058288864279
3668,1055.25545888,144176897509546974055.25545888,3666.434458028755
3669,1055.52981298,144176897509546974055.52981298,3668.3810220196096
3670,1055.64353573,144176897509546974055.64353573,3669.187893905581
3671,1055.85158157,144176897509546974055.85158157,3670.6639955588494
3672,1056.01042863,144176897509546974056.01042863,3671.791027985371
3673,1056.08543079,144176897509546974056.08543079,3672.323174229558
3674,1056.14803118,144176897509546974056.14803118,3672.7673289368777
3675,1056.44588308,144176897509546974056.44588308,3674.8806116731207
3676,1056.59964929,144176897509546974056.59964929,3675.971595067924
3677,1056.68133090,144176897509546974056.68133090,3676.551132536987
3678,1056.85379785,144176897509546974056.85379785,3677.7747991579067
3679,1056.91277981,144176897509546974056.91277981,3678.193280818819
3680,1057.05160671,144176897509546974057.05160671,3679.178268630198
3681,1057.14452216,144176897509546974057.14452216,3679.8375110806082
3682,1057.31598921,144176897509546974057.31598921,3681.0540833321184
3683,1057.42920881,144176897509546974057.42920881,3681.8573853291323
3684,1057.49664836,144176897509546974057.49664836,3682.3358742585465
3685,1057.79812816,144176897509546974057.79812816,3684.4748972315947
3686,1057.88112456,144176897509546974057.88112456,3685.063763239468
3687,1058.03792218,144176897509546974058.03792218,3686.176254727452
3688,1058.15028755,144176897509546974058.15028755,3686.973495895202
3689,1058.29809452,144176897509546974058.29809452,3688.0221980119168
3690,1058.43967037,144176897509546974058.43967037,3689.0266898404866
3691,1058.60701655,144176897509546974058.60701655,3690.214024194138
3692,1058.63069778,144176897509546974058.63069778,3690.3820443898526
3693,1058.92166087,144176897509546974058.92166087,3692.446450475498
3694,1059.02026396,144176897509546974059.02026396,3693.1460471805626
3695,1059.18199133,144176897509546974059.18199133,3694.293515633841
3696,1059.27460733,144176897509546974059.27460733,3694.950633462869
3697,1059.34027333,144176897509546974059.34027333,3695.416538915069
3698,1059.55581280,144176897509546974059.55581280,3696.9458084645667
3699,1059.67029308,144176897509546974059.67029308,3697.7580550856705
3700,1059.84586898,144176897509546974059.84586898,3699.003779952191
3701,1059.97216871,144176897509546974059.97216871,3699.8998865038066
3702,1060.08644211,144176897509546974060.08644211,3700.7106652949838
3703,1060.19580935,144176897509546974060.19580935,3701.486634493779
3704,1060.39450299,144176897509546974060.39450299,3702.896381549995
3705,1060.51842152,144176897509546974060.51842152,3703.7755932996924
3706,1060.64498766,144176897509546974060.64498766,3704.6735900512826
3707,1060.79729157,144176897509546974060.79729157,3705.7541983121846
3708,1061.00778924,144176897509546974061.00778924,3707.2476958927955
3709,1061.10485401,144176897509546974061.10485401,3707.93637809606
3710,1061.21615489,144176897509546974061.21615489,3708.726066623253
3711,1061.38987905,144176897509546974061.38987905,3709.9586532483386
3712,1061.57912289,144176897509546974061.57912289,3711.3013532277996
3713,1061.73703740,144176897509546974061.73703740,3712.4217691384765
3714,1061.87719251,144176897509546974061.87719251,3713.416180704625
3715,1061.97174046,144176897509546974061.97174046,3714.0870058713676
3716,1062.17961486,144176897509546974062.17961486,3715.561891144307
3717,1062.24829497,144176897509546974062.24829497,3716.0491819448234
3718,1062.43573272,144176897509546974062.43573272,3717.379067573202
3719,1062.60404336,144176897509546974062.60404336,3718.573244846666
3720,1062.82691191,144176897509546974062.82691191,3720.154514797157
3721,1063.02693376,144176897509546974063.02693376,3721.5736856081417
3722,1063.08363803,144176897509546974063.08363803,3721.976006878754
3723,1063.19447070,144176897509546974063.19447070,3722.7623734190474
3724,1063.29807306,144176897509546974063.29807306,3723.497440339292
3725,1063.43321508,144176897509546974063.43321508,3724.4562836362697
3726,1063.60510501,144176897509546974063.60510501,3725.6758562547525
3727,1063.71761756,144176897509546974063.71761756,3726.4741416762176
3728,1063.85099138,144176897509546974063.85099138,3727.420439454653
3729,1063.93429153,144176897509546974063.93429153,3728.0114605927474
3730,1064.16339256,144176897509546974064.16339256,3729.6369504806903
3731,1064.26315784,144176897509546974064.26315784,3730.344793015522
3732,1064.36644765,144176897509546974064.36644765,3731.0776423688512
3733,1064.49727704,144176897509546974064.49727704,3732.005887215637
3734,1064.63659325,144176897509546974064.63659325,3732.994346720081
3735,1064.79943947,144176897509546974064.79943947,3734.1497535024064
3736,1064.93779140,144176897509546974064.93779140,3735.1313713641525
3737,1064.98046070,144176897509546974064.98046070,3735.434113415009
3738,1065.15243304,144176897509546974065.15243304,3736.654270738946
3739,1065.27817555,144176897509546974065.27817555,3737.546423770687
3740,1065.46543428,144176897509546974065.46543428,3738.875039238038
3741,1065.59888443,144176897509546974065.59888443,3739.821878583847
3742,1065.80861053,144176897509546974065.80861053,3741.309901814418
3743,1065.93054245,144176897509546974065.93054245,3742.1750184093867
3744,1066.09020550,144176897509546974066.09020550,3743.307840349354
3745,1066.18655046,144176897509546974066.18655046,3743.9914154438625
3746,1066.30556966,144176897509546974066.30556966,3744.835866060567
3747,1066.53871988,144176897509546974066.53871988,3746.4900852711116
3748,1066.63620641,144176897509546974066.63620641,3747.18175989486
3749,1066.77762889,144176897509546974066.77762889,3748.1851635511766
3750,1066.84847445,144176897509546974066.84847445,3748.6878183903345
3751,1067.15441230,144176897509546974067.15441230,3750.8584715799516
3752,1067.26255790,144176897509546974067.26255790,3751.6257731465375
3753,1067.30181570,144176897509546974067.30181570,3751.904310335667
3754,1067.52050305,144176897509546974067.52050305,3753.455914342188
3755,1067.58688498,144176897509546974067.58688498,3753.9268993742376
3756,1067.80884509,144176897509546974067.80884509,3755.501723871236
3757,1067.87779847,144176897509546974067.87779847,3755.9909535439683
3758,1067.98685939,144176897509546974067.98685939,3756.7647493781897
3759,1068.09166521,144176897509546974068.09166521,3757.5083549421083
3760,1068.27349749,144176897509546974068.27349749,3758.798469318467
3761,1068.41240820,144176897509546974068.41240820,3759.784051768411
3762,1068.61636441,144176897509546974068.61636441,3761.2311371740857
3763,1068.70408402,144176897509546974068.70408402,3761.853514729653
3764,1068.90459578,144176897509546974068.90459578,3763.2761614907504
3765,1068.96058323,144176897509546974068.96058323,3763.673396866893
3766,1069.18427065,144176897509546974069.18427065,3765.260476764657
3767,1069.37130485,144176897509546974069.37130485,3766.5874991739383
3768,1069.40754324,144176897509546974069.40754324,3766.8446134108335
3769,1069.58519113,144176897509546974069.58519113,3768.1050392099205
3770,1069.71750437,144176897509546974069.71750437,3769.043812089558
3771,1069.82475009,144176897509546974069.82475009,3769.8047289365277
3772,1069.94955330,144176897509546974069.94955330,3770.6902175606415
3773,1070.12842250,144176897509546974070.12842250,3771.9593086505615
3774,1070.25750462,144176897509546974070.25750462,3772.8751564788067
3775,1070.37935649,144176897509546974070.37935649,3773.739705112708
3776,1070.61076479,144176897509546974070.61076479,3775.381565263385
3777,1070.72130499,144176897509546974070.72130499,3776.165856705947
3778,1070.91457234,144176897509546974070.91457234,3777.5371038063836
3779,1071.03236228,144176897509546974071.03236228,3778.3728327263775
3780,1071.21646434,144176897509546974071.21646434,3779.6790513709616
3781,1071.34372938,144176897509546974071.34372938,3780.5820068732073
3782,1071.44084259,144176897509546974071.44084259,3781.2710327620944
3783,1071.60179430,144176897509546974071.60179430,3782.41299784646
3784,1071.72175227,144176897509546974071.72175227,3783.264109110399
3785,1071.84187833,144176897509546974071.84187833,3784.116412986154
3786,1071.88547582,144176897509546974071.88547582,3784.425740618311
3787,1072.17763357,144176897509546974072.17763357,3786.4986229109363
3788,1072.29851803,144176897509546974072.29851803,3787.356307694542
3789,1072.36888848,144176897509546974072.36888848,3787.855591590756
3790,1072.52194512,144176897509546974072.52194512,3788.9415405304117
3791,1072.70105137,144176897509546974072.70105137,3790.2123135087886
3792,1072.86333196,144176897509546974072.86333196,3791.3637071016256
3793,1073.05129923,144176897509546974073.05129923,3792.697349716193
3794,1073.14006256,144176897509546974073.14006256,3793.3271325475275
3795,1073.30264774,144176897509546974073.30264774,3794.4806872304525
3796,1073.44346826,144176897509546974073.44346826,3795.4798199330635
3797,1073.52473047,144176897509546974073.52473047,3796.056381726028
3798,1073.76880111,144176897509546974073.76880111,3797.788082178286
3799,1073.89312998,144176897509546974073.89312998,3798.6702053226663
3800,1074.01404121,144176897509546974074.01404121,3799.528080041535
3801,1074.18239252,144176897509546974074.18239252,3800.7225458718585
3802,1074.28369606,144176897509546974074.28369606,3801.441302482786
3803,1074.41861934,144176897509546974074.41861934,3802.398593802201
3804,1074.54807027,144176897509546974074.54807027,3803.317058366502
3805,1074.69512561,144176897509546974074.69512561,3804.3604276090496
3806,1074.78352863,144176897509546974074.78352863,3804.9876540124997
3807,1074.96555258,144176897509546974074.96555258,3806.2791283026345
3808,1075.12330335,144176897509546974075.12330335,3807.3983824650895
3809,1075.21927747,144176897509546974075.21927747,3808.079326420532
3810,1075.34528703,144176897509546974075.34528703,3808.9733741930986
3811,1075.46911725,144176897509546974075.46911725,3809.8519593763763
3812,1075.64644803,144176897509546974075.64644803,3811.1101352549877
3813,1075.71229275,144176897509546974075.71229275,3811.577308739692
3814,1075.91625463,144176897509546974075.91625463,3813.024434374465
3815,1076.14933000,144176897509546974076.14933000,3814.6781225183527
3816,1076.26732047,144176897509546974076.26732047,3815.515274214522
3817,1076.38595943,144176897509546974076.38595943,3816.3570269984184
3818,1076.48804337,144176897509546974076.48804337,3817.0813206089333
3819,1076.61384442,144176897509546974076.61384442,3817.9738889865944
3820,1076.68708802,144176897509546974076.68708802,3818.4935581088002
3821,1076.84744640,144176897509546974076.84744640,3819.6313134699913
3822,1076.89795475,144176897509546974076.89795475,3819.9896741992366
3823,1077.13534278,144176897509546974077.13534278,3821.6739610061695
3824,1077.35143436,144176897509546974077.35143436,3823.207147819688
3825,1077.39454567,144176897509546974077.39454567,3823.5130259663774
3826,1077.60461176,144176897509546974077.60461176,3825.0034614528295
3827,1077.69222648,144176897509546974077.69222648,3825.6250948055686
3828,1077.76158968,144176897509546974077.76158968,3826.117232183543
3829,1077.96100511,144176897509546974077.96100511,3827.5321003967706
3830,1078.11143839,144176897509546974078.11143839,3828.5994363901973
3831,1078.21264126,144176897509546974078.21264126,3829.31747873953
3832,1078.44290976,144176897509546974078.44290976,3830.9512519192567
3833,1078.64141550,144176897509546974078.64141550,3832.359665810144
3834,1078.81000205,144176897509546974078.81000205,3833.5558006868323
3835,1078.93902015,144176897509546974078.93902015,3834.4711942881254
3836,1079.10322957,144176897509546974079.10322957,3835.636273082031
3837,1079.31216805,144176897509546974079.31216805,3837.1187080865448
3838,1079.40502665,144176897509546974079.40502665,3837.777547181718
3839,1079.47279917,144176897509546974079.47279917,3838.2583985595597
3840,1079.62992065,144176897509546974079.62992065,3839.373187859803
3841,1079.85560621,144176897509546974079.85560621,3840.974444718555
3842,1079.87042737,144176897509546974079.87042737,3841.079602018405
3843,1080.02906634,144176897509546974080.02906634,3842.205158029954
3844,1080.18944356,144176897509546974080.18944356,3843.343047062432
3845,1080.25505043,144176897509546974080.25505043,3843.8085329826154
3846,1080.43964641,144176897509546974080.43964641,3845.118256028579
3847,1080.59573654,144176897509546974080.59573654,3846.22572781918
3848,1080.68771376,144176897509546974080.68771376,3846.878313453697
3849,1080.87665712,144176897509546974080.87665712,3848.218881503845
3850,1081.06878053,144176897509546974081.06878053,3849.5820122597047
3851,1081.16551373,144176897509546974081.16551373,3850.268341947652
3852,1081.39843254,144176897509546974081.39843254,3851.920919285985
3853,1081.51556264,144176897509546974081.51556264,3852.751966589106
3854,1081.53765153,144176897509546974081.53765153,3852.908689006857
3855,1081.78460517,144176897509546974081.78460517,3854.6608445716342
3856,1081.86502563,144176897509546974081.86502563,3855.23143408192
3857,1081.99519037,144176897509546974081.99519037,3856.154963184503
3858,1082.14985654,144176897509546974082.14985654,3857.2523318665285
3859,1082.25425121,144176897509546974082.25425121,3857.993020288751
3860,1082.48240188,144176897509546974082.48240188,3859.6117672974933
3861,1082.55629732,144176897509546974082.55629732,3860.136061275941
3862,1082.71700154,144176897509546974082.71700154,3861.276270399225
3863,1082.90045083,144176897509546974082.90045083,3862.577857589144
3864,1082.97891682,144176897509546974082.97891682,3863.134579980538
3865,1083.12452010,144176897509546974083.12452010,3864.1676467427924
3866,1083.17452658,144176897509546974083.17452658,3864.5224466647815
3867,1083.48749454,144176897509546974083.48749454,3866.7429790396473
3868,1083.56062966,144176897509546974083.56062966,3867.2618784876922
3869,1083.64403677,144176897509546974083.64403677,3867.8536585154275
3870,1083.79836027,144176897509546974083.79836027,3868.9485959267604
3871,1083.88148543,144176897509546974083.88148543,3869.538375496995
3872,1084.13225584,144176897509546974084.13225584,3871.317611346132
3873,1084.20533429,144176897509546974084.20533429,3871.8361087160547
3874,1084.38699929,144176897509546974084.38699929,3873.125036227612
3875,1084.56207088,144176897509546974084.56207088,3874.3671829748837
3876,1084.66912157,144176897509546974084.66912157,3875.126716068612
3877,1084.80919569,144176897509546974084.80919569,3876.120553004319
3878,1084.88656178,144176897509546974084.88656178,3876.6694715184117
3879,1085.10715608,144176897509546974085.10715608,3878.2346054856744
3880,1085.23568215,144176897509546974085.23568215,3879.146508095287
3881,1085.39237907,144176897509546974085.39237907,3880.2582851088246
3882,1085.46627970,144176897509546974085.46627970,3880.7826159107317
3883,1085.62760460,144176897509546974085.62760460,3881.927228807598
3884,1085.85810728,144176897509546974085.85810728,3883.562663512906
3885,1086.02092883,144176897509546974086.02092883,3884.717895259634
3886,1086.17711508,144176897509546974086.17711508,3885.826049029221
3887,1086.22659655,144176897509546974086.22659655,3886.177123963828
3888,1086.32978099,144176897509546974086.32978099,3886.9092257086913
3889,1086.51513579,144176897509546974086.51513579,3888.2243326424386
3890,1086.70161629,144176897509546974086.70161629,3889.5474265065236
3891,1086.77148429,144176897509546974086.77148429,3890.043145480335
3892,1086.89684488,144176897509546974086.89684488,3890.9325887595364
3893,1087.02556833,144176897509546974087.02556833,3891.845891795826
3894,1087.11456295,144176897509546974087.11456295,3892.4773156479637
3895,1087.30535528,144176897509546974087.30535528,3893.831002286178
3896,1087.41696896,144176897509546974087.41696896,3894.622910154056
3897,1087.56682602,144176897509546974087.56682602,3895.6861578211087
3898,1087.72904189,144176897509546974087.72904189,3896.8370922204385
3899,1087.91075841,144176897509546974087.91075841,3898.126385270462
3900,1087.99097020,144176897509546974087.99097020,3898.69549425063
3901,1088.14541985,144176897509546974088.14541985,3899.7913267061685
3902,1088.26769537,144176897509546974088.26769537,3900.6588811702536
3903,1088.32088759,144176897509546974088.32088759,3901.0362841689534
3904,1088.60045793,144176897509546974088.60045793,3903.0198577942606
3905,1088.73577623,144176897509546974088.73577623,3903.9799518117497
3906,1088.91254213,144176897509546974088.91254213,3905.2341198221825
3907,1089.02960179,144176897509546974089.02960179,3906.0646673479446
3908,1089.25081079,144176897509546974089.25081079,3907.6341626602175
3909,1089.32400285,144176897509546974089.32400285,3908.153466102056
3910,1089.50053996,144176897509546974089.50053996,3909.406010829383
3911,1089.65335993,144176897509546974089.65335993,3910.490280576711
3912,1089.84968123,144176897509546974089.84968123,3911.8831956934077
3913,1089.94969418,144176897509546974089.94969418,3912.592795466435
3914,1090.11076081,144176897509546974090.11076081,3913.7355759172697
3915,1090.24909205,144176897509546974090.24909205,3914.7170469818325
3916,1090.30875012,144176897509546974090.30875012,3915.1403256965514
3917,1090.48109692,144176897509546974090.48109692,3916.363139843739
3918,1090.65105464,144176897509546974090.65105464,3917.569003279787
3919,1090.76723998,144176897509546974090.76723998,3918.3933474361497
3920,1090.89428397,144176897509546974090.89428397,3919.2947345712005
3921,1091.04339011,144176897509546974091.04339011,3920.352654401592
3922,1091.30301475,144176897509546974091.30301475,3922.194711711334
3923,1091.35240125,144176897509546974091.35240125,3922.5451128262957
3924,1091.45219230,144176897509546974091.45219230,3923.2531382013112
3925,1091.61089035,144176897509546974091.61089035,3924.379113390123
3926,1091.75049085,144176897509546974091.75049085,3925.3695899545532
3927,1091.88497941,144176897509546974091.88497941,3926.323796901261
3928,1091.98832233,144176897509546974091.98832233,3927.057023074232
3929,1092.18094418,144176897509546974092.18094418,3928.423690301227
3930,1092.33504209,144176897509546974092.33504209,3929.517027133707
3931,1092.38541416,144176897509546974092.38541416,3929.8744209455976
3932,1092.58380585,144176897509546974092.58380585,3931.2820256427344
3933,1092.75834610,144176897509546974092.75834610,3932.520402490774
3934,1092.87313340,144176897509546974092.87313340,3933.334827443007
3935,1092.99164313,144176897509546974092.99164313,3934.175663329855
3936,1093.13614851,144176897509546974093.13614851,3935.200940404966
3937,1093.22898942,144176897509546974093.22898942,3935.8596539881937
3938,1093.29851506,144176897509546974093.29851506,3936.3529438907867
3939,1093.49872104,144176897509546974093.49872104,3937.773421118653
3940,1093.61586546,144176897509546974093.61586546,3938.6045700233044
3941,1093.82760747,144176897509546974093.82760747,3940.1068962944155
3942,1093.96503700,144176897509546974093.96503700,3941.081969655368
3943,1094.15305801,144176897509546974094.15305801,3942.415993559476
3944,1094.25923887,144176897509546974094.25923887,3943.1693551407097
3945,1094.32554580,144176897509546974094.32554580,3943.6398080418408
3946,1094.44199851,144176897509546974094.44199851,3944.4660492094536
3947,1094.62443801,144176897509546974094.62443801,3945.7604718596326
3948,1094.93220840,144176897509546974094.93220840,3947.944127065169
3949,1094.98041340,144176897509546974094.98041340,3948.2861453443898
3950,1095.05882572,144176897509546974095.05882572,3948.842486942898
3951,1095.20723215,144176897509546974095.20723215,3949.8954422756206
3952,1095.34164720,144176897509546974095.34164720,3950.8491276630775
3953,1095.37544995,144176897509546974095.37544995,3951.088960841958
3954,1095.67228571,144176897509546974095.67228571,3953.19503398471
3955,1095.76092935,144176897509546974095.76092935,3953.823967606049
3956,1095.92792800,144176897509546974095.92792800,3955.008836206924
3957,1096.12044146,144176897509546974096.12044146,3956.3747343983155
3958,1096.19747179,144176897509546974096.19747179,3956.9212706687103
3959,1096.32621358,144176897509546974096.32621358,3957.8347038287475
3960,1096.51683742,144176897509546974096.51683742,3959.187195017115
3961,1096.58412891,144176897509546974096.58412891,3959.6646334491447
3962,1096.82490213,144176897509546974096.82490213,3961.372938446278
3963,1096.97877982,144176897509546974096.97877982,3962.464712800479
3964,1097.03977561,144176897509546974097.03977561,3962.8974827441675
3965,1097.17250385,144176897509546974097.17250385,3963.8392000815556
3966,1097.25037093,144176897509546974097.25037093,3964.391673159235
3967,1097.53099119,144176897509546974097.53099119,3966.3826960497995
3968,1097.66959471,144176897509546974097.66959471,3967.3660989624505
3969,1097.72079767,144176897509546974097.72079767,3967.7293880044626
3970,1097.98219496,144176897509546974097.98219496,3969.5840224058475
3971,1098.19549433,144176897509546974098.19549433,3971.0973982690616
3972,1098.31526070,144176897509546974098.31526070,3971.947150115881
3973,1098.41466019,144176897509546974098.41466019,3972.652397341795
3974,1098.59199660,144176897509546974098.59199660,3973.910613165701
3975,1098.66720269,144176897509546974098.66720269,3974.4442063093315
3976,1098.80522806,144176897509546974098.80522806,3975.423507202106
3977,1098.85925753,144176897509546974098.85925753,3975.80685055563
3978,1099.05918002,144176897509546974099.05918002,3977.225316399574
3979,1099.28956345,144176897509546974099.28956345,3978.8599050167204
3980,1099.37130613,144176897509546974099.37130613,3979.439875782253
3981,1099.49257665,144176897509546974099.49257665,3980.3002996920254
3982,1099.62252966,144176897509546974099.62252966,3981.222326553549
3983,1099.75579426,144176897509546974099.75579426,3982.1678494074654
3984,1099.84699377,144176897509546974099.84699377,3982.8149171281575
3985,1099.99995616,144176897509546974099.99995616,3983.900197356625
3986,1100.10002930,144176897509546974100.10002930,3984.610224182453
3987,1100.21070909,144176897509546974100.21070909,3985.395506027081
3988,1100.41794472,144176897509546974100.41794472,3986.86585917646
3989,1100.63513439,144176897509546974100.63513439,3988.4068370251875
3990,1100.72893705,144176897509546974100.72893705,3989.0723743005638
3991,1100.87677374,144176897509546974100.87677374,3990.121287283024
3992,1101.04343764,144176897509546974101.04343764,3991.3037808062313
3993,1101.17313164,144176897509546974101.17313164,3992.223969971364
3994,1101.27663013,144176897509546974101.27663013,3992.958299925762
3995,1101.53642162,144176897509546974101.53642162,3994.801541049421
3996,1101.61246879,144176897509546974101.61246879,3995.3411017220274
3997,1101.79052708,144176897509546974101.79052708,3996.6044393415023
3998,1101.94568946,144176897509546974101.94568946,3997.7053286726377
3999,1102.06776431,144176897509546974102.06776431,3998.571459367236
4000,1102.19304247,144176897509546974102.19304247,3999.460317799082
4001,1102.29434555,144176897509546974102.29434555,4000.179071146273
4002,1102.47543095,144176897509546974102.47543095,4001.46388635009
4003,1102.54558263,144176897509546974102.54558263,4001.961618055889
4004,1102.71295055,144176897509546974102.71295055,4003.149106656556
4005,1102.88339120,144176897509546974102.88339120,4004.358396519065
4006,1103.02761111,144176897509546974103.02761111,4005.3816481619974
4007,1103.18660094,144176897509546974103.18660094,4006.509693552936
4008,1103.37133831,144176897509546974103.37133831,4007.8204197721075
4009,1103.47448029,144176897509546974103.47448029,4008.55222025992
4010,1103.58803991,144176897509546974103.58803991,4009.3579347256677
4011,1103.63133479,144176897509546974103.63133479,4009.6651153159937
4012,1103.82025197,144176897509546974103.82025197,4011.0054976169754
4013,1103.87341222,144176897509546974103.87341222,4011.382673786002
4014,1103.98428849,144176897509546974103.98428849,4012.169349671736
4015,1104.13354047,144176897509546974104.13354047,4013.2283042484373
4016,1104.29636586,144176897509546974104.29636586,4014.383563240269
4017,1104.46437331,144176897509546974104.46437331,4015.5755893567557
4018,1104.58071847,144176897509546974104.58071847,4016.4010674486312
4019,1104.83952539,144176897509546974104.83952539,4018.2373229704403
4020,1104.96941836,144176897509546974104.96941836,4019.158923843426
4021,1105.05801132,144176897509546974105.05801132,4019.7874978861655
4022,1105.26059591,144176897509546974105.26059591,4021.2248515396955
4023,1105.42678609,144176897509546974105.42678609,4022.403983982118
4024,1105.58420166,144176897509546974105.58420166,4023.5208598741197
4025,1105.67380926,144176897509546974105.67380926,4024.1566328677322
4026,1105.83144654,144176897509546974105.83144654,4025.275081809681
4027,1105.90041108,144176897509546974105.90041108,4025.764390663494
4028,1106.05159393,144176897509546974106.05159393,4026.8370449152244
4029,1106.20594867,144176897509546974106.20594867,4027.932203976823
4030,1106.26928207,144176897509546974106.26928207,4028.3815594479397
4031,1106.40230650,144176897509546974106.40230650,4029.3253782767524
4032,1106.56694675,144176897509546974106.56694675,4030.4935138435085
4033,1106.71505050,144176897509546974106.71505050,4031.544321637744
4034,1106.92470751,144176897509546974106.92470751,4033.0318546693125
4035,1107.19453958,144176897509546974107.19453958,4034.946334500449
4036,1107.25891491,144176897509546974107.25891491,4035.4030825471427
4037,1107.52986749,144176897509546974107.52986749,4037.3255124851576
4038,1107.56469566,144176897509546974107.56469566,4037.5726210998614
4039,1107.70317536,144176897509546974107.70317536,4038.555145499841
4040,1107.77679492,144176897509546974107.77679492,4039.0774820879165
4041,1107.96174581,144176897509546974107.96174581,4040.389723248338
4042,1108.13619986,144176897509546974108.13619986,4041.627488500575
4043,1108.20047677,144176897509546974108.20047677,4042.0835382496016
4044,1108.42264641,144176897509546974108.42264641,4043.659849378486
4045,1108.63783720,144176897509546974108.63783720,4045.186645015867
4046,1108.73625900,144176897509546974108.73625900,4045.8849554540743
4047,1108.81341935,144176897509546974108.81341935,4046.4324142266305
4048,1108.90309943,144176897509546974108.90309943,4047.068701471563
4049,1109.09313274,144176897509546974109.09313274,4048.417002802977
4050,1109.15494202,144176897509546974109.15494202,4048.855544522414
4051,1109.43877804,144176897509546974109.43877804,4050.8693834839587
4052,1109.54481292,144176897509546974109.54481292,4051.621709325572
4053,1109.59892280,144176897509546974109.59892280,4052.0056231943913
4054,1109.80497057,144176897509546974109.80497057,4053.467548383327
4055,1109.95848884,144176897509546974109.95848884,4054.5567726242634
4056,1110.03273044,144176897509546974110.03273044,4055.083522635229
4057,1110.14808483,144176897509546974110.14808483,4055.9019711357655
4058,1110.37571897,144176897509546974110.37571897,4057.517053323395
4059,1110.50914851,144176897509546974110.50914851,4058.463746439628
4060,1110.58493630,144176897509546974110.58493630,4059.001466790665
4061,1110.73280398,144176897509546974110.73280398,4060.0505996496204
4062,1110.87105904,144176897509546974110.87105904,4061.0315302110716
4063,1111.03735663,144176897509546974111.03735663,4062.2114247359204
4064,1111.08780312,144176897509546974111.08780312,4062.569346563584
4065,1111.31128601,144176897509546974111.31128601,4064.154975304857
4066,1111.45583740,144176897509546974111.45583740,4065.1805788245492
4067,1111.59371690,144176897509546974111.59371690,4066.158844758162
4068,1111.74826285,144176897509546974111.74826285,4067.2553604698
4069,1111.83139207,144176897509546974111.83139207,4067.845168846055
4070,1111.94000209,144176897509546974111.94000209,4068.615765509192
4071,1112.05169479,144176897509546974112.05169479,4069.4082340302066
4072,1112.22011456,144176897509546974112.22011456,4070.603185589633
4073,1112.38863540,144176897509546974112.38863540,4071.7988542486855
4074,1112.48828825,144176897509546974112.48828825,4072.5058990837947
4075,1112.65525588,144176897509546974112.65525588,4073.6905475953213
4076,1112.82946708,144176897509546974112.82946708,4074.9265898076433
4077,1113.07954631,144176897509546974113.07954631,4076.7009216801343
4078,1113.19961242,144176897509546974113.19961242,4077.552800205908
4079,1113.29927996,144176897509546974113.29927996,4078.2599492677264
4080,1113.51588323,144176897509546974113.51588323,4079.796766562177
4081,1113.58692084,144176897509546974113.58692084,4080.300784011241
4082,1113.74453930,144176897509546974113.74453930,4081.4190994238043
4083,1113.77852377,144176897509546974113.77852377,4081.6602219204256
4084,1113.93509645,144176897509546974113.93509645,4082.7711174413585
4085,1114.02130772,144176897509546974114.02130772,4083.382793205591
4086,1114.31064766,144176897509546974114.31064766,4085.4356829138915
4087,1114.45651788,144176897509546974114.45651788,4086.4706436365122
4088,1114.57551415,144176897509546974114.57551415,4087.3149315630567
4089,1114.75215243,144176897509546974114.75215243,4088.5681940995178
4090,1114.82892235,144176897509546974114.82892235,4089.112882740412
4091,1114.87596880,144176897509546974114.87596880,4089.446681015953
4092,1115.05331587,144176897509546974115.05331587,4090.7049724733997
4093,1115.22028397,144176897509546974115.22028397,4091.8896243196136
4094,1115.36296597,144176897509546974115.36296597,4092.901964369728
4095,1115.60188054,144176897509546974115.60188054,4094.5970820984317
4096,1115.68360746,144176897509546974115.68360746,4095.17694104552
4097,1115.80210600,144176897509546974115.80210600,4096.017697538435
4098,1115.97689303,144176897509546974115.97689303,4097.25782531005
4099,1116.04641707,144176897509546974116.04641707,4097.751103860517
4100,1116.30400788,144176897509546974116.30400788,4099.578730985903
4101,1116.38352567,144176897509546974116.38352567,4100.142915981303
4102,1116.55304833,144176897509546974116.55304833,4101.345692632317
4103,1116.61166106,144176897509546974116.61166106,4101.76155457724
4104,1116.84050752,144176897509546974116.84050752,4103.385238270943
4105,1116.88449682,144176897509546974116.88449682,4103.697345825971
4106,1117.03128030,144176897509546974117.03128030,4104.738786200364
4107,1117.30571904,144176897509546974117.30571904,4106.685950718698
4108,1117.36835063,144176897509546974117.36835063,4107.1303267924795
4109,1117.52066388,144176897509546974117.52066388,4108.211001321419
4110,1117.66068147,144176897509546974117.66068147,4109.204437172315
4111,1117.78341039,144176897509546974117.78341039,4110.07520854518
4112,1118.02322843,144176897509546974118.02322843,4111.776736464833
4113,1118.12321675,144176897509546974118.12321675,4112.486161486067
4114,1118.36048410,144176897509546974118.36048410,4114.169592058876
4115,1118.41156763,144176897509546974118.41156763,4114.532033735613
4116,1118.56840486,144176897509546974118.56840486,4115.644806259674
4117,1118.77118074,144176897509546974118.77118074,4117.083517130851
4118,1118.81318840,144176897509546974118.81318840,4117.381564793693
4119,1118.93189126,144176897509546974118.93189126,4118.223770953132
4120,1119.09286499,144176897509546974119.09286499,4119.365892271135
4121,1119.19713982,144176897509546974119.19713982,4120.105730419099
4122,1119.31799517,144176897509546974119.31799517,4120.963208664958
4123,1119.46254036,144176897509546974119.46254036,4121.98876819516
4124,1119.55089022,144176897509546974119.55089022,4122.615617424215
4125,1119.67209640,144176897509546974119.67209640,4123.47558483661
4126,1119.98206651,144176897509546974119.98206651,4125.674847229144
4127,1120.08422811,144176897509546974120.08422811,4126.399691843487
4128,1120.15665965,144176897509546974120.15665965,4126.913599335907
4129,1120.32004261,144176897509546974120.32004261,4128.072814330891
4130,1120.49884779,144176897509546974120.49884779,4129.341451193858
4131,1120.70819373,144176897509546974120.70819373,4130.826777159227
4132,1120.78798533,144176897509546974120.78798533,4131.392904858185
4133,1120.94972336,144176897509546974120.94972336,4132.540448945005
4134,1121.00242311,144176897509546974121.00242311,4132.91435783019
4135,1121.12184988,144176897509546974121.12184988,4133.761700188209
4136,1121.40476402,144176897509546974121.40476402,4135.768998338401
4137,1121.51663855,144176897509546974121.51663855,4136.5627569576145
4138,1121.64448224,144176897509546974121.64448224,4137.469818027276
4139,1121.74266184,144176897509546974121.74266184,4138.16641003737
4140,1121.83313735,144176897509546974121.83313735,4138.808340920926
4141,1121.98094440,144176897509546974121.98094440,4139.857043605247
4142,1122.09900188,144176897509546974122.09900188,4140.694670742654
4143,1122.25181942,144176897509546974122.25181942,4141.77892324894
4144,1122.34821433,144176897509546974122.34821433,4142.462852742641
4145,1122.58063577,144176897509546974122.58063577,4144.111901201572
4146,1122.65501520,144176897509546974122.65501520,4144.639629127265
4147,1122.73329769,144176897509546974122.73329769,4145.195049571678
4148,1122.93304852,144176897509546974122.93304852,4146.612297474375
4149,1123.15242356,144176897509546974123.15242356,4148.168780695716
4150,1123.27060783,144176897509546974123.27060783,4149.00730741818
4151,1123.33964343,144176897509546974123.33964343,4149.497120448301
4152,1123.51970732,144176897509546974123.51970732,4150.774687958052
4153,1123.65825012,144176897509546974123.65825012,4151.757660057511
4154,1123.75690830,144176897509546974123.75690830,4152.457647630474
4155,1123.92422193,144176897509546974123.92422193,4153.644751039305
4156,1124.02987929,144176897509546974124.02987929,4154.394398346726
4157,1124.16291181,144176897509546974124.16291181,4155.338274574727
4158,1124.45151792,144176897509546974124.45151792,4157.385957701265
4159,1124.57649357,144176897509546974124.57649357,4158.272669800788
4160,1124.83466098,144176897509546974124.83466098,4160.104387948679
4161,1124.92285036,144176897509546974124.92285036,4160.730098559468
4162,1125.04677541,144176897509546974125.04677541,4161.609356569081
4163,1125.17372252,144176897509546974125.17372252,4162.510056332886
4164,1125.31012632,144176897509546974125.31012632,4163.47785205854
4165,1125.38293079,144176897509546974125.38293079,4163.994405518741
4166,1125.66054408,144176897509546974125.66054408,4165.964093719852
4167,1125.79813799,144176897509546974125.79813799,4166.940333369877
4168,1125.93338747,144176897509546974125.93338747,4167.899939104035
4169,1126.10407072,144176897509546974126.10407072,4169.11095023269
4170,1126.16041974,144176897509546974126.16041974,4169.510750976517
4171,1126.24824329,144176897509546974126.24824329,4170.133865994587
4172,1126.39246294,144176897509546974126.39246294,4171.157115792798
4173,1126.57022962,144176897509546974126.57022962,4172.41838441631
4174,1126.69314949,144176897509546974126.69314949,4173.290510594496
4175,1126.78175413,144176897509546974126.78175413,4173.919167507756
4176,1126.96229636,144176897509546974126.96229636,4175.200128877558
4177,1127.03349044,144176897509546974127.03349044,4175.70525649362
4178,1127.22320594,144176897509546974127.22320594,4177.051302938004
4179,1127.46868825,144176897509546974127.46868825,4178.793019300317
4180,1127.58390669,144176897509546974127.58390669,4179.610503224874
4181,1127.72901248,144176897509546974127.72901248,4180.640040256319
4182,1127.83524677,144176897509546974127.83524677,4181.3937809276185
4183,1127.93188430,144176897509546974127.93188430,4182.0794318293665
4184,1128.00551810,144176897509546974128.00551810,4182.601869451366
4185,1128.20380504,144176897509546974128.20380504,4184.0087309389855
4186,1128.35265867,144176897509546974128.35265867,4185.064859191
4187,1128.43537166,144176897509546974128.43537166,4185.651714382557
4188,1128.61685630,144176897509546974128.61685630,4186.939362225681
4189,1128.87594630,144176897509546974128.87594630,4188.77762622243
4190,1128.94232650,144176897509546974128.94232650,4189.248598979993
4191,1129.03349372,144176897509546974129.03349372,4189.895437600587
4192,1129.17852825,144176897509546974129.17852825,4190.924469036708
4193,1129.34332574,144176897509546974129.34332574,4192.093720233672
4194,1129.49268432,144176897509546974129.49268432,4193.153431145785
4195,1129.58501590,144176897509546974129.58501590,4193.808530992468
4196,1129.79768497,144176897509546974129.79768497,4195.317434827441
4197,1129.94516705,144176897509546974129.94516705,4196.363831823966
4198,1130.08742285,144176897509546974130.08742285,4197.373147951445
4199,1130.17719618,144176897509546974130.17719618,4198.010096812487
4200,1130.30169037,144176897509546974130.30169037,4198.8933929153145
4201,1130.43865245,144176897509546974130.43865245,4199.8651496816265
4202,1130.56505691,144176897509546974130.56505691,4200.7619993008575
4203,1130.83059958,144176897509546974130.83059958,4202.646045500485
4204,1130.92881510,144176897509546974130.92881510,4203.342892365814
4205,1131.09912624,144176897509546974131.09912624,4204.551263344652
4206,1131.23802841,144176897509546974131.23802841,4205.536785202622
4207,1131.33567292,144176897509546974131.33567292,4206.229580706938
4208,1131.49469978,144176897509546974131.49469978,4207.357888828648
4209,1131.52820596,144176897509546974131.52820596,4207.595617819974
4210,1131.70810635,144176897509546974131.70810635,4208.872025284323
4211,1131.84586319,144176897509546974131.84586319,4209.849420935556
4212,1132.00818567,144176897509546974132.00818567,4211.001111741249
4213,1132.12172359,144176897509546974132.12172359,4211.806672243783
4214,1132.30600200,144176897509546974132.30600200,4213.114142105535
4215,1132.40181405,144176897509546974132.40181405,4213.793936161538
4216,1132.54671267,144176897509546974132.54671267,4214.822003305482
4217,1132.66359047,144176897509546974132.66359047,4215.651260520192
4218,1132.71395769,144176897509546974132.71395769,4216.00861992095
4219,1133.01227817,144176897509546974133.01227817,4218.125227269273
4220,1133.19778911,144176897509546974133.19778911,4219.441442028642
4221,1133.35153407,144176897509546974133.35153407,4220.532274653018
4222,1133.46737451,144176897509546974133.46737451,4221.354171716663
4223,1133.58619121,144176897509546974133.58619121,4222.197185579886
4224,1133.71979921,144176897509546974133.71979921,4223.1451448839025
4225,1133.76676290,144176897509546974133.76676290,4223.478355970712
4226,1133.95883781,144176897509546974133.95883781,4224.841142615244
4227,1134.11766150,144176897509546974134.11766150,4225.968009229771
4228,1134.32560398,144176897509546974134.32560398,4227.443377535683
4229,1134.47499530,144176897509546974134.47499530,4228.5033207406805
4230,1134.56898678,144176897509546974134.56898678,4229.170197708858
4231,1134.69633509,144176897509546974134.69633509,4230.073744018326
4232,1134.91086888,144176897509546974134.91086888,4231.595878188858
4233,1134.97739165,144176897509546974134.97739165,4232.067862491822
4234,1135.13627000,144176897509546974135.13627000,4233.195116923363
4235,1135.33329261,144176897509546974135.33329261,4234.593007889855
4236,1135.47453552,144176897509546974135.47453552,4235.595137482849
4237,1135.57019250,144176897509546974135.57019250,4236.273831304964
4238,1135.62312711,144176897509546974135.62312711,4236.649406540384
4239,1135.80218668,144176897509546974135.80218668,4237.919848320477
4240,1135.93150880,144176897509546974135.93150880,4238.837398967663
4241,1136.10821141,144176897509546974136.10821141,4240.09111793055
4242,1136.25159027,144176897509546974136.25159027,4241.10840225736
4243,1136.39699849,144176897509546974136.39699849,4242.140085053521
4244,1136.71162590,144176897509546974136.71162590,4244.372391357096
4245,1136.86553404,144176897509546974136.86553404,4245.46438175645
4246,1136.90521126,144176897509546974136.90521126,4245.74589476358
4247,1137.04991771,144176897509546974137.04991771,4246.772598446209
4248,1137.20942882,144176897509546974137.20942882,4247.904342359885
4249,1137.25070066,144176897509546974137.25070066,4248.197169321757
4250,1137.50259884,144176897509546974137.50259884,4249.984406788046
4251,1137.57201016,144176897509546974137.57201016,4250.476885581217
4252,1137.66732895,144176897509546974137.66732895,4251.153179918593
4253,1137.77693608,144176897509546974137.77693608,4251.930851155869
4254,1137.91749073,144176897509546974137.91749073,4252.928097489848
4255,1138.14306665,144176897509546974138.14306665,4254.528576444149
4256,1138.30833023,144176897509546974138.30833023,4255.701134586446
4257,1138.39687651,144176897509546974138.39687651,4256.329377430901
4258,1138.45461644,144176897509546974138.45461644,4256.739046790945
4259,1138.63612589,144176897509546974138.63612589,4258.026870662978
4260,1138.75777002,144176897509546974138.75777002,4258.889945365185
4261,1138.88905495,144176897509546974138.88905495,4259.8214223042205
4262,1138.96728722,144176897509546974138.96728722,4260.37648643377
4263,1139.22243434,144176897509546974139.22243434,4262.186775385756
4264,1139.30212113,144176897509546974139.30212113,4262.752159449493
4265,1139.47514452,144176897509546974139.47514452,4263.979774056125
4266,1139.58885598,144176897509546974139.58885598,4264.786565838655
4267,1139.67990863,144176897509546974139.67990863,4265.432591576058
4268,1139.87692898,144176897509546974139.87692898,4266.830466507672
4269,1139.96942583,144176897509546974139.96942583,4267.486738958048
4270,1140.22203007,144176897509546974140.22203007,4269.278985975756
4271,1140.29381557,144176897509546974140.29381557,4269.788309763392
4272,1140.50428389,144176897509546974140.50428389,4271.281599103437
4273,1140.60962379,144176897509546974140.60962379,4272.028994007104
4274,1140.71338053,144176897509546974140.71338053,4272.765156265632
4275,1140.84570904,144176897509546974140.84570904,4273.704037487125
4276,1141.00029381,144176897509546974141.00029381,4274.800828629726
4277,1141.22291800,144176897509546974141.22291800,4276.380364826733
4278,1141.29078684,144176897509546974141.29078684,4276.861899602576
4279,1141.50793943,144176897509546974141.50793943,4278.4026143657775
4280,1141.63705422,144176897509546974141.63705422,4279.318693990251
4281,1141.75629910,144176897509546974141.75629910,4280.164745824365
4282,1141.85444168,144176897509546974141.85444168,4280.861075174637
4283,1141.98828354,144176897509546974141.98828354,4281.810693733809
4284,1142.16779731,144176897509546974142.16779731,4283.084358098747
4285,1142.36572001,144176897509546974142.36572001,4284.488635274822
4286,1142.42447456,144176897509546974142.42447456,4284.905503443838
4287,1142.53024873,144176897509546974142.53024873,4285.655979527426
4288,1142.79600550,144176897509546974142.79600550,4287.54154478345
4289,1142.85771151,144176897509546974142.85771151,4287.979353794088
4290,1142.98712912,144176897509546974142.98712912,4288.897581950359
4291,1143.16877590,144176897509546974143.16877590,4290.186380189579
4292,1143.36893733,144176897509546974143.36893733,4291.606541331679
4293,1143.48749287,144176897509546974143.48749287,4292.447702244092
4294,1143.63598467,144176897509546974143.63598467,4293.5012632837015
4295,1143.73576754,144176897509546974143.73576754,4294.2092306209715
4296,1143.91983940,144176897509546974143.91983940,4295.515234994173
4297,1144.03470198,144176897509546974144.03470198,4296.330194063947
4298,1144.17313461,144176897509546974144.17313461,4297.312384498561
4299,1144.27497268,144176897509546974144.27497268,4298.034933642022
4300,1144.52106194,144176897509546974144.52106194,4299.780956362485
4301,1144.65590642,144176897509546974144.65590642,4300.737688589681
4302,1144.80644272,144176897509546974144.80644272,4301.805755518138
4303,1144.91352248,144176897509546974144.91352248,4302.56549486581
4304,1145.08678742,144176897509546974145.08678742,4303.794823288756
4305,1145.20649013,144176897509546974145.20649013,4304.644123462851
4306,1145.25985385,144176897509546974145.25985385,4305.022743267585
4307,1145.37430985,144176897509546974145.37430985,4305.8348176201725
4308,1145.45458247,144176897509546974145.45458247,4306.404358193991
4309,1145.73741463,144176897509546974145.73741463,4308.411074689614
4310,1145.88983508,144176897509546974145.88983508,4309.4925098110125
4311,1145.99804418,144176897509546974145.99804418,4310.26026191511
4312,1146.13088846,144176897509546974146.13088846,4311.202802565455
4313,1146.20679007,144176897509546974146.20679007,4311.741330478375
4314,1146.30544773,144176897509546974146.30544773,4312.441314361897
4315,1146.49849009,144176897509546974146.49849009,4313.8109651405275
4316,1146.59152536,144176897509546974146.59152536,4314.471057723293
4317,1146.79117614,144176897509546974146.79117614,4315.8875957633445
4318,1146.97022331,144176897509546974146.97022331,4317.157949564459
4319,1147.16085947,144176897509546974147.16085947,4318.510528164198
4320,1147.35374738,144176897509546974147.35374738,4319.87908310789
4321,1147.43314233,144176897509546974147.43314233,4320.442396543795
4322,1147.64245415,144176897509546974147.64245415,4321.927480425073
4323,1147.69834687,144176897509546974147.69834687,4322.324043684389
4324,1147.83431784,144176897509546974147.83431784,4323.288768447035
4325,1148.01206770,144176897509546974148.01206770,4324.5499177313195
4326,1148.09268897,144176897509546974148.09268897,4325.121932004403
4327,1148.23282358,144176897509546974148.23282358,4326.116198121434
4328,1148.32352721,144176897509546974148.32352721,4326.759747534392
4329,1148.57073632,144176897509546974148.57073632,4328.513715678981
4330,1148.63160554,144176897509546974148.63160554,4328.94558759853
4331,1148.78364230,144176897509546974148.78364230,4330.0243004091
4332,1148.90545352,144176897509546974148.90545352,4330.888560628043
4333,1149.05838962,144176897509546974149.05838962,4331.973654326886
4334,1149.17744060,144176897509546974149.17744060,4332.818330425198
4335,1149.31878191,144176897509546974149.31878191,4333.821158173959
4336,1149.54667603,144176897509546974149.54667603,4335.438084940205
4337,1149.69441902,144176897509546974149.69441902,4336.48633311377
4338,1149.84270594,144176897509546974149.84270594,4337.538440513611
4339,1149.96924248,144176897509546974149.96924248,4338.436227250865
4340,1150.03171883,144176897509546974150.03171883,4338.879501884596
4341,1150.27699720,144176897509546974150.27699720,4340.619771276515
4342,1150.34135640,144176897509546974150.34135640,4341.076404879585
4343,1150.40467911,144176897509546974150.40467911,4341.5256845043095
4344,1150.55428327,144176897509546974150.55428327,4342.5871378259035
4345,1150.71968600,144176897509546974150.71968600,4343.7606832484325
4346,1150.80247922,144176897509546974150.80247922,4344.348107678171
4347,1150.95644958,144176897509546974150.95644958,4345.440539533335
4348,1151.02972007,144176897509546974151.02972007,4345.960399442213
4349,1151.27012931,144176897509546974151.27012931,4347.666121972522
4350,1151.41526024,144176897509546974151.41526024,4348.69583737425
4351,1151.59475087,144176897509546974151.59475087,4349.969337559061
4352,1151.67562205,144176897509546974151.67562205,4350.543124963317
4353,1151.82528302,144176897509546974151.82528302,4351.604981356345
4354,1152.06270180,144176897509546974152.06270180,4353.289486336954
4355,1152.15054462,144176897509546974152.15054462,4353.912738077194
4356,1152.36568216,144176897509546974152.36568216,4355.439155901623
4357,1152.57391539,144176897509546974152.57391539,4356.91658710173
4358,1152.66572669,144176897509546974152.66572669,4357.567995520753
4359,1152.78674477,144176897509546974152.78674477,4358.426628348804
4360,1152.94801461,144176897509546974152.94801461,4359.570850590625
4361,1153.06806667,144176897509546974153.06806667,4360.42262943054
4362,1153.29077870,144176897509546974153.29077870,4362.002788859279
4363,1153.32073233,144176897509546974153.32073233,4362.215312227996
4364,1153.54428374,144176897509546974153.54428374,4363.801427124076
4365,1153.62357716,144176897509546974153.62357716,4364.364020196619
4366,1153.84165020,144176897509546974153.84165020,4365.91126562521
4367,1153.92640125,144176897509546974153.92640125,4366.512581013306
4368,1154.08870180,144176897509546974154.08870180,4367.6641162239175
4369,1154.17645989,144176897509546974154.17645989,4368.286766798122
4370,1154.33471273,144176897509546974154.33471273,4369.409583186849
4371,1154.46687568,144176897509546974154.46687568,4370.347289747076
4372,1154.70298359,144176897509546974154.70298359,4372.022494001584
4373,1154.73783682,144176897509546974154.73783682,4372.269780418966
4374,1154.93458174,144176897509546974154.93458174,4373.665701152993
4375,1154.98025244,144176897509546974154.98025244,4373.989738373713
4376,1155.06361627,144176897509546974155.06361627,4374.581211326433
4377,1155.29160577,144176897509546974155.29160577,4376.198814821307
4378,1155.38460787,144176897509546974155.38460787,4376.858672060305
4379,1155.62406569,144176897509546974155.62406569,4378.5576441906305
4380,1155.71350405,144176897509546974155.71350405,4379.1922164130865
4381,1155.84985637,144176897509546974155.84985637,4380.159646884078
4382,1155.95254241,144176897509546974155.95254241,4380.8882124416095
4383,1156.08269497,144176897509546974156.08269497,4381.811655126131
4384,1156.30685163,144176897509546974156.30685163,4383.402064318727
4385,1156.39030470,144176897509546974156.39030470,4383.994170436288
4386,1156.57145577,144176897509546974156.57145577,4385.279451573938
4387,1156.73980922,144176897509546974156.73980922,4386.47393258773
4388,1156.86965714,144176897509546974156.86965714,4387.395213827411
4389,1156.93488897,144176897509546974156.93488897,4387.858038809197
4390,1157.04247470,144176897509546974157.04247470,4388.6213680539495
4391,1157.37522884,144176897509546974157.37522884,4390.982284937392
4392,1157.45205636,144176897509546974157.45205636,4391.527382254832
4393,1157.52659639,144176897509546974157.52659639,4392.056249650199
4394,1157.62455060,144176897509546974157.62455060,4392.751242500456
4395,1157.72189164,144176897509546974157.72189164,4393.441884861172
4396,1157.96490261,144176897509546974157.96490261,4395.166066871154
4397,1158.03500245,144176897509546974158.03500245,4395.6634307680615
4398,1158.10912787,144176897509546974158.10912787,4396.189356472759
4399,1158.33074315,144176897509546974158.33074315,4397.761734373695
4400,1158.53715183,144176897509546974158.53715183,4399.226220247562
4401,1158.66004641,144176897509546974158.66004641,4400.098166991202
4402,1158.71237359,144176897509546974158.71237359,4400.469432462835
4403,1158.81248260,144176897509546974158.81248260,4401.1797137891435
4404,1159.01098021,144176897509546974159.01098021,4402.588069997039
4405,1159.26625256,144176897509546974159.26625256,4404.399247465759
4406,1159.42239746,144176897509546974159.42239746,4405.507107853832
4407,1159.56904065,144176897509546974159.56904065,4406.5475528596035
4408,1159.61025535,144176897509546974159.61025535,4406.839974408667
4409,1159.77758442,144176897509546974159.77758442,4408.027187365518
4410,1159.99146112,144176897509546974159.99146112,4409.544659430644
4411,1160.04552088,144176897509546974160.04552088,4409.928217694108
4412,1160.17855691,144176897509546974160.17855691,4410.872118825836
4413,1160.31682547,144176897509546974160.31682547,4411.853145170852
4414,1160.61595013,144176897509546974160.61595013,4413.975458239739
4415,1160.69738558,144176897509546974160.69738558,4414.553249184176
4416,1160.78424733,144176897509546974160.78424733,4415.1695401553425
4417,1161.02564067,144176897509546974161.02564067,4416.882244952814
4418,1161.13879126,144176897509546974161.13879126,4417.685057318432
4419,1161.20754785,144176897509546974161.20754785,4418.172890750584
4420,1161.29042806,144176897509546974161.29042806,4418.760932381238
4421,1161.47613097,144176897509546974161.47613097,4420.078509182907
4422,1161.65671623,144176897509546974161.65671623,4421.359775853954
4423,1161.70605707,144176897509546974161.70605707,4421.709853007612
4424,1161.87493618,144176897509546974161.87493618,4422.908063620588
4425,1161.98168117,144176897509546974161.98168117,4423.665427748691
4426,1162.18757553,144176897509546974162.18757553,4425.126264481571
4427,1162.29550148,144176897509546974162.29550148,4425.892007614073
4428,1162.51072953,144176897509546974162.51072953,4427.419067614094
4429,1162.70493077,144176897509546974162.70493077,4428.796940737781
4430,1162.77344941,144176897509546974162.77344941,4429.283085895904
4431,1162.96046672,144176897509546974162.96046672,4430.609988469303
4432,1163.06936162,144176897509546974163.06936162,4431.382606378522
4433,1163.23120631,144176897509546974163.23120631,4432.530907226459
4434,1163.30921961,144176897509546974163.30921961,4433.084417746578
4435,1163.36510414,144176897509546974163.36510414,4433.480922897198
4436,1163.60026651,144176897509546974163.60026651,4435.149418470787
4437,1163.78023838,144176897509546974163.78023838,4436.426333091377
4438,1163.88570785,144176897509546974163.88570785,4437.1746473044195
4439,1163.97839246,144176897509546974163.97839246,4437.832251926812
4440,1164.18339723,144176897509546974164.18339723,4439.286776948437
4441,1164.36483548,144176897509546974164.36483548,4440.57409565085
4442,1164.46585893,144176897509546974164.46585893,4441.290865001124
4443,1164.63251425,144176897509546974164.63251425,4442.473297648554
4444,1164.84931168,144176897509546974164.84931168,4444.011492523527
4445,1164.91615890,144176897509546974164.91615890,4444.4857788248455
4446,1165.02634366,144176897509546974165.02634366,4445.267548392558
4447,1165.18472440,144176897509546974165.18472440,4446.391272241878
4448,1165.31505844,144176897509546974165.31505844,4447.316002541322
4449,1165.46578988,144176897509546974165.46578988,4448.385454003478
4450,1165.64491650,144176897509546974165.64491650,4449.656371508613
4451,1165.76273805,144176897509546974165.76273805,4450.4923247040515
4452,1165.83787023,144176897509546974165.83787023,4451.025393450399
4453,1166.00252551,144176897509546974166.00252551,4452.193635656191
4454,1166.11939322,144176897509546974166.11939322,4453.022821281555
4455,1166.23516635,144176897509546974166.23516635,4453.844240775437
4456,1166.39505905,144176897509546974166.39505905,4454.978692100278
4457,1166.55152899,144176897509546974166.55152899,4456.088858672802
4458,1166.68745974,144176897509546974166.68745974,4457.053298071375
4459,1166.80597577,144176897509546974166.80597577,4457.89417865722
4460,1166.96973679,144176897509546974166.96973679,4459.0560760177395
4461,1167.09273107,144176897509546974167.09273107,4459.928730140747
4462,1167.22090840,144176897509546974167.22090840,4460.838158412538
4463,1167.38033064,144176897509546974167.38033064,4461.969271786552
4464,1167.56518774,144176897509546974167.56518774,4463.280847499522
4465,1167.72488752,144176897509546974167.72488752,4464.413930041737
4466,1167.82701872,144176897509546974167.82701872,4465.138558965682
4467,1167.94128934,144176897509546974167.94128934,4465.94931803254
4468,1168.08855173,144176897509546974168.08855173,4466.994156311178
4469,1168.21964272,144176897509546974168.21964272,4467.9242572306075
4470,1168.27442658,144176897509546974168.27442658,4468.312953040716
4471,1168.39110532,144176897509546974168.39110532,4469.140797909017
4472,1168.52218271,144176897509546974168.52218271,4470.070802335374
4473,1168.72556813,144176897509546974168.72556813,4471.513837940954
4474,1168.99172906,144176897509546974168.99172906,4473.402270744073
4475,1169.07688562,144176897509546974169.07688562,4474.00646325762
4476,1169.24596328,144176897509546974169.24596328,4475.206082598515
4477,1169.37006944,144176897509546974169.37006944,4476.086625597871
4478,1169.51955412,144176897509546974169.51955412,4477.147231199436
4479,1169.55767924,144176897509546974169.55767924,4477.417731934577
4480,1169.76102585,144176897509546974169.76102585,4478.860492180144
4481,1169.99793645,144176897509546974169.99793645,4480.541391583549
4482,1170.10288704,144176897509546974170.10288704,4481.286024302043
4483,1170.21101878,144176897509546974170.21101878,4482.053227530835
4484,1170.37109853,144176897509546974170.37109853,4483.189005990187
4485,1170.52613863,144176897509546974170.52613863,4484.2890277350725
4486,1170.64064223,144176897509546974170.64064223,4485.101439813417
4487,1170.81061949,144176897509546974170.81061949,4486.307441887307
4488,1171.01274054,144176897509546974171.01274054,4487.741506687955
4489,1171.09284201,144176897509546974171.09284201,4488.309832939018
4490,1171.23317205,144176897509546974171.23317205,4489.305485647321
4491,1171.44794143,144176897509546974171.44794143,4490.829291347495
4492,1171.60367858,144176897509546974171.60367858,4491.9342587171395
4493,1171.67690854,144176897509546974171.67690854,4492.453831062469
4494,1171.77657501,144176897509546974171.77657501,4493.160972532553
4495,1171.97256518,144176897509546974171.97256518,4494.551538255768
4496,1172.18730402,144176897509546974172.18730402,4496.075127272232
4497,1172.28047174,144176897509546974172.28047174,4496.7361595982
4498,1172.38051319,144176897509546974172.38051319,4497.4459615809765
4499,1172.48643872,144176897509546974172.48643872,4498.19751157571
4500,1172.61741803,144176897509546974172.61741803,4499.126820116728
4501,1172.79494615,144176897509546974172.79494615,4500.386396138212
4502,1172.91780580,144176897509546974172.91780580,4501.258095050745
4503,1173.05333005,144176897509546974173.05333005,4502.219650299738
4504,1173.30118106,144176897509546974173.30118106,4503.9781727754835
4505,1173.34843065,144176897509546974173.34843065,4504.313412345355
4506,1173.43858230,144176897509546974173.43858230,4504.9530454166525
4507,1173.66354720,144176897509546974173.66354720,4506.549189135832
4508,1173.81806144,144176897509546974173.81806144,4507.645479862518
4509,1173.87905929,144176897509546974173.87905929,4508.078264422069
4510,1173.99709130,144176897509546974173.99709130,4508.915710847817
4511,1174.10980621,144176897509546974174.10980621,4509.715432029452
4512,1174.25520258,144176897509546974174.25520258,4510.7470307489275
4513,1174.36061154,144176897509546974174.36061154,4511.494915638745
4514,1174.53760299,144176897509546974174.53760299,4512.750683944228
4515,1174.66043847,144176897509546974174.66043847,4513.622211368703
4516,1174.80362967,144176897509546974174.80362967,4514.638164233002
4517,1175.00066122,144176897509546974175.00066122,4516.0361186295
4518,1175.10865715,144176897509546974175.10865715,4516.802358275625
4519,1175.19201331,144176897509546974175.19201331,4517.393776809089
4520,1175.40194918,144176897509546974175.40194918,4518.883288374364
4521,1175.56141201,144176897509546974175.56141201,4520.014689737631
4522,1175.82312451,144176897509546974175.82312451,4521.871560578841
4523,1175.86230380,144176897509546974175.86230380,4522.149540733325
4524,1176.09582823,144176897509546974176.09582823,4523.806414993352
4525,1176.16595303,144176897509546974176.16595303,4524.303955983429
4526,1176.30645533,144176897509546974176.30645533,4525.300830890027
4527,1176.52861260,144176897509546974176.52861260,4526.8770542527855
4528,1176.61640764,144176897509546974176.61640764,4527.499966990155
4529,1176.74386532,144176897509546974176.74386532,4528.404289288404
4530,1176.83739664,144176897509546974176.83739664,4529.067901385066
4531,1176.97092071,144176897509546974176.97092071,4530.015265199109
4532,1177.17825189,144176897509546974177.17825189,4531.4862962832785
4533,1177.26706618,144176897509546974177.26706618,4532.116440679835
4534,1177.34087430,144176897509546974177.34087430,4532.640115115992
4535,1177.48260206,144176897509546974177.48260206,4533.645684757999
4536,1177.66341479,144176897509546974177.66341479,4534.928565346648
4537,1177.75784599,144176897509546974177.75784599,4535.598562162927
4538,1177.86693636,144176897509546974177.86693636,4536.372566947222
4539,1178.05396332,144176897509546974178.05396332,4537.699537988133
4540,1178.28488496,144176897509546974178.28488496,4539.337945247704
4541,1178.32240790,144176897509546974178.32240790,4539.604173468222
4542,1178.50734020,144176897509546974178.50734020,4540.916282731127
4543,1178.63717273,144176897509546974178.63717273,4541.837454777543
4544,1178.82821840,144176897509546974178.82821840,4543.1929388830495
4545,1178.90546759,144176897509546974178.90546759,4543.741027982416
4546,1179.05444272,144176897509546974179.05444272,4544.798018286519
4547,1179.22129722,144176897509546974179.22129722,4545.981864131769
4548,1179.43828255,144176897509546974179.43828255,4547.52139217207
4549,1179.61447206,144176897509546974179.61447206,4548.771470649965
4550,1179.69795275,144176897509546974179.69795275,4549.363772733607
4551,1179.90921057,144176897509546974179.90921057,4550.862663638457
4552,1179.98927626,144176897509546974179.98927626,4551.430736027595
4553,1180.09200257,144176897509546974180.09200257,4552.159587303955
4554,1180.24036424,144176897509546974180.24036424,4553.212225060945
4555,1180.33347369,144176897509546974180.33347369,4553.872843956665
4556,1180.52690000,144176897509546974180.52690000,4555.245218890846
4557,1180.62299035,144176897509546974180.62299035,4555.926987507311
4558,1180.81155003,144176897509546974180.81155003,4557.26483331758
4559,1180.92636541,144176897509546974180.92636541,4558.079457499629
4560,1181.12353467,144176897509546974181.12353467,4559.478388959445
4561,1181.25390119,144176897509546974181.25390119,4560.403349707051
4562,1181.38014418,144176897509546974181.38014418,4561.29905368389
4563,1181.53734221,144176897509546974181.53734221,4562.414386112424
4564,1181.64296085,144176897509546974181.64296085,4563.163758698388
4565,1181.89038017,144176897509546974181.89038017,4564.919218299516
4566,1181.95553925,144176897509546974181.95553925,4565.381527114311
4567,1182.09798503,144176897509546974182.09798503,4566.392191164883
4568,1182.26101573,144176897509546974182.26101573,4567.548906847367
4569,1182.39274473,144176897509546974182.39274473,4568.4835344980975
4570,1182.44297293,144176897509546974182.44297293,4568.839907540984
4571,1182.60513996,144176897509546974182.60513996,4569.9904954166595
4572,1182.82531643,144176897509546974182.82531643,4571.552664847099
4573,1182.93919577,144176897509546974182.93919577,4572.360647751477
4574,1183.07153822,144176897509546974183.07153822,4573.299627878369
4575,1183.18671327,144176897509546974183.18671327,4574.116803947453
4576,1183.44158499,144176897509546974183.44158499,4575.925138914706
4577,1183.56808785,144176897509546974183.56808785,4576.822686689702
4578,1183.65050811,144176897509546974183.65050811,4577.407464938807
4579,1183.72986769,144176897509546974183.72986769,4577.970527421771
4580,1183.87136548,144176897509546974183.87136548,4578.974465408481
4581,1184.05767591,144176897509546974184.05767591,4580.296352612494
4582,1184.18926022,144176897509546974184.18926022,4581.229953676256
4583,1184.34602780,144176897509546974184.34602780,4582.34223202807
4584,1184.48938994,144176897509546974184.48938994,4583.359397725159
4585,1184.58857959,144176897509546974184.58857959,4584.063156119713
4586,1184.73387128,144176897509546974184.73387128,4585.094012126328
4587,1184.84685299,144176897509546974184.84685299,4585.895626275018
4588,1184.98718385,144176897509546974184.98718385,4586.891284801287
4589,1185.09501859,144176897509546974185.09501859,4587.656380791641
4590,1185.19558748,144176897509546974185.19558748,4588.369925002841
4591,1185.41086601,144176897509546974185.41086601,4589.897343162446
4592,1185.51178781,144176897509546974185.51178781,4590.613391297948
4593,1185.65097559,144176897509546974185.65097559,4591.600939581407
4594,1185.81535651,144176897509546974185.81535651,4592.767235181347
4595,1186.02731520,144176897509546974186.02731520,4594.271098814158
4596,1186.13537435,144176897509546974186.13537435,4595.037787011172
4597,1186.27846151,144176897509546974186.27846151,4596.053001703461
4598,1186.34553449,144176897509546974186.34553449,4596.528889789796
4599,1186.43917181,144176897509546974186.43917181,4597.193253964824
4600,1186.64718292,144176897509546974186.64718292,4598.669109206003
4601,1186.79996900,144176897509546974186.79996900,4599.753138501106
4602,1186.96554105,144176897509546974186.96554105,4600.9278852623975
4603,1187.11788047,144176897509546974187.11788047,4602.008745469551
4604,1187.26379313,144176897509546974187.26379313,4603.044007307322
4605,1187.48567162,144176897509546974187.48567162,4604.61825270398
4606,1187.56002742,144176897509546974187.56002742,4605.145812972957
4607,1187.69835521,144176897509546974187.69835521,4606.127259559498
4608,1187.81076859,144176897509546974187.81076859,4606.924841361987
4609,1188.00004705,144176897509546974188.00004705,4608.267786973081
4610,1188.07229731,144176897509546974188.07229731,4608.780408269594
4611,1188.20888266,144176897509546974188.20888266,4609.7494921068255
4612,1188.46492232,144176897509546974188.46492232,4611.566113700549
4613,1188.62084192,144176897509546974188.62084192,4612.672375567343
4614,1188.78469969,144176897509546974188.78469969,4613.834959376747
4615,1188.95078830,144176897509546974188.95078830,4615.013371172004
4616,1189.03233253,144176897509546974189.03233253,4615.591933919125
4617,1189.19971496,144176897509546974189.19971496,4616.779525469387
4618,1189.37289776,144176897509546974189.37289776,4618.00827110255
4619,1189.49539425,144176897509546974189.49539425,4618.877393366223
4620,1189.55920510,144176897509546974189.55920510,4619.3301363827695
4621,1189.68190355,144176897509546974189.68190355,4620.200691568581
4622,1189.83999285,144176897509546974189.83999285,4621.322347628102
4623,1189.96301824,144176897509546974189.96301824,4622.195222479015
4624,1190.14605184,144176897509546974190.14605184,4623.493860315579
4625,1190.16603557,144176897509546974190.16603557,4623.635646456995
4626,1190.30170358,144176897509546974190.30170358,4624.598221694533
4627,1190.51779084,144176897509546974190.51779084,4626.131377857311
4628,1190.66830373,144176897509546974190.66830373,4627.19927868997
4629,1190.71262536,144176897509546974190.71262536,4627.513744152575
4630,1190.88084306,144176897509546974190.88084306,4628.707262009404
4631,1191.13706814,144176897509546974191.13706814,4630.525199172661
4632,1191.23615871,144176897509546974191.23615871,4631.2282545867965
4633,1191.42778425,144176897509546974191.42778425,4632.587852915715
4634,1191.51220453,144176897509546974191.51220453,4633.186821464557
4635,1191.65472921,144176897509546974191.65472921,4634.198045316856
4636,1191.86101976,144176897509546974191.86101976,4635.661693049052
4637,1191.94556400,144176897509546974191.94556400,4636.261541103876
4638,1192.15367630,144176897509546974192.15367630,4637.73811429609
4639,1192.22331082,144176897509546974192.22331082,4638.232176710876
4640,1192.38798121,144176897509546974192.38798121,4639.400526123311
4641,1192.47336894,144176897509546974192.47336894,4640.006358806251
4642,1192.55501677,144176897509546974192.55501677,4640.585656603548
4643,1192.71853124,144176897509546974192.71853124,4641.7458046723605
4644,1192.95986263,144176897509546974192.95986263,4643.458069929693
4645,1193.10693065,144176897509546974193.10693065,4644.501529137841
4646,1193.19203898,144176897509546974193.19203898,4645.105379455733
4647,1193.28901451,144176897509546974193.28901451,4645.793428494154
4648,1193.49862424,144176897509546974193.49862424,4647.280626070391
4649,1193.62079886,144176897509546974193.62079886,4648.147464641013
4650,1193.82674624,144176897509546974193.82674624,4649.608677554977
4651,1193.87170753,144176897509546974193.87170753,4649.927681455762
4652,1193.98346484,144176897509546974193.98346484,4650.720608389825
4653,1194.13725607,144176897509546974194.13725607,4651.811769303503
4654,1194.37093929,144176897509546974194.37093929,4653.469770191111
4655,1194.45610466,144176897509546974194.45610466,4654.074025212304
4656,1194.56153606,144176897509546974194.56153606,4654.822069315692
4657,1194.70871928,144176897509546974194.70871928,4655.8663458769315
4658,1194.91432420,144176897509546974194.91432420,4657.325129010169
4659,1195.01596320,144176897509546974195.01596320,4658.0462657362705
4660,1195.19604037,144176897509546974195.19604037,4659.32392746867
4661,1195.34867893,144176897509546974195.34867893,4660.406910097732
4662,1195.45307861,144176897509546974195.45307861,4661.147634066299
4663,1195.62127978,144176897509546974195.62127978,4662.341034641474
4664,1195.71309528,144176897509546974195.71309528,4662.992472859829
4665,1195.77222584,144176897509546974195.77222584,4663.412008849468
4666,1195.96700796,144176897509546974195.96700796,4664.794003362596
4667,1196.07642950,144176897509546974196.07642950,4665.570357824176
4668,1196.27683141,144176897509546974196.27683141,4666.992225190855
4669,1196.46675703,144176897509546974196.46675703,4668.339762453221
4670,1196.55790834,144176897509546974196.55790834,4668.986488191109
4671,1196.72665228,144176897509546974196.72665228,4670.183739762268
4672,1196.87483504,144176897509546974196.87483504,4671.235108138689
4673,1196.98966265,144176897509546974196.98966265,4672.049819093553
4674,1197.05810007,144176897509546974197.05810007,4672.535387989366
4675,1197.24136787,144176897509546974197.24136787,4673.835687493413
4676,1197.35480086,144176897509546974197.35480086,4674.640503509317
4677,1197.52250610,144176897509546974197.52250610,4675.830385422004
4678,1197.66056852,144176897509546974197.66056852,4676.809949187453
4679,1197.74572179,144176897509546974197.74572179,4677.4141183581905
4680,1197.97139705,144176897509546974197.97139705,4679.01530213763
4681,1198.12167805,144176897509546974198.12167805,4680.081557692439
4682,1198.21028475,144176897509546974198.21028475,4680.710229221563
4683,1198.48150620,144176897509546974198.48150620,4682.634566813446
4684,1198.61236681,144176897509546974198.61236681,4683.563033168595
4685,1198.81305921,144176897509546974198.81305921,4684.986961584749
4686,1198.93831960,144176897509546974198.93831960,4685.875693937042
4687,1199.03850471,144176897509546974199.03850471,4686.586515198856
4688,1199.20655131,144176897509546974199.20655131,4687.778819087683
4689,1199.39082805,144176897509546974199.39082805,4689.086277100652
4690,1199.48607458,144176897509546974199.48607458,4689.762058747626
4691,1199.67201857,144176897509546974199.67201857,4691.08134603092
4692,1199.71275259,144176897509546974199.71275259,4691.370357117449
4693,1199.90843676,144176897509546974199.90843676,4692.758751746515
4694,1200.06843749,144176897509546974200.06843749,4693.8939695527315
4695,1200.11997334,144176897509546974200.11997334,4694.259620475565
4696,1200.22132513,144176897509546974200.22132513,4694.978719424051
4697,1200.35352644,144176897509546974200.35352644,4695.9166981515045
4698,1200.48915406,144176897509546974200.48915406,4696.878986818804
4699,1200.70865901,144176897509546974200.70865901,4698.436391761848
4700,1200.78748025,144176897509546974200.78748025,4698.995634680027
4701,1200.91459449,144176897509546974200.91459449,4699.897520244373
4702,1201.17447024,144176897509546974201.17447024,4701.741359199381
4703,1201.29258874,144176897509546974201.29258874,4702.579419278504
4704,1201.40527574,144176897509546974201.40527574,4703.378942436486
4705,1201.55838354,144176897509546974201.55838354,4704.46525436038
4706,1201.64678729,144176897509546974201.64678729,4705.092485943237
4707,1201.72728869,144176897509546974201.72728869,4705.66364972921
4708,1201.86560419,144176897509546974201.86560419,4706.645009117232
4709,1202.02061815,144176897509546974202.02061815,4707.744845396754
4710,1202.21114275,144176897509546974202.21114275,4709.096632469489
4711,1202.34523333,144176897509546974202.34523333,4710.04801571669
4712,1202.48300943,144176897509546974202.48300943,4711.025548019143
4713,1202.66460284,144176897509546974202.66460284,4712.313967594
4714,1202.71632873,144176897509546974202.71632873,4712.6809668656315
4715,1202.92799858,144176897509546974202.92799858,4714.182781155848
4716,1203.03826504,144176897509546974203.03826504,4714.965130391507
4717,1203.15427635,144176897509546974203.15427635,4715.788239791286
4718,1203.31034980,144176897509546974203.31034980,4716.89559323597
4719,1203.51039759,144176897509546974203.51039759,4718.314948093303
4720,1203.55408899,144176897509546974203.55408899,4718.624942024321
4721,1203.72146233,144176897509546974203.72146233,4719.812469080316
4722,1203.89400236,144176897509546974203.89400236,4721.0366542096035
4723,1203.98278535,144176897509546974203.98278535,4721.66657653019
4724,1204.15101258,144176897509546974204.15101258,4722.860162003121
4725,1204.22908076,144176897509546974204.22908076,4723.4140619011705
4726,1204.43027315,144176897509546974204.43027315,4724.841537785832
4727,1204.66841646,144176897509546974204.66841646,4726.53118336397
4728,1204.81470632,144176897509546974204.81470632,4727.569121465507
4729,1204.89316225,144176897509546974204.89316225,4728.125772480407
4730,1205.05994168,144176897509546974205.05994168,4729.3090856980825
4731,1205.19981618,144176897509546974205.19981618,4730.301506314136
4732,1205.26438039,144176897509546974205.26438039,4730.759594479335
4733,1205.42729136,144176897509546974205.42729136,4731.91546066802
4734,1205.60822312,144176897509546974205.60822312,4733.199185783912
4735,1205.68001953,144176897509546974205.68001953,4733.708586978859
4736,1205.91511120,144176897509546974205.91511120,4735.376580930369
4737,1206.03170384,144176897509546974206.03170384,4736.203814912375
4738,1206.10729378,144176897509546974206.10729378,4736.740131502048
4739,1206.33268805,144176897509546974206.33268805,4738.339321635262
4740,1206.44147459,144176897509546974206.44147459,4739.11117072173
4741,1206.59587902,144176897509546974206.59587902,4740.2066823378
4742,1206.67191428,144176897509546974206.67191428,4740.746158508016
4743,1206.88984632,144176897509546974206.88984632,4742.2924035304795
4744,1207.08844055,144176897509546974207.08844055,4743.701445264901
4745,1207.22507784,144176897509546974207.22507784,4744.670897620532
4746,1207.36135956,144176897509546974207.36135956,4745.637827178952
4747,1207.45630365,144176897509546974207.45630365,4746.311462990257
4748,1207.51202854,144176897509546974207.51202854,4746.706835482479
4749,1207.77049754,144176897509546974207.77049754,4748.5406934352195
4750,1207.98155277,144176897509546974207.98155277,4750.038146948033
4751,1208.13482408,144176897509546974208.13482408,4751.125618988279
4752,1208.17755751,144176897509546974208.17755751,4751.428816046547
4753,1208.32534363,144176897509546974208.32534363,4752.477370230866
4754,1208.42678916,144176897509546974208.42678916,4753.197134272049
4755,1208.56340560,144176897509546974208.56340560,4754.166438695284
4756,1208.63201427,144176897509546974208.63201427,4754.653222623363
4757,1208.78804603,144176897509546974208.78804603,4755.760280274208
4758,1208.95973992,144176897509546974208.95973992,4756.978461973419
4759,1209.08622816,144176897509546974209.08622816,4757.875906018362
4760,1209.19532470,144176897509546974209.19532470,4758.649954579294
4761,1209.43281908,144176897509546974209.43281908,4760.334995947869
4762,1209.53806642,144176897509546974209.53806642,4761.081734131032
4763,1209.76332089,144176897509546974209.76332089,4762.679932372213
4764,1209.82639209,144176897509546974209.82639209,4763.127427513638
4765,1210.03638791,144176897509546974210.03638791,4764.617364428895
4766,1210.10936121,144176897509546974210.10936121,4765.135115751269
4767,1210.27211089,144176897509546974210.27211089,4766.289837574676
4768,1210.38591560,144176897509546974210.38591560,4767.0972909733155
4769,1210.47371758,144176897509546974210.47371758,4767.720252950533
4770,1210.59954445,144176897509546974210.59954445,4768.613004523131
4771,1210.85977011,144176897509546974210.85977011,4770.459326117204
4772,1211.02463274,144176897509546974211.02463274,4771.62903948761
4773,1211.08415298,144176897509546974211.08415298,4772.051340287601
4774,1211.31342269,144176897509546974211.31342269,4773.678026973456
4775,1211.43342714,144176897509546974211.43342714,4774.5294680166635
4776,1211.66341811,144176897509546974211.66341811,4776.161272099138
4777,1211.78048683,144176897509546974211.78048683,4776.991883906316
4778,1211.84332591,144176897509546974211.84332591,4777.437732138022
4779,1211.99333983,144176897509546974211.99333983,4778.502092739153
4780,1212.15737216,144176897509546974212.15737216,4779.665915065533
4781,1212.18744994,144176897509546974212.18744994,4779.879319288299
4782,1212.26118988,144176897509546974212.26118988,4780.402509981974
4783,1212.47139436,144176897509546974212.47139436,4781.893927356397
4784,1212.56592570,144176897509546974212.56592570,4782.5646346738795
4785,1212.72057828,144176897509546974212.72057828,4783.661906933783
4786,1212.83489055,144176897509546974212.83489055,4784.472961510678
4787,1213.09603395,144176897509546974213.09603395,4786.325794542476
4788,1213.20382970,144176897509546974213.20382970,4787.0906138957025
4789,1213.31922527,144176897509546974213.31922527,4787.909354571589
4790,1213.45792559,144176897509546974213.45792559,4788.893444287879
4791,1213.57469297,144176897509546974213.57469297,4789.721918063975
4792,1213.67721299,144176897509546974213.67721299,4790.449305696504
4793,1213.86908036,144176897509546974213.86908036,4791.810619828358
4794,1213.97007805,144176897509546974213.97007805,4792.527206409398
4795,1214.09578974,144176897509546974214.09578974,4793.419140770808
4796,1214.24502928,144176897509546974214.24502928,4794.478007084726
4797,1214.41056548,144176897509546974214.41056548,4795.652499487439
4798,1214.53636654,144176897509546974214.53636654,4796.54506793605
4799,1214.73020668,144176897509546974214.73020668,4797.92037902674
4800,1214.88898447,144176897509546974214.88898447,4799.046919977145
4801,1215.03854318,144176897509546974215.03854318,4800.108050827403
4802,1215.28068812,144176897509546974215.28068812,4801.826088286189
4803,1215.33093852,144176897509546974215.33093852,4802.182618839827
4804,1215.45623448,144176897509546974215.45623448,4803.071603564078
4805,1215.59637155,144176897509546974215.59637155,4804.065887135003
4806,1215.82017539,144176897509546974215.82017539,4805.653793041854
4807,1215.90586248,144176897509546974215.90586248,4806.26174970762
4808,1216.11293744,144176897509546974216.11293744,4807.73096289067
4809,1216.27336162,144176897509546974216.27336162,4808.869185108053
4810,1216.41989172,144176897509546974216.41989172,4809.90882773135
4811,1216.49140970,144176897509546974216.49140970,4810.4162534434745
4812,1216.58857262,144176897509546974216.58857262,4811.105632028734
4813,1216.74809598,144176897509546974216.74809598,4812.237462857128
4814,1216.95705032,144176897509546974216.95705032,4813.720010389593
4815,1217.04574024,144176897509546974217.04574024,4814.349272371184
4816,1217.15736355,144176897509546974217.15736355,4815.141248564673
4817,1217.28873298,144176897509546974217.28873298,4816.073325037877
4818,1217.37660116,144176897509546974217.37660116,4816.696756709319
4819,1217.59780891,144176897509546974217.59780891,4818.266243152743
4820,1217.74736163,144176897509546974217.74736163,4819.3273315034785
4821,1217.92418546,144176897509546974217.92418546,4820.581910531832
4822,1218.09104302,144176897509546974218.09104302,4821.765778088023
4823,1218.25941570,144176897509546974218.25941570,4822.960395540183
4824,1218.38216086,144176897509546974218.38216086,4823.831282137131
4825,1218.50739845,144176897509546974218.50739845,4824.719852721625
4826,1218.61054642,144176897509546974218.61054642,4825.45169570896
4827,1218.72747972,144176897509546974218.72747972,4826.28134670055
4828,1218.87969745,144176897509546974218.87969745,4827.361343507551
4829,1219.01820318,144176897509546974219.01820318,4828.344052592434
4830,1219.08161159,144176897509546974219.08161159,4828.793940265421
4831,1219.29968867,144176897509546974219.29968867,4830.341214358131
4832,1219.43549920,144176897509546974219.43549920,4831.304800786315
4833,1219.48397558,144176897509546974219.48397558,4831.648744528053
4834,1219.64841910,144176897509546974219.64841910,4832.815484279933
4835,1219.82254444,144176897509546974219.82254444,4834.050917308779
4836,1219.89965843,144176897509546974219.89965843,4834.598047153477
4837,1220.09486727,144176897509546974220.09486727,4835.983069278681
4838,1220.25689784,144176897509546974220.25689784,4837.132688959887
4839,1220.31942858,144176897509546974220.31942858,4837.57634949496
4840,1220.49685221,144176897509546974220.49685221,4838.835184151649
4841,1220.61910962,144176897509546974220.61910962,4839.702610123854
4842,1220.83090098,144176897509546974220.83090098,4841.205286537111
4843,1220.93337894,144176897509546974220.93337894,4841.932375750621
4844,1221.16291178,144176897509546974221.16291178,4843.560929364591
4845,1221.28220083,144176897509546974221.28220083,4844.407294588341
4846,1221.40363300,144176897509546974221.40363300,4845.268865417621
4847,1221.55552848,144176897509546974221.55552848,4846.3465758354405
4848,1221.59942935,144176897509546974221.59942935,4846.65805597264
4849,1221.70226447,144176897509546974221.70226447,4847.387679264536
4850,1221.88321028,144176897509546974221.88321028,4848.671504066287
4851,1222.01201367,144176897509546974222.01201367,4849.585374283185
4852,1222.23460385,144176897509546974222.23460385,4851.164669176557
4853,1222.32494726,144176897509546974222.32494726,4851.805662800189
4854,1222.52407557,144176897509546974222.52407557,4853.218493874358
4855,1222.70498824,144176897509546974222.70498824,4854.502083545193
4856,1222.85973353,144176897509546974222.85973353,4855.600013589863
4857,1223.02685441,144176897509546974223.02685441,4856.7857494222335
4858,1223.13207025,144176897509546974223.13207025,4857.53226411041
4859,1223.21870179,144176897509546974223.21870179,4858.14692172346
4860,1223.27667561,144176897509546974223.27667561,4858.558250551511
4861,1223.53291260,144176897509546974223.53291260,4860.376272217158
4862,1223.58248071,144176897509546974223.58248071,4860.727961869402
4863,1223.75019499,144176897509546974223.75019499,4861.917907921603
4864,1223.85296763,144176897509546974223.85296763,4862.647087912968
4865,1224.09201206,144176897509546974224.09201206,4864.343127008619
4866,1224.18203704,144176897509546974224.18203704,4864.981861346271
4867,1224.34505919,144176897509546974224.34505919,4866.138516365831
4868,1224.46714656,144176897509546974224.46714656,4867.004735890817
4869,1224.57367517,144176897509546974224.57367517,4867.7605647857445
4870,1224.73142505,144176897509546974224.73142505,4868.879812633579
4871,1224.90480630,144176897509546974224.90480630,4870.109966285153
4872,1225.06552605,144176897509546974225.06552605,4871.250285595012
4873,1225.29615809,144176897509546974225.29615809,4872.886638119729
4874,1225.40045071,144176897509546974225.40045071,4873.626602489147
4875,1225.50054894,144176897509546974225.50054894,4874.336807330505
4876,1225.59463448,144176897509546974225.59463448,4875.004351661805
4877,1225.75125672,144176897509546974225.75125672,4876.115598814849
4878,1225.90157312,144176897509546974225.90157312,4877.182105535452
4879,1225.94604402,144176897509546974225.94604402,4877.4976300804865
4880,1226.12452240,144176897509546974226.12452240,4878.763948271664
4881,1226.34226039,144176897509546974226.34226039,4880.308816494064
4882,1226.52224640,144176897509546974226.52224640,4881.585831439069
4883,1226.63892799,144176897509546974226.63892799,4882.413696528344
4884,1226.75417006,144176897509546974226.75417006,4883.231348109617
4885,1226.91803675,144176897509546974226.91803675,4884.393995207125
4886,1227.06463850,144176897509546974227.06463850,4885.434146192827
4887,1227.21117878,144176897509546974227.21117878,4886.473861044027
4888,1227.30638829,144176897509546974227.30638829,4887.149380031179
4889,1227.46334511,144176897509546974227.46334511,4888.263001055727
4890,1227.70421762,144176897509546974227.70421762,4889.972010523246
4891,1227.79718084,144176897509546974227.79718084,4890.631591905576
4892,1227.86825526,144176897509546974227.86825526,4891.135870524496
4893,1228.08934532,144176897509546974228.08934532,4892.704521948082
4894,1228.21151542,144176897509546974228.21151542,4893.5713284489475
4895,1228.39631578,144176897509546974228.39631578,4894.88250158714
4896,1228.48471898,144176897509546974228.48471898,4895.509729267705
4897,1228.65613953,144176897509546974228.65613953,4896.725971598044
4898,1228.74824020,144176897509546974228.74824020,4897.379433120054
4899,1228.79074349,144176897509546974228.79074349,4897.68099731686
4900,1228.97164394,144176897509546974228.97164394,4898.964500285831
4901,1229.14802390,144176897509546974229.14802390,4900.215930021506
4902,1229.20506066,144176897509546974229.20506066,4900.620610334908
4903,1229.42155713,144176897509546974229.42155713,4902.156669874929
4904,1229.55376658,144176897509546974229.55376658,4903.094706356325
4905,1229.66333068,144176897509546974229.66333068,4903.872072292356
4906,1229.76890838,144176897509546974229.76890838,4904.621154405791
4907,1229.95143700,144176897509546974229.95143700,4905.916209369402
4908,1230.12555307,144176897509546974230.12555307,4907.151576626867
4909,1230.18509328,144176897509546974230.18509328,4907.574019115585
4910,1230.42703417,144176897509546974230.42703417,4909.290608823518
4911,1230.51677528,144176897509546974230.51677528,4909.927329081117
4912,1230.75557945,144176897509546974230.75557945,4911.621663513108
4913,1230.78145454,144176897509546974230.78145454,4911.805249318656
4914,1230.98011782,144176897509546974230.98011782,4913.2147809682765
4915,1231.14807363,144176897509546974231.14807363,4914.406440694888
4916,1231.30708293,144176897509546974231.30708293,4915.534624227013
4917,1231.38691533,144176897509546974231.38691533,4916.101041405191
4918,1231.48425634,144176897509546974231.48425634,4916.791683553055
4919,1231.63745087,144176897509546974231.63745087,4917.878610833142
4920,1231.71384636,144176897509546974231.71384636,4918.420642863638
4921,1231.84331521,144176897509546974231.84331521,4919.339234571753
4922,1232.13411073,144176897509546974232.13411073,4921.4024517350235
4923,1232.19699133,144176897509546974232.19699133,4921.848594554407
4924,1232.32442696,144176897509546974232.32442696,4922.752760406165
4925,1232.44413259,144176897509546974232.44413259,4923.60208129789
4926,1232.49756542,144176897509546974232.49756542,4923.981191443529
4927,1232.66640720,144176897509546974232.66640720,4925.1791371972095
4928,1232.78845734,144176897509546974232.78845734,4926.045092572408
4929,1232.99351701,144176897509546974232.99351701,4927.500007113866
4930,1233.24776317,144176897509546974233.24776317,4929.303903683551
4931,1233.39065106,144176897509546974233.39065106,4930.317704539463
4932,1233.61705938,144176897509546974233.61705938,4931.924089437453
4933,1233.76488257,144176897509546974233.76488257,4932.972906636348
4934,1233.87506515,144176897509546974233.87506515,4933.754660736788
4935,1234.01811893,144176897509546974234.01811893,4934.769638595342
4936,1234.11540507,144176897509546974234.11540507,4935.459891436227
4937,1234.28944368,144176897509546974234.28944368,4936.694709108878
4938,1234.40767219,144176897509546974234.40767219,4937.533549717633
4939,1234.62199344,144176897509546974234.62199344,4939.054175900092
4940,1234.67596776,144176897509546974234.67596776,4939.437127960013
4941,1234.74178028,144176897509546974234.74178028,4939.904072983176
4942,1234.87220413,144176897509546974234.87220413,4940.829440491657
4943,1235.13123128,144176897509546974235.13123128,4942.667258562697
4944,1235.35763620,144176897509546974235.35763620,4944.2736193374185
4945,1235.41246608,144176897509546974235.41246608,4944.662641663059
4946,1235.54637101,144176897509546974235.54637101,4945.612707708858
4947,1235.60446447,144176897509546974235.60446447,4946.024885392152
4948,1235.88061655,144176897509546974235.88061655,4947.9842061929985
4949,1235.95379816,144176897509546974235.95379816,4948.503435491262
4950,1236.03705001,144176897509546974236.03705001,4949.094113937044
4951,1236.16765154,144176897509546974236.16765154,4950.020742099147
4952,1236.24829780,144176897509546974236.24829780,4950.592933678254
4953,1236.44301764,144176897509546974236.44301764,4951.974486309867
4954,1236.66483846,144176897509546974236.66483846,4953.548322533324
4955,1236.74743986,144176897509546974236.74743986,4954.134385985024
4956,1236.78990383,144176897509546974236.78990383,4954.435671203326
4957,1236.92952942,144176897509546974236.92952942,4955.426325783286
4958,1237.19301464,144176897509546974237.19301464,4957.295774212796
4959,1237.30871974,144176897509546974237.30871974,4958.116711028459
4960,1237.42603063,144176897509546974237.42603063,4958.949041050897
4961,1237.55562928,144176897509546974237.55562928,4959.868553700256
4962,1237.72084473,144176897509546974237.72084473,4961.040770356405
4963,1237.90511705,144176897509546974237.90511705,4962.348197009125
4964,1238.00496896,144176897509546974238.00496896,4963.056654190644
4965,1238.21822166,144176897509546974238.21822166,4964.569698926525
4966,1238.34939723,144176897509546974238.34939723,4965.50039994773
4967,1238.40583263,144176897509546974238.40583263,4965.900813564474
4968,1238.61443834,144176897509546974238.61443834,4967.380887539576
4969,1238.72046340,144176897509546974238.72046340,4968.133143707515
4970,1238.86834974,144176897509546974238.86834974,4969.182408960643
4971,1238.99614999,144176897509546974238.99614999,4970.089161820077
4972,1239.16741461,144176897509546974239.16741461,4971.304297814761
4973,1239.31893031,144176897509546974239.31893031,4972.3793136635095
4974,1239.44389443,144176897509546974239.44389443,4973.265943956772
4975,1239.59016867,144176897509546974239.59016867,4974.303771233177
4976,1239.68365808,144176897509546974239.68365808,4974.967085975083
4977,1239.76788612,144176897509546974239.76788612,4975.564690565954
4978,1240.03937900,144176897509546974240.03937900,4977.490953975108
4979,1240.18729546,144176897509546974240.18729546,4978.540432932013
4980,1240.29596994,144176897509546974240.29596994,4979.311486943937
4981,1240.34958104,144176897509546974240.34958104,4979.691861929294
4982,1240.48122008,144176897509546974240.48122008,4980.625851306725
4983,1240.59661887,144176897509546974240.59661887,4981.444614828765
4984,1240.81869355,144176897509546974240.81869355,4983.020252208956
4985,1240.92056769,144176897509546974240.92056769,4983.743057271914
4986,1241.12876508,144176897509546974241.12876508,4985.220234184392
4987,1241.27300494,144176897509546974241.27300494,4986.24362737415
4988,1241.48295025,144176897509546974241.48295025,4987.733205916969
4989,1241.58068470,144176897509546974241.58068470,4988.426639552683
4990,1241.63771590,144176897509546974241.63771590,4988.831280417446
4991,1241.70872909,144176897509546974241.70872909,4989.335124604683
4992,1241.87724348,144176897509546974241.87724348,4990.5307475004765
4993,1242.00245434,144176897509546974242.00245434,4991.419128433511
4994,1242.18814196,144176897509546974242.18814196,4992.736596751424
4995,1242.35875571,144176897509546974242.35875571,4993.947114772094
4996,1242.50478140,144176897509546974242.50478140,4994.983178566634
4997,1242.70108478,144176897509546974242.70108478,4996.375966539516
4998,1242.78851543,144176897509546974242.78851543,4996.99629390108
4999,1242.91700729,144176897509546974242.91700729,4997.907953788043
5000,1243.14573988,144176897509546974243.14573988,4999.530829565109
5001,1243.30009392,144176897509546974243.30009392,5000.625983660153
5002,1243.38152273,144176897509546974243.38152273,5001.203727493265
5003,1243.51190365,144176897509546974243.51190365,5002.128790410008
5004,1243.68108506,144176897509546974243.68108506,5003.329145865341
5005,1243.78165331,144176897509546974243.78165331,5004.042685535692
5006,1243.98553594,144176897509546974243.98553594,5005.48924888546
5007,1244.11828398,144176897509546974244.11828398,5006.4311067054105
5008,1244.24984993,144176897509546974244.24984993,5007.364577503524
5009,1244.41641879,144176897509546974244.41641879,5008.546396710431
5010,1244.51942192,144176897509546974244.51942192,5009.277212046536
5011,1244.69758856,144176897509546974244.69758856,5010.541318417811
5012,1244.77627719,144176897509546974244.77627719,5011.099620457576
5013,1245.00387920,144176897509546974245.00387920,5012.71447468032
5014,1245.10679106,144176897509546974245.10679106,5013.444642448571
5015,1245.19965651,144176897509546974245.19965651,5014.103530145036
5016,1245.38513888,144176897509546974245.38513888,5015.419542198
5017,1245.50812886,144176897509546974245.50812886,5016.292165812169
5018,1245.72513409,144176897509546974245.72513409,5017.831835044541
5019,1245.78516011,144176897509546974245.78516011,5018.2577243935475
5020,1245.93881040,144176897509546974245.93881040,5019.3478853268025
5021,1246.11044481,144176897509546974246.11044481,5020.56564501072
5022,1246.16503752,144176897509546974246.16503752,5020.9529845964935
5023,1246.39369432,144176897509546974246.39369432,5022.575322637529
5024,1246.49637402,144176897509546974246.49637402,5023.303843212259
5025,1246.59304360,144176897509546974246.59304360,5023.989721511286
5026,1246.85786222,144176897509546974246.85786222,5025.868630519024
5027,1246.94156603,144176897509546974246.94156603,5026.4625156566735
5028,1247.07957211,144176897509546974247.07957211,5027.441679685376
5029,1247.23242027,144176897509546974247.23242027,5028.526149442979
5030,1247.33765516,144176897509546974247.33765516,5029.272799292409
5031,1247.44892694,144176897509546974247.44892694,5030.062281352806
5032,1247.62508149,144176897509546974247.62508149,5031.312111786742
5033,1247.74001188,144176897509546974247.74001188,5032.127551973817
5034,1247.83076309,144176897509546974247.83076309,5032.771438970631
5035,1248.06002154,144176897509546974248.06002154,5034.398045765896
5036,1248.11498449,144176897509546974248.11498449,5034.788012233688
5037,1248.17289402,144176897509546974248.17289402,5035.198884919117
5038,1248.38281045,144176897509546974248.38281045,5036.688258556058
5039,1248.52684588,144176897509546974248.52684588,5037.710201298832
5040,1248.67000612,144176897509546974248.67000612,5038.725934499487
5041,1248.82165181,144176897509546974248.82165181,5039.801872637545
5042,1248.91559517,144176897509546974248.91559517,5040.468408190524
5043,1248.98796993,144176897509546974248.98796993,5040.9819128243635
5044,1249.26281436,144176897509546974249.26281436,5042.931955745264
5045,1249.34759415,144176897509546974249.34759415,5043.533475045928
5046,1249.52981698,144176897509546974249.52981698,5044.826360405357
5047,1249.66592542,144176897509546974249.66592542,5045.792060528503
5048,1249.89100395,144176897509546974249.89100395,5047.389010461499
5049,1250.00824516,144176897509546974250.00824516,5048.220846098839
5050,1250.13928627,144176897509546974250.13928627,5049.150593115733
5051,1250.30720864,144176897509546974250.30720864,5050.342015582905
5052,1250.49372133,144176897509546974250.49372133,5051.66533783758
5053,1250.58805360,144176897509546974250.58805360,5052.334632737703
5054,1250.71218673,144176897509546974250.71218673,5053.215367091336
5055,1250.82871213,144176897509546974250.82871213,5054.042124000235
5056,1250.99863361,144176897509546974250.99863361,5055.2477303106225
5057,1251.09848948,144176897509546974251.09848948,5055.956215588653
5058,1251.26512827,144176897509546974251.26512827,5057.138530954429
5059,1251.40108855,144176897509546974251.40108855,5058.103179870682
5060,1251.46961042,144176897509546974251.46961042,5058.589347945911
5061,1251.72684185,144176897509546974251.72684185,5060.4144252418355
5062,1251.90757446,144176897509546974251.90757446,5061.696737372761
5063,1251.97907709,144176897509546974251.97907709,5062.204054175424
5064,1252.17846357,144176897509546974252.17846357,5063.618716986117
5065,1252.28788367,144176897509546974252.28788367,5064.3950612307835
5066,1252.41312723,144176897509546974252.41312723,5065.283674172899
5067,1252.53485397,144176897509546974252.53485397,5066.147334999576
5068,1252.64916807,144176897509546974252.64916807,5066.9584025604645
5069,1252.82473155,144176897509546974252.82473155,5068.204039306105
5070,1252.98077738,144176897509546974252.98077738,5069.311196784711
5071,1253.06379087,144176897509546974253.06379087,5069.900184047482
5072,1253.23759590,144176897509546974253.23759590,5071.133344451599
5073,1253.49984440,144176897509546974253.49984440,5072.99401825511
5074,1253.56364198,144176897509546974253.56364198,5073.446667119959
5075,1253.73754911,144176897509546974253.73754911,5074.680551931634
5076,1253.80335650,144176897509546974253.80335650,5075.147460557042
5077,1253.94220886,144176897509546974253.94220886,5076.132629009131
5078,1254.16132289,144176897509546974254.16132289,5077.687260343924
5079,1254.25435160,144176897509546974254.25435160,5078.347306382972
5080,1254.37091105,144176897509546974254.37091105,5079.174304879309
5081,1254.48318868,144176897509546974254.48318868,5079.970923524835
5082,1254.66935191,144176897509546974254.66935191,5081.291766333232
5083,1254.83296141,144176897509546974254.83296141,5082.452588647393
5084,1254.95805236,144176897509546974254.95805236,5083.340118809515
5085,1255.08415844,144176897509546974255.08415844,5084.234851399098
5086,1255.21525688,144176897509546974255.21525688,5085.1650051768665
5087,1255.30980990,144176897509546974255.30980990,5085.83586631566
5088,1255.46782220,144176897509546974255.46782220,5086.9569760541035
5089,1255.65073585,144176897509546974255.65073585,5088.254762835952
5090,1255.79016591,144176897509546974255.79016591,5089.244030115131
5091,1255.82138351,144176897509546974255.82138351,5089.4655214507475
5092,1256.02089497,144176897509546974256.02089497,5090.881071004404
5093,1256.19200502,144176897509546974256.19200502,5092.09511031274
5094,1256.32729337,144176897509546974256.32729337,5093.054991832616
5095,1256.56896177,144176897509546974256.56896177,5094.769648202495
5096,1256.66218509,144176897509546974256.66218509,5095.431075014852
5097,1256.79521366,144176897509546974256.79521366,5096.37492321729
5098,1256.89345251,144176897509546974256.89345251,5097.07193561081
5099,1257.03066825,144176897509546974257.03066825,5098.045492114841
5100,1257.17792364,144176897509546974257.17792364,5099.090280727926
5101,1257.35156422,144176897509546974257.35156422,5100.322274346316
5102,1257.55008064,144176897509546974257.55008064,5101.730764012646
5103,1257.67416162,144176897509546974257.67416162,5102.611128357914
5104,1257.77535640,144176897509546974257.77535640,5103.329113308058
5105,1257.92461622,144176897509546974257.92461622,5104.388123510178
5106,1258.06383984,144176897509546974258.06383984,5105.375926081266
5107,1258.15081318,144176897509546974258.15081318,5105.9930087922885
5108,1258.26516673,144176897509546974258.26516673,5106.804356254041
5109,1258.40696322,144176897509546974258.40696322,5107.810413540823
5110,1258.50876126,144176897509546974258.50876126,5108.532678668275
5111,1258.65809739,144176897509546974258.65809739,5109.592230295868
5112,1258.88078583,144176897509546974258.88078583,5111.1722223516945
5113,1259.01297544,144176897509546974259.01297544,5112.110118066725
5114,1259.12412552,144176897509546974259.12412552,5112.898736656018
5115,1259.25722959,144176897509546974259.25722959,5113.843120536915
5116,1259.40089325,144176897509546974259.40089325,5114.8624255422
5117,1259.46750618,144176897509546974259.46750618,5115.335049537479
5118,1259.57879146,144176897509546974259.57879146,5116.124627381441
5119,1259.82491554,144176897509546974259.82491554,5117.870897152552
5120,1260.01891427,144176897509546974260.01891427,5119.247333451807
5121,1260.13174819,144176897509546974260.13174819,5120.047899018784
5122,1260.24700773,144176897509546974260.24700773,5120.865674551084
5123,1260.37393157,144176897509546974260.37393157,5121.766209212404
5124,1260.56752944,144176897509546974260.56752944,5123.139801378324
5125,1260.69888604,144176897509546974260.69888604,5124.071786821665
5126,1260.80709255,144176897509546974260.80709255,5124.839520549509
5127,1260.95498377,144176897509546974260.95498377,5125.888820426622
5128,1261.08852418,144176897509546974261.08852418,5126.836300174255
5129,1261.27889451,144176897509546974261.27889451,5128.186992689165
5130,1261.34173950,144176897509546974261.34173950,5128.6328828527885
5131,1261.61712491,144176897509546974261.61712491,5130.5867640694805
5132,1261.80357637,144176897509546974261.80357637,5131.909651892474
5133,1261.90829390,144176897509546974261.90829390,5132.652631031875
5134,1262.05068329,144176897509546974262.05068329,5133.662894990947
5135,1262.23156375,144176897509546974262.23156375,5134.946256129291
5136,1262.29196463,144176897509546974262.29196463,5135.3748051395805
5137,1262.41928719,144176897509546974262.41928719,5136.278168750766
5138,1262.62530492,144176897509546974262.62530492,5137.739880803531
5139,1262.81420356,144176897509546974262.81420356,5139.08013156175
5140,1262.94425702,144176897509546974262.94425702,5140.00287112395
5141,1262.99539435,144176897509546974262.99539435,5140.365694515934
5142,1263.23968576,144176897509546974263.23968576,5142.0989613487645
5143,1263.31351817,144176897509546974263.31351817,5142.622808124387
5144,1263.37559695,144176897509546974263.37559695,5143.063261967593
5145,1263.58984076,144176897509546974263.58984076,5144.58333870714
5146,1263.70476062,144176897509546974263.70476062,5145.398704183034
5147,1263.84257599,144176897509546974263.84257599,5146.376515109237
5148,1263.94184056,144176897509546974263.94184056,5147.080805067103
5149,1264.00585808,144176897509546974264.00585808,5147.535014423609
5150,1264.25756479,144176897509546974264.25756479,5149.320893395137
5151,1264.34700978,144176897509546974264.34700978,5149.955512657967
5152,1264.48619675,144176897509546974264.48619675,5150.943055194412
5153,1264.57087632,144176897509546974264.57087632,5151.543863426266
5154,1264.69883627,144176897509546974264.69883627,5152.451749369803
5155,1264.91125459,144176897509546974264.91125459,5153.958874113737
5156,1265.14894408,144176897509546974265.14894408,5155.64529980316
5157,1265.27688599,144176897509546974265.27688599,5156.553057751473
5158,1265.43137430,144176897509546974265.43137430,5157.649164502763
5159,1265.55208450,144176897509546974265.55208450,5158.505612897916
5160,1265.66824892,144176897509546974265.66824892,5159.329808625228
5161,1265.77996660,144176897509546974265.77996660,5160.122454381314
5162,1265.91695924,144176897509546974265.91695924,5161.0944279732375
5163,1265.98341027,144176897509546974265.98341027,5161.565903275241
5164,1266.06629391,144176897509546974266.06629391,5162.153969242015
5165,1266.28748927,144176897509546974266.28748927,5163.723367777411
5166,1266.35794100,144176897509546974266.35794100,5164.2232283616395
5167,1266.58360067,144176897509546974266.58360067,5165.824301528799
5168,1266.78783305,144176897509546974266.78783305,5167.273346382419
5169,1266.94390397,144176897509546974266.94390397,5168.380681876554
5170,1267.10067298,144176897509546974267.10067298,5169.492970374331
5171,1267.23316069,144176897509546974267.23316069,5170.432981132387
5172,1267.32983724,144176897509546974267.32983724,5171.118908884114
5173,1267.47479912,144176897509546974267.47479912,5172.14742486275
5174,1267.64061583,144176897509546974267.64061583,5173.323907506049
5175,1267.69367076,144176897509546974267.69367076,5173.700336421365
5176,1267.89634602,144176897509546974267.89634602,5175.1383333857
5177,1268.02318818,144176897509546974268.02318818,5176.038288520974
5178,1268.14750113,144176897509546974268.14750113,5176.920298711698
5179,1268.32835194,144176897509546974268.32835194,5178.203449480951
5180,1268.37752423,144176897509546974268.37752423,5178.552330759057
5181,1268.51584192,144176897509546974268.51584192,5179.533705685301
5182,1268.62373225,144176897509546974268.62373225,5180.299196091092
5183,1268.82110486,144176897509546974268.82110486,5181.699570335206
5184,1269.02021101,144176897509546974269.02021101,5183.112244182426
5185,1269.17174345,144176897509546974269.17174345,5184.187378802796
5186,1269.20286217,144176897509546974269.20286217,5184.408168577009
5187,1269.51602123,144176897509546974269.51602123,5186.6300568214565
5188,1269.72716834,144176897509546974269.72716834,5188.128162230119
5189,1269.75463214,144176897509546974269.75463214,5188.323020058496
5190,1269.91760653,144176897509546974269.91760653,5189.479336217086
5191,1270.17152223,144176897509546974270.17152223,5191.280888146992
5192,1270.21842469,144176897509546974270.21842469,5191.613664802119
5193,1270.35659127,144176897509546974270.35659127,5192.593967590988
5194,1270.39880160,144176897509546974270.39880160,5192.893453213474
5195,1270.58919960,144176897509546974270.58919960,5194.244342049218
5196,1270.69302208,144176897509546974270.69302208,5194.980970738234
5197,1270.85020994,144176897509546974270.85020994,5196.096231009816
5198,1271.01525466,144176897509546974271.01525466,5197.26723632314
5199,1271.13807020,144176897509546974271.13807020,5198.138622271743
5200,1271.26955314,144176897509546974271.26955314,5199.0715041073545
5201,1271.46470552,144176897509546974271.46470552,5200.456125644403
5202,1271.52534970,144176897509546974271.52534970,5200.886400887393
5203,1271.67620058,144176897509546974271.67620058,5201.956699785776
5204,1271.77261570,144176897509546974271.77261570,5202.640772671021
5205,1271.94708475,144176897509546974271.94708475,5203.878644349442
5206,1272.18151778,144176897509546974272.18151778,5205.541965198174
5207,1272.24472394,144176897509546974272.24472394,5205.9904178914485
5208,1272.39455084,144176897509546974272.39455084,5207.053451570921
5209,1272.48322458,144176897509546974272.48322458,5207.682598754136
5210,1272.74781413,144176897509546974272.74781413,5209.559882492146
5211,1272.90223230,144176897509546974272.90223230,5210.6554915946
5212,1273.04489703,144176897509546974273.04489703,5211.667709112702
5213,1273.13234989,144176897509546974273.13234989,5212.288194055967
5214,1273.26540243,144176897509546974273.26540243,5213.232212327449
5215,1273.37018893,144176897509546974273.37018893,5213.975680814443
5216,1273.72365976,144176897509546974273.72365976,5216.483584248346
5217,1273.81357442,144176897509546974273.81357442,5217.121535856891
5218,1273.87641745,144176897509546974273.87641745,5217.567412114159
5219,1274.06530045,144176897509546974274.06530045,5218.907551905343
5220,1274.16257100,144176897509546974274.16257100,5219.597694133948
5221,1274.21743471,144176897509546974274.21743471,5219.986956486107
5222,1274.34222097,144176897509546974274.34222097,5220.872324848634
5223,1274.46455756,144176897509546974274.46455756,5221.740312609188
5224,1274.63522277,144176897509546974274.63522277,5222.951195742618
5225,1274.79602391,144176897509546974274.79602391,5224.092092520951
5226,1274.93564837,144176897509546974274.93564837,5225.082739083472
5227,1275.09573600,144176897509546974275.09573600,5226.218573452046
5228,1275.17957876,144176897509546974275.17957876,5226.813444450912
5229,1275.37289152,144176897509546974275.37289152,5228.185013738882
5230,1275.53169730,144176897509546974275.53169730,5229.311753280545
5231,1275.68178494,144176897509546974275.68178494,5230.376636930895
5232,1275.74546825,144176897509546974275.74546825,5230.828475041077
5233,1275.92940363,144176897509546974275.92940363,5232.133511077906
5234,1276.09407027,144176897509546974276.09407027,5233.301833883795
5235,1276.14759086,144176897509546974276.14759086,5233.681566693559
5236,1276.30587666,144176897509546974276.30587666,5234.804616936087
5237,1276.35278989,144176897509546974276.35278989,5235.137470005215
5238,1276.64963038,144176897509546974276.64963038,5237.2435767076895
5239,1276.72412036,144176897509546974276.72412036,5237.772088994357
5240,1276.86620985,144176897509546974276.86620985,5238.780225139261
5241,1277.03951069,144176897509546974277.03951069,5240.00980827554
5242,1277.12668352,144176897509546974277.12668352,5240.628306383856
5243,1277.26900049,144176897509546974277.26900049,5241.638056517314
5244,1277.39419918,144176897509546974277.39419918,5242.526351103238
5245,1277.61176113,144176897509546974277.61176113,5244.069970307945
5246,1277.73152230,144176897509546974277.73152230,5244.919685260354
5247,1277.85818430,144176897509546974277.85818430,5245.8183621462085
5248,1278.05250837,144176897509546974278.05250837,5247.197106758439
5249,1278.12173287,144176897509546974278.12173287,5247.688260048967
5250,1278.36464667,144176897509546974278.36464667,5249.41175263013
5251,1278.38881859,144176897509546974278.38881859,5249.583254310119
5252,1278.60796607,144176897509546974278.60796607,5251.1381229753015
5253,1278.66740467,144176897509546974278.66740467,5251.559844533051
5254,1278.86286922,144176897509546974278.86286922,5252.946680940885
5255,1279.14375476,144176897509546974279.14375476,5254.939586013985
5256,1279.21006193,144176897509546974279.21006193,5255.410040617934
5257,1279.36735709,144176897509546974279.36735709,5256.526062191483
5258,1279.46727759,144176897509546974279.46727759,5257.235006024465
5259,1279.62379474,144176897509546974279.62379474,5258.345507555666
5260,1279.77991879,144176897509546974279.77991879,5259.453220011344
5261,1279.99112580,144176897509546974279.99112580,5260.9517504152345
5262,1280.11944528,144176897509546974280.11944528,5261.862187252494
5263,1280.23519559,144176897509546974280.23519559,5262.683444836675
5264,1280.31700657,144176897509546974280.31700657,5263.263900196097
5265,1280.46898166,144176897509546974280.46898166,5264.34217545315
5266,1280.57864993,144176897509546974280.57864993,5265.120280483551
5267,1280.75347587,144176897509546974280.75347587,5266.360684324687
5268,1280.88970305,144176897509546974280.88970305,5267.327226917502
5269,1281.04942229,144176897509546974281.04942229,5268.460447529955
5270,1281.31248826,144176897509546974281.31248826,5270.326921347627
5271,1281.33934981,144176897509546974281.33934981,5270.517506164725
5272,1281.44157508,144176897509546974281.44157508,5271.242802522744
5273,1281.58650271,144176897509546974281.58650271,5272.271075494928
5274,1281.69136628,144176897509546974281.69136628,5273.015090799654
5275,1281.77134583,144176897509546974281.77134583,5273.5825520186945
5276,1282.00050162,144176897509546974282.00050162,5275.208430433158
5277,1282.12602239,144176897509546974282.12602239,5276.0990102021005
5278,1282.28729408,144176897509546974282.28729408,5277.243245569818
5279,1282.48028995,144176897509546974282.48028995,5278.61256649823
5280,1282.65838584,144176897509546974282.65838584,5279.876170892672
5281,1282.74362524,144176897509546974282.74362524,5280.480951162557
5282,1282.81909283,144176897509546974282.81909283,5281.0163996693245
5283,1282.94879385,144176897509546974282.94879385,5281.9366386419115
5284,1283.10058218,144176897509546974283.10058218,5283.013588822026
5285,1283.24886210,144176897509546974283.24886210,5284.065646556314
5286,1283.36901305,144176897509546974283.36901305,5284.918127028583
5287,1283.46237085,144176897509546974283.46237085,5285.5805079871525
5288,1283.66486502,144176897509546974283.66486502,5287.017220103647
5289,1283.71154201,144176897509546974283.71154201,5287.348397031331
5290,1283.92162577,144176897509546974283.92162577,5288.838957887827
5291,1284.08204132,144176897509546974284.08204132,5289.97711887468
5292,1284.14294318,144176897509546974284.14294318,5290.409222377605
5293,1284.39812983,144176897509546974284.39812983,5292.219791798062
5294,1284.43664538,144176897509546974284.43664538,5292.493062664865
5295,1284.74533566,144176897509546974284.74533566,5294.683244562547
5296,1284.88023720,144176897509546974284.88023720,5295.640381634946
5297,1285.00321211,144176897509546974285.00321211,5296.512898326275
5298,1285.10933792,144176897509546974285.10933792,5297.265869323414
5299,1285.19211856,144176897509546974285.19211856,5297.85320449706
5300,1285.34354330,144176897509546974285.34354330,5298.92757497743
5301,1285.54564703,144176897509546974285.54564703,5300.361516891312
5302,1285.71590553,144176897509546974285.71590553,5301.569514385196
5303,1285.78122444,144176897509546974285.78122444,5302.032957206455
5304,1285.97621677,144176897509546974285.97621677,5303.416443176123
5305,1286.09963673,144176897509546974286.09963673,5304.2921175323245
5306,1286.17470487,144176897509546974286.17470487,5304.824731909818
5307,1286.44550277,144176897509546974286.44550277,5306.7460643810255
5308,1286.53660366,144176897509546974286.53660366,5307.392432385035
5309,1286.61252595,144176897509546974286.61252595,5307.9311070241865
5310,1286.71848020,144176897509546974286.71848020,5308.682860789587
5311,1286.86380424,144176897509546974286.86380424,5309.713946322005
5312,1287.02675577,144176897509546974287.02675577,5310.87010028709
5313,1287.19626616,144176897509546974287.19626616,5312.072789881486
5314,1287.33009115,144176897509546974287.33009115,5313.022288746677
5315,1287.44399286,144176897509546974287.44399286,5313.8304303679715
5316,1287.54066605,144176897509546974287.54066605,5314.5163342802325
5317,1287.67853308,144176897509546974287.67853308,5315.494511738211
5318,1287.83807688,144176897509546974287.83807688,5316.626487590018
5319,1287.98664539,144176897509546974287.98664539,5317.680592893132
5320,1288.08467531,144176897509546974288.08467531,5318.376122911813
5321,1288.35860698,144176897509546974288.35860698,5320.319689728481
5322,1288.50405670,144176897509546974288.50405670,5321.351666970416
5323,1288.64597310,144176897509546974288.64597310,5322.358575028112
5324,1288.78353456,144176897509546974288.78353456,5323.334584442825
5325,1288.97183205,144176897509546974288.97183205,5324.670569994352
5326,1289.07064624,144176897509546974289.07064624,5325.371664470576
5327,1289.24878171,144176897509546974289.24878171,5326.6355496882425
5328,1289.34039314,144176897509546974289.34039314,5327.285540013842
5329,1289.53062735,144176897509546974289.53062735,5328.635266746611
5330,1289.65431263,144176897509546974289.65431263,5329.512823569151
5331,1289.82452145,144176897509546974289.82452145,5330.720468579514
5332,1289.97907562,144176897509546974289.97907562,5331.817042612702
5333,1290.08300872,144176897509546974290.08300872,5332.554456159347
5334,1290.19643655,144176897509546974290.19643655,5333.359235564644
5335,1290.23392528,144176897509546974290.23392528,5333.625221062513
5336,1290.49554629,144176897509546974290.49554629,5335.481442774953
5337,1290.62051504,144176897509546974290.62051504,5336.368105918431
5338,1290.73655300,144176897509546974290.73655300,5337.191404402063
5339,1290.80589152,144176897509546974290.80589152,5337.683366673489
5340,1291.02718234,144176897509546974291.02718234,5339.25344250512
5341,1291.16347972,144176897509546974291.16347972,5340.220483172476
5342,1291.37039466,144176897509546974291.37039466,5341.688561000997
5343,1291.56255663,144176897509546974291.56255663,5343.051965343099
5344,1291.60856988,144176897509546974291.60856988,5343.378432983102
5345,1291.72694055,144176897509546974291.72694055,5344.218282228276
5346,1291.89940858,144176897509546974291.89940858,5345.441956511881
5347,1291.99812674,144176897509546974291.99812674,5346.142369647677
5348,1292.17092245,144176897509546974292.17092245,5347.368368846742
5349,1292.27512680,144176897509546974292.27512680,5348.107706933543
5350,1292.38773958,144176897509546974292.38773958,5348.906703494768
5351,1292.61154659,144176897509546974292.61154659,5350.494631893021
5352,1292.73887875,144176897509546974292.73887875,5351.398063616964
5353,1292.84859315,144176897509546974292.84859315,5352.176495943355
5354,1292.97075262,144176897509546974292.97075262,5353.0432270235315
5355,1293.05046998,144176897509546974293.05046998,5353.60882798383
5356,1293.31365722,144176897509546974293.31365722,5355.476162221724
5357,1293.37588397,144176897509546974293.37588397,5355.917665923756
5358,1293.57727541,144176897509546974293.57727541,5357.346554083877
5359,1293.71102275,144176897509546974293.71102275,5358.29550201619
5360,1293.87034103,144176897509546974293.87034103,5359.425877785799
5361,1293.97570056,144176897509546974293.97570056,5360.173411965865
5362,1294.05339014,144176897509546974294.05339014,5360.724625667037
5363,1294.16181071,144176897509546974294.16181071,5361.493878167473
5364,1294.35248377,144176897509546974294.35248377,5362.846718575624
5365,1294.45321807,144176897509546974294.45321807,5363.561436383829
5366,1294.59691006,144176897509546974294.59691006,5364.580942392699
5367,1294.72821216,144176897509546974294.72821216,5365.512541154239
5368,1294.94725085,144176897509546974294.94725085,5367.066637945787
5369,1295.02023089,144176897509546974295.02023089,5367.584437088994
5370,1295.12709680,144176897509546974295.12709680,5368.342659154039
5371,1295.32219606,144176897509546974295.32219606,5369.726903800496
5372,1295.49027885,144176897509546974295.49027885,5370.9194644602285
5373,1295.59867916,144176897509546974295.59867916,5371.6885732143655
5374,1295.70197701,144176897509546974295.70197701,5372.42147961213
5375,1295.94058471,144176897509546974295.94058471,5374.114420073965
5376,1296.13307748,144176897509546974296.13307748,5375.480171468174
5377,1296.26252246,144176897509546974296.26252246,5376.398593816755
5378,1296.33286477,144176897509546974296.33286477,5376.8976780574485
5379,1296.52572543,144176897509546974296.52572543,5378.26603966024
5380,1296.66248416,144176897509546974296.66248416,5379.2363536422545
5381,1296.73961550,144176897509546974296.73961550,5379.78360658657
5382,1297.00397772,144176897509546974297.00397772,5381.65927740029
5383,1297.22256168,144176897509546974297.22256168,5383.210147846602
5384,1297.29724038,144176897509546974297.29724038,5383.739999116562
5385,1297.37973253,144176897509546974297.37973253,5384.325287430891
5386,1297.52482180,144176897509546974297.52482180,5385.354707251631
5387,1297.64418337,144176897509546974297.64418337,5386.201587010504
5388,1297.74850504,144176897509546974297.74850504,5386.941757491965
5389,1298.03252045,144176897509546974298.03252045,5388.956869239717
5390,1298.09346701,144176897509546974298.09346701,5389.38928989267
5391,1298.23398408,144176897509546974298.23398408,5390.386269593583
5392,1298.38384782,144176897509546974298.38384782,5391.449564655763
5393,1298.49834118,144176897509546974298.49834118,5392.261904080499
5394,1298.60374902,144176897509546974298.60374902,5393.0097810238285
5395,1298.85613216,144176897509546974298.85613216,5394.800459319588
5396,1298.91791604,144176897509546974298.91791604,5395.238820824021
5397,1299.03606633,144176897509546974299.03606633,5396.077106455703
5398,1299.21625858,144176897509546974299.21625858,5397.355584689784
5399,1299.37810518,144176897509546974299.37810518,5398.503899089322
5400,1299.55201407,144176897509546974299.55201407,5399.737796388336
5401,1299.60839380,144176897509546974299.60839380,5400.137815022036
5402,1299.77177558,144176897509546974299.77177558,5401.297021644827
5403,1299.91561229,144176897509546974299.91561229,5402.317554453518
5404,1299.93579140,144176897509546974299.93579140,5402.460726831454
5405,1300.18665900,144176897509546974300.18665900,5404.240652251312
5406,1300.31548930,144176897509546974300.31548930,5405.154713396783
5407,1300.43877509,144176897509546974300.43877509,5406.0294358062465
5408,1300.51513766,144176897509546974300.51513766,5406.571234266744
5409,1300.60998611,144176897509546974300.60998611,5407.244191504701
5410,1300.80154719,144176897509546974300.80154719,5408.603332484833
5411,1300.98107041,144176897509546974300.98107041,5409.877063898267
5412,1301.19566686,144176897509546974301.19566686,5411.399642646444
5413,1301.33325565,144176897509546974301.33325565,5412.375845969665
5414,1301.56187492,144176897509546974301.56187492,5413.997917732388
5415,1301.69502550,144176897509546974301.69502550,5414.942631605406
5416,1301.76884312,144176897509546974301.76884312,5415.466373444812
5417,1301.98138294,144176897509546974301.98138294,5416.974360240834
5418,1302.06487175,144176897509546974302.06487175,5417.566719936517
5419,1302.14671999,144176897509546974302.14671999,5418.14743965858
5420,1302.26233775,144176897509546974302.26233775,5418.967756790051
5421,1302.37734075,144176897509546974302.37734075,5419.783712150806
5422,1302.55753481,144176897509546974302.55753481,5421.062203226981
5423,1302.73303625,144176897509546974302.73303625,5422.3073997939255
5424,1302.84420203,144176897509546974302.84420203,5423.096129775957
5425,1303.03287784,144176897509546974303.03287784,5424.43479953774
5426,1303.08599337,144176897509546974303.08599337,5424.811658414837
5427,1303.26167579,144176897509546974303.26167579,5426.058139049164
5428,1303.38623034,144176897509546974303.38623034,5426.941863410955
5429,1303.48119771,144176897509546974303.48119771,5427.615664395697
5430,1303.62379902,144176897509546974303.62379902,5428.6274319438935
5431,1303.84912335,144176897509546974303.84912335,5430.226125847289
5432,1303.92595252,144176897509546974303.92595252,5430.771234871609
5433,1304.02378911,144176897509546974304.02378911,5431.465393198683
5434,1304.24629952,144176897509546974304.24629952,5433.044122117611
5435,1304.38842318,144176897509546974304.38842318,5434.052500701362
5436,1304.55729739,144176897509546974304.55729739,5435.250676548451
5437,1304.60325104,144176897509546974304.60325104,5435.576721321751
5438,1304.87641028,144176897509546974304.87641028,5437.514807686611
5439,1304.94841533,144176897509546974304.94841533,5438.025689198823
5440,1305.16858689,144176897509546974305.16858689,5439.5878237924235
5441,1305.25778762,144176897509546974305.25778762,5440.220710011277
5442,1305.38093963,144176897509546974305.38093963,5441.094483241082
5443,1305.42734404,144176897509546974305.42734404,5441.423726192155
5444,1305.57570495,144176897509546974305.57570495,5442.476358556885
5445,1305.76950427,144176897509546974305.76950427,5443.851380026454
5446,1305.96934782,144176897509546974305.96934782,5445.269285784868
5447,1306.01475321,144176897509546974306.01475321,5445.5914406102
5448,1306.20177648,144176897509546974306.20177648,5446.918385470269
5449,1306.30965836,144176897509546974306.30965836,5447.683815922643
5450,1306.50174239,144176897509546974306.50174239,5449.046667274294
5451,1306.69606517,144176897509546974306.69606517,5450.425402733873
5452,1306.86030734,144176897509546974306.86030734,5451.590713891614
5453,1306.93884934,144176897509546974306.93884934,5452.1479755799555
5454,1307.11449758,144176897509546974307.11449758,5453.394213704485
5455,1307.27086787,144176897509546974307.27086787,5454.503673252396
5456,1307.38187374,144176897509546974307.38187374,5455.291268660358
5457,1307.42113825,144176897509546974307.42113825,5455.569853457467
5458,1307.61792198,144176897509546974307.61792198,5456.966049551507
5459,1307.93518747,144176897509546974307.93518747,5459.217073240874
5460,1307.99898310,144176897509546974307.99898310,5459.669708270319
5461,1308.15919183,144176897509546974308.15919183,5460.806401852949
5462,1308.25813283,144176897509546974308.25813283,5461.5083960561315
5463,1308.38265174,144176897509546974308.38265174,5462.39186754931
5464,1308.52638161,144176897509546974308.52638161,5463.411642319769
5465,1308.66939195,144176897509546974308.66939195,5464.426311968095
5466,1308.80166854,144176897509546974308.80166854,5465.36482481309
5467,1308.99155961,144176897509546974308.99155961,5466.712116940479
5468,1309.15702876,144176897509546974309.15702876,5467.88613361815
5469,1309.33752152,144176897509546974309.33752152,5469.166743994397
5470,1309.44358455,144176897509546974309.44358455,5469.9192695624815
5471,1309.52796746,144176897509546974309.52796746,5470.517972968224
5472,1309.68861529,144176897509546974309.68861529,5471.657782000008
5473,1309.71200409,144176897509546974309.71200409,5471.823727381795
5474,1309.89893291,144176897509546974309.89893291,5473.15000211166
5475,1310.04713217,144176897509546974310.04713217,5474.201487556883
5476,1310.10012048,144176897509546974310.10012048,5474.577443798041
5477,1310.30108325,144176897509546974310.30108325,5476.003290510681
5478,1310.48827942,144176897509546974310.48827942,5477.331462109895
5479,1310.58763663,144176897509546974310.58763663,5478.036409355873
5480,1310.69639502,144176897509546974310.69639502,5478.808058715869
5481,1310.75808567,144176897509546974310.75808567,5479.245758746094
5482,1310.90059901,144176897509546974310.90059901,5480.256902140199
5483,1311.16490957,144176897509546974311.16490957,5482.132206422141
5484,1311.26019982,144176897509546974311.26019982,5482.808298265964
5485,1311.46239272,144176897509546974311.46239272,5484.242872848034
5486,1311.54876548,144176897509546974311.54876548,5484.8556943965605
5487,1311.67846627,144176897509546974311.67846627,5485.775931737279
5488,1311.75858981,144176897509546974311.75858981,5486.3444145767335
5489,1312.09618806,144176897509546974312.09618806,5488.739700802912
5490,1312.15293629,144176897509546974312.15293629,5489.142333973193
5491,1312.35805356,144176897509546974312.35805356,5490.597657191196
5492,1312.48349642,144176897509546974312.48349642,5491.48768418254
5493,1312.56090571,144176897509546974312.56090571,5492.036909204042
5494,1312.68734105,144176897509546974312.68734105,5492.93397791931
5495,1312.77981518,144176897509546974312.77981518,5493.590089169492
5496,1312.88690599,144176897509546974312.88690599,5494.349906917786
5497,1313.12273885,144176897509546974313.12273885,5496.023159670839
5498,1313.19772991,144176897509546974313.19772991,5496.55522715965
5499,1313.45503729,144176897509546974313.45503729,5498.380843326819
5500,1313.57501979,144176897509546974313.57501979,5499.232128633044
5501,1313.67436977,144176897509546974313.67436977,5499.937024581602
5502,1313.81989636,144176897509546974313.81989636,5500.969547222254
5503,1313.99758022,144176897509546974313.99758022,5502.230228231329
5504,1314.09310234,144176897509546974314.09310234,5502.907965211101
5505,1314.29708658,144176897509546974314.29708658,5504.355249491839
5506,1314.37877196,144176897509546974314.37877196,5504.934813709349
5507,1314.60079650,144176897509546974314.60079650,5506.5100953422825
5508,1314.74363558,144176897509546974314.74363558,5507.5235498873935
5509,1314.79807126,144176897509546974314.79807126,5507.909775332924
5510,1314.91468821,144176897509546974314.91468821,5508.7371817962985
5511,1315.14742761,144176897509546974315.14742761,5510.388486206522
5512,1315.25302853,144176897509546974315.25302853,5511.137733067689
5513,1315.36406006,144176897509546974315.36406006,5511.925510535376
5514,1315.44825194,144176897509546974315.44825194,5512.522858568193
5515,1315.74043881,144176897509546974315.74043881,5514.595947469516
5516,1315.81942597,144176897509546974315.81942597,5515.156367603189
5517,1316.02073466,144176897509546974316.02073466,5516.584668645529
5518,1316.23919130,144176897509546974316.23919130,5518.134635746393
5519,1316.37620312,144176897509546974316.37620312,5519.10674542193
5520,1316.45482029,144176897509546974316.45482029,5519.664540447355
5521,1316.52215751,144176897509546974316.52215751,5520.142303337344
5522,1316.66899310,144176897509546974316.66899310,5521.184113436299
5523,1316.73122047,144176897509546974316.73122047,5521.625621537281
5524,1316.91843389,144176897509546974316.91843389,5522.953915526607
5525,1317.02860131,144176897509546974317.02860131,5523.73556206565
5526,1317.22770653,144176897509546974317.22770653,5525.148229314446
5527,1317.39029211,144176897509546974317.39029211,5526.301786835403
5528,1317.57769548,144176897509546974317.57769548,5527.631428534968
5529,1317.71454666,144176897509546974317.71454666,5528.602398457028
5530,1317.87374294,144176897509546974317.87374294,5529.731908627009
5531,1317.88601379,144176897509546974317.88601379,5529.818971276145
5532,1318.09265739,144176897509546974318.09265739,5531.285123925953
5533,1318.14818349,144176897509546974318.14818349,5531.679085987436
5534,1318.41816543,144176897509546974318.41816543,5533.59462915805
5535,1318.46310270,144176897509546974318.46310270,5533.91346263504
5536,1318.67596712,144176897509546974318.67596712,5535.42375249368
5537,1318.78216280,144176897509546974318.78216280,5536.177219223982
5538,1318.91765661,144176897509546974318.91765661,5537.138558498773
5539,1319.04297715,144176897509546974319.04297715,5538.027717620063
5540,1319.25234743,144176897509546974319.25234743,5539.5132162796535
5541,1319.29238913,144176897509546974319.29238913,5539.797315301146
5542,1319.56656488,144176897509546974319.56656488,5541.742613884676
5543,1319.64236175,144176897509546974319.64236175,5542.28039865903
5544,1319.77698698,144176897509546974319.77698698,5543.235575290173
5545,1319.88601283,144176897509546974319.88601283,5544.009122299976
5546,1320.05145594,144176897509546974320.05145594,5545.182954221792
5547,1320.18656019,144176897509546974320.18656019,5546.141529537639
5548,1320.38923590,144176897509546974320.38923590,5547.579529694761
5549,1320.50071468,144176897509546974320.50071468,5548.370480436493
5550,1320.65376250,144176897509546974320.65376250,5549.456366797553
5551,1320.76554943,144176897509546974320.76554943,5550.249503887853
5552,1320.88103281,144176897509546974320.88103281,5551.0688675826195
5553,1321.08646506,144176897509546974321.08646506,5552.52642560858
5554,1321.14673922,144176897509546974321.14673922,5552.95407553047
5555,1321.31635161,144176897509546974321.31635161,5554.157488822914
5556,1321.44726487,144176897509546974321.44726487,5555.086328733969
5557,1321.59987603,144176897509546974321.59987603,5556.169116957868
5558,1321.77266342,144176897509546974321.77266342,5557.3950571258765
5559,1321.83208908,144176897509546974321.83208908,5557.816686873304
5560,1322.02311959,144176897509546974322.02311959,5559.172063417414
5561,1322.09028025,144176897509546974322.09028025,5559.64857360027
5562,1322.25529761,144176897509546974322.25529761,5560.819384792236
5563,1322.34387181,144176897509546974322.34387181,5561.447825731295
5564,1322.47916954,144176897509546974322.47916954,5562.407773803011
5565,1322.61337236,144176897509546974322.61337236,5563.3599534018695
5566,1322.82187222,144176897509546974322.82187222,5564.839276362868
5567,1322.91720101,144176897509546974322.91720101,5565.515641651033
5568,1323.06574469,144176897509546974323.06574469,5566.5695707833365
5569,1323.22567748,144176897509546974323.22567748,5567.704306549891
5570,1323.37892372,144176897509546974323.37892372,5568.7916007165095
5571,1323.53959540,144176897509546974323.53959540,5569.931578965926
5572,1323.60370886,144176897509546974323.60370886,5570.386469024304
5573,1323.86562294,144176897509546974323.86562294,5572.244770091522
5574,1323.93166738,144176897509546974323.93166738,5572.713360605388
5575,1324.11654637,144176897509546974324.11654637,5574.0250916296345
5576,1324.19348935,144176897509546974324.19348935,5574.571008144887
5577,1324.47487137,144176897509546974324.47487137,5576.5674357827675
5578,1324.55297633,144176897509546974324.55297633,5577.1215966378195
5579,1324.88728238,144176897509546974324.88728238,5579.493524445185
5580,1324.96370783,144176897509546974324.96370783,5580.035769044245
5581,1325.12206151,144176897509546974325.12206151,5581.15930090073
5582,1325.19405938,144176897509546974325.19405938,5581.670131470276
5583,1325.33485907,144176897509546974325.33485907,5582.6691163823925
5584,1325.48489276,144176897509546974325.48489276,5583.733617253235
5585,1325.61620465,144176897509546974325.61620465,5584.665285475598
5586,1325.75643867,144176897509546974325.75643867,5585.660256914423
5587,1325.86787887,144176897509546974325.86787887,5586.450933928011
5588,1325.99251393,144176897509546974325.99251393,5587.335229514606
5589,1326.13412981,144176897509546974326.13412981,5588.340005359185
5590,1326.18683105,144176897509546974326.18683105,5588.713924816037
5591,1326.46658190,144176897509546974326.46658190,5590.69877917404
5592,1326.50047190,144176897509546974326.50047190,5590.939231398556
5593,1326.61697974,144176897509546974326.61697974,5591.76586371787
5594,1326.77476593,144176897509546974326.77476593,5592.88536918802
5595,1327.00768737,144176897509546974327.00768737,5594.5379651864105
5596,1327.08291735,144176897509546974327.08291735,5595.071727831476
5597,1327.30594336,144176897509546974327.30594336,5596.654114973094
5598,1327.44569190,144176897509546974327.44569190,5597.6456418930065
5599,1327.54333678,144176897509546974327.54333678,5598.338440022501
5600,1327.62364113,144176897509546974327.62364113,5598.908205723174
5601,1327.74660591,144176897509546974327.74660591,5599.780650541354
5602,1327.99620843,144176897509546974327.99620843,5601.551600118774
5603,1328.12043094,144176897509546974328.12043094,5602.432968630561
5604,1328.25896309,144176897509546974328.25896309,5603.415865167429
5605,1328.40301803,144176897509546974328.40301803,5604.4379463351925
5606,1328.52167598,144176897509546974328.52167598,5605.279833854638
5607,1328.63795006,144176897509546974328.63795006,5606.104807628304
5608,1328.77794941,144176897509546974328.77794941,5607.09811406496
5609,1328.88814063,144176897509546974328.88814063,5607.879929466882
5610,1328.96975165,144176897509546974328.96975165,5608.458966094324
5611,1329.24647673,144176897509546974329.24647673,5610.42235237539
5612,1329.31454971,144176897509546974329.31454971,5610.905335540643
5613,1329.51560796,144176897509546974329.51560796,5612.331859691419
5614,1329.61890261,144176897509546974329.61890261,5613.064743384929
5615,1329.72122221,144176897509546974329.72122221,5613.790709021742
5616,1329.80862766,144176897509546974329.80862766,5614.410857587316
5617,1329.95750909,144176897509546974329.95750909,5615.467183082525
5618,1330.15084804,144176897509546974330.15084804,5616.838938190612
5619,1330.25043869,144176897509546974330.25043869,5617.545541711812
5620,1330.45500934,144176897509546974330.45500934,5618.996986617777
5621,1330.64469990,144176897509546974330.64469990,5620.342856110892
5622,1330.80981129,144176897509546974330.80981129,5621.514334453129
5623,1330.85329982,144176897509546974330.85329982,5621.822889005488
5624,1331.03632787,144176897509546974331.03632787,5623.121487464364
5625,1331.11994532,144176897509546974331.11994532,5623.714759870998
5626,1331.44837374,144176897509546974331.44837374,5626.044985429666
5627,1331.56206802,144176897509546974331.56206802,5626.85165531874
5628,1331.62334630,144176897509546974331.62334630,5627.286429551272
5629,1331.81431450,144176897509546974331.81431450,5628.641364001015
5630,1331.82841374,144176897509546974331.82841374,5628.741399221492
5631,1331.99817897,144176897509546974331.99817897,5629.945896925799
5632,1332.10447163,144176897509546974332.10447163,5630.700051736856
5633,1332.27933268,144176897509546974332.27933268,5631.9407046862125
5634,1332.36135026,144176897509546974332.36135026,5632.522625888939
5635,1332.57658322,144176897509546974332.57658322,5634.049720725798
5636,1332.65013224,144176897509546974332.65013224,5634.571556827007
5637,1332.87375306,144176897509546974332.87375306,5636.158164192515
5638,1333.00398004,144176897509546974333.00398004,5637.082134892809
5639,1333.10834334,144176897509546974333.10834334,5637.8226007424055
5640,1333.29656235,144176897509546974333.29656235,5639.15802947214
5641,1333.51120042,144176897509546974333.51120042,5640.680903517501
5642,1333.58898854,144176897509546974333.58898854,5641.232816367749
5643,1333.77168458,144176897509546974333.77168458,5642.529059189474
5644,1333.89336050,144176897509546974333.89336050,5643.392359444239
5645,1334.02561541,144176897509546974334.02561541,5644.330718467923
5646,1334.20532489,144176897509546974334.20532489,5645.6057714107565
5647,1334.28651425,144176897509546974334.28651425,5646.181816327222
5648,1334.40253577,144176897509546974334.40253577,5647.004998167757
5649,1334.55963492,144176897509546974334.55963492,5648.119629034887
5650,1334.62031621,144176897509546974334.62031621,5648.550167576256
5651,1334.74422008,144176897509546974334.74422008,5649.429275312096
5652,1334.89333649,144176897509546974334.89333649,5650.487268008948
5653,1335.24739846,144176897509546974335.24739846,5652.999365627803
5654,1335.28916989,144176897509546974335.28916989,5653.295737220153
5655,1335.35245404,144176897509546974335.35245404,5653.744743258632
5656,1335.60597237,144176897509546974335.60597237,5655.5434758170295
5657,1335.80376229,144176897509546974335.80376229,5656.946810908526
5658,1335.93707320,144176897509546974335.93707320,5657.892662335546
5659,1336.02895797,144176897509546974336.02895797,5658.544592030018
5660,1336.13702990,144176897509546974336.13702990,5659.31137090214
5661,1336.26150970,144176897509546974336.26150970,5660.194564906781
5662,1336.43954396,144176897509546974336.43954396,5661.45773203151
5663,1336.66653348,144176897509546974336.66653348,5663.068240589368
5664,1336.74048584,144176897509546974336.74048584,5663.592938419707
5665,1336.84056970,144176897509546974336.84056970,5664.30304130478
5666,1337.02835945,144176897509546974337.02835945,5665.635424400938
5667,1337.09992426,144176897509546974337.09992426,5666.1431823756075
5668,1337.23779830,144176897509546974337.23779830,5667.12140957009
5669,1337.34604915,144176897509546974337.34604915,5667.889457893732
5670,1337.51425633,144176897509546974337.51425633,5669.0829011103315
5671,1337.66231804,144176897509546974337.66231804,5670.133410627449
5672,1337.81100627,144176897509546974337.81100627,5671.1883653534105
5673,1338.00194798,144176897509546974338.00194798,5672.543111854513
5674,1338.13930522,144176897509546974338.13930522,5673.51767231221
5675,1338.25632674,144176897509546974338.25632674,5674.347949231663
5676,1338.39855663,144176897509546974338.39855663,5675.357081525647
5677,1338.58841447,144176897509546974338.58841447,5676.704137883564
5678,1338.68633967,144176897509546974338.68633967,5677.398924905581
5679,1338.71460937,144176897509546974338.71460937,5677.599500658057
5680,1338.90546202,144176897509546974338.90546202,5678.953615271431
5681,1339.01129028,144176897509546974339.01129028,5679.704475127838
5682,1339.09190334,144176897509546974339.09190334,5680.276431150324
5683,1339.26163515,144176897509546974339.26163515,5681.480691737093
5684,1339.40256224,144176897509546974339.40256224,5682.480580562265
5685,1339.54691853,144176897509546974339.54691853,5683.50479983206
5686,1339.72456182,144176897509546974339.72456182,5684.765192993784
5687,1339.85609025,144176897509546974339.85609025,5685.698397584535
5688,1340.10088336,144176897509546974340.10088336,5687.435224018459
5689,1340.23249864,144176897509546974340.23249864,5688.3690448168145
5690,1340.39115083,144176897509546974340.39115083,5689.494694625308
5691,1340.48450560,144176897509546974340.48450560,5690.157054085787
5692,1340.57808023,144176897509546974340.57808023,5690.820973470319
5693,1340.65597253,144176897509546974340.65597253,5691.373625485889
5694,1340.85022097,144176897509546974340.85022097,5692.7518334973
5695,1340.98445981,144176897509546974340.98445981,5693.704268660901
5696,1341.17500393,144176897509546974341.17500393,5695.056194229576
5697,1341.29190576,144176897509546974341.29190576,5695.885621939033
5698,1341.39876902,144176897509546974341.39876902,5696.64382520212
5699,1341.61583760,144176897509546974341.61583760,5698.183943907741
5700,1341.76687809,144176897509546974341.76687809,5699.255588104037
5701,1341.97290297,144176897509546974341.97290297,5700.717350886617
5702,1342.02683922,144176897509546974342.02683922,5701.100032836884
5703,1342.13843548,144176897509546974342.13843548,5701.891817108488
5704,1342.24604488,144176897509546974342.24604488,5702.655314293758
5705,1342.49172062,144176897509546974342.49172062,5704.398403057186
5706,1342.56900235,144176897509546974342.56900235,5704.946723030422
5707,1342.62396050,144176897509546974342.62396050,5705.336655441834
5708,1342.83338580,144176897509546974342.83338580,5706.822544472667
5709,1343.11687432,144176897509546974343.11687432,5708.833917894288
5710,1343.24439688,144176897509546974343.24439688,5709.738700521256
5711,1343.42501344,144176897509546974343.42501344,5711.0201892682735
5712,1343.52241225,144176897509546974343.52241225,5711.711241511699
5713,1343.69843320,144176897509546974343.69843320,5712.960124043092
5714,1343.85662100,144176897509546974343.85662100,5714.082478967886
5715,1343.97977434,144176897509546974343.97977434,5714.956261634146
5716,1344.04978563,144176897509546974344.04978563,5715.452997261816
5717,1344.14535072,144176897509546974344.14535072,5716.131039117129
5718,1344.35172625,144176897509546974344.35172625,5717.595289789131
5719,1344.51065674,144176897509546974344.51065674,5718.7229141580865
5720,1344.61158577,144176897509546974344.61158577,5719.439013591009
5721,1344.73132521,144176897509546974344.73132521,5720.288574367352
5722,1344.87293333,144176897509546974344.87293333,5721.293295154119
5723,1345.00280335,144176897509546974345.00280335,5722.214733195044
5724,1345.09403982,144176897509546974345.09403982,5722.8620631498525
5725,1345.23254171,144176897509546974345.23254171,5723.844744989633
5726,1345.40540030,144176897509546974345.40540030,5725.0711903272595
5727,1345.53689715,144176897509546974345.53689715,5726.004170855419
5728,1345.66692165,144176897509546974345.66692165,5726.926704944135
5729,1345.83270021,144176897509546974345.83270021,5728.102916910173
5730,1345.94171435,144176897509546974345.94171435,5728.876380836603
5731,1346.13491528,144176897509546974346.13491528,5730.247156681898
5732,1346.28026094,144176897509546974346.28026094,5731.278395609921
5733,1346.34475868,144176897509546974346.34475868,5731.7360121652255
5734,1346.44413668,144176897509546974346.44413668,5732.441106917894
5735,1346.58524879,144176897509546974346.58524879,5733.442308474567
5736,1346.80640323,144176897509546974346.80640323,5735.011416679334
5737,1347.00953774,144176897509546974347.00953774,5736.452672058663
5738,1347.10320265,144176897509546974347.10320265,5737.117231986918
5739,1347.27370612,144176897509546974347.27370612,5738.326967562285
5740,1347.47020102,144176897509546974347.47020102,5739.721114384682
5741,1347.60667752,144176897509546974347.60667752,5740.689425922573
5742,1347.70188142,144176897509546974347.70188142,5741.364905106332
5743,1347.75344576,144176897509546974347.75344576,5741.730758167963
5744,1347.96735282,144176897509546974347.96735282,5743.248445639685
5745,1348.11791434,144176897509546974348.11791434,5744.316691506032
5746,1348.25404895,144176897509546974348.25404895,5745.282577307393
5747,1348.41239674,144176897509546974348.41239674,5746.406067373863
5748,1348.50681208,144176897509546974348.50681208,5747.07595166219
5749,1348.70957984,144176897509546974348.70957984,5748.514604921326
5750,1348.80734009,144176897509546974348.80734009,5749.208221610076
5751,1348.99440832,144176897509546974348.99440832,5750.535485464893
5752,1349.10845275,144176897509546974349.10845275,5751.344639695851
5753,1349.14435790,144176897509546974349.14435790,5751.599389568647
5754,1349.35090027,144176897509546974349.35090027,5753.0648239836155
5755,1349.51187165,144176897509546974349.51187165,5754.206928628183
5756,1349.55191511,144176897509546974349.55191511,5754.491040137015
5757,1349.69827933,144176897509546974349.69827933,5755.529505828621
5758,1349.80447900,144176897509546974349.80447900,5756.2830008682895
5759,1349.99756801,144176897509546974349.99756801,5757.652982632352
5760,1350.16188650,144176897509546974350.16188650,5758.818835286515
5761,1350.33515982,144176897509546974350.33515982,5760.048223166222
5762,1350.44955842,144176897509546974350.44955842,5760.859890261279
5763,1350.59223834,144176897509546974350.59223834,5761.87221555363
5764,1350.72378347,144176897509546974350.72378347,5762.805538632199
5765,1350.89535886,144176897509546974350.89535886,5764.02287956456
5766,1351.07235785,144176897509546974351.07235785,5765.278701366937
5767,1351.15384933,144176897509546974351.15384933,5765.856889848646
5768,1351.33057776,144176897509546974351.33057776,5767.110792006471
5769,1351.45839423,144176897509546974351.45839423,5768.017659948084
5770,1351.60324564,144176897509546974351.60324564,5769.045392133353
5771,1351.83363008,144176897509546974351.83363008,5770.679987916529
5772,1351.92256338,144176897509546974351.92256338,5771.310976698427
5773,1352.09731394,144176897509546974352.09731394,5772.550845712514
5774,1352.21894175,144176897509546974352.21894175,5773.413804623034
5775,1352.34251049,144176897509546974352.34251049,5774.290534585076
5776,1352.40354299,144176897509546974352.40354299,5774.723564989112
5777,1352.56751489,144176897509546974352.56751489,5775.886958559873
5778,1352.64295392,144176897509546974352.64295392,5776.422204431186
5779,1352.94091453,144176897509546974352.94091453,5778.536258473459
5780,1353.06639343,144176897509546974353.06639343,5779.426541171447
5781,1353.22361759,144176897509546974353.22361759,5780.542058994393
5782,1353.38085692,144176897509546974353.38085692,5781.657684449687
5783,1353.57746098,144176897509546974353.57746098,5783.052605770898
5784,1353.68838193,144176897509546974353.68838193,5783.839598664757
5785,1353.80755962,144176897509546974353.80755962,5784.68517378052
5786,1353.93913111,144176897509546974353.93913111,5785.61868388537
5787,1354.06968766,144176897509546974354.06968766,5786.544992910824
5788,1354.20920822,144176897509546974354.20920822,5787.534902294645
5789,1354.27732911,144176897509546974354.27732911,5788.018225385129
5790,1354.43019652,144176897509546974354.43019652,5789.102831723
5791,1354.59670397,144176897509546974354.59670397,5790.2842152211115
5792,1354.69665608,144176897509546974354.69665608,5790.993383329537
5793,1354.85206519,144176897509546974354.85206519,5792.096023229494
5794,1355.04978548,144176897509546974355.04978548,5793.4988642906455
5795,1355.21854315,144176897509546974355.21854315,5794.696213277238
5796,1355.32150762,144176897509546974355.32150762,5795.426754317592
5797,1355.40209369,144176897509546974355.40209369,5795.998518843898
5798,1355.63733120,144176897509546974355.63733120,5797.667547541717
5799,1355.72561672,144176897509546974355.72561672,5798.293940273394
5800,1355.80427392,144176897509546974355.80427392,5798.852019314828
5801,1356.00040878,144176897509546974356.00040878,5800.243611625011
5802,1356.08461754,144176897509546974356.08461754,5800.84107942276
5803,1356.33038310,144176897509546974356.33038310,5802.584805466177
5804,1356.42603617,144176897509546974356.42603617,5803.263471546534
5805,1356.48493311,144176897509546974356.48493311,5803.681349983836
5806,1356.69723641,144176897509546974356.69723641,5805.187658651793
5807,1356.80407537,144176897509546974356.80407537,5805.945689504462
5808,1356.99658011,144176897509546974356.99658011,5807.311525826765
5809,1357.04808388,144176897509546974357.04808388,5807.676949139467
5810,1357.25893129,144176897509546974357.25893129,5809.172928152979
5811,1357.33127122,144176897509546974357.33127122,5809.686185665219
5812,1357.54875381,144176897509546974357.54875381,5811.2292418044635
5813,1357.67837771,144176897509546974357.67837771,5812.148933604564
5814,1357.74740158,144176897509546974357.74740158,5812.63866340941
5815,1357.82953650,144176897509546974357.82953650,5813.221417148697
5816,1357.95472575,144176897509546974357.95472575,5814.109644757075
5817,1358.15204290,144176897509546974358.15204290,5815.509625508113
5818,1358.37654515,144176897509546974358.37654515,5817.102486689031
5819,1358.43822618,144176897509546974358.43822618,5817.540118464597
5820,1358.61884756,144176897509546974358.61884756,5818.821641409894
5821,1358.78942231,144176897509546974358.78942231,5820.031882722486
5822,1358.91193027,144176897509546974358.91193027,5820.9010863667145
5823,1359.09005106,144176897509546974359.09005106,5822.164867428622
5824,1359.20837511,144176897509546974359.20837511,5823.004385901217
5825,1359.37662807,144176897509546974359.37662807,5824.198153930529
5826,1359.47326331,144176897509546974359.47326331,5824.883788584545
5827,1359.65382908,144176897509546974359.65382908,5826.164916972504
5828,1359.80377287,144176897509546974359.80377287,5827.228779995751
5829,1360.02017825,144176897509546974360.02017825,5828.764193245034
5830,1360.16221170,144176897509546974360.16221170,5829.771931781717
5831,1360.33929463,144176897509546974360.33929463,5831.028349145018
5832,1360.36096384,144176897509546974360.36096384,5831.18209390005
5833,1360.51504454,144176897509546974360.51504454,5832.275308626222
5834,1360.67544742,144176897509546974360.67544742,5833.413379718424
5835,1360.71922375,144176897509546974360.71922375,5833.723976234495
5836,1360.93568328,144176897509546974360.93568328,5835.259773682302
5837,1361.12127816,144176897509546974361.12127816,5836.576584002596
5838,1361.22865729,144176897509546974361.22865729,5837.338447404044
5839,1361.42854869,144176897509546974361.42854869,5838.756692661985
5840,1361.47862805,144176897509546974361.47862805,5839.112009673325
5841,1361.59516863,144176897509546974361.59516863,5839.938874285523
5842,1361.74388864,144176897509546974361.74388864,5840.994054493091
5843,1361.89256970,144176897509546974361.89256970,5842.048958347337
5844,1362.11482371,144176897509546974362.11482371,5843.62586808803
5845,1362.15673425,144176897509546974362.15673425,5843.923226676808
5846,1362.35292811,144176897509546974362.35292811,5845.315237596647
5847,1362.45518124,144176897509546974362.45518124,5846.040731623564
5848,1362.54642508,144176897509546974362.54642508,5846.688113869104
5849,1362.76194634,144176897509546974362.76194634,5848.217254217215
5850,1362.92961210,144176897509546974362.92961210,5849.406856016187
5851,1363.06567306,144176897509546974363.06567306,5850.372219264985
5852,1363.18462519,144176897509546974363.18462519,5851.216194014746
5853,1363.38603017,144176897509546974363.38603017,5852.645178242235
5854,1363.51196745,144176897509546974363.51196745,5853.538713182496
5855,1363.61139596,144176897509546974363.61139596,5854.2441663076015
5856,1363.85321511,144176897509546974363.85321511,5855.959892260627
5857,1363.91220525,144176897509546974363.91220525,5856.378431959284
5858,1363.99010007,144176897509546974363.99010007,5856.931101854453
5859,1364.08777981,144176897509546974364.08777981,5857.624147318399
5860,1364.26354878,144176897509546974364.26354878,5858.871242031806
5861,1364.45930333,144176897509546974364.45930333,5860.260136012526
5862,1364.53487687,144176897509546974364.53487687,5860.796336242905
5863,1364.72189640,144176897509546974364.72189640,5862.123254567379
5864,1365.03720636,144176897509546974365.03720636,5864.36040361707
5865,1365.08199088,144176897509546974365.08199088,5864.678153320755
5866,1365.18389616,144176897509546974365.18389616,5865.40117932447
5867,1365.32619404,144176897509546974365.32619404,5866.410794012871
5868,1365.38138612,144176897509546974365.38138612,5866.802386176095
5869,1365.51313225,144176897509546974365.51313225,5867.737135365527
5870,1365.68165683,144176897509546974365.68165683,5868.932830560175
5871,1365.77209549,144176897509546974365.77209549,5869.574499990073
5872,1366.00731298,144176897509546974366.00731298,5871.243386644412
5873,1366.16369606,144176897509546974366.16369606,5872.352936938381
5874,1366.23912445,144176897509546974366.23912445,5872.8881073180555
5875,1366.40001434,144176897509546974366.40001434,5874.029633784642
5876,1366.58490335,144176897509546974366.58490335,5875.341435901581
5877,1366.72857085,144176897509546974366.72857085,5876.360768151968
5878,1366.77873538,144176897509546974366.77873538,5876.71668945118
5879,1367.00714094,144176897509546974367.00714094,5878.337244924588
5880,1367.09702511,144176897509546974367.09702511,5878.974980204177
5881,1367.24222126,144176897509546974367.24222126,5880.005158346952
5882,1367.44216203,144176897509546974367.44216203,5881.423753888938
5883,1367.55609882,144176897509546974367.55609882,5882.2321444056015
5884,1367.71855710,144176897509546974367.71855710,5883.384798723011
5885,1367.82433759,144176897509546974367.82433759,5884.135319647499
5886,1367.96195725,144176897509546974367.96195725,5885.1117419958055
5887,1368.10616360,144176897509546974368.10616360,5886.134897429468
5888,1368.18288390,144176897509546974368.18288390,5886.679234012547
5889,1368.28251696,144176897509546974368.28251696,5887.386138436044
5890,1368.45858949,144176897509546974368.45858949,5888.635386931607
5891,1368.54691852,144176897509546974368.54691852,5889.262088370168
5892,1368.69940743,144176897509546974368.69940743,5890.34400922067
5893,1368.87915329,144176897509546974368.87915329,5891.619320282473
5894,1368.98755453,144176897509546974368.98755453,5892.3884356350345
5895,1369.07257054,144176897509546974369.07257054,5892.99163093524
5896,1369.35411659,144176897509546974369.35411659,5894.989222378916
5897,1369.54505926,144176897509546974369.54505926,5896.343975691294
5898,1369.69682306,144176897509546974369.69682306,5897.420751829121
5899,1369.84069523,144176897509546974369.84069523,5898.441536229311
5900,1369.95505037,144176897509546974369.95505037,5899.252894972239
5901,1370.06815672,144176897509546974370.06815672,5900.055393451566
5902,1370.27982024,144176897509546974370.27982024,5901.557162829933
5903,1370.53162441,144176897509546974370.53162441,5903.343733287852
5904,1370.57823955,144176897509546974370.57823955,5903.674471384905
5905,1370.67659990,144176897509546974370.67659990,5904.372345830513
5906,1370.79647420,144176897509546974370.79647420,5905.222863449199
5907,1370.99657620,144176897509546974370.99657620,5906.6426029307595
5908,1371.12257511,144176897509546974371.12257511,5907.536575140735
5909,1371.28152227,144176897509546974371.28152227,5908.664317784656
5910,1371.39188131,144176897509546974371.39188131,5909.447323882722
5911,1371.52708551,144176897509546974371.52708551,5910.406608351707
5912,1371.69664588,144176897509546974371.69664588,5911.609652558146
5913,1371.77427745,144176897509546974371.77427745,5912.16045467379
5914,1372.00509150,144176897509546974372.00509150,5913.79809857382
5915,1372.12713318,144176897509546974372.12713318,5914.663993924652
5916,1372.24049205,144176897509546974372.24049205,5915.468284053306
5917,1372.38544752,144176897509546974372.38544752,5916.496754552487
5918,1372.51900275,144176897509546974372.51900275,5917.444339449189
5919,1372.63297936,144176897509546974372.63297936,5918.253012491894
5920,1372.78964419,144176897509546974372.78964419,5919.364561824349
5921,1372.95059149,144176897509546974372.95059149,5920.5064956194165
5922,1372.97656616,144176897509546974372.97656616,5920.690787952924
5923,1373.20080960,144176897509546974373.20080960,5922.281812856468
5924,1373.35444123,144176897509546974373.35444123,5923.37184139555
5925,1373.48710527,144176897509546974373.48710527,5924.313103228872
5926,1373.55158820,144176897509546974373.55158820,5924.770614706057
5927,1373.72528088,144176897509546974373.72528088,5926.002977978058
5928,1373.95031528,144176897509546974373.95031528,5927.599614805223
5929,1373.98759466,144176897509546974373.98759466,5927.86411494832
5930,1374.08229883,144176897509546974374.08229883,5928.536048508291
5931,1374.22076259,144176897509546974374.22076259,5929.5184598127125
5932,1374.41407569,144176897509546974374.41407569,5930.8900315130095
5933,1374.52573961,144176897509546974374.52573961,5931.682295837653
5934,1374.71030704,144176897509546974374.71030704,5932.991816319113
5935,1374.80165705,144176897509546974374.80165705,5933.639951849183
5936,1375.06728768,144176897509546974375.06728768,5935.524622131952
5937,1375.15436725,144176897509546974375.15436725,5936.142458553209
5938,1375.21786218,144176897509546974375.21786218,5936.592960092423
5939,1375.33613000,144176897509546974375.33613000,5937.43207960873
5940,1375.57972439,144176897509546974375.57972439,5939.160401029653
5941,1375.82990986,144176897509546974375.82990986,5940.935486683329
5942,1375.94033238,144176897509546974375.94033238,5941.718943177004
5943,1376.03332829,144176897509546974376.03332829,5942.378756497464
5944,1376.10853866,144176897509546974376.10853866,5942.912380008032
5945,1376.22194179,144176897509546974376.22194179,5943.71698416488
5946,1376.43774101,144176897509546974376.43774101,5945.2480966611265
5947,1376.56627055,144176897509546974376.56627055,5946.160023890663
5948,1376.72478121,144176897509546974376.72478121,5947.284669532637
5949,1376.80411768,144176897509546974376.80411768,5947.847568048327
5950,1376.90043964,144176897509546974376.90043964,5948.53097995602
5951,1377.10052526,144176897509546974377.10052526,5949.950603220188
5952,1377.25147816,144176897509546974377.25147816,5951.021625958521
5953,1377.34482031,144176897509546974377.34482031,5951.683895879106
5954,1377.53892755,144176897509546974377.53892755,5953.061102065374
5955,1377.64345821,144176897509546974377.64345821,5953.8027553473785
5956,1377.83310078,144176897509546974377.83310078,5955.148284347656
5957,1378.01644256,144176897509546974378.01644256,5956.449108745641
5958,1378.13129006,144176897509546974378.13129006,5957.263960821625
5959,1378.17656373,144176897509546974378.17656373,5957.585181083162
5960,1378.39472209,144176897509546974378.39472209,5959.133031863886
5961,1378.53340398,144176897509546974378.53340398,5960.116990817872
5962,1378.71487109,144176897509546974378.71487109,5961.4045142842615
5963,1378.79300901,144176897509546974378.79300901,5961.958908993115
5964,1379.03305464,144176897509546974379.03305464,5963.662051681779
5965,1379.08818012,144176897509546974379.08818012,5964.0531713127475
5966,1379.19512719,144176897509546974379.19512719,5964.811969214398
5967,1379.40615261,144176897509546974379.40615261,5966.309211222909
5968,1379.61489060,144176897509546974379.61489060,5967.79022373505
5969,1379.67011721,144176897509546974379.67011721,5968.182060891349
5970,1379.80589522,144176897509546974379.80589522,5969.1454165875675
5971,1380.07324681,144176897509546974380.07324681,5971.042297217351
5972,1380.14833256,144176897509546974380.14833256,5971.575036539185
5973,1380.31412569,144176897509546974380.31412569,5972.751351880523
5974,1380.43630328,144176897509546974380.43630328,5973.61821152353
5975,1380.52212657,144176897509546974380.52212657,5974.227134539044
5976,1380.66198808,144176897509546974380.66198808,5975.219462990021
5977,1380.76995529,144176897509546974380.76995529,5975.98549886548
5978,1380.91972975,144176897509546974380.91972975,5977.048160479014
5979,1381.07763213,144176897509546974381.07763213,5978.168490326383
5980,1381.11660145,144176897509546974381.11660145,5978.444980727147
5981,1381.22347704,144176897509546974381.22347704,5979.2032714725565
5982,1381.47318671,144176897509546974381.47318671,5980.9749812876835
5983,1381.60056427,144176897509546974381.60056427,5981.878735128209
5984,1381.82694790,144176897509546974381.82694790,5983.484944848701
5985,1381.94179043,144176897509546974381.94179043,5984.299761662142
5986,1382.04825299,144176897509546974382.04825299,5985.055121927107
5987,1382.26557034,144176897509546974382.26557034,5986.597005675511
5988,1382.39160984,144176897509546974382.39160984,5987.49126587474
5989,1382.58831144,144176897509546974382.58831144,5988.886879249949
5990,1382.74853690,144176897509546974382.74853690,5990.023691533251
5991,1382.86054603,144176897509546974382.86054603,5990.818405150087
5992,1382.95031092,144176897509546974382.95031092,5991.455294128663
5993,1383.10132773,144176897509546974383.10132773,5992.52677031349
5994,1383.24855588,144176897509546974383.24855588,5993.571365656625
5995,1383.39362900,144176897509546974383.39362900,5994.600670891841
5996,1383.50194334,144176897509546974383.50194334,5995.369169682043
5997,1383.67844543,144176897509546974383.67844543,5996.6214659397065
5998,1383.74851378,144176897509546974383.74851378,5997.1186064125795
5999,1383.87257904,144176897509546974383.87257904,5997.998859223207
6000,1383.99570342,144176897509546974383.99570342,5998.872436415982
6001,1384.10529751,144176897509546974384.10529751,5999.6500151334285
6002,1384.28403585,144176897509546974384.28403585,6000.918177761321
6003,1384.37915519,144176897509546974384.37915519,6001.593056985207
6004,1384.53492805,144176897509546974384.53492805,6002.69827772012
6005,1384.66591595,144176897509546974384.66591595,6003.627647207864
6006,1384.86560751,144176897509546974384.86560751,6005.044474585234
6007,1384.98677108,144176897509546974384.98677108,6005.904139676317
6008,1385.15447587,144176897509546974385.15447587,6007.094018396218
6009,1385.25611641,144176897509546974385.25611641,6007.815166048741
6010,1385.38316168,144176897509546974385.38316168,6008.716562265493
6011,1385.52749402,144176897509546974385.52749402,6009.740611608148
6012,1385.70747873,144176897509546974385.70747873,6011.017617329551
6013,1385.86321938,144176897509546974385.86321938,6012.122609531973
6014,1385.92975878,144176897509546974385.92975878,6012.594711826099
6015,1386.10522323,144176897509546974386.10522323,6013.839645946075
6016,1386.18240075,144176897509546974386.18240075,6014.3872265411355
6017,1386.40271741,144176897509546974386.40271741,6015.950390630687
6018,1386.50713032,144176897509546974386.50713032,6016.6912084671485
6019,1386.57239360,144176897509546974386.57239360,6017.154256589167
6020,1386.87992196,144176897509546974386.87992196,6019.336194572753
6021,1386.93407526,144176897509546974386.93407526,6019.720416509899
6022,1387.17506212,144176897509546974387.17506212,6021.430237299693
6023,1387.31616147,144176897509546974387.31616147,6022.431348323158
6024,1387.38377616,144176897509546974387.38377616,6022.911079884694
6025,1387.61765604,144176897509546974387.61765604,6024.570476090522
6026,1387.73318075,144176897509546974387.73318075,6025.390133024899
6027,1387.88059906,144176897509546974387.88059906,6026.436077568242
6028,1388.03804099,144176897509546974388.03804099,6027.553140486524
6029,1388.18303585,144176897509546974388.18303585,6028.581890460863
6030,1388.26279623,144176897509546974388.26279623,6029.147796651458
6031,1388.37110985,144176897509546974388.37110985,6029.9162903332035
6032,1388.49459131,144176897509546974388.49459131,6030.792401036759
6033,1388.74634837,144176897509546974388.74634837,6032.5786372455095
6034,1388.93072514,144176897509546974388.93072514,6033.886804979224
6035,1389.05235399,144176897509546974389.05235399,6034.7497712686245
6036,1389.22249916,144176897509546974389.22249916,6035.956964677215
6037,1389.33510751,144176897509546974389.33510751,6036.755929807241
6038,1389.51807344,144176897509546974389.51807344,6038.054087519814
6039,1389.54156771,144176897509546974389.54156771,6038.220781219575
6040,1389.67193639,144176897509546974389.67193639,6039.145757292552
6041,1389.75750126,144176897509546974389.75750126,6039.752846797772
6042,1389.94611784,144176897509546974389.94611784,6041.091096318031
6043,1390.06631439,144176897509546974390.06631439,6041.9439003258985
6044,1390.22958462,144176897509546974390.22958462,6043.102315492636
6045,1390.46068472,144176897509546974390.46068472,6044.741988939991
6046,1390.59030482,144176897509546974390.59030482,6045.661653778792
6047,1390.70118922,144176897509546974390.70118922,6046.448387347517
6048,1390.81556275,144176897509546974390.81556275,6047.259876568946
6049,1391.02414368,144176897509546974391.02414368,6048.739774727994
6050,1391.10128863,144176897509546974391.10128863,6049.287124236334
6051,1391.24675809,144176897509546974391.24675809,6050.319241535128
6052,1391.31439121,144176897509546974391.31439121,6050.799103858969
6053,1391.37202427,144176897509546974391.37202427,6051.208014967929
6054,1391.68935088,144176897509546974391.68935088,6053.459472308518
6055,1391.76030633,144176897509546974391.76030633,6053.962906825899
6056,1391.91888870,144176897509546974391.91888870,6055.088061255981
6057,1392.00709567,144176897509546974392.00709567,6055.71389666921
6058,1392.20599465,144176897509546974392.20599465,6057.125100628931
6059,1392.32470744,144176897509546974392.32470744,6057.967377242504
6060,1392.55430402,144176897509546974392.55430402,6059.596383096804
6061,1392.60157869,144176897509546974392.60157869,6059.931800611255
6062,1392.72154088,144176897509546974392.72154088,6060.782941816428
6063,1392.85538550,144176897509546974392.85538550,6061.7325799580185
6064,1393.03230837,144176897509546974393.03230837,6062.987861682988
6065,1393.10858284,144176897509546974393.10858284,6063.529035067033
6066,1393.35786744,144176897509546974393.35786744,6065.297728976964
6067,1393.55839556,144176897509546974393.55839556,6066.720491813552
6068,1393.65603721,144176897509546974393.65603721,6067.413267025942
6069,1393.76314352,144176897509546974393.76314352,6068.17319474796
6070,1393.91490437,144176897509546974393.91490437,6069.249949955306
6071,1394.04741523,144176897509546974394.04741523,6070.190124964439
6072,1394.15396292,144176897509546974394.15396292,6070.946089233472
6073,1394.27981252,144176897509546974394.27981252,6071.839002077214
6074,1394.40290818,144176897509546974394.40290818,6072.712375499323
6075,1394.61304398,144176897509546974394.61304398,6074.2033055837255
6076,1394.75417924,144176897509546974394.75417924,6075.204671391475
6077,1394.92416607,144176897509546974394.92416607,6076.41074136527
6078,1394.98548201,144176897509546974394.98548201,6076.845782798474
6079,1395.19346637,144176897509546974395.19346637,6078.321448246291
6080,1395.30746421,144176897509546974395.30746421,6079.130271917522
6081,1395.38062332,144176897509546974395.38062332,6079.64934157651
6082,1395.53554042,144176897509546974395.53554042,6080.748490626688
6083,1395.75359021,144176897509546974395.75359021,6082.295571094694
6084,1395.96460090,144176897509546974395.96460090,6083.792708592692
6085,1396.06043607,144176897509546974396.06043607,6084.472666686919
6086,1396.16114851,144176897509546974396.16114851,6085.187229396698
6087,1396.28742107,144176897509546974396.28742107,6086.08314317502
6088,1396.38314390,144176897509546974396.38314390,6086.762304208081
6089,1396.49174986,144176897509546974396.49174986,6087.532872065198
6090,1396.59468647,144176897509546974396.59468647,6088.263215436654
6091,1396.77452181,144176897509546974396.77452181,6089.539161366119
6092,1396.94652705,144176897509546974396.94652705,6090.759552118152
6093,1397.16048334,144176897509546974397.16048334,6092.277588880608
6094,1397.35131410,144176897509546974397.35131410,6093.631548182705
6095,1397.38846473,144176897509546974397.38846473,6093.895134834393
6096,1397.52355766,144176897509546974397.52355766,6094.853629833946
6097,1397.64602383,144176897509546974397.64602383,6095.722536974827
6098,1397.76636007,144176897509546974397.76636007,6096.576332094268
6099,1398.09046576,144176897509546974398.09046576,6098.875887542446
6100,1398.20861394,144176897509546974398.20861394,6099.714158203512
6101,1398.30321235,144176897509546974398.30321235,6100.385341387937
6102,1398.53095316,144176897509546974398.53095316,6102.001180407634
6103,1398.56356809,144176897509546974398.56356809,6102.232585909875
6104,1398.71354704,144176897509546974398.71354704,6103.296698396097
6105,1398.88923656,144176897509546974398.88923656,6104.5432294054835
6106,1399.02302135,144176897509546974399.02302135,6105.4924430485025
6107,1399.17971067,144176897509546974399.17971067,6106.60416613944
6108,1399.26388151,144176897509546974399.26388151,6107.201364891796
6109,1399.53504735,144176897509546974399.53504735,6109.1253079263415
6110,1399.68002649,144176897509546974399.68002649,6110.153946366041
6111,1399.71150365,144176897509546974399.71150365,6110.377279300341
6112,1399.91523996,144176897509546974399.91523996,6111.822804498162
6113,1399.96431265,144176897509546974399.96431265,6112.170979106409
6114,1400.18671308,144176897509546974400.18671308,6113.748927708557
6115,1400.24577269,144176897509546974400.24577269,6114.167960302347
6116,1400.35814586,144176897509546974400.35814586,6114.965256811713
6117,1400.53542683,144176897509546974400.53542683,6116.223079284443
6118,1400.61728734,144176897509546974400.61728734,6116.803886063124
6119,1400.81617358,144176897509546974400.81617358,6118.214999631539
6120,1400.92198613,144176897509546974400.92198613,6118.965748024258
6121,1401.05539919,144176897509546974401.05539919,6119.912324213589
6122,1401.14705101,144176897509546974401.14705101,6120.562601109427
6123,1401.24471068,144176897509546974401.24471068,6121.255504175139
6124,1401.53517113,144176897509546974401.53517113,6123.316343990317
6125,1401.69504339,144176897509546974401.69504339,6124.450650291745
6126,1401.84119575,144176897509546974401.84119575,6125.487612819932
6127,1402.07152976,144176897509546974402.07152976,6127.1218507982785
6128,1402.11336361,144176897509546974402.11336361,6127.4186652654535
6129,1402.24905392,144176897509546974402.24905392,6128.381398723251
6130,1402.30717946,144176897509546974402.30717946,6128.793804016676
6131,1402.45853319,144176897509546974402.45853319,6129.867670675492
6132,1402.58887575,144176897509546974402.58887575,6130.792461425009
6133,1402.79400703,144176897509546974402.79400703,6132.247884045068
6134,1402.93532990,144176897509546974402.93532990,6133.250580960573
6135,1403.00593308,144176897509546974403.00593308,6133.751516094503
6136,1403.11716312,144176897509546974403.11716312,6134.540702006306
6137,1403.29312890,144176897509546974403.29312890,6135.789193102194
6138,1403.40408140,144176897509546974403.40408140,6136.576409845794
6139,1403.54480748,144176897509546974403.54480748,6137.574872489152
6140,1403.70469664,144176897509546974403.70469664,6138.709298697414
6141,1403.79644003,144176897509546974403.79644003,6139.360225289627
6142,1404.04071746,144176897509546974404.04071746,6141.093392933255
6143,1404.07035474,144176897509546974404.07035474,6141.303671773756
6144,1404.33548956,144176897509546974404.33548956,6143.184824245448
6145,1404.50856381,144176897509546974404.50856381,6144.412799707794
6146,1404.63093331,144176897509546974404.63093331,6145.281020967396
6147,1404.74897540,144176897509546974404.74897540,6146.118538911539
6148,1404.86044021,144176897509546974404.86044021,6146.909390535019
6149,1404.92203897,144176897509546974404.92203897,6147.346438598443
6150,1405.04054722,144176897509546974405.04054722,6148.187263984573
6151,1405.32170033,144176897509546974405.32170033,6150.182067487939
6152,1405.48196582,144176897509546974405.48196582,6151.31916378725
6153,1405.59018695,144176897509546974405.59018695,6152.087001245147
6154,1405.78303457,144176897509546974405.78303457,6153.455270328109
6155,1406.03679961,144176897509546974406.03679961,6155.255753313425
6156,1406.09157799,144176897509546974406.09157799,6155.644410242501
6157,1406.27784591,144176897509546974406.27784591,6156.965995834709
6158,1406.35445973,144176897509546974406.35445973,6157.509576933785
6159,1406.42959653,144176897509546974406.42959653,6158.042678459397
6160,1406.60250478,144176897509546974406.60250478,6159.269476138643
6161,1406.82016775,144176897509546974406.82016775,6160.813812088222
6162,1406.91414443,144176897509546974406.91414443,6161.480584049232
6163,1407.06720851,144176897509546974407.06720851,6162.566585776275
6164,1407.14290803,144176897509546974407.14290803,6163.103679844696
6165,1407.34382671,144176897509546974407.34382671,6164.529213735306
6166,1407.52255431,144176897509546974407.52255431,6165.797300162051
6167,1407.61041803,144176897509546974407.61041803,6166.420700189441
6168,1407.75578592,144176897509546974407.75578592,6167.45209684107
6169,1407.83647218,144176897509546974407.83647218,6168.024572223332
6170,1407.97648996,144176897509546974407.97648996,6169.018009422292
6171,1408.08483490,144176897509546974408.08483490,6169.78672532191
6172,1408.26054950,144176897509546974408.26054950,6171.033434275877
6173,1408.40158107,144176897509546974408.40158107,6172.034064394893
6174,1408.51725244,144176897509546974408.51725244,6172.8547618935445
6175,1408.66834859,144176897509546974408.66834859,6173.926801001933
6176,1408.84259263,144176897509546974408.84259263,6175.163076216647
6177,1408.94783863,144176897509546974408.94783863,6175.909804892403
6178,1409.17165713,144176897509546974409.17165713,6177.497814813112
6179,1409.27977237,144176897509546974409.27977237,6178.264900973102
6180,1409.41404302,144176897509546974409.41404302,6179.217561831164
6181,1409.55883772,144176897509546974409.55883772,6180.244891654507
6182,1409.73580770,144176897509546974409.73580770,6181.500507628645
6183,1409.84349706,144176897509546974409.84349706,6182.264572136426
6184,1409.98502958,144176897509546974409.98502958,6183.268756535226
6185,1410.13515548,144176897509546974410.13515548,6184.333911643295
6186,1410.17850920,144176897509546974410.17850920,6184.641509708064
6187,1410.32304488,144176897509546974410.32304488,6185.667001764066
6188,1410.55317893,144176897509546974410.55317893,6187.299821010433
6189,1410.68361329,144176897509546974410.68361329,6188.225263088194
6190,1410.89050772,144176897509546974410.89050772,6189.693195396646
6191,1410.93882616,144176897509546974410.93882616,6190.036018541619
6192,1411.05591238,144176897509546974411.05591238,6190.866754512677
6193,1411.32420251,144176897509546974411.32420251,6192.770294157828
6194,1411.40509669,144176897509546974411.40509669,6193.344244748899
6195,1411.51411922,144176897509546974411.51411922,6194.11776820304
6196,1411.66840038,144176897509546974411.66840038,6195.212405208732
6197,1411.89547847,144176897509546974411.89547847,6196.823542177729
6198,1412.03733098,144176897509546974412.03733098,6197.829996930832
6199,1412.10276865,144176897509546974412.10276865,6198.294282363663
6200,1412.21541890,144176897509546974412.21541890,6199.0935447774955
6201,1412.28211674,144176897509546974412.28211674,6199.566771215926
6202,1412.41994121,144176897509546974412.41994121,6200.544646707345
6203,1412.65458672,144176897509546974412.65458672,6202.209475118445
6204,1412.72486759,144176897509546974412.72486759,6202.70812343749
6205,1412.91893827,144176897509546974412.91893827,6204.085070227673
6206,1412.97527001,144176897509546974412.97527001,6204.484748368536
6207,1413.14197964,144176897509546974413.14197964,6205.667566349703
6208,1413.25072899,144176897509546974413.25072899,6206.439151570185
6209,1413.40576413,144176897509546974413.40576413,6207.539138123479
6210,1413.54671067,144176897509546974413.54671067,6208.539164947935
6211,1413.73721807,144176897509546974413.73721807,6209.890829985313
6212,1413.95138943,144176897509546974413.95138943,6211.410392686393
6213,1414.02518284,144176897509546974414.02518284,6211.933962753938
6214,1414.07314439,144176897509546974414.07314439,6212.274253736196
6215,1414.35033164,144176897509546974414.35033164,6214.240919149886
6216,1414.48170833,144176897509546974414.48170833,6215.173047133363
6217,1414.58573545,144176897509546974414.58573545,6215.911127759329
6218,1414.76147661,144176897509546974414.76147661,6217.158025158591
6219,1414.93769260,144176897509546974414.93769260,6218.408291514176
6220,1415.01306652,144176897509546974415.01306652,6218.9430754249015
6221,1415.27074854,144176897509546974415.27074854,6220.771349692436
6222,1415.34379880,144176897509546974415.34379880,6221.289647052085
6223,1415.48384802,144176897509546974415.48384802,6222.2833073203265
6224,1415.65361544,144176897509546974415.65361544,6223.487820562856
6225,1415.75433758,144176897509546974415.75433758,6224.202452094901
6226,1415.87335160,144176897509546974415.87335160,6225.046865959096
6227,1415.97742977,144176897509546974415.97742977,6225.785308788841
6228,1416.12096734,144176897509546974416.12096734,6226.803719175624
6229,1416.34170441,144176897509546974416.34170441,6228.369866107304
6230,1416.56867712,144176897509546974416.56867712,6229.980255396885
6231,1416.65601429,144176897509546974416.65601429,6230.5999195104705
6232,1416.79608120,144176897509546974416.79608120,6231.593705290658
6233,1416.88596351,144176897509546974416.88596351,6232.231427373401
6234,1417.12032752,144176897509546974417.12032752,6233.894258519785
6235,1417.24290260,144176897509546974417.24290260,6234.76393838571
6236,1417.29652264,144176897509546974417.29652264,6235.144376801073
6237,1417.40189367,144176897509546974417.40189367,6235.891992574547
6238,1417.68101872,144176897509546974417.68101872,6237.872406832163
6239,1417.81245313,144176897509546974417.81245313,6238.804944343595
6240,1417.89152880,144176897509546974417.89152880,6239.365992462704
6241,1417.98861085,144176897509546974417.98861085,6240.054797268931
6242,1418.15808296,144176897509546974418.15808296,6241.257215263706
6243,1418.33307532,144176897509546974418.33307532,6242.498799867874
6244,1418.52298061,144176897509546974418.52298061,6243.846192887286
6245,1418.67172494,144176897509546974418.67172494,6244.901545647174
6246,1418.71383715,144176897509546974418.71383715,6245.200335100517
6247,1418.85901029,144176897509546974418.85901029,6246.230349985526
6248,1418.98927510,144176897509546974418.98927510,6247.154589092656
6249,1419.13953027,144176897509546974419.13953027,6248.220661381577
6250,1419.25557467,144176897509546974419.25557467,6249.044005557516
6251,1419.41277285,144176897509546974419.41277285,6250.159339050312
6252,1419.50638168,144176897509546974419.50638168,6250.823501086543
6253,1419.62608400,144176897509546974419.62608400,6251.672798493557
6254,1419.79650181,144176897509546974419.79650181,6252.881926304463
6255,1419.95577251,144176897509546974419.95577251,6254.011964490217
6256,1420.09349993,144176897509546974420.09349993,6254.989151404228
6257,1420.26714533,144176897509546974420.26714533,6256.221179220899
6258,1420.32409270,144176897509546974420.32409270,6256.625225305196
6259,1420.43565137,144176897509546974420.43565137,6257.416742872783
6260,1420.64176464,144176897509546974420.64176464,6258.879132789389
6261,1420.71970449,144176897509546974420.71970449,6259.432122175961
6262,1420.89517813,144176897509546974420.89517813,6260.677121499711
6263,1420.93381823,144176897509546974420.93381823,6260.951276058593
6264,1421.21444759,144176897509546974421.21444759,6262.942363514376
6265,1421.38061499,144176897509546974421.38061499,6264.121334330901
6266,1421.47175851,144176897509546974421.47175851,6264.768004798124
6267,1421.68725827,144176897509546974421.68725827,6266.296992602038
6268,1421.83532410,144176897509546974421.83532410,6267.347531350881
6269,1422.07999100,144176897509546974422.07999100,6269.083462314894
6270,1422.14105775,144176897509546974422.14105775,6269.516735725383
6271,1422.29575190,144176897509546974422.29575190,6270.614302927716
6272,1422.37622426,144176897509546974422.37622426,6271.185260672599
6273,1422.52161298,144176897509546974422.52161298,6272.216805114721
6274,1422.70526814,144176897509546974422.70526814,6273.519852968537
6275,1422.77014273,144176897509546974422.77014273,6273.98014330433
6276,1422.92996068,144176897509546974422.92996068,6275.114064272022
6277,1422.98372065,144176897509546974422.98372065,6275.495495501777
6278,1423.10566054,144176897509546974423.10566054,6276.3606686445255
6279,1423.26879759,144176897509546974423.26879759,6277.518138888652
6280,1423.52556694,144176897509546974423.52556694,6279.339937690512
6281,1423.66282657,144176897509546974423.66282657,6280.313805597556
6282,1423.77639623,144176897509546974423.77639623,6281.119591297896
6283,1423.86155169,144176897509546974423.86155169,6281.723776006856
6284,1424.04504459,144176897509546974424.04504459,6283.0256726131665
6285,1424.24053457,144176897509546974424.24053457,6284.412689448858
6286,1424.34322460,144176897509546974424.34322460,6285.141283315754
6287,1424.47586797,144176897509546974424.47586797,6286.082398493794
6288,1424.71354835,144176897509546974424.71354835,6287.768759547048
6289,1424.78731733,144176897509546974424.78731733,6288.292156281816
6290,1424.95204000,144176897509546974424.95204000,6289.460876624976
6291,1425.12980869,144176897509546974425.12980869,6290.722159509596
6292,1425.24099255,144176897509546974425.24099255,6291.511017770654
6293,1425.38147479,144176897509546974425.38147479,6292.507750349969
6294,1425.47900318,144176897509546974425.47900318,6293.19972197372
6295,1425.64975978,144176897509546974425.64975978,6294.411253526414
6296,1425.76785383,144176897509546974425.76785383,6295.249140130858
6297,1425.85570631,144176897509546974425.85570631,6295.8724604095605
6298,1426.06461564,144176897509546974426.06461564,6297.354688592523
6299,1426.16860981,144176897509546974426.16860981,6298.09253543564
6300,1426.33417974,144176897509546974426.33417974,6299.267267155363
6301,1426.44864765,144176897509546974426.44864765,6300.07942601034
6302,1426.58388105,144176897509546974426.58388105,6301.038917655629
6303,1426.72434036,144176897509546974426.72434036,6302.035487544785
6304,1426.90055572,144176897509546974426.90055572,6303.28574943047
6305,1427.00522973,144176897509546974427.00522973,6304.028419792036
6306,1427.12123080,144176897509546974427.12123080,6304.8514565382075
6307,1427.32942100,144176897509546974427.32942100,6306.328582437069
6308,1427.52348428,144176897509546974427.52348428,6307.705476723668
6309,1427.74295075,144176897509546974427.74295075,6309.262608648075
6310,1427.77997940,144176897509546974427.77997940,6309.525329842036
6311,1427.93527556,144176897509546974427.93527556,6310.627168352828
6312,1427.94739117,144176897509546974427.94739117,6310.713129561913
6313,1428.12220316,144176897509546974428.12220316,6311.953434426698
6314,1428.32141354,144176897509546974428.32141354,6313.366847793994
6315,1428.43579392,144176897509546974428.43579392,6314.178385616713
6316,1428.54482061,144176897509546974428.54482061,6314.951938586382
6317,1428.70841513,144176897509546974428.70841513,6316.112654616262
6318,1428.83178439,144176897509546974428.83178439,6316.987969251963
6319,1429.02138855,144176897509546974429.02138855,6318.333225730259
6320,1429.21159037,144176897509546974429.21159037,6319.6827226534215
6321,1429.28152108,144176897509546974429.28152108,6320.178886559632
6322,1429.36485778,144176897509546974429.36485778,6320.77016702286
6323,1429.58370159,144176897509546974429.58370159,6322.3228811254285
6324,1429.71826440,144176897509546974429.71826440,6323.277614881747
6325,1429.91296604,144176897509546974429.91296604,6324.659038382923
6326,1429.96922110,144176897509546974429.96922110,6325.058172473135
6327,1430.15525728,144176897509546974430.15525728,6326.378113851755
6328,1430.26187802,144176897509546974430.26187802,6327.134596416303
6329,1430.35218887,144176897509546974430.35218887,6327.775359024165
6330,1430.47629699,144176897509546974430.47629699,6328.655915929874
6331,1430.65503432,144176897509546974430.65503432,6329.924071391737
6332,1430.74493788,144176897509546974430.74493788,6330.561944244906
6333,1430.92438476,144176897509546974430.92438476,6331.835134020014
6334,1430.98974949,144176897509546974430.98974949,6332.298901937789
6335,1431.23828876,144176897509546974431.23828876,6334.062307672551
6336,1431.38081544,144176897509546974431.38081544,6335.073545715008
6337,1431.55494718,144176897509546974431.55494718,6336.309024152358
6338,1431.64819971,144176897509546974431.64819971,6336.97065821197
6339,1431.82227886,144176897509546974431.82227886,6338.20576351912
6340,1431.87876249,144176897509546974431.87876249,6338.606519331521
6341,1432.00203336,144176897509546974432.00203336,6339.481135882406
6342,1432.15864961,144176897509546974432.15864961,6340.592340535927
6343,1432.29046330,144176897509546974432.29046330,6341.527569068891
6344,1432.33956753,144176897509546974432.33956753,6341.875967455927
6345,1432.63189751,144176897509546974432.63189751,6343.950071733993
6346,1432.73566319,144176897509546974432.73566319,6344.686297422528
6347,1432.89629911,144176897509546974432.89629911,6345.826021951922
6348,1433.03549738,144176897509546974433.03549738,6346.813644662759
6349,1433.22617994,144176897509546974433.22617994,6348.166552474159
6350,1433.42240301,144176897509546974433.42240301,6349.558770641254
6351,1433.64624013,144176897509546974433.64624013,6351.146912672332
6352,1433.82263681,144176897509546974433.82263681,6352.3984610377265
6353,1433.89414888,144176897509546974433.89414888,6352.905844817934
6354,1434.02333113,144176897509546974434.02333113,6353.822403076431
6355,1434.13646892,144176897509546974434.13646892,6354.625124625039
6356,1434.28940628,144176897509546974434.28940628,6355.710227263681
6357,1434.38980089,144176897509546974434.38980089,6356.422534944529
6358,1434.61880382,144176897509546974434.61880382,6358.047328805229
6359,1434.67354196,144176897509546974434.67354196,6358.43570022833
6360,1434.78582652,144176897509546974434.78582652,6359.232368042753
6361,1434.89519081,144176897509546974434.89519081,6360.008316311065
6362,1435.14787155,144176897509546974435.14787155,6361.801106102311
6363,1435.15712030,144176897509546974435.15712030,6361.866726713449
6364,1435.47103844,144176897509546974435.47103844,6364.094000690401
6365,1435.55117509,144176897509546974435.55117509,6364.66257654634
6366,1435.63458632,144176897509546974435.63458632,6365.2543858058
6367,1435.77861441,144176897509546974435.77861441,6366.276276470694
6368,1435.90406992,144176897509546974435.90406992,6367.166393214786
6369,1435.96813022,144176897509546974435.96813022,6367.6209060987685
6370,1436.21363444,144176897509546974436.21363444,6369.362777914261
6371,1436.25859488,144176897509546974436.25859488,6369.681775784228
6372,1436.46987188,144176897509546974436.46987188,6371.180802772693
6373,1436.59492007,144176897509546974436.59492007,6372.068029549239
6374,1436.74927578,144176897509546974436.74927578,6373.163195493064
6375,1436.84043720,144176897509546974436.84043720,6373.809992962201
6376,1436.96143432,144176897509546974436.96143432,6374.668477077398
6377,1437.12667888,144176897509546974437.12667888,6375.840900271294
6378,1437.25896690,144176897509546974437.25896690,6376.779494213041
6379,1437.48540048,144176897509546974437.48540048,6378.386058332725
6380,1437.66434508,144176897509546974437.66434508,6379.655684391595
6381,1437.78535824,144176897509546974437.78535824,6380.514282311858
6382,1437.86741796,144176897509546974437.86741796,6381.09650250121
6383,1438.00628474,144176897509546974438.00628474,6382.081773264337
6384,1438.10391697,144176897509546974438.10391697,6382.774481641084
6385,1438.34710626,144176897509546974438.34710626,6384.499928845537
6386,1438.47999922,144176897509546974438.47999922,6385.442814884325
6387,1438.61520591,144176897509546974438.61520591,6386.402117020056
6388,1438.69932419,144176897509546974438.69932419,6386.998942855065
6389,1438.86040615,144176897509546974438.86040615,6388.141832073459
6390,1438.98424971,144176897509546974438.98424971,6389.02051190509
6391,1439.05173522,144176897509546974439.05173522,6389.499326924331
6392,1439.22717929,144176897509546974439.22717929,6390.744116446598
6393,1439.37002331,144176897509546974439.37002331,6391.7576060413985
6394,1439.47141166,144176897509546974439.47141166,6392.47696438597
6395,1439.74959055,144176897509546974439.74959055,6394.450665563717
6396,1439.82529002,144176897509546974439.82529002,6394.987759277384
6397,1440.02542449,144176897509546974440.02542449,6396.407729136156
6398,1440.08190619,144176897509546974440.08190619,6396.808471255054
6399,1440.21992025,144176897509546974440.21992025,6397.787691902487
6400,1440.35608311,144176897509546974440.35608311,6398.753778139826
6401,1440.52093875,144176897509546974440.52093875,6399.92344191563
6402,1440.77011305,144176897509546974440.77011305,6401.691353238356
6403,1440.81488323,144176897509546974440.81488323,6402.009001198609
6404,1440.98682828,144176897509546974440.98682828,6403.228964897842
6405,1441.17513152,144176897509546974441.17513152,6404.564991246073
6406,1441.29515023,144176897509546974441.29515023,6405.416533465106
6407,1441.34132657,144176897509546974441.34132657,6405.74415824153
6408,1441.45977987,144176897509546974441.45977987,6406.584593753075
6409,1441.65751837,144176897509546974441.65751837,6407.987564015613
6410,1441.87325933,144176897509546974441.87325933,6409.518263152562
6411,1442.04521992,144176897509546974442.04521992,6410.738337109321
6412,1442.07041015,144176897509546974442.07041015,6410.917063779122
6413,1442.19897666,144176897509546974442.19897666,6411.829253313727
6414,1442.37001069,144176897509546974442.37001069,6413.042753254164
6415,1442.53479107,144176897509546974442.53479107,6414.211883054329
6416,1442.64227271,144176897509546974442.64227271,6414.974473772317
6417,1442.83143265,144176897509546974442.83143265,6416.316578474657
6418,1442.95906749,144176897509546974442.95906749,6417.222157737086
6419,1443.04636110,144176897509546974443.04636110,6417.841512789034
6420,1443.28985740,144176897509546974443.28985740,6419.569138253666
6421,1443.34707671,144176897509546974443.34707671,6419.975113773725
6422,1443.50307568,144176897509546974443.50307568,6421.081938776932
6423,1443.58439278,144176897509546974443.58439278,6421.658890018778
6424,1443.81220827,144176897509546974443.81220827,6423.27525889897
6425,1443.97965917,144176897509546974443.97965917,6424.463336249285
6426,1444.06306786,144176897509546974444.06306786,6425.055127487244
6427,1444.29001901,144176897509546974444.29001901,6426.665363806924
6428,1444.39110681,144176897509546974444.39110681,6427.3825897255265
6429,1444.52491551,144176897509546974444.52491551,6428.331973011881
6430,1444.67032601,144176897509546974444.67032601,6429.363671984822
6431,1444.81935124,144176897509546974444.81935124,6430.421017752379
6432,1445.03080318,144176897509546974445.03080318,6431.921285953948
6433,1445.10900763,144176897509546974445.10900763,6432.476152698403
6434,1445.26345087,144176897509546974445.26345087,6433.571939674485
6435,1445.40387564,144176897509546974445.40387564,6434.568264499615
6436,1445.49454845,144176897509546974445.49454845,6435.211595242241
6437,1445.56801977,144176897509546974445.56801977,6435.732880055818
6438,1445.80811622,144176897509546974445.80811622,6437.4363833163925
6439,1445.97631509,144176897509546974445.97631509,6438.629767572886
6440,1446.13274097,144176897509546974446.13274097,6439.739621536233
6441,1446.21235725,144176897509546974446.21235725,6440.304505325956
6442,1446.39033861,144176897509546974446.39033861,6441.567297121009
6443,1446.51835161,144176897509546974446.51835161,6442.475559458482
6444,1446.61643301,144176897509546974446.61643301,6443.171454731826
6445,1446.80348402,144176897509546974446.80348402,6444.498596409384
6446,1446.90405024,144176897509546974446.90405024,6445.212121676725
6447,1447.06593681,144176897509546974447.06593681,6446.360719666566
6448,1447.13438512,144176897509546974447.13438512,6446.84636582779
6449,1447.30983577,144176897509546974447.30983577,6448.091202035675
6450,1447.36902748,144176897509546974447.36902748,6448.51117188939
6451,1447.56374683,144176897509546974447.56374683,6449.892721044415
6452,1447.61445192,144176897509546974447.61445192,6450.252477659487
6453,1447.90304409,144176897509546974447.90304409,6452.300061880625
6454,1447.97745060,144176897509546974447.97745060,6452.8279819410545
6455,1448.11981625,144176897509546974448.11981625,6453.838077462954
6456,1448.24615654,144176897509546974448.24615654,6454.73447179097
6457,1448.40308919,144176897509546974448.40308919,6455.847921327461
6458,1448.57958118,144176897509546974448.57958118,6457.100145924827
6459,1448.75481296,144176897509546974448.75481296,6458.343429232791
6460,1448.82909262,144176897509546974448.82909262,6458.87044928246
6461,1448.92562506,144176897509546974448.92562506,6459.555354562364
6462,1449.10919016,144176897509546974449.10919016,6460.857763433372
6463,1449.25118225,144176897509546974449.25118225,6461.865208517591
6464,1449.36682709,144176897509546974449.36682709,6462.685717783799
6465,1449.59425687,144176897509546974449.59425687,6464.2993500211005
6466,1449.69289720,144176897509546974449.69289720,6464.999210946904
6467,1449.70571174,144176897509546974449.70571174,6465.090131119497
6468,1449.89999255,144176897509546974449.89999255,6466.468568798613
6469,1450.05022003,144176897509546974450.05022003,6467.534444624798
6470,1450.30701003,144176897509546974450.30701003,6469.356389940037
6471,1450.39671412,144176897509546974450.39671412,6469.992847537814
6472,1450.58321625,144176897509546974450.58321625,6471.316094868455
6473,1450.72722215,144176897509546974450.72722215,6472.337828093549
6474,1450.86678661,144176897509546974450.86678661,6473.3280489513345
6475,1451.01729590,144176897509546974451.01729590,6474.3959242417095
6476,1451.16175473,144176897509546974451.16175473,6475.4208710408975
6477,1451.31330071,144176897509546974451.31330071,6476.496101728635
6478,1451.44685701,144176897509546974451.44685701,6477.443694217072
6479,1451.62298231,144176897509546974451.62298231,6478.69331711995
6480,1451.75912940,144176897509546974451.75912940,6479.659291467895
6481,1451.89997261,144176897509546974451.89997261,6480.658585157847
6482,1452.02326537,144176897509546974452.02326537,6481.53335702001
6483,1452.10308670,144176897509546974452.10308670,6482.099695655664
6484,1452.25815687,144176897509546974452.25815687,6483.199930749573
6485,1452.28082366,144176897509546974452.28082366,6483.36075341343
6486,1452.55375405,144176897509546974452.55375405,6485.297216069479
6487,1452.64945144,144176897509546974452.64945144,6485.976196603732
6488,1452.80723175,144176897509546974452.80723175,6487.095660354818
6489,1452.95973921,144176897509546974452.95973921,6488.177712819034
6490,1453.17728881,144176897509546974453.17728881,6489.721244399517
6491,1453.35339299,144176897509546974453.35339299,6490.970717454327
6492,1453.46106814,144176897509546974453.46106814,6491.734681141037
6493,1453.65406181,144176897509546974453.65406181,6493.103986460275
6494,1453.73613820,144176897509546974453.73613820,6493.6863249245935
6495,1453.89631138,144176897509546974453.89631138,6494.822766277169
6496,1453.93855112,144176897509546974453.93855112,6495.122460565925
6497,1454.17760588,144176897509546974454.17760588,6496.818572953743
6498,1454.24816840,144176897509546974454.24816840,6497.319219601764
6499,1454.34536513,144176897509546974454.34536513,6498.0088380716425
6500,1454.43877309,144176897509546974454.43877309,6498.67157491937
6501,1454.54745718,144176897509546974454.54745718,6499.442697115002
6502,1454.73848388,144176897509546974454.73848388,6500.798046626863
6503,1454.85993899,144176897509546974454.85993899,6501.659780217253
6504,1454.97672344,144176897509546974454.97672344,6502.488375106345
6505,1455.20746620,144176897509546974455.20746620,6504.1255131982
6506,1455.37829357,144176897509546974455.37829357,6505.337546869628
6507,1455.48957674,144176897509546974455.48957674,6506.1271097429735
6508,1455.60101027,144176897509546974455.60101027,6506.917739432385
6509,1455.71711518,144176897509546974455.71711518,6507.7415129315505
6510,1455.81389050,144176897509546974455.81389050,6508.428141464222
6511,1456.02231622,144176897509546974456.02231622,6509.9069383960705
6512,1456.18538331,144176897509546974456.18538331,6511.063912268476
6513,1456.42258980,144176897509546974456.42258980,6512.746911034782
6514,1456.54974875,144176897509546974456.54974875,6513.649113820105
6515,1456.68367695,144176897509546974456.68367695,6514.599344968391
6516,1456.78146664,144176897509546974456.78146664,6515.293170536264
6517,1456.93566347,144176897509546974456.93566347,6516.387209213951
6518,1457.13663580,144176897509546974457.13663580,6517.813123755545
6519,1457.23360670,144176897509546974457.23360670,6518.501139943752
6520,1457.30588051,144176897509546974457.30588051,6519.013928329374
6521,1457.37100183,144176897509546974457.37100183,6519.475969233989
6522,1457.64688651,144176897509546974457.64688651,6521.4333928107335
6523,1457.78738056,144176897509546974457.78738056,6522.43020918293
6524,1457.88483117,144176897509546974457.88483117,6523.121628951444
6525,1457.96905445,144176897509546974457.96905445,6523.719199769739
6526,1458.18401709,144176897509546974458.18401709,6525.244376664865
6527,1458.34270774,144176897509546974458.34270774,6526.370299350093
6528,1458.46240397,144176897509546974458.46240397,6527.219553548076
6529,1458.55169035,144176897509546974458.55169035,6527.8530474604395
6530,1458.66894699,144176897509546974458.66894699,6528.684992574847
6531,1458.87497035,144176897509546974458.87497035,6530.146744572906
6532,1458.91502234,144176897509546974458.91502234,6530.430916602761
6533,1459.02430028,144176897509546974459.02430028,6531.206252211008
6534,1459.15573733,144176897509546974459.15573733,6532.138808453449
6535,1459.41414918,144176897509546974459.41414918,6533.97226092243
6536,1459.52464735,144176897509546974459.52464735,6534.756254158826
6537,1459.71995641,144176897509546974459.71995641,6536.141987352838
6538,1459.81424869,144176897509546974459.81424869,6536.810998520755
6539,1459.90850733,144176897509546974459.90850733,6537.479771010216
6540,1460.11011511,144176897509546974460.11011511,6538.910194119709
6541,1460.34084210,144176897509546974460.34084210,6540.547220322169
6542,1460.46375574,144176897509546974460.46375574,6541.419302298013
6543,1460.53091687,144176897509546974460.53091687,6541.895815815555
6544,1460.71386600,144176897509546974460.71386600,6543.193854330802
6545,1460.89107292,144176897509546974460.89107292,6544.451151412939
6546,1460.98017229,144176897509546974460.98017229,6545.083318474593
6547,1461.08823203,144176897509546974461.08823203,6545.850010857704
6548,1461.34477686,144176897509546974461.34477686,6547.6702166724435
6549,1461.59829582,144176897509546974461.59829582,6549.46895370074
6550,1461.65264250,144176897509546974461.65264250,6549.854547684247
6551,1461.71737621,144176897509546974461.71737621,6550.313838465323
6552,1461.81394809,144176897509546974461.81394809,6550.999023575139
6553,1461.99290455,144176897509546974461.99290455,6552.268733781646
6554,1462.23166883,144176897509546974462.23166883,6553.962785190939
6555,1462.33064567,144176897509546974462.33064567,6554.665033681748
6556,1462.50529861,144176897509546974462.50529861,6555.904210074232
6557,1462.55123937,144176897509546974462.55123937,6556.230163391964
6558,1462.60331102,144176897509546974462.60331102,6556.599615858081
6559,1462.79876178,144176897509546974462.79876178,6557.986354424777
6560,1462.96240899,144176897509546974462.96240899,6559.1474442943645
6561,1463.15097127,144176897509546974463.15097127,6560.485308551838
6562,1463.28522260,144176897509546974463.28522260,6561.437832332975
6563,1463.40330321,144176897509546974463.40330321,6562.275623579558
6564,1463.57528295,144176897509546974463.57528295,6563.495833407078
6565,1463.66106218,144176897509546974463.66106218,6564.104443813415
6566,1463.86888746,144176897509546974463.86888746,6565.578980576078
6567,1464.02819156,144176897509546974464.02819156,6566.709255737468
6568,1464.21726802,144176897509546974464.21726802,6568.05076814262
6569,1464.28342606,144176897509546974464.28342606,6568.520164657451
6570,1464.34560752,144176897509546974464.34560752,6568.961347023359
6571,1464.50460373,144176897509546974464.50460373,6570.089437680901
6572,1464.67187492,144176897509546974464.67187492,6571.276239974584
6573,1464.76302716,144176897509546974464.76302716,6571.922972310896
6574,1464.86829915,144176897509546974464.86829915,6572.669885387753
6575,1464.98980914,144176897509546974464.98980914,6573.532008356075
6576,1465.25104573,144176897509546974465.25104573,6575.385502578278
6577,1465.40787926,144176897509546974465.40787926,6576.498248850546
6578,1465.42933813,144176897509546974465.42933813,6576.650501226678
6579,1465.57093863,144176897509546974465.57093863,6577.655167948943
6580,1465.74924982,144176897509546974465.74924982,6578.920299913875
6581,1465.94168622,144176897509546974465.94168622,6580.285651358486
6582,1466.02597392,144176897509546974466.02597392,6580.883679241764
6583,1466.19004414,144176897509546974466.19004414,6582.047770400685
6584,1466.28579553,144176897509546974466.28579553,6582.7271340692005
6585,1466.44340286,144176897509546974466.44340286,6583.845370513535
6586,1466.59580604,144176897509546974466.59580604,6584.926683102922
6587,1466.71383070,144176897509546974466.71383070,6585.764077379839
6588,1466.85857840,144176897509546974466.85857840,6586.791073734474
6589,1466.99605942,144176897509546974466.99605942,6587.766512421039
6590,1467.11385022,144176897509546974467.11385022,6588.602247442801
6591,1467.33387817,144176897509546974467.33387817,6590.1633631121185
6592,1467.45612874,144176897509546974467.45612874,6591.030740553984
6593,1467.61235917,144176897509546974467.61235917,6592.139207784158
6594,1467.69856167,144176897509546974467.69856167,6592.750821324548
6595,1467.88977374,144176897509546974467.88977374,6594.107486051187
6596,1468.00406946,144176897509546974468.00406946,6594.918423204525
6597,1468.08318859,144176897509546974468.08318859,6595.479779675764
6598,1468.37513452,144176897509546974468.37513452,6597.551159088773
6599,1468.41269160,144176897509546974468.41269160,6597.817629535285
6600,1468.50601910,144176897509546974468.50601910,6598.479795512963
6601,1468.80341916,144176897509546974468.80341916,6600.589872408748
6602,1469.01296691,144176897509546974469.01296691,6602.076630231994
6603,1469.07757963,144176897509546974469.07757963,6602.535062579473
6604,1469.14253538,144176897509546974469.14253538,6602.995928751871
6605,1469.28242503,144176897509546974469.28242503,6603.98845685837
6606,1469.46596401,144176897509546974469.46596401,6605.290680405918
6607,1469.67942674,144176897509546974469.67942674,6606.805215321224
6608,1469.72603791,144176897509546974469.72603791,6607.135925250814
6609,1469.93750520,144176897509546974469.93750520,6608.636302361845
6610,1470.10992546,144176897509546974470.10992546,6609.85963771353
6611,1470.23247151,144176897509546974470.23247151,6610.729111609315
6612,1470.38630210,144176897509546974470.38630210,6611.820551785298
6613,1470.45771798,144176897509546974470.45771798,6612.327253089865
6614,1470.53740895,144176897509546974470.53740895,6612.892666811032
6615,1470.67836584,144176897509546974470.67836584,6613.892767069554
6616,1470.83325148,144176897509546974470.83325148,6614.99169290855
6617,1471.01919837,144176897509546974471.01919837,6616.311000767573
6618,1471.14433128,144176897509546974471.14433128,6617.198828639207
6619,1471.27897913,144176897509546974471.27897913,6618.154165761036
6620,1471.43244882,144176897509546974471.43244882,6619.243045323038
6621,1471.44893687,144176897509546974471.44893687,6619.3600293389845
6622,1471.77415181,144176897509546974471.77415181,6621.667455003452
6623,1471.78854508,144176897509546974471.78854508,6621.769576389984
6624,1471.95680954,144176897509546974471.95680954,6622.963426012703
6625,1472.11478037,144176897509546974472.11478037,6624.084241518225
6626,1472.20480207,144176897509546974472.20480207,6624.722952584018
6627,1472.44203152,144176897509546974472.44203152,6626.4061142533355
6628,1472.52955885,144176897509546974472.52955885,6627.027127567128
6629,1472.70468068,144176897509546974472.70468068,6628.269630771165
6630,1472.91783756,144176897509546974472.91783756,6629.781995656584
6631,1473.09762288,144176897509546974473.09762288,6631.057586690202
6632,1473.19537140,144176897509546974473.19537140,6631.751120153675
6633,1473.23429167,144176897509546974473.23429167,6632.027262540818
6634,1473.38498432,144176897509546974473.38498432,6633.0964387848635
6635,1473.52363484,144176897509546974473.52363484,6634.080175166224
6636,1473.71546761,144176897509546974473.71546761,6635.441243808346
6637,1473.81948134,144176897509546974473.81948134,6636.179229431205
6638,1474.07243792,144176897509546974474.07243792,6637.97397632902
6639,1474.16384031,144176897509546974474.16384031,6638.622483499323
6640,1474.24921427,144176897509546974474.24921427,6639.228218483027
6641,1474.44328251,144176897509546974474.44328251,6640.605147961218
6642,1474.53075604,144176897509546974474.53075604,6641.225779559765
6643,1474.59925947,144176897509546974474.59925947,6641.711816801738
6644,1474.74460609,144176897509546974474.74460609,6642.743062541038
6645,1474.87547724,144176897509546974474.87547724,6643.671603678319
6646,1475.04767329,144176897509546974475.04767329,6644.89334824236
6647,1475.10347223,144176897509546974475.10347223,6645.289246125176
6648,1475.30994651,144176897509546974475.30994651,6646.754197436221
6649,1475.53629992,144176897509546974475.53629992,6648.360192743428
6650,1475.61440239,144176897509546974475.61440239,6648.914335931734
6651,1475.87795085,144176897509546974475.87795085,6650.784233054033
6652,1475.93041130,144176897509546974475.93041130,6651.156444086834
6653,1476.10380683,144176897509546974476.10380683,6652.3866990561355
6654,1476.21804874,144176897509546974476.21804874,6653.197254423278
6655,1476.24106686,144176897509546974476.24106686,6653.360569801211
6656,1476.37517034,144176897509546974476.37517034,6654.31204457493
6657,1476.68163642,144176897509546974476.68163642,6656.486445598083
6658,1476.73263838,144176897509546974476.73263838,6656.848308529233
6659,1476.83730062,144176897509546974476.83730062,6657.590895381721
6660,1477.01841170,144176897509546974477.01841170,6658.875892787164
6661,1477.22751519,144176897509546974477.22751519,6660.35949855065
6662,1477.31077558,144176897509546974477.31077558,6660.950237588407
6663,1477.46871112,144176897509546974477.46871112,6662.070802708593
6664,1477.58053184,144176897509546974477.58053184,6662.864179541611
6665,1477.77508614,144176897509546974477.77508614,6664.24455765386
6666,1477.84362438,144176897509546974477.84362438,6664.73084187553
6667,1477.90026827,144176897509546974477.90026827,6665.132734745277
6668,1478.01596973,144176897509546974478.01596973,6665.953645734854
6669,1478.31944688,144176897509546974478.31944688,6668.106840063778
6670,1478.49191916,144176897509546974478.49191916,6669.3305445014685
6671,1478.61411972,144176897509546974478.61411972,6670.197567118437
6672,1478.74787054,144176897509546974478.74787054,6671.146539741625
6673,1478.95804874,144176897509546974478.95804874,6672.637770657375
6674,1479.09583226,144176897509546974479.09583226,6673.615355605313
6675,1479.10927648,144176897509546974479.10927648,6673.710743407198
6676,1479.30976014,144176897509546974479.30976014,6675.133190796578
6677,1479.44707224,144176897509546974479.44707224,6676.107430982413
6678,1479.65489772,144176897509546974479.65489772,6677.581969164092
6679,1479.80798227,144176897509546974479.80798227,6678.6681161274
6680,1480.01039548,144176897509546974480.01039548,6680.1042538263055
6681,1480.17497753,144176897509546974480.17497753,6681.271976459468
6682,1480.24880847,144176897509546974480.24880847,6681.795812805325
6683,1480.40271964,144176897509546974480.40271964,6682.887824702768
6684,1480.49833670,144176897509546974480.49833670,6683.566235289332
6685,1480.68513220,144176897509546974480.68513220,6684.891564103276
6686,1480.81502492,144176897509546974480.81502492,6685.813163202492
6687,1480.87850416,144176897509546974480.87850416,6686.263553419919
6688,1481.08500276,144176897509546974481.08500276,6687.728677283283
6689,1481.22166870,144176897509546974481.22166870,6688.698332912924
6690,1481.28329461,144176897509546974481.28329461,6689.13557360774
6691,1481.37323179,144176897509546974481.37323179,6689.773684997463
6692,1481.47844908,144176897509546974481.47844908,6690.520209973504
6693,1481.61986529,144176897509546974481.61986529,6691.523569143676
6694,1481.73736761,144176897509546974481.73736761,6692.357257377071
6695,1482.05810189,144176897509546974482.05810189,6694.632892405236
6696,1482.21299928,144176897509546974482.21299928,6695.731901611409
6697,1482.29325101,144176897509546974482.29325101,6696.301293969029
6698,1482.43424962,144176897509546974482.43424962,6697.301690234244
6699,1482.61046868,144176897509546974482.61046868,6698.551978371722
6700,1482.66541787,144176897509546974482.66541787,6698.9418472112275
6701,1482.76176218,144176897509546974482.76176218,6699.625417693935
6702,1483.00764740,144176897509546974483.00764740,6701.369992734494
6703,1483.09726133,144176897509546974483.09726133,6702.0058106399565
6704,1483.15448219,144176897509546974483.15448219,6702.411797157387
6705,1483.37748472,144176897509546974483.37748472,6703.994017706551
6706,1483.51187349,144176897509546974483.51187349,6704.947516635334
6707,1483.60900671,144176897509546974483.60900671,6705.636684496751
6708,1483.77708198,144176897509546974483.77708198,6706.829191801489
6709,1483.93031714,144176897509546974483.93031714,6707.9164073546335
6710,1484.08651426,144176897509546974484.08651426,6709.024638247728
6711,1484.20031915,144176897509546974484.20031915,6709.8320929234815
6712,1484.40347478,144176897509546974484.40347478,6711.273498150877
6713,1484.52321214,144176897509546974484.52321214,6712.123044169456
6714,1484.61140339,144176897509546974484.61140339,6712.748768048044
6715,1484.71439691,144176897509546974484.71439691,6713.479515200441
6716,1485.03792320,144176897509546974485.03792320,6715.774959759894
6717,1485.14846495,144176897509546974485.14846495,6716.5592621998285
6718,1485.20823159,144176897509546974485.20823159,6716.983311227265
6719,1485.43560015,144176897509546974485.43560015,6718.596509103836
6720,1485.49191421,144176897509546974485.49191421,6718.996061803704
6721,1485.67378142,144176897509546974485.67378142,6720.286424011169
6722,1485.78022278,144176897509546974485.78022278,6721.041633860461
6723,1485.94808611,144176897509546974485.94808611,6722.232637434175
6724,1486.13354845,144176897509546974486.13354845,6723.548507372709
6725,1486.22447928,144176897509546974486.22447928,6724.193668787598
6726,1486.29135388,144176897509546974486.29135388,6724.668149352177
6727,1486.44763262,144176897509546974486.44763262,6725.776959345613
6728,1486.58278900,144176897509546974486.58278900,6726.7359045279245
6729,1486.70069878,144176897509546974486.70069878,6727.572483722175
6730,1486.90333897,144176897509546974486.90333897,6729.010231862094
6731,1487.00200858,144176897509546974487.00200858,6729.710300531808
6732,1487.20624844,144176897509546974487.20624844,6731.159398456618
6733,1487.23244879,144176897509546974487.23244879,6731.345292007535
6734,1487.47933787,144176897509546974487.47933787,6733.096989514018
6735,1487.77774628,144176897509546974487.77774628,6735.21422073263
6736,1487.81864167,144176897509546974487.81864167,6735.504376752044
6737,1487.94081545,144176897509546974487.94081545,6736.371209362799
6738,1488.07564407,144176897509546974488.07564407,6737.327829062045
6739,1488.22073460,144176897509546974488.22073460,6738.357257822584
6740,1488.27255638,144176897509546974488.27255638,6738.724937441332
6741,1488.47949098,144176897509546974488.47949098,6740.193154759105
6742,1488.66055952,144176897509546974488.66055952,6741.477850339891
6743,1488.81402926,144176897509546974488.81402926,6742.566730256647
6744,1488.98075008,144176897509546974488.98075008,6743.749627631747
6745,1489.02686531,144176897509546974489.02686531,6744.076818827898
6746,1489.19374956,144176897509546974489.19374956,6745.260875751745
6747,1489.28383390,144176897509546974489.28383390,6745.90003125328
6748,1489.40188959,144176897509546974489.40188959,6746.737645690497
6749,1489.66887063,144176897509546974489.66887063,6748.631897238787
6750,1489.79930364,144176897509546974489.79930364,6749.557329738192
6751,1489.87371760,144176897509546974489.87371760,6750.085302656958
6752,1490.08033489,144176897509546974490.08033489,6751.55126863524
6753,1490.21245142,144176897509546974490.21245142,6752.488645841903
6754,1490.32261328,144176897509546974490.32261328,6753.270252932308
6755,1490.49179254,144176897509546974490.49179254,6754.470593133221
6756,1490.56886417,144176897509546974490.56886417,6755.0174224303755
6757,1490.73661497,144176897509546974490.73661497,6756.207627594858
6758,1490.86035258,144176897509546974490.86035258,6757.085555702878
6759,1490.98768856,144176897509546974490.98768856,6757.989014530022
6760,1491.13055481,144176897509546974491.13055481,6759.002661848427
6761,1491.31665283,144176897509546974491.31665283,6760.323041986728
6762,1491.54888648,144176897509546974491.54888648,6761.970758060789
6763,1491.61463061,144176897509546974491.61463061,6762.437217851505
6764,1491.71329018,144176897509546974491.71329018,6763.137215286627
6765,1491.85964159,144176897509546974491.85964159,6764.175590090272
6766,1492.01701352,144176897509546974492.01701352,6765.29215635303
6767,1492.13081949,144176897509546974492.13081949,6766.099618691469
6768,1492.27162533,144176897509546974492.27162533,6767.098647238321
6769,1492.53073815,144176897509546974492.53073815,6768.937073144771
6770,1492.59286868,144176897509546974492.59286868,6769.3778941583105
6771,1492.77229885,144176897509546974492.77229885,6770.650965374651
6772,1492.82007684,144176897509546974492.82007684,6770.989953984223
6773,1492.95714667,144176897509546974492.95714667,6771.962475245288
6774,1493.09679887,144176897509546974493.09679887,6772.953318625298
6775,1493.29528739,144176897509546974493.29528739,6774.361610338927
6776,1493.42945459,144176897509546974493.42945459,6775.313537211074
6777,1493.56506105,144176897509546974493.56506105,6776.275675746504
6778,1493.71460108,144176897509546974493.71460108,6777.336674060687
6779,1493.82817499,144176897509546974493.82817499,6778.1424899151125
6780,1493.92285534,144176897509546974493.92285534,6778.814254470304
6781,1494.07638881,144176897509546974494.07638881,6779.90358655644
6782,1494.15292247,144176897509546974494.15292247,6780.446598913989
6783,1494.23880594,144176897509546974494.23880594,6781.055948911353
6784,1494.38217067,144176897509546974494.38217067,6782.073132984697
6785,1494.50380125,144176897509546974494.50380125,6782.936111548584
6786,1494.64397581,144176897509546974494.64397581,6783.930661114017
6787,1494.83798606,144176897509546974494.83798606,6785.307179148582
6788,1495.01757199,144176897509546974495.01757199,6786.581355494414
6789,1495.19491842,144176897509546974495.19491842,6787.839642411011
6790,1495.37020484,144176897509546974495.37020484,6789.083313394086
6791,1495.61139132,144176897509546974495.61139132,6790.794550503533
6792,1495.70926310,144176897509546974495.70926310,6791.488958506435
6793,1495.84169362,144176897509546974495.84169362,6792.428563496927
6794,1495.93327590,144176897509546974495.93327590,6793.0783470009765
6795,1496.09265266,144176897509546974496.09265266,6794.209137690801
6796,1496.22117675,144176897509546974496.22117675,6795.121026252158
6797,1496.42017036,144176897509546974496.42017036,6796.532901619196
6798,1496.56282568,144176897509546974496.56282568,6797.545052372606
6799,1496.64158535,144176897509546974496.64158535,6798.103858446776
6800,1496.79012248,144176897509546974496.79012248,6799.157741106313
6801,1496.93593222,144176897509546974496.93593222,6800.192272718561
6802,1497.12382122,144176897509546974497.12382122,6801.525360001301
6803,1497.28190610,144176897509546974497.28190610,6802.646984700573
6804,1497.45384304,144176897509546974497.45384304,6803.866890858716
6805,1497.53938667,144176897509546974497.53938667,6804.47382966446
6806,1497.66663236,144176897509546974497.66663236,6805.3766478769285
6807,1497.80756056,144176897509546974497.80756056,6806.376544577637
6808,1497.95414006,144176897509546974497.95414006,6807.416537697833
6809,1498.10459810,144176897509546974498.10459810,6808.484049365414
6810,1498.26861940,144176897509546974498.26861940,6809.647793433073
6811,1498.37104192,144176897509546974498.37104192,6810.374489295408
6812,1498.53788010,144176897509546974498.53788010,6811.558219348969
6813,1498.62275423,144176897509546974498.62275423,6812.160407999378
6814,1498.70798679,144176897509546974498.70798679,6812.765139738923
6815,1498.94151291,144176897509546974498.94151291,6814.422025989633
6816,1499.12314451,144176897509546974499.12314451,6815.710716525555
6817,1499.17590358,144176897509546974499.17590358,6816.085046290821
6818,1499.31088606,144176897509546974499.31088606,6817.042757638908
6819,1499.44718636,144176897509546974499.44718636,6818.009819023894
6820,1499.59676431,144176897509546974499.59676431,6819.07108638347
6821,1499.69539696,144176897509546974499.69539696,6819.770892819068
6822,1499.99240070,144176897509546974499.99240070,6821.878157793177
6823,1500.01379981,144176897509546974500.01379981,6822.029986167392
6824,1500.23726757,144176897509546974500.23726757,6823.615507560121
6825,1500.35744098,144176897509546974500.35744098,6824.468147387863
6826,1500.49058592,144176897509546974500.49058592,6825.412821244636
6827,1500.59349299,144176897509546974500.59349299,6826.14295502746
6828,1500.74413502,144176897509546974500.74413502,6827.2117721186105
6829,1500.76444011,144176897509546974500.76444011,6827.355838334588
6830,1501.01943521,144176897509546974501.01943521,6829.165048692677
6831,1501.11028209,144176897509546974501.11028209,6829.809614475691
6832,1501.30313214,144176897509546974501.30313214,6831.177900799696
6833,1501.36009841,144176897509546974501.36009841,6831.582080980984
6834,1501.49956956,144176897509546974501.49956956,6832.571639796956
6835,1501.62390748,144176897509546974501.62390748,6833.4538271518
6836,1501.93536038,144176897509546974501.93536038,6835.663610056402
6837,1501.99349187,144176897509546974501.99349187,6836.076057565547
6838,1502.14404336,144176897509546974502.14404336,6837.1442322682515
6839,1502.30924435,144176897509546974502.30924435,6838.31634632956
6840,1502.46810231,144176897509546974502.46810231,6839.443456092442
6841,1502.66568933,144176897509546974502.66568933,6840.845351592426
6842,1502.76030935,144176897509546974502.76030935,6841.516688101507
6843,1502.83056799,144176897509546974502.83056799,6842.015178696946
6844,1503.00199051,144176897509546974503.00199051,6843.231435004593
6845,1503.13973629,144176897509546974503.13973629,6844.208752184252
6846,1503.18409679,144176897509546974503.18409679,6844.5234934325745
6847,1503.23560907,144176897509546974503.23560907,6844.888977124398
6848,1503.57625677,144176897509546974503.57625677,6847.30589943898
6849,1503.64308149,144176897509546974503.64308149,6847.780026101024
6850,1503.86580890,144176897509546974503.86580890,6849.360294652077
6851,1504.03361980,144176897509546974504.03361980,6850.550926230802
6852,1504.21437639,144176897509546974504.21437639,6851.83340850172
6853,1504.27288489,144176897509546974504.27288489,6852.248530926568
6854,1504.32520946,144176897509546974504.32520946,6852.619777880045
6855,1504.42227294,144176897509546974504.42227294,6853.308450930657
6856,1504.65099281,144176897509546974504.65099281,6854.93123645832
6857,1504.76635366,144176897509546974504.76635366,6855.749730793066
6858,1504.97939473,144176897509546974504.97939473,6857.261273997396
6859,1505.07270106,144176897509546974505.07270106,6857.923289772253
6860,1505.16321451,144176897509546974505.16321451,6858.565489843103
6861,1505.35157486,144176897509546974505.35157486,6859.901921391292
6862,1505.55997707,144176897509546974505.55997707,6861.380551517834
6863,1505.71610329,144176897509546974505.71610329,6862.488279369833
6864,1505.80111981,144176897509546974505.80111981,6863.091478288529
6865,1505.91011152,144176897509546974505.91011152,6863.8647830723385
6866,1506.11004257,144176897509546974506.11004257,6865.283309650158
6867,1506.17268762,144176897509546974506.17268762,6865.727781223702
6868,1506.34083882,144176897509546974506.34083882,6866.9208272577835
6869,1506.62069748,144176897509546974506.62069748,6868.906446536244
6870,1506.65722098,144176897509546974506.65722098,6869.165583651089
6871,1506.82403168,144176897509546974506.82403168,6870.349118731881
6872,1506.92525637,144176897509546974506.92525637,6871.067315895837
6873,1507.01494570,144176897509546974507.01494570,6871.703668770249
6874,1507.23196833,144176897509546974507.23196833,6873.243461456994
6875,1507.35184903,144176897509546974507.35184903,6874.094024484186
6876,1507.49872487,144176897509546974507.49872487,6875.136120160068
6877,1507.71163111,144176897509546974507.71163111,6876.646706734908
6878,1507.87346501,144176897509546974507.87346501,6877.794931026943
6879,1507.98079246,144176897509546974507.98079246,6878.556427754713
6880,1508.10849876,144176897509546974508.10849876,6879.462514031482
6881,1508.30727677,144176897509546974508.30727677,6880.872859699506
6882,1508.40087509,144176897509546974508.40087509,6881.536947166456
6883,1508.58135529,144176897509546974508.58135529,6882.817468428512
6884,1508.75798014,144176897509546974508.75798014,6884.070635678063
6885,1508.89573412,144176897509546974508.89573412,6885.04801103737
6886,1509.00285335,144176897509546974509.00285335,6885.808030427808
6887,1509.06782708,144176897509546974509.06782708,6886.2690241697255
6888,1509.13714795,144176897509546974509.13714795,6886.76086121301
6889,1509.37770496,144176897509546974509.37770496,6888.46763218313
6890,1509.44346054,144176897509546974509.44346054,6888.934173212499
6891,1509.61127245,144176897509546974509.61127245,6890.124811957255
6892,1509.78151632,144176897509546974509.78151632,6891.332705650135
6893,1509.89096159,144176897509546974509.89096159,6892.109228477938
6894,1510.01569782,144176897509546974510.01569782,6892.994241873666
6895,1510.11142482,144176897509546974510.11142482,6893.673432493207
6896,1510.28745771,144176897509546974510.28745771,6894.922399739842
6897,1510.47493078,144176897509546974510.47493078,6896.252535966408
6898,1510.59851713,144176897509546974510.59851713,6897.12939087279
6899,1510.64065926,144176897509546974510.64065926,6897.428392610894
6900,1510.77516972,144176897509546974510.77516972,6898.38275493983
6901,1511.03594746,144176897509546974511.03594746,6900.232993585072
6902,1511.12629671,144176897509546974511.12629671,6900.874028643963
6903,1511.27349794,144176897509546974511.27349794,6901.918432987574
6904,1511.42370908,144176897509546974511.42370908,6902.984192880171
6905,1511.56517623,144176897509546974511.56517623,6903.987913473662
6906,1511.75770029,144176897509546974511.75770029,6905.353886872889
6907,1511.91650355,144176897509546974511.91650355,6906.480608534955
6908,1511.94393173,144176897509546974511.94393173,6906.675213636619
6909,1512.10837481,144176897509546974512.10837481,6907.841950266665
6910,1512.32604566,144176897509546974512.32604566,6909.3863421254655
6911,1512.41481319,144176897509546974512.41481319,6910.016154756132
6912,1512.52461357,144176897509546974512.52461357,6910.79519711741
6913,1512.65912535,144176897509546974512.65912535,6911.749568811851
6914,1512.85060868,144176897509546974512.85060868,6913.108158149596
6915,1512.91485031,144176897509546974512.91485031,6913.563957584239
6916,1513.12089277,144176897509546974513.12089277,6915.025845098306
6917,1513.20439007,144176897509546974513.20439007,6915.6182650312085
6918,1513.35160438,144176897509546974513.35160438,6916.662762178451
6919,1513.51937370,144176897509546974513.51937370,6917.853098743795
6920,1513.65676264,144176897509546974513.65676264,6918.827884115494
6921,1513.86915850,144176897509546974513.86915850,6920.334849503956
6922,1513.95108507,144176897509546974513.95108507,6920.916124983551
6923,1514.04581871,144176897509546974514.04581871,6921.588267635498
6924,1514.31262729,144176897509546974514.31262729,6923.481295566478
6925,1514.51807078,144176897509546974514.51807078,6924.938933341126
6926,1514.54894535,144176897509546974514.54894535,6925.1579908518215
6927,1514.64651206,144176897509546974514.64651206,6925.850234358998
6928,1514.78110091,144176897509546974514.78110091,6926.80515287117
6929,1514.95038029,144176897509546974514.95038029,6928.006203431385
6930,1515.19591051,144176897509546974515.19591051,6929.748259718929
6931,1515.37483726,144176897509546974515.37483726,6931.017759130641
6932,1515.53699417,144176897509546974515.53699417,6932.168275204118
6933,1515.59384544,144176897509546974515.59384544,6932.571639451331
6934,1515.83747194,144176897509546974515.83747194,6934.300188695238
6935,1515.89499174,144176897509546974515.89499174,6934.70829621556
6936,1516.03316694,144176897509546974516.03316694,6935.688660164009
6937,1516.10212757,144176897509546974516.10212757,6936.177941276063
6938,1516.15606846,144176897509546974516.15606846,6936.560656147496
6939,1516.38156821,144176897509546974516.38156821,6938.1605946696345
6940,1516.51382265,144176897509546974516.51382265,6939.098950358632
6941,1516.70113783,144176897509546974516.70113783,6940.427966343187
6942,1516.80764023,144176897509546974516.80764023,6941.183609276096
6943,1516.92946351,144176897509546974516.92946351,6942.047955061692
6944,1517.05630615,144176897509546974517.05630615,6942.947913602602
6945,1517.30176026,144176897509546974517.30176026,6944.6894298836905
6946,1517.33569809,144176897509546974517.33569809,6944.930221465831
6947,1517.55531080,144176897509546974517.55531080,6946.488390974579
6948,1517.64243099,144176897509546974517.64243099,6947.106515597941
6949,1517.73541440,144176897509546974517.73541440,6947.766240229915
6950,1517.90586224,144176897509546974517.90586224,6948.975581106041
6951,1518.02290279,144176897509546974518.02290279,6949.805993044844
6952,1518.14162774,144176897509546974518.14162774,6950.648355934577
6953,1518.40632028,144176897509546974518.40632028,6952.526370394765
6954,1518.49786839,144176897509546974518.49786839,6953.175911459968
6955,1518.55013561,144176897509546974518.55013561,6953.546751510669
6956,1518.71267936,144176897509546974518.71267936,6954.700012244474
6957,1518.95281755,144176897509546974518.95281755,6956.403811653643
6958,1519.03194803,144176897509546974519.03194803,6956.965248654027
6959,1519.30521304,144176897509546974519.30521304,6958.904085465383
6960,1519.42435115,144176897509546974519.42435115,6959.749379757921
6961,1519.56286795,144176897509546974519.56286795,6960.7321673853285
6962,1519.76751220,144176897509546974519.76751220,6962.184134489102
6963,1519.79735084,144176897509546974519.79735084,6962.395841994694
6964,1519.95196941,144176897509546974519.95196941,6963.492872950964
6965,1520.04096331,144176897509546974520.04096331,6964.124291694645
6966,1520.16138155,144176897509546974520.16138155,6964.978668610557
6967,1520.29365469,144176897509546974520.29365469,6965.91715697753
6968,1520.43557797,144176897509546974520.43557797,6966.924113849368
6969,1520.60728832,144176897509546974520.60728832,6968.142412333579
6970,1520.67612399,144176897509546974520.67612399,6968.630806844571
6971,1520.88930571,144176897509546974520.88930571,6970.143347971752
6972,1521.01075437,144176897509546974521.01075437,6971.005035798882
6973,1521.09010527,144176897509546974521.09010527,6971.568036696562
6974,1521.29844524,144176897509546974521.29844524,6973.046225225392
6975,1521.42392097,144176897509546974521.42392097,6973.93648543198
6976,1521.62977776,144176897509546974521.62977776,6975.397055602744
6977,1521.71994345,144176897509546974521.71994345,6976.0367882889495
6978,1521.89876093,144176897509546974521.89876093,6977.305512421388
6979,1521.99428795,144176897509546974521.99428795,6977.983284167047
6980,1522.08757656,144176897509546974522.08757656,6978.645174217106
6981,1522.24598202,144176897509546974522.24598202,6979.769073456777
6982,1522.34099714,144176897509546974522.34099714,6980.443213231538
6983,1522.56537693,144176897509546974522.56537693,6982.035205549092
6984,1522.69097210,144176897509546974522.69097210,6982.926313191905
6985,1522.82195736,144176897509546974522.82195736,6983.855663948641
6986,1522.92985320,144176897509546974522.92985320,6984.621193448318
6987,1523.07052355,144176897509546974523.07052355,6985.619260682927
6988,1523.24814779,144176897509546974523.24814779,6986.879518683398
6989,1523.35281631,144176897509546974523.35281631,6987.622150092981
6990,1523.51612859,144176897509546974523.51612859,6988.780863607787
6991,1523.63311987,144176897509546974523.63311987,6989.610925972053
6992,1523.84171978,144176897509546974523.84171978,6991.090958795698
6993,1524.00074886,144176897509546974524.00074886,6992.219282668483
6994,1524.15596133,144176897509546974524.15596133,6993.320527392122
6995,1524.26443296,144176897509546974524.26443296,6994.090142167288
6996,1524.54162597,144176897509546974524.54162597,6996.056848448632
6997,1524.71269289,144176897509546974524.71269289,6997.270581746215
6998,1524.81216617,144176897509546974524.81216617,6997.976352518002
6999,1524.87833404,144176897509546974524.87833404,6998.445818777459
7000,1525.07621340,144176897509546974525.07621340,6999.849788452814
7001,1525.19750894,144176897509546974525.19750894,7000.710389881461
7002,1525.29548901,144176897509546974525.29548901,7001.405566210459
7003,1525.40320370,144176897509546974525.40320370,7002.169810436589
7004,1525.61276589,144176897509546974525.61276589,7003.656670712774
7005,1525.65359260,144176897509546974525.65359260,7003.946339442168
7006,1525.78977368,144176897509546974525.78977368,7004.912554951846
7007,1525.96031895,144176897509546974525.96031895,7006.122587101511
7008,1526.13723543,144176897509546974526.13723543,7007.377823488927
7009,1526.25865383,144176897509546974526.25865383,7008.23929661897
7010,1526.44250761,144176897509546974526.44250761,7009.543753697361
7011,1526.59015486,144176897509546974526.59015486,7010.59132258807
7012,1526.67155318,144176897509546974526.67155318,7011.168850092227
7013,1526.80858000,144176897509546974526.80858000,7012.141066193948
7014,1527.00990722,144176897509546974527.00990722,7013.569498708101
7015,1527.17501964,144176897509546974527.17501964,7014.740984358268
7016,1527.23653565,144176897509546974527.23653565,7015.177445303912
7017,1527.35239547,144176897509546974527.35239547,7015.9994798701855
7018,1527.55095738,144176897509546974527.55095738,7017.408292291655
7019,1527.72349103,144176897509546974527.72349103,7018.632432154339
7020,1527.85935462,144176897509546974527.85935462,7019.596395047411
7021,1527.93975379,144176897509546974527.93975379,7020.1668335034665
7022,1528.07077720,144176897509546974528.07077720,7021.096454937464
7023,1528.24921023,144176897509546974528.24921023,7022.362451366812
7024,1528.39486692,144176897509546974528.39486692,7023.395897077232
7025,1528.49089967,144176897509546974528.49089967,7024.077257017151
7026,1528.59804306,144176897509546974528.59804306,7024.837447824696
7027,1528.69071398,144176897509546974528.69071398,7025.494955315458
7028,1528.82937269,144176897509546974528.82937269,7026.478749805514
7029,1529.02252703,144176897509546974529.02252703,7027.849195091082
7030,1529.13992035,144176897509546974529.13992035,7028.682109960876
7031,1529.30112298,144176897509546974529.30112298,7029.825855342443
7032,1529.44389286,144176897509546974529.44389286,7030.838818908092
7033,1529.59295324,144176897509546974529.59295324,7031.8964140676735
7034,1529.69542278,144176897509546974529.69542278,7032.623443540619
7035,1529.89437997,144176897509546974529.89437997,7034.035060504883
7036,1529.99913138,144176897509546974529.99913138,7034.778280025558
7037,1530.18932450,144176897509546974530.18932450,7036.127715221534
7038,1530.29471484,144176897509546974530.29471484,7036.875468000982
7039,1530.42913969,144176897509546974530.42913969,7037.8292229202125
7040,1530.55627160,144176897509546974530.55627160,7038.731233854602
7041,1530.75036288,144176897509546974530.75036288,7040.108326803411
7042,1530.87714155,144176897509546974530.87714155,7041.007831472123
7043,1531.01250060,144176897509546974531.01250060,7041.9682146140785
7044,1531.16561870,144176897509546974531.16561870,7043.054599617284
7045,1531.32206141,144176897509546974531.32206141,7044.1645729908105
7046,1531.52800091,144176897509546974531.52800091,7045.625729995552
7047,1531.70697511,144176897509546974531.70697511,7046.895566068758
7048,1531.79940069,144176897509546974531.79940069,7047.551332852859
7049,1531.85876978,144176897509546974531.85876978,7047.972561231672
7050,1532.09067273,144176897509546974532.09067273,7049.617930963135
7051,1532.13714277,144176897509546974532.13714277,7049.947639564238
7052,1532.22879513,144176897509546974532.22879513,7050.597920291418
7053,1532.50244726,144176897509546974532.50244726,7052.539503749724
7054,1532.62352114,144176897509546974532.62352114,7053.398532483178
7055,1532.74426913,144176897509546974532.74426913,7054.255249001365
7056,1532.84122347,144176897509546974532.84122347,7054.943147695064
7057,1533.00193388,144176897509546974533.00193388,7056.083400736887
7058,1533.18011872,144176897509546974533.18011872,7057.347636238598
7059,1533.28277895,144176897509546974533.28277895,7058.076018672142
7060,1533.38005415,144176897509546974533.38005415,7058.766193892863
7061,1533.52452275,144176897509546974533.52452275,7059.791210010972
7062,1533.61459588,144176897509546974533.61459588,7060.430285976673
7063,1533.83076638,144176897509546974533.83076638,7061.964032733819
7064,1534.04591442,144176897509546974534.04591442,7063.490525056577
7065,1534.22161024,144176897509546974534.22161024,7064.737100764961
7066,1534.30192238,144176897509546974534.30192238,7065.306921736299
7067,1534.53037192,144176897509546974534.53037192,7066.927789251277
7068,1534.64290646,144176897509546974534.64290646,7067.726230693528
7069,1534.74689428,144176897509546974534.74689428,7068.464032482892
7070,1534.78268024,144176897509546974534.78268024,7068.717936693233
7071,1535.01859900,144176897509546974535.01859900,7070.391798913564
7072,1535.13775335,144176897509546974535.13775335,7071.237208430184
7073,1535.29784797,144176897509546974535.29784797,7072.37309239336
7074,1535.38900338,144176897509546974535.38900338,7073.019847221072
7075,1535.57757316,144176897509546974535.57757316,7074.357764691637
7076,1535.67425420,144176897509546974535.67425420,7075.043724300269
7077,1535.87898059,144176897509546974535.87898059,7076.496274193824
7078,1536.01782897,144176897509546974536.01782897,7077.481414407499
7079,1536.14394327,144176897509546974536.14394327,7078.376205318631
7080,1536.29855073,144176897509546974536.29855073,7079.473157448574
7081,1536.48536637,144176897509546974536.48536637,7080.798629157407
7082,1536.56730637,144176897509546974536.56730637,7081.379999923912
7083,1536.58975766,144176897509546974536.58975766,7081.539293598263
7084,1536.72925540,144176897509546974536.72925540,7082.529041072383
7085,1536.89614679,144176897509546974536.89614679,7083.713148655093
7086,1537.11073312,144176897509546974537.11073312,7085.235655601071
7087,1537.33228043,144176897509546974537.33228043,7086.807551249493
7088,1537.47216981,144176897509546974537.47216981,7087.800077440321
7089,1537.58039206,144176897509546974537.58039206,7088.567922844706
7090,1537.71599725,144176897509546974537.71599725,7089.530052369386
7091,1537.80413774,144176897509546974537.80413774,7090.1554161017675
7092,1537.89051900,144176897509546974537.89051900,7090.768297958465
7093,1538.14775199,144176897509546974538.14775199,7092.593386322714
7094,1538.22172935,144176897509546974538.22172935,7093.118261530026
7095,1538.27925959,144176897509546974538.27925959,7093.526443122972
7096,1538.52017656,144176897509546974538.52017656,7095.2357680377
7097,1538.64063104,144176897509546974538.64063104,7096.090402079272
7098,1538.79857080,144176897509546974538.79857080,7097.210997140693
7099,1538.97679294,144176897509546974538.97679294,7098.475497288848
7100,1539.02907659,144176897509546974539.02907659,7098.846453911695
7101,1539.16419550,144176897509546974539.16419550,7099.805133241399
7102,1539.33176440,144176897509546974539.33176440,7100.994047811027
7103,1539.38266858,144176897509546974539.38266858,7101.35521698536
7104,1539.53795571,144176897509546974539.53795571,7102.456991427591
7105,1539.77650792,144176897509546974539.77650792,7104.1495381834975
7106,1539.89428151,144176897509546974539.89428151,7104.985151098951
7107,1539.99662198,144176897509546974539.99662198,7105.711264810061
7108,1540.23837665,144176897509546974540.23837665,7107.426533272398
7109,1540.31532558,144176897509546974540.31532558,7107.972492003369
7110,1540.46800518,144176897509546974540.46800518,7109.05576581447
7111,1540.61098678,144176897509546974540.61098678,7110.070231550228
7112,1540.66592785,144176897509546974540.66592785,7110.460042777692
7113,1540.76418067,144176897509546974540.76418067,7111.157154289464
7114,1541.02149800,144176897509546974541.02149800,7112.982841052669
7115,1541.07513696,144176897509546974541.07513696,7113.363413706925
7116,1541.22041929,144176897509546974541.22041929,7114.394203303601
7117,1541.37121891,144176897509546974541.37121891,7115.464138508238
7118,1541.61580217,144176897509546974541.61580217,7117.19947603985
7119,1541.69814166,144176897509546974541.69814166,7117.783681219432
7120,1541.95386831,144176897509546974541.95386831,7119.598081982503
7121,1542.13634140,144176897509546974542.13634140,7120.892742956383
7122,1542.21266480,144176897509546974542.21266480,7121.434263502639
7123,1542.36468772,144176897509546974542.36468772,7122.512878117316
7124,1542.53251015,144176897509546974542.53251015,7123.703591502302
7125,1542.63310054,144176897509546974542.63310054,7124.4172882576995
7126,1542.83829148,144176897509546974542.83829148,7125.873134170166
7127,1542.93203972,144176897509546974542.93203972,7126.538285331348
7128,1543.09030221,144176897509546974543.09030221,7127.661170187586
7129,1543.21650733,144176897509546974543.21650733,7128.556605473786
7130,1543.34410420,144176897509546974543.34410420,7129.461915336069
7131,1543.52779190,144176897509546974543.52779190,7130.7651940637525
7132,1543.56096105,144176897509546974543.56096105,7131.000531800631
7133,1543.70462746,144176897509546974543.70462746,7132.019856317383
7134,1544.01105684,144176897509546974544.01105684,7134.1939969511395
7135,1544.17503952,144176897509546974544.17503952,7135.357467006851
7136,1544.21189817,144176897509546974544.21189817,7135.618982037396
7137,1544.31650578,144176897509546974544.31650578,7136.3611812857225
7138,1544.34127220,144176897509546974544.34127220,7136.536900990128
7139,1544.58231674,144176897509546974544.58231674,7138.2471310240735
7140,1544.75258598,144176897509546974544.75258598,7139.4552047191055
7141,1544.84800192,144176897509546974544.84800192,7140.1321883433975
7142,1545.08196446,144176897509546974545.08196446,7141.792171028449
7143,1545.18919908,144176897509546974545.18919908,7142.5530091200435
7144,1545.24220434,144176897509546974545.24220434,7142.929085622789
7145,1545.34811398,144176897509546974545.34811398,7143.680522876718
7146,1545.44644001,144176897509546974545.44644001,7144.378153819218
7147,1545.66156627,144176897509546974545.66156627,7145.904491611156
7148,1545.78421958,144176897509546974545.78421958,7146.7747265251055
7149,1545.93935604,144176897509546974545.93935604,7147.875431951796
7150,1546.07992065,144176897509546974546.07992065,7148.872748952761
7151,1546.12130832,144176897509546974546.12130832,7149.166397737624
7152,1546.41910238,144176897509546974546.41910238,7151.279270094503
7153,1546.63857565,144176897509546974546.63857565,7152.836450265447
7154,1546.70964767,144176897509546974546.70964767,7153.340711856176
7155,1546.74155101,144176897509546974546.74155101,7153.56706857121
7156,1546.92597635,144176897509546974546.92597635,7154.875580912907
7157,1547.08084743,144176897509546974547.08084743,7155.974403447553
7158,1547.33490621,144176897509546974547.33490621,7157.776970541351
7159,1547.39701078,144176897509546974547.39701078,7158.2176073666415
7160,1547.52771867,144176897509546974547.52771867,7159.144990161339
7161,1547.68023678,144176897509546974547.68023678,7160.227118188145
7162,1547.87393358,144176897509546974547.87393358,7161.601412270223
7163,1547.91966759,144176897509546974547.91966759,7161.925898680389
7164,1548.11915787,144176897509546974548.11915787,7163.341297960274
7165,1548.21443078,144176897509546974548.21443078,7164.017266775429
7166,1548.38870166,144176897509546974548.38870166,7165.25373242206
7167,1548.53383034,144176897509546974548.53383034,7166.283431859861
7168,1548.64988224,144176897509546974548.64988224,7167.106829248893
7169,1548.73385149,144176897509546974548.73385149,7167.70259770429
7170,1548.87653737,144176897509546974548.87653737,7168.71496528331
7171,1549.06240277,144176897509546974549.06240277,7170.033694964353
7172,1549.20845080,144176897509546974549.20845080,7171.069917262957
7173,1549.38851986,144176897509546974549.38851986,7172.347521454267
7174,1549.44757150,144176897509546974549.44757150,7172.766497500277
7175,1549.58905811,144176897509546974549.58905811,7173.770356164005
7176,1549.67715399,144176897509546974549.67715399,7174.395403384916
7177,1549.84076046,144176897509546974549.84076046,7175.556204200989
7178,1550.04426360,144176897509546974550.04426360,7177.000075039258
7179,1550.09450683,144176897509546974550.09450683,7177.356554721181
7180,1550.34536911,144176897509546974550.34536911,7179.136442395219
7181,1550.50086527,144176897509546974550.50086527,7180.239699921795
7182,1550.61430083,144176897509546974550.61430083,7181.044534172052
7183,1550.87211469,144176897509546974550.87211469,7182.873743854791
7184,1550.98434157,144176897509546974550.98434157,7183.670002425062
7185,1551.11207726,144176897509546974551.11207726,7184.5762972262
7186,1551.25259568,144176897509546974551.25259568,7185.573286505471
7187,1551.29906754,144176897509546974551.29906754,7185.903008019616
7188,1551.51994826,144176897509546974551.51994826,7187.470174159382
7189,1551.66094584,144176897509546974551.66094584,7188.470563116666
7190,1551.83739508,144176897509546974551.83739508,7189.722484399408
7191,1551.90994936,144176897509546974551.90994936,7190.237262741814
7192,1552.01257245,144176897509546974552.01257245,7190.965381664128
7193,1552.07889106,144176897509546974552.07889106,7191.4359174357805
7194,1552.23988396,144176897509546974552.23988396,7192.578174766446
7195,1552.46333218,144176897509546974552.46333218,7194.163557521333
7196,1552.63731254,144176897509546974552.63731254,7195.397961905637
7197,1552.75224249,144176897509546974552.75224249,7196.213398970878
7198,1552.84319292,144176897509546974552.84319292,7196.8586994493135
7199,1552.95033949,144176897509546974552.95033949,7197.618912819209
7200,1553.17883585,144176897509546974553.17883585,7199.240112525783
7201,1553.33671626,144176897509546974553.33671626,7200.360286494269
7202,1553.49868522,144176897509546974553.49868522,7201.509469047663
7203,1553.64674843,144176897509546974553.64674843,7202.559989207399
7204,1553.89368805,144176897509546974553.89368805,7204.31204529917
7205,1553.94682228,144176897509546974553.94682228,7204.689036854243
7206,1554.13629139,144176897509546974554.13629139,7206.033335142131
7207,1554.22568201,144176897509546974554.22568201,7206.667568645521
7208,1554.28492553,144176897509546974554.28492553,7207.087906095275
7209,1554.44583321,144176897509546974554.44583321,7208.229558783315
7210,1554.67412848,144176897509546974554.67412848,7209.849331740469
7211,1554.74377075,144176897509546974554.74377075,7210.343449142117
7212,1554.87287674,144176897509546974554.87287674,7211.259466329896
7213,1554.90980979,144176897509546974554.90980979,7211.521509234311
7214,1555.17624724,144176897509546974555.17624724,7213.411903968653
7215,1555.30891516,144176897509546974555.30891516,7214.353193330881
7216,1555.48380989,144176897509546974555.48380989,7215.594085242496
7217,1555.56873291,144176897509546974555.56873291,7216.196620771312
7218,1555.68766473,144176897509546974555.68766473,7217.040451420021
7219,1555.85003357,144176897509546974555.85003357,7218.192471153572
7220,1556.03123620,144176897509546974556.03123620,7219.47811811349
7221,1556.11064722,144176897509546974556.11064722,7220.041545567314
7222,1556.25084976,144176897509546974556.25084976,7221.0362936530555
7223,1556.38405938,144176897509546974556.38405938,7221.981426419533
7224,1556.49972489,144176897509546974556.49972489,7222.802082341022
7225,1556.64652372,144176897509546974556.64652372,7223.843631624876
7226,1556.74419094,144176897509546974556.74419094,7224.536588258435
7227,1556.94907384,144176897509546974556.94907384,7225.990248602792
7228,1557.00561525,144176897509546974557.00561525,7226.391414368852
7229,1557.23083481,144176897509546974557.23083481,7227.989364920828
7230,1557.31482589,144176897509546974557.31482589,7228.585288261799
7231,1557.52189204,144176897509546974557.52189204,7230.054438937203
7232,1557.58060704,144176897509546974557.58060704,7230.471026495847
7233,1557.83763670,144176897509546974557.83763670,7232.294672217699
7234,1557.87072287,144176897509546974557.87072287,7232.529421204928
7235,1558.05950614,144176897509546974558.05950614,7233.868853403893
7236,1558.16482043,144176897509546974558.16482043,7234.616066602589
7237,1558.33589390,144176897509546974558.33589390,7235.829846372939
7238,1558.49880834,144176897509546974558.49880834,7236.985737181548
7239,1558.67048013,144176897509546974558.67048013,7238.203762079515
7240,1558.75499012,144176897509546974558.75499012,7238.803367127887
7241,1558.98158838,144176897509546974558.98158838,7240.411099665167
7242,1559.04772923,144176897509546974559.04772923,7240.8803742155915
7243,1559.14577234,144176897509546974559.14577234,7241.575997818364
7244,1559.31173718,144176897509546974559.31173718,7242.753531455703
7245,1559.55735863,144176897509546974559.55735863,7244.496235027297
7246,1559.71270755,144176897509546974559.71270755,7245.598447874454
7247,1559.89358753,144176897509546974559.89358753,7246.88180560716
7248,1559.94630162,144176897509546974559.94630162,7247.255816235776
7249,1560.09179144,144176897509546974560.09179144,7248.288077990377
7250,1560.21270421,144176897509546974560.21270421,7249.145963635667
7251,1560.35288930,144176897509546974560.35288930,7250.140587912281
7252,1560.61035097,144176897509546974560.61035097,7251.967298779176
7253,1560.69200584,144176897509546974560.69200584,7252.54664652583
7254,1560.74545125,144176897509546974560.74545125,7252.925845927561
7255,1560.99058275,144176897509546974560.99058275,7254.665073265239
7256,1561.11431914,144176897509546974561.11431914,7255.542992717262
7257,1561.25902679,144176897509546974561.25902679,7256.569704913985
7258,1561.29169677,144176897509546974561.29169677,7256.80150100032
7259,1561.55028567,144176897509546974561.55028567,7258.636209653024
7260,1561.62075673,144176897509546974561.62075673,7259.136207385128
7261,1561.82762916,144176897509546974561.82762916,7260.6039836018435
7262,1561.94920036,144176897509546974561.94920036,7261.466540859946
7263,1562.12511452,144176897509546974562.12511452,7262.71466570786
7264,1562.22270164,144176897509546974562.22270164,7263.407054025597
7265,1562.26663100,144176897509546974562.26663100,7263.718736301595
7266,1562.45975257,144176897509546974562.45975257,7265.088949081427
7267,1562.63103854,144176897509546974562.63103854,7266.304236556047
7268,1562.77289462,144176897509546974562.77289462,7267.310716638582
7269,1562.86163870,144176897509546974562.86163870,7267.940362889647
7270,1563.09816747,144176897509546974563.09816747,7269.618553179069
7271,1563.17324062,144176897509546974563.17324062,7270.151203102909
7272,1563.24549654,144176897509546974563.24549654,7270.663864557569
7273,1563.40632368,144176897509546974563.40632368,7271.804945807953
7274,1563.51578051,144176897509546974563.51578051,7272.581550654869
7275,1563.81772450,144176897509546974563.81772450,7274.7238670926
7276,1563.90946724,144176897509546974563.90946724,7275.374789073012
7277,1564.15611191,144176897509546974564.15611191,7277.124752471256
7278,1564.21235425,144176897509546974564.21235425,7277.523796312064
7279,1564.32532322,144176897509546974564.32532322,7278.325320069449
7280,1564.46353554,144176897509546974564.46353554,7279.305947387227
7281,1564.48959746,144176897509546974564.48959746,7279.49085876637
7282,1564.67397499,144176897509546974564.67397499,7280.799031892344
7283,1564.80918292,144176897509546974564.80918292,7281.758342825973
7284,1564.96411116,144176897509546974564.96411116,7282.85757091533
7285,1565.16177427,144176897509546974565.16177427,7284.260006279869
7286,1565.21426426,144176897509546974565.21426426,7284.632426901301
7287,1565.35902484,144176897509546974565.35902484,7285.6595146405525
7288,1565.49603265,144176897509546974565.49603265,7286.631595864824
7289,1565.70226517,144176897509546974565.70226517,7288.094831869589
7290,1565.88360436,144176897509546974565.88360436,7289.3814477334845
7291,1565.98026086,144176897509546974565.98026086,7290.06723322888
7292,1566.16871420,144176897509546974566.16871420,7291.404324548455
7293,1566.39644975,144176897509546974566.39644975,7293.020126248039
7294,1566.47704320,144176897509546974566.47704320,7293.591943136026
7295,1566.62776847,144176897509546974566.62776847,7294.661350821546
7296,1566.75657365,144176897509546974566.75657365,7295.575233738636
7297,1566.88435049,144176897509546974566.88435049,7296.481820502271
7298,1566.98475575,144176897509546974566.98475575,7297.194203745708
7299,1567.13875819,144176897509546974567.13875819,7298.286863211005
7300,1567.22382062,144176897509546974567.22382062,7298.890387864773
7301,1567.28007930,144176897509546974567.28007930,7299.28954763917
7302,1567.44956211,144176897509546974567.44956211,7300.49204155129
7303,1567.60073320,144176897509546974567.60073320,7301.564612364892
7304,1567.76371894,144176897509546974567.76371894,7302.721009052628
7305,1567.90392284,144176897509546974567.90392284,7303.715766787677
7306,1568.04059746,144176897509546974568.04059746,7304.6854840026035
7307,1568.19420843,144176897509546974568.19420843,7305.7753659573555
7308,1568.36025175,144176897509546974568.36025175,7306.953456416488
7309,1568.45712369,144176897509546974568.45712369,7307.640770475685
7310,1568.65446272,144176897509546974568.65446272,7309.040906467048
7311,1568.79128046,144176897509546974568.79128046,7310.01163912967
7312,1568.84865226,144176897509546974568.84865226,7310.418696578312
7313,1569.09982543,144176897509546974569.09982543,7312.200790041434
7314,1569.23072686,144176897509546974569.23072686,7313.129546017704
7315,1569.31094941,144176897509546974569.31094941,7313.698731340922
7316,1569.44301387,144176897509546974569.44301387,7314.635739106826
7317,1569.65735884,144176897509546974569.65735884,7316.156533584557
7318,1569.82098749,144176897509546974569.82098749,7317.31749176948
7319,1570.06991327,144176897509546974570.06991327,7319.083639823193
7320,1570.17324515,144176897509546974570.17324515,7319.816787666492
7321,1570.21569041,144176897509546974570.21569041,7320.117940135869
7322,1570.44531321,144176897509546974570.44531321,7321.747132023138
7323,1570.57781850,144176897509546974570.57781850,7322.6872675126815
7324,1570.71150738,144176897509546974570.71150738,7323.635800666681
7325,1570.79503782,144176897509546974570.79503782,7324.228455730498
7326,1571.05993117,144176897509546974571.05993117,7326.107894953484
7327,1571.13858858,144176897509546974571.13858858,7326.665975484884
7328,1571.29978771,144176897509546974571.29978771,7327.809696033675
7329,1571.42793433,144176897509546974571.42793433,7328.718906415593
7330,1571.54545406,144176897509546974571.54545406,7329.552718174313
7331,1571.60530142,144176897509546974571.60530142,7329.97733991652
7332,1571.75922065,144176897509546974571.75922065,7331.069409000299
7333,1571.94594803,144176897509546974571.94594803,7332.394254497467
7334,1572.12572984,144176897509546974572.12572984,7333.669820627358
7335,1572.19973086,144176897509546974572.19973086,7334.194863704237
7336,1572.37454164,144176897509546974572.37454164,7335.4351599839765
7337,1572.47368977,144176897509546974572.47368977,7336.138623790855
7338,1572.61066575,144176897509546974572.61066575,7337.110479178764
7339,1572.71877242,144176897509546974572.71877242,7337.877504533927
7340,1572.88474014,144176897509546974572.88474014,7339.055058605094
7341,1572.97634081,144176897509546974572.97634081,7339.704972587645
7342,1573.14051912,144176897509546974573.14051912,7340.869830653645
7343,1573.26241633,144176897509546974573.26241633,7341.734700978425
7344,1573.57388034,144176897509546974573.57388034,7343.944562709353
7345,1573.62126649,144176897509546974573.62126649,7344.280771183202
7346,1573.78907210,144176897509546974573.78907210,7345.47136522896
7347,1573.92122688,144176897509546974573.92122688,7346.409013822392
7348,1574.08960806,144176897509546974574.08960806,7347.603691582723
7349,1574.17623329,144176897509546974574.17623329,7348.2183044258245
7350,1574.27695592,144176897509546974574.27695592,7348.932939434458
7351,1574.46229897,144176897509546974574.46229897,7350.2479630010275
7352,1574.52525717,144176897509546974574.52525717,7350.694656398535
7353,1574.65249296,144176897509546974574.65249296,7351.597404369722
7354,1574.82531224,144176897509546974574.82531224,7352.823570799797
7355,1574.91079147,144176897509546974574.91079147,7353.430052682459
7356,1575.07969623,144176897509546974575.07969623,7354.628445284209
7357,1575.26979321,144176897509546974575.26979321,7355.977198359298
7358,1575.37519248,144176897509546974575.37519248,7356.725014497801
7359,1575.52558277,144176897509546974575.52558277,7357.792045473784
7360,1575.70254125,144176897509546974575.70254125,7359.047579854515
7361,1575.81122098,144176897509546974575.81122098,7359.818671115603
7362,1575.90357749,144176897509546974575.90357749,7360.473947842603
7363,1576.14832364,144176897509546974576.14832364,7362.21044109162
7364,1576.30921370,144176897509546974576.30921370,7363.35196876437
7365,1576.43454202,144176897509546974576.43454202,7364.241183085374
7366,1576.46291447,144176897509546974576.46291447,7364.442487857209
7367,1576.61342973,144176897509546974576.61342973,7365.510405505205
7368,1576.90922898,144176897509546974576.90922898,7367.609124527708
7369,1577.02344070,144176897509546974577.02344070,7368.419465694418
7370,1577.12554684,144176897509546974577.12554684,7369.143916815685
7371,1577.27730960,144176897509546974577.27730960,7370.220685574631
7372,1577.39324338,144176897509546974577.39324338,7371.0432448929405
7373,1577.51875291,144176897509546974577.51875291,7371.933744913196
7374,1577.72039044,144176897509546974577.72039044,7373.364379101286
7375,1577.88571178,144176897509546974577.88571178,7374.537347055342
7376,1577.99337740,144176897509546974577.99337740,7375.301243125949
7377,1578.08772267,144176897509546974578.08772267,7375.970630262098
7378,1578.20789748,144176897509546974578.20789748,7376.82328002295
7379,1578.31771719,144176897509546974578.31771719,7377.602459532102
7380,1578.64792757,144176897509546974578.64792757,7379.945328237598
7381,1578.82317919,144176897509546974578.82317919,7381.188752311927
7382,1578.86853933,144176897509546974578.86853933,7381.510586084938
7383,1578.95577308,144176897509546974578.95577308,7382.1295164254625
7384,1579.14704549,144176897509546974579.14704549,7383.486609269164
7385,1579.32152787,144176897509546974579.32152787,7384.724575524986
7386,1579.45311195,144176897509546974579.45311195,7385.6581749568795
7387,1579.54075793,144176897509546974579.54075793,7386.280030101786
7388,1579.64593946,144176897509546974579.64593946,7387.026301357805
7389,1579.77451870,144176897509546974579.77451870,7387.938581212764
7390,1579.91749699,144176897509546974579.91749699,7388.9530234638105
7391,1580.11806307,144176897509546974580.11806307,7390.376055629596
7392,1580.25925480,144176897509546974580.25925480,7391.377822096451
7393,1580.44336029,144176897509546974580.44336029,7392.684065077156
7394,1580.45881934,144176897509546974580.45881934,7392.793748256897
7395,1580.66035947,144176897509546974580.66035947,7394.223691384301
7396,1580.85138057,144176897509546974580.85138057,7395.579001163718
7397,1580.89876128,144176897509546974580.89876128,7395.9151710403385
7398,1580.94907427,144176897509546974580.94907427,7396.272145674966
7399,1581.05964345,144176897509546974581.05964345,7397.056642732916
7400,1581.28689622,144176897509546974581.28689622,7398.669019070298
7401,1581.51641459,144176897509546974581.51641459,7400.297470018477
7402,1581.72150400,144176897509546974581.72150400,7401.752595567581
7403,1581.84286272,144176897509546974581.84286272,7402.6136452633145
7404,1582.00361091,144176897509546974582.00361091,7403.754166357218
7405,1582.14824078,144176897509546974582.14824078,7404.780326698704
7406,1582.25671154,144176897509546974582.25671154,7405.549935301151
7407,1582.31898020,144176897509546974582.31898020,7405.991736357942
7408,1582.54769162,144176897509546974582.54769162,7407.614461932187
7409,1582.64637207,144176897509546974582.64637207,7408.314607512557
7410,1582.76253570,144176897509546974582.76253570,7409.138797634756
7411,1582.91932918,144176897509546974582.91932918,7410.251259749114
7412,1583.02032469,144176897509546974583.02032469,7410.967830862883
7413,1583.34007118,144176897509546974583.34007118,7413.236457443044
7414,1583.44207379,144176897509546974583.44207379,7413.96017401079
7415,1583.46928584,144176897509546974583.46928584,7414.1532456530485
7416,1583.63250660,144176897509546974583.63250660,7415.311309826232
7417,1583.71761964,144176897509546974583.71761964,7415.915193561945
7418,1583.80568685,144176897509546974583.80568685,7416.540037366944
7419,1583.99773584,144176897509546974583.99773584,7417.90264010703
7420,1584.08726756,144176897509546974584.08726756,7418.537874726054
7421,1584.31847573,144176897509546974584.31847573,7420.178314938587
7422,1584.44257292,144176897509546974584.44257292,7421.058794295084
7423,1584.55770201,144176897509546974584.55770201,7421.87564427434
7424,1584.63246148,144176897509546974584.63246148,7422.406068613825
7425,1584.83943881,144176897509546974584.83943881,7423.874589104319
7426,1584.91993552,144176897509546974584.91993552,7424.445719614373
7427,1585.09433021,144176897509546974585.09433021,7425.683063702725
7428,1585.30195745,144176897509546974585.30195745,7427.1561953559585
7429,1585.44147279,144176897509546974585.44147279,7428.146067703468
7430,1585.57460789,144176897509546974585.57460789,7429.090671744664
7431,1585.61855293,144176897509546974585.61855293,7429.4024652715
7432,1585.75979205,144176897509546974585.75979205,7430.404567974146
7433,1586.05537192,144176897509546974586.05537192,7432.501730478236
7434,1586.13167689,144176897509546974586.13167689,7433.043120262188
7435,1586.30218248,144176897509546974586.30218248,7434.2528708791215
7436,1586.34271953,144176897509546974586.34271953,7434.540484447956
7437,1586.50718373,144176897509546974586.50718373,7435.7073709260685
7438,1586.64694219,144176897509546974586.64694219,7436.698968229164
7439,1586.89409475,144176897509546974586.89409475,7438.45253514704
7440,1587.00579268,144176897509546974587.00579268,7439.245040775317
7441,1587.14369053,144176897509546974587.14369053,7440.223436903628
7442,1587.26780237,144176897509546974587.26780237,7441.104020203031
7443,1587.44293406,144176897509546974587.44293406,7442.346593364546
7444,1587.50472758,144176897509546974587.50472758,7442.785023265539
7445,1587.70755402,144176897509546974587.70755402,7444.224092863906
7446,1587.80303494,144176897509546974587.80303494,7444.901537526426
7447,1588.05080220,144176897509546974588.05080220,7446.659465789312
7448,1588.20335454,144176897509546974588.20335454,7447.74183668067
7449,1588.37538444,144176897509546974588.37538444,7448.962402397348
7450,1588.42395758,144176897509546974588.42395758,7449.307032658922
7451,1588.48929512,144176897509546974588.48929512,7449.7706076615
7452,1588.78965393,144176897509546974588.78965393,7451.901677122033
7453,1588.86099513,144176897509546974588.86099513,7452.407848566107
7454,1588.97384459,144176897509546974588.97384459,7453.208524390609
7455,1589.16018365,144176897509546974589.16018365,7454.530614726732
7456,1589.30646100,144176897509546974589.30646100,7455.568464068833
7457,1589.46030296,144176897509546974589.46030296,7456.659984915864
7458,1589.58207550,144176897509546974589.58207550,7457.523970697155
7459,1589.77331810,144176897509546974589.77331810,7458.880852036554
7460,1589.91908281,144176897509546974589.91908281,7459.915064157398
7461,1589.95965301,144176897509546974589.95965301,7460.202912928099
7462,1590.12226044,144176897509546974590.12226044,7461.356625476529
7463,1590.23755499,144176897509546974590.23755499,7462.174649407543
7464,1590.40106351,144176897509546974590.40106351,7463.334755260636
7465,1590.60188014,144176897509546974590.60188014,7464.759565098443
7466,1590.66500409,144176897509546974590.66500409,7465.207434505281
7467,1590.88543199,144176897509546974590.88543199,7466.771387851411
7468,1590.95457349,144176897509546974590.95457349,7467.261952250389
7469,1591.08102522,144176897509546974591.08102522,7468.159137254001
7470,1591.16542431,144176897509546974591.16542431,7468.75795545812
7471,1591.34484965,144176897509546974591.34484965,7470.030992405229
7472,1591.42841637,144176897509546974591.42841637,7470.62390487851
7473,1591.50077459,144176897509546974591.50077459,7471.137292159744
7474,1591.59773022,144176897509546974591.59773022,7471.825200006095
7475,1591.88979933,144176897509546974591.88979933,7473.897453390925
7476,1592.05862022,144176897509546974592.05862022,7475.095250928406
7477,1592.24255944,144176897509546974592.24255944,7476.400314210339
7478,1592.32813815,144176897509546974592.32813815,7477.007501911452
7479,1592.48639546,144176897509546974592.48639546,7478.130350015182
7480,1592.59560819,144176897509546974592.59560819,7478.905222953334
7481,1592.72053275,144176897509546974592.72053275,7479.791572565274
7482,1592.91115948,144176897509546974592.91115948,7481.144084258419
7483,1593.03907148,144176897509546974593.03907148,7482.051629992921
7484,1593.14603641,144176897509546974593.14603641,7482.810554612682
7485,1593.28591006,144176897509546974593.28591006,7483.802969197918
7486,1593.48825346,144176897509546974593.48825346,7485.238611589364
7487,1593.73908995,144176897509546974593.73908995,7487.018316281316
7488,1593.83256386,144176897509546974593.83256386,7487.681521049499
7489,1593.92779769,144176897509546974593.92779769,7488.35721258897
7490,1593.98467234,144176897509546974593.98467234,7488.760742719128
7491,1594.14371260,144176897509546974594.14371260,7489.889145914896
7492,1594.37433504,144176897509546974594.37433504,7491.525430326855
7493,1594.48313187,144176897509546974594.48313187,7492.297352421685
7494,1594.58331104,144176897509546974594.58331104,7493.00813153873
7495,1594.67402564,144176897509546974594.67402564,7493.651758784704
7496,1594.84118422,144176897509546974594.84118422,7494.837762101551
7497,1594.86691447,144176897509546974594.86691447,7495.020320255869
7498,1595.10877804,144176897509546974595.10877804,7496.7363613723
7499,1595.29993486,144176897509546974595.29993486,7498.0926340958285
7500,1595.46317696,144176897509546974595.46317696,7499.250849677996
7501,1595.63899201,144176897509546974595.63899201,7500.49827133264
7502,1595.80107590,144176897509546974595.80107590,7501.648269323454
7503,1595.86400947,144176897509546974595.86400947,7502.094787969167
7504,1596.05822361,144176897509546974596.05822361,7503.472752619372
7505,1596.17983122,144176897509546974596.17983122,7504.335568209297
7506,1596.25417255,144176897509546974596.25417255,7504.863025812483
7507,1596.40724532,144176897509546974596.40724532,7505.949089195761
7508,1596.57550732,144176897509546974596.57550732,7507.142921364587
7509,1596.65264182,144176897509546974596.65264182,7507.690196729353
7510,1596.87693260,144176897509546974596.87693260,7509.281557513933
7511,1596.98118048,144176897509546974596.98118048,7510.02120444952
7512,1597.10885558,144176897509546974597.10885558,7510.927069359827
7513,1597.16747420,144176897509546974597.16747420,7511.342973094765
7514,1597.45830631,144176897509546974597.45830631,7513.406449866974
7515,1597.62867969,144176897509546974597.62867969,7514.615262443524
7516,1597.74311635,144176897509546974597.74311635,7515.427199577285
7517,1598.00391405,144176897509546974598.00391405,7517.277579840302
7518,1598.07471642,144176897509546974598.07471642,7517.779928243001
7519,1598.20937367,144176897509546974598.20937367,7518.735332058573
7520,1598.23873870,144176897509546974598.23873870,7518.943679263839
7521,1598.41851734,144176897509546974598.41851734,7520.219222902329
7522,1598.53330704,144176897509546974598.53330704,7521.0336648827515
7523,1598.62848364,144176897509546974598.62848364,7521.708950370856
7524,1598.85736337,144176897509546974598.85736337,7523.332870117834
7525,1599.01605171,144176897509546974599.01605171,7524.45877641343
7526,1599.17745873,144176897509546974599.17745873,7525.603971958177
7527,1599.25519363,144176897509546974599.25519363,7526.155507208326
7528,1599.43531167,144176897509546974599.43531167,7527.4334589166
7529,1599.54926176,144176897509546974599.54926176,7528.241943797812
7530,1599.72373971,144176897509546974599.72373971,7529.4798786224355
7531,1599.78848035,144176897509546974599.78848035,7529.939218572409
7532,1600.06451848,144176897509546974600.06451848,7531.897730889013
7533,1600.13528498,144176897509546974600.13528498,7532.399824791231
7534,1600.20067963,144176897509546974600.20067963,7532.863804993767
7535,1600.43184498,144176897509546974600.43184498,7534.503941395022
7536,1600.55840635,144176897509546974600.55840635,7535.401904303085
7537,1600.63725825,144176897509546974600.63725825,7535.961364756385
7538,1600.94495253,144176897509546974600.94495253,7538.144479955464
7539,1600.99832477,144176897509546974600.99832477,7538.523160210271
7540,1601.07967412,144176897509546974601.07967412,7539.100340268413
7541,1601.16825511,144176897509546974601.16825511,7539.728829383058
7542,1601.27570475,144176897509546974601.27570475,7540.49119305852
7543,1601.34327415,144176897509546974601.34327415,7540.970603283932
7544,1601.74730441,144176897509546974601.74730441,7543.837229863711
7545,1601.82588036,144176897509546974601.82588036,7544.394732429983
7546,1601.94773494,144176897509546974601.94773494,7545.259300291549
7547,1602.12523060,144176897509546974602.12523060,7546.5186460067725
7548,1602.18529855,144176897509546974602.18529855,7546.944832852438
7549,1602.38654779,144176897509546974602.38654779,7548.372712092336
7550,1602.51040463,144176897509546974602.51040463,7549.251486146614
7551,1602.56095282,144176897509546974602.56095282,7549.610129543804
7552,1602.66421103,144176897509546974602.66421103,7550.34275469264
7553,1602.86925139,144176897509546974602.86925139,7551.797532228123
7554,1603.09675855,144176897509546974603.09675855,7553.411713482631
7555,1603.19351205,144176897509546974603.19351205,7554.098187200681
7556,1603.32998530,144176897509546974603.32998530,7555.066475679566
7557,1603.42855655,144176897509546974603.42855655,7555.765846477318
7558,1603.52996262,144176897509546974603.52996262,7556.485330546687
7559,1603.69278936,144176897509546974603.69278936,7557.640599116875
7560,1603.78408166,144176897509546974603.78408166,7558.28832518994
7561,1603.87631116,144176897509546974603.87631116,7558.942700770966
7562,1604.08191897,144176897509546974604.08191897,7560.401504408982
7563,1604.18685834,144176897509546974604.18685834,7561.14605752069
7564,1604.48042404,144176897509546974604.48042404,7563.228929329677
7565,1604.57097891,144176897509546974604.57097891,7563.871423278696
7566,1604.68336278,144176897509546974604.68336278,7564.668795705406
7567,1604.86855747,144176897509546974604.86855747,7565.982766646068
7568,1605.12093070,144176897509546974605.12093070,7567.773374629596
7569,1605.19829893,144176897509546974605.19829893,7568.322308327158
7570,1605.36262391,144176897509546974605.36262391,7569.488207028383
7571,1605.62157988,144176897509546974605.62157988,7571.325520071705
7572,1605.66820199,144176897509546974605.66820199,7571.656307621457
7573,1605.76901270,144176897509546974605.76901270,7572.371567564642
7574,1606.00049419,144176897509546974606.00049419,7574.013947004145
7575,1606.18070379,144176897509546974606.18070379,7575.292548337846
7576,1606.23337240,144176897509546974606.23337240,7575.6662362822735
7577,1606.35021295,144176897509546974606.35021295,7576.495229205294
7578,1606.49154468,144176897509546974606.49154468,7577.497988983198
7579,1606.65209984,144176897509546974606.65209984,7578.637140514019
7580,1606.76029993,144176897509546974606.76029993,7579.404828691456
7581,1606.91978473,144176897509546974606.91978473,7580.536385933606
7582,1606.96201942,144176897509546974606.96201942,7580.836044392214
7583,1607.18790983,144176897509546974607.18790983,7582.438754677883
7584,1607.23686494,144176897509546974607.23686494,7582.78609504675
7585,1607.42502295,144176897509546974607.42502295,7584.12109097667
7586,1607.54278990,144176897509546974607.54278990,7584.9566567808
7587,1607.61489012,144176897509546974607.61489012,7585.4682135316725
7588,1607.89585490,144176897509546974607.89585490,7587.461680818826
7589,1608.03730912,144176897509546974608.03730912,7588.465309672947
7590,1608.17439224,144176897509546974608.17439224,7589.437925227611
7591,1608.20648394,144176897509546974608.20648394,7589.66561837171
7592,1608.38517267,144176897509546974608.38517267,7590.933429012737
7593,1608.60518917,144176897509546974608.60518917,7592.494463443401
7594,1608.76444000,144176897509546974608.76444000,7593.624360649937
7595,1608.87682980,144176897509546974608.87682980,7594.421775150465
7596,1609.00259707,144176897509546974609.00259707,7595.314103856361
7597,1609.16103511,144176897509546974609.16103511,7596.438234253703
7598,1609.28626065,144176897509546974609.28626065,7597.326719342496
7599,1609.39051990,144176897509546974609.39051990,7598.066446949131
7600,1609.57890208,144176897509546974609.57890208,7599.403033382892
7601,1609.60547980,144176897509546974609.60547980,7599.59160440374
7602,1609.70475442,144176897509546974609.70475442,7600.295965667151
7603,1609.92485720,144176897509546974609.92485720,7601.857612261224
7604,1610.05207213,144176897509546974610.05207213,7602.760212229065
7605,1610.21038636,144176897509546974610.21038636,7603.883464184687
7606,1610.40065522,144176897509546974610.40065522,7605.23343676194
7607,1610.63104198,144176897509546974610.63104198,7606.8680490056995
7608,1610.73243840,144176897509546974610.73243840,7607.587464607556
7609,1610.83243313,144176897509546974610.83243313,7608.2969351082465
7610,1610.96783859,144176897509546974610.96783859,7609.257647532814
7611,1611.12142407,144176897509546974611.12142407,7610.347348634004
7612,1611.16951343,144176897509546974611.16951343,7610.6885464382985
7613,1611.39694056,144176897509546974611.39694056,7612.302159873641
7614,1611.46665605,144176897509546974611.46665605,7612.796796776967
7615,1611.69003434,144176897509546974611.69003434,7614.381683372986
7616,1611.77700306,144176897509546974611.77700306,7614.998733304745
7617,1611.87321062,144176897509546974611.87321062,7615.68133353541
7618,1612.02778661,144176897509546974612.02778661,7616.778062383219
7619,1612.12031694,144176897509546974612.12031694,7617.434572376836
7620,1612.33841434,144176897509546974612.33841434,7618.98199064155
7621,1612.51656233,144176897509546974612.51656233,7620.245964689603
7622,1612.68715988,144176897509546974612.68715988,7621.456367769994
7623,1612.78318786,144176897509546974612.78318786,7622.137693866387
7624,1612.93894823,144176897509546974612.93894823,7623.242825983765
7625,1613.04802058,144176897509546974613.04802058,7624.016702914738
7626,1613.24162580,144176897509546974613.24162580,7625.390347229488
7627,1613.37094736,144176897509546974613.37094736,7626.307893903429
7628,1613.45018770,144176897509546974613.45018770,7626.870110369183
7629,1613.56813423,144176897509546974613.56813423,7627.7069503075845
7630,1613.71890875,144176897509546974613.71890875,7628.776707425741
7631,1613.82624018,144176897509546974613.82624018,7629.538232391925
7632,1614.09124792,144176897509546974614.09124792,7631.418483220988
7633,1614.14602865,144176897509546974614.14602865,7631.807156823499
7634,1614.28582074,144176897509546974614.28582074,7632.798992734099
7635,1614.46492642,144176897509546974614.46492642,7634.069761668281
7636,1614.59806894,144176897509546974614.59806894,7635.014418354963
7637,1614.70198799,144176897509546974614.70198799,7635.75173221575
7638,1614.91236651,144176897509546974614.91236651,7637.244384417708
7639,1615.04165762,144176897509546974615.04165762,7638.161715046496
7640,1615.18451300,144176897509546974615.18451300,7639.175285241393
7641,1615.35199026,144176897509546974615.35199026,7640.363549617989
7642,1615.51609632,144176897509546974615.51609632,7641.527895064538
7643,1615.61632799,144176897509546974615.61632799,7642.239046673226
7644,1615.71891941,144176897509546974615.71891941,7642.96694089439
7645,1615.99408089,144176897509546974615.99408089,7644.919233310061
7646,1616.09703859,144176897509546974616.09703859,7645.64972631673
7647,1616.17898373,144176897509546974616.17898373,7646.231133551941
7648,1616.25241403,144176897509546974616.25241403,7646.752127325381
7649,1616.52366687,144176897509546974616.52366687,7648.676687631791
7650,1616.68208564,144176897509546974616.68208564,7649.800681306962
7651,1616.80541046,144176897509546974616.80541046,7650.675680637356
7652,1616.92429489,144176897509546974616.92429489,7651.5191750502745
7653,1617.00107624,144176897509546974617.00107624,7652.06394478792
7654,1617.13288703,144176897509546974617.13288703,7652.999152745156
7655,1617.28266177,144176897509546974617.28266177,7654.061816345312
7656,1617.56447906,144176897509546974617.56447906,7656.061332258193
7657,1617.66103203,144176897509546974617.66103203,7656.746383200067
7658,1617.78522179,144176897509546974617.78522179,7657.627519348019
7659,1617.89101032,144176897509546974617.89101032,7658.378097316941
7660,1618.09298031,144176897509546974618.09298031,7659.811090334969
7661,1618.14936391,144176897509546974618.14936391,7660.211136426625
7662,1618.37550992,144176897509546974618.37550992,7661.8156602144645
7663,1618.44629483,144176897509546974618.44629483,7662.317884737086
7664,1618.62229882,144176897509546974618.62229882,7663.56664693594
7665,1618.65070172,144176897509546974618.65070172,7663.768167752928
7666,1618.81693663,144176897509546974618.81693663,7664.94761755823
7667,1618.94945090,144176897509546974618.94945090,7665.887816761582
7668,1619.06931876,144176897509546974619.06931876,7666.73828868796
7669,1619.26560333,144176897509546974619.26560333,7668.130943202409
7670,1619.43246552,144176897509546974619.43246552,7669.314843608815
7671,1619.46620151,144176897509546974619.46620151,7669.554203120227
7672,1619.65753268,144176897509546974619.65753268,7670.911712870765
7673,1619.82821682,144176897509546974619.82821682,7672.1227303140395
7674,1619.92235311,144176897509546974619.92235311,7672.790634720595
7675,1620.10533540,144176897509546974620.10533540,7674.08890850866
7676,1620.16849895,144176897509546974620.16849895,7674.537058880623
7677,1620.25437885,144176897509546974620.25437885,7675.146383548554
7678,1620.53800678,144176897509546974620.53800678,7677.158746095127
7679,1620.67921874,144176897509546974620.67921874,7678.160656095429
7680,1620.73442873,144176897509546974620.73442873,7678.5523753315165
7681,1620.89220739,144176897509546974620.89220739,7679.671827375722
7682,1620.99357601,144176897509546974620.99357601,7680.391045734385
7683,1621.22865725,144176897509546974621.22865725,7682.058965684222
7684,1621.31923535,144176897509546974621.31923535,7682.7016244519245
7685,1621.52427102,144176897509546974621.52427102,7684.156368711488
7686,1621.74787242,144176897509546974621.74787242,7685.742838290564
7687,1621.84950269,144176897509546974621.84950269,7686.463913076625
7688,1621.88713191,144176897509546974621.88713191,7686.730895362131
7689,1622.11569508,144176897509546974622.11569508,7688.352569090928
7690,1622.26028791,144176897509546974622.26028791,7689.37846663069
7691,1622.36997021,144176897509546974622.36997021,7690.156671205049
7692,1622.51198534,144176897509546974622.51198534,7691.164279759886
7693,1622.66856780,144176897509546974622.66856780,7692.275244670691
7694,1622.80175224,144176897509546974622.80175224,7693.22019878308
7695,1622.89813106,144176897509546974622.89813106,7693.904014116962
7696,1623.02007890,144176897509546974623.02007890,7694.769243665586
7697,1623.16225364,144176897509546974623.16225364,7695.77798466597
7698,1623.23473129,144176897509546974623.23473129,7696.292219312478
7699,1623.41141815,144176897509546974623.41141815,7697.545826527873
7700,1623.72345958,144176897509546974623.72345958,7699.759785099269
7701,1623.82350008,144176897509546974623.82350008,7700.469580341721
7702,1623.98923429,144176897509546974623.98923429,7701.645477641009
7703,1624.05329730,144176897509546974624.05329730,7702.100009752655
7704,1624.33502574,144176897509546974624.33502574,7704.098895267774
7705,1624.43726856,144176897509546974624.43726856,7704.824316144428
7706,1624.51570675,144176897509546974624.51570675,7705.380841292628
7707,1624.71588799,144176897509546974624.71588799,7706.801142988242
7708,1624.81604058,144176897509546974624.81604058,7707.511733518089
7709,1624.85140834,144176897509546974624.85140834,7707.762670566426
7710,1625.11593396,144176897509546974625.11593396,7709.639500716041
7711,1625.25234517,144176897509546974625.25234517,7710.60734901623
7712,1625.35267699,144176897509546974625.35267699,7711.319211197072
7713,1625.45477541,144176897509546974625.45477541,7712.0436075443295
7714,1625.66807620,144176897509546974625.66807620,7713.556993482556
7715,1625.79801116,144176897509546974625.79801116,7714.478892277905
7716,1625.90944558,144176897509546974625.90944558,7715.269528281937
7717,1626.06084796,144176897509546974626.06084796,7716.343740116343
7718,1626.15310321,144176897509546974626.15310321,7716.998298395651
7719,1626.32901787,144176897509546974626.32901787,7718.2464267911055
7720,1626.42731903,144176897509546974626.42731903,7718.943881278993
7721,1626.62507679,144176897509546974626.62507679,7720.346988192751
7722,1626.71920490,144176897509546974626.71920490,7721.014834561562
7723,1626.79633596,144176897509546974626.79633596,7721.5620855192565
7724,1626.87197942,144176897509546974626.87197942,7722.098781837553
7725,1627.10658032,144176897509546974627.10658032,7723.763293737182
7726,1627.35924451,144176897509546974627.35924451,7725.555966104872
7727,1627.41811679,144176897509546974627.41811679,7725.973669577528
7728,1627.56243558,144176897509546974627.56243558,7726.997622781864
7729,1627.75869038,144176897509546974627.75869038,7728.390066075813
7730,1627.90555433,144176897509546974627.90555433,7729.432077391207
7731,1628.03967426,144176897509546974628.03967426,7730.383668878973
7732,1628.23648189,144176897509546974628.23648189,7731.7800345454
7733,1628.31492387,144176897509546974628.31492387,7732.33658658395
7734,1628.45065920,144176897509546974628.45065920,7733.2996394622
7735,1628.63005855,144176897509546974628.63005855,7734.5724920082075
7736,1628.64659151,144176897509546974628.64659151,7734.689794664148
7737,1628.85201601,144176897509546974628.85201601,7736.147297703247
7738,1629.04584155,144176897509546974629.04584155,7737.522505205785
7739,1629.21676039,144176897509546974629.21676039,7738.735187864081
7740,1629.34452826,144176897509546974629.34452826,7739.641710984859
7741,1629.43954135,144176897509546974629.43954135,7740.31583635661
7742,1629.55040670,144176897509546974629.55040670,7741.102434764082
7743,1629.72086826,144176897509546974629.72086826,7742.311872984691
7744,1629.78683366,144176897509546974629.78683366,7742.779902703519
7745,1629.99483994,144176897509546974629.99483994,7744.2557236754665
7746,1630.04232257,144176897509546974630.04232257,7744.592616682529
7747,1630.11101010,144176897509546974630.11101010,7745.079960128531
7748,1630.40580459,144176897509546974630.40580459,7747.171550299541
7749,1630.46948033,144176897509546974630.46948033,7747.623334699974
7750,1630.64681499,144176897509546974630.64681499,7748.881538107492
7751,1630.79318353,144176897509546974630.79318353,7749.9200344498395
7752,1630.98963823,144176897509546974630.98963823,7751.313896050064
7753,1631.07276045,144176897509546974631.07276045,7751.903654760766
7754,1631.17219246,144176897509546974631.17219246,7752.609132718647
7755,1631.29027987,144176897509546974631.29027987,7753.4469722117665
7756,1631.46653032,144176897509546974631.46653032,7754.697483063771
7757,1631.54707789,144176897509546974631.54707789,7755.268974429538
7758,1631.71688728,144176897509546974631.71688728,7756.473785452529
7759,1631.87932718,144176897509546974631.87932718,7757.626309362389
7760,1632.04057209,144176897509546974632.04057209,7758.770354723893
7761,1632.18844606,144176897509546974632.18844606,7759.819532210895
7762,1632.53177910,144176897509546974632.53177910,7762.255507224699
7763,1632.62173574,144176897509546974632.62173574,7762.893756684656
7764,1632.69945561,144176897509546974632.69945561,7763.445185295768
7765,1632.76887453,144176897509546974632.76887453,7763.93771801154
7766,1632.94002316,144176897509546974632.94002316,7765.152031048021
7767,1633.11453087,144176897509546974633.11453087,7766.390177022193
7768,1633.22530592,144176897509546974633.22530592,7767.176134744039
7769,1633.31751396,144176897509546974633.31751396,7767.830358064672
7770,1633.51797833,144176897509546974633.51797833,7769.252668589979
7771,1633.67034009,144176897509546974633.67034009,7770.333687301197
7772,1633.79614495,144176897509546974633.79614495,7771.226282711109
7773,1634.03020472,144176897509546974634.03020472,7772.886955250683
7774,1634.16187243,144176897509546974634.16187243,7773.821148044027
7775,1634.34045264,144176897509546974634.34045264,7775.08818872709
7776,1634.39959350,144176897509546974634.39959350,7775.507797796042
7777,1634.55824651,144176897509546974634.55824651,7776.6334534225
7778,1634.73468398,144176897509546974634.73468398,7777.885291196163
7779,1634.83678258,144176897509546974634.83678258,7778.609688820535
7780,1634.99802739,144176897509546974634.99802739,7779.75373347253
7781,1635.03653369,144176897509546974635.03653369,7780.026938709853
7782,1635.24916065,144176897509546974635.24916065,7781.535543771053
7783,1635.30841198,144176897509546974635.30841198,7781.955936633373
7784,1635.45994622,144176897509546974635.45994622,7783.031084024885
7785,1635.66188095,144176897509546974635.66188095,7784.463826870429
7786,1635.74848790,144176897509546974635.74848790,7785.078310015489
7787,1635.88498632,144176897509546974635.88498632,7786.046777077509
7788,1636.05242092,144176897509546974636.05242092,7787.234738778039
7789,1636.15058404,144176897509546974636.15058404,7787.931213861232
7790,1636.32988108,144176897509546974636.32988108,7789.203340509715
7791,1636.44594703,144176897509546974636.44594703,7790.026837584606
7792,1636.62560463,144176897509546974636.62560463,7791.301522434745
7793,1636.73946191,144176897509546974636.73946191,7792.109348821683
7794,1636.79635845,144176897509546974636.79635845,7792.513034263119
7795,1637.08487112,144176897509546974637.08487112,7794.560054425483
7796,1637.17986476,144176897509546974637.17986476,7795.2340417979485
7797,1637.33599095,144176897509546974637.33599095,7796.3417694370955
7798,1637.42005503,144176897509546974637.42005503,7796.938210718828
7799,1637.64813421,144176897509546974637.64813421,7798.556450500379
7800,1637.74011636,144176897509546974637.74011636,7799.209071113634
7801,1637.82262612,144176897509546974637.82262612,7799.794484372303
7802,1638.01429049,144176897509546974638.01429049,7801.154358203136
7803,1638.16912815,144176897509546974638.16912815,7802.252943620246
7804,1638.29281850,144176897509546974638.29281850,7803.130536414836
7805,1638.36850719,144176897509546974638.36850719,7803.667553643551
7806,1638.44824401,144176897509546974638.44824401,7804.233292674086
7807,1638.55032917,144176897509546974638.55032917,7804.957594940597
7808,1638.79854484,144176897509546974638.79854484,7806.7187047078205
7809,1638.95490055,144176897509546974638.95490055,7807.828060809481
7810,1639.15356017,144176897509546974639.15356017,7809.237566491112
7811,1639.24085338,144176897509546974639.24085338,7809.856918705029
7812,1639.47612524,144176897509546974639.47612524,7811.526191118808
7813,1639.53365347,144176897509546974639.53365347,7811.934358450646
7814,1639.62234249,144176897509546974639.62234249,7812.563614046666
7815,1639.87860270,144176897509546974639.87860270,7814.381800460045
7816,1639.96527076,144176897509546974639.96527076,7814.996717185377
7817,1640.07929514,144176897509546974640.07929514,7815.805729160002
7818,1640.24671690,144176897509546974640.24671690,7816.993599759718
7819,1640.54573656,144176897509546974640.54573656,7819.115167845317
7820,1640.63155143,144176897509546974640.63155143,7819.724031120267
7821,1640.67608980,144176897509546974640.67608980,7820.040034370276
7822,1640.86366588,144176897509546974640.86366588,7821.370901460921
7823,1640.92463426,144176897509546974640.92463426,7821.803476928497
7824,1641.04746191,144176897509546974641.04746191,7822.674948798504
7825,1641.24407521,144176897509546974641.24407521,7824.069935678245
7826,1641.35672328,144176897509546974641.35672328,7824.869182624805
7827,1641.58901374,144176897509546974641.58901374,7826.5173017703
7828,1641.72383976,144176897509546974641.72383976,7827.47390302234
7829,1641.82144405,144176897509546974641.82144405,7828.166413162582
7830,1642.06960765,144176897509546974642.06960765,7829.927153489046
7831,1642.08830983,144176897509546974642.08830983,7830.059846932077
7832,1642.29092116,144176897509546974642.29092116,7831.497390308017
7833,1642.44580753,144176897509546974642.44580753,7832.59632132642
7834,1642.50407934,144176897509546974642.50407934,7833.009764417039
7835,1642.69828354,144176897509546974642.69828354,7834.387658542159
7836,1642.77329843,144176897509546974642.77329843,7834.919895106701
7837,1642.93829683,144176897509546974642.93829683,7836.0905717759715
7838,1643.10656801,144176897509546974643.10656801,7837.284469077621
7839,1643.17219487,144176897509546974643.17219487,7837.750096828432
7840,1643.31621973,144176897509546974643.31621973,7838.771964576222
7841,1643.45872919,144176897509546974643.45872919,7839.78308044142
7842,1643.62982300,144176897509546974643.62982300,7840.997004525675
7843,1643.76425549,144176897509546974643.76425549,7841.950813651308
7844,1643.86064971,144176897509546974643.86064971,7842.634738249404
7845,1644.08477450,144176897509546974644.08477450,7844.224921321835
7846,1644.33629664,144176897509546974644.33629664,7846.009490754646
7847,1644.39020773,144176897509546974644.39020773,7846.391994192728
7848,1644.61556992,144176897509546974644.61556992,7847.99095671581
7849,1644.74278492,144176897509546974644.74278492,7848.893557180307
7850,1644.87319247,144176897509546974644.87319247,7849.818809039002
7851,1644.95889056,144176897509546974644.95889056,7850.426843750635
7852,1645.13776073,144176897509546974645.13776073,7851.695941722782
7853,1645.23869085,144176897509546974645.23869085,7852.4120488893395
7854,1645.37867915,144176897509546974645.37867915,7853.405276925374
7855,1645.52366209,144176897509546974645.52366209,7854.433942326373
7856,1645.63721434,144176897509546974645.63721434,7855.239604501389
7857,1645.73843485,144176897509546974645.73843485,7855.957772007914
7858,1645.92417061,144176897509546974645.92417061,7857.2755818829255
7859,1646.00836764,144176897509546974646.00836764,7857.872966455399
7860,1646.19166248,144176897509546974646.19166248,7859.17345781038
7861,1646.32765087,144176897509546974646.32765087,7860.1383061693
7862,1646.39144068,144176897509546974646.39144068,7860.590899905386
7863,1646.64315054,144176897509546974646.64315054,7862.376801226413
7864,1646.72644322,144176897509546974646.72644322,7862.967769364268
7865,1646.89845983,144176897509546974646.89845983,7864.188240787347
7866,1647.01583795,144176897509546974647.01583795,7865.021047811942
7867,1647.15804244,144176897509546974647.15804244,7866.029999890922
7868,1647.26510787,144176897509546974647.26510787,7866.789637566114
7869,1647.46791426,144176897509546974647.46791426,7868.228564908149
7870,1647.61115166,144176897509546974647.61115166,7869.244845565094
7871,1647.75004730,144176897509546974647.75004730,7870.230321092197
7872,1647.88753558,144176897509546974647.88753558,7871.205811289036
7873,1647.99007167,144176897509546974647.99007167,7871.933312939484
7874,1648.14722731,144176897509546974648.14722731,7873.048344607622
7875,1648.30435905,144176897509546974648.30435905,7874.163206703375
7876,1648.47718048,144176897509546974648.47718048,7875.389388387869
7877,1648.57720105,144176897509546974648.57720105,7876.099042225398
7878,1648.62697304,144176897509546974648.62697304,7876.452178422332
7879,1648.79420063,144176897509546974648.79420063,7877.638671370574
7880,1648.90307804,144176897509546974648.90307804,7878.411165186863
7881,1649.04132111,144176897509546974649.04132111,7879.392010678318
7882,1649.23066443,144176897509546974649.23066443,7880.73541647623
7883,1649.36511697,144176897509546974649.36511697,7881.6893678581955
7884,1649.48773863,144176897509546974649.48773863,7882.559378212896
7885,1649.70679564,144176897509546974649.70679564,7884.11360498629
7886,1649.79198620,144176897509546974649.79198620,7884.718038732521
7887,1649.99431001,144176897509546974649.99431001,7886.153542131371
7888,1650.07021210,144176897509546974650.07021210,7886.692073449928
7889,1650.21690418,144176897509546974650.21690418,7887.732865334108
7890,1650.37203940,144176897509546974650.37203940,7888.833561962901
7891,1650.57835110,144176897509546974650.57835110,7890.297359756015
7892,1650.72446631,144176897509546974650.72446631,7891.33405870202
7893,1650.90227123,144176897509546974650.90227123,7892.595598641349
7894,1651.09224405,144176897509546974651.09224405,7893.94347079144
7895,1651.20498155,144176897509546974651.20498155,7894.743352250907
7896,1651.29231899,144176897509546974651.29231899,7895.363018280164
7897,1651.39149638,144176897509546974651.39149638,7896.066689689052
7898,1651.53304975,144176897509546974651.53304975,7897.071022020247
7899,1651.72610838,144176897509546974651.72610838,7898.440788235812
7900,1651.98427747,144176897509546974651.98427747,7900.2725183034345
7901,1652.04781540,144176897509546974652.04781540,7900.723324931043
7902,1652.18708919,144176897509546974652.18708919,7901.71148346224
7903,1652.30410176,144176897509546974652.30410176,7902.541696880736
7904,1652.38496231,144176897509546974652.38496231,7903.1154088643025
7905,1652.59600749,144176897509546974652.59600749,7904.612791071571
7906,1652.78302570,144176897509546974652.78302570,7905.939700030541
7907,1652.88896840,144176897509546974652.88896840,7906.69137184778
7908,1652.93662724,144176897509546974652.93662724,7907.029515078699
7909,1653.08648128,144176897509546974653.08648128,7908.092741318613
7910,1653.17675262,144176897509546974653.17675262,7908.7332235999065
7911,1653.50007692,144176897509546974653.50007692,7911.0272350243695
7912,1653.55269641,144176897509546974653.55269641,7911.400574458521
7913,1653.70264916,144176897509546974653.70264916,7912.464501053675
7914,1653.77830280,144176897509546974653.77830280,7913.001269599875
7915,1653.94591500,144176897509546974653.94591500,7914.19049138642
7916,1654.05378400,144176897509546974654.05378400,7914.955830454178
7917,1654.20181293,144176897509546974654.20181293,7916.006107394609
7918,1654.36945667,144176897509546974654.36945667,7917.195552959943
7919,1654.51251735,144176897509546974654.51251735,7918.210579774542
7920,1654.58932478,144176897509546974654.58932478,7918.755534551846
7921,1654.70475695,144176897509546974654.70475695,7919.574534907621
7922,1654.91767853,144176897509546974654.91767853,7921.08523032097
7923,1655.03113102,144176897509546974655.03113102,7921.890184690914
7924,1655.10315800,144176897509546974655.10315800,7922.401221798206
7925,1655.34959779,144176897509546974655.34959779,7924.149731556682
7926,1655.49958561,144176897509546974655.49958561,7925.213906976254
7927,1655.61420999,144176897509546974655.61420999,7926.02717599823
7928,1655.74438428,144176897509546974655.74438428,7926.950772858816
7929,1655.89885457,144176897509546974655.89885457,7928.046751756783
7930,1655.99007567,144176897509546974655.99007567,7928.6939726602295
7931,1656.22997324,144176897509546974656.22997324,7930.396064851509
7932,1656.34229576,144176897509546974656.34229576,7931.193001995128
7933,1656.49622451,144176897509546974656.49622451,7932.285138624058
7934,1656.64855677,144176897509546974656.64855677,7933.365948030447
7935,1656.82497691,144176897509546974656.82497691,7934.617662846393
7936,1656.86802357,144176897509546974656.86802357,7934.92308229623
7937,1657.06387256,144176897509546974657.06387256,7936.312646336203
7938,1657.17626494,144176897509546974657.17626494,7937.110079142035
7939,1657.36866506,144176897509546974657.36866506,7938.475173177182
7940,1657.40699573,144176897509546974657.40699573,7938.747132305794
7941,1657.62023346,144176897509546974657.62023346,7940.260070828344
7942,1657.71929665,144176897509546974657.71929665,7940.962931979219
7943,1657.96525570,144176897509546974657.96525570,7942.708030849456
7944,1658.04462677,144176897509546974658.04462677,7943.271174854876
7945,1658.24167704,144176897509546974658.24167704,7944.669262071252
7946,1658.28759669,144176897509546974658.28759669,7944.995065611868
7947,1658.35668015,144176897509546974658.35668015,7945.485218212466
7948,1658.47942581,144176897509546974658.47942581,7946.356108356953
7949,1658.63375588,144176897509546974658.63375588,7947.451092382955
7950,1658.74757764,144176897509546974658.74757764,7948.258666752689
7951,1658.91706343,144176897509546974658.91706343,7949.461181808144
7952,1659.16422875,144176897509546974659.16422875,7951.214839259226
7953,1659.23782980,144176897509546974659.23782980,7951.737044517391
7954,1659.38936081,144176897509546974659.38936081,7952.812168991797
7955,1659.51434871,144176897509546974659.51434871,7953.698968006037
7956,1659.68178722,144176897509546974659.68178722,7954.886957448324
7957,1659.99049795,144176897509546974659.99049795,7957.07728444037
7958,1660.07053139,144176897509546974660.07053139,7957.645128013213
7959,1660.18784925,144176897509546974660.18784925,7958.477507488352
7960,1660.37267799,144176897509546974660.37267799,7959.788881984884
7961,1660.42430724,144176897509546974660.42430724,7960.155195588088
7962,1660.61520334,144176897509546974660.61520334,7961.509618482642
7963,1660.73229417,144176897509546974660.73229417,7962.340387162013
7964,1660.84478508,144176897509546974660.84478508,7963.1385190459705
7965,1660.99770876,144176897509546974660.99770876,7964.223524623933
7966,1661.15340395,144176897509546974661.15340395,7965.328194284067
7967,1661.29369779,144176897509546974661.29369779,7966.323590150513
7968,1661.41151589,144176897509546974661.41151589,7967.159518867929
7969,1661.50193837,144176897509546974661.50193837,7967.8010734994505
7970,1661.65988132,144176897509546974661.65988132,7968.921691194172
7971,1661.90045010,144176897509546974661.90045010,7970.628545673371
7972,1662.07171649,144176897509546974662.07171649,7971.843694226346
7973,1662.19926515,144176897509546974662.19926515,7972.7486620348745
7974,1662.30984804,144176897509546974662.30984804,7973.533256366355
7975,1662.40231540,144176897509546974662.40231540,7974.189319582853
7976,1662.51838043,144176897509546974662.51838043,7975.012810130272
7977,1662.64793628,144176897509546974662.64793628,7975.932019110252
7978,1662.80193806,144176897509546974662.80193806,7977.024673892796
7979,1662.94066887,144176897509546974662.94066887,7978.008979938042
7980,1663.11769082,144176897509546974663.11769082,7979.264964643431
7981,1663.22484117,144176897509546974663.22484117,7980.025204832725
7982,1663.50938694,144176897509546974663.50938694,7982.044079526531
7983,1663.63939567,144176897509546974663.63939567,7982.966501725852
7984,1663.71917000,144176897509546974663.71917000,7983.532506892797
7985,1663.81037016,144176897509546974663.81037016,7984.179579225291
7986,1664.00246487,144176897509546974664.00246487,7985.542506352385
7987,1664.12537288,144176897509546974664.12537288,7986.414548382934
7988,1664.35674395,144176897509546974664.35674395,7988.056144383823
7989,1664.41382774,144176897509546974664.41382774,7988.461158378786
7990,1664.53859557,144176897509546974664.53859557,7989.346395979009
7991,1664.66110022,144176897509546974664.66110022,7990.215576138526
7992,1664.81721428,144176897509546974664.81721428,7991.3232177143655
7993,1664.90654244,144176897509546974664.90654244,7991.957008059126
7994,1664.99287325,144176897509546974664.99287325,7992.569531969092
7995,1665.11479882,144176897509546974665.11479882,7993.43460351031
7996,1665.27574985,144176897509546974665.27574985,7994.5765637700215
7997,1665.44361340,144176897509546974665.44361340,7995.767568904652
7998,1665.57402884,144176897509546974665.57402884,7996.692876743519
7999,1665.78100535,144176897509546974665.78100535,7998.161391416049
8000,1665.84282476,144176897509546974665.84282476,7998.600005008636
8001,1665.95233140,144176897509546974665.95233140,7999.376963261432
8002,1666.13990436,144176897509546974666.13990436,8000.707808215431
8003,1666.23321107,144176897509546974666.23321107,8001.3698266864185
8004,1666.53470897,144176897509546974666.53470897,8003.5089780803955
8005,1666.58920885,144176897509546974666.58920885,8003.895659029992
8006,1666.74721861,144176897509546974666.74721861,8005.016750746936
8007,1666.86380825,144176897509546974666.86380825,8005.843963443705
8008,1666.99516264,144176897509546974666.99516264,8006.775933206923
8009,1667.17577518,144176897509546974667.17577518,8008.057393431723
8010,1667.19963350,144176897509546974667.19963350,8008.226670094962
8011,1667.46412083,144176897509546974667.46412083,8010.103228574006
8012,1667.57566524,144176897509546974667.57566524,8010.894644965768
8013,1667.74093218,144176897509546974667.74093218,8012.06722694753
8014,1667.89920381,144176897509546974667.89920381,8013.19017665279
8015,1667.98474803,144176897509546974667.98474803,8013.797119644631
8016,1668.20736268,144176897509546974668.20736268,8015.376588154584
8017,1668.24067137,144176897509546974668.24067137,8015.612915938775
8018,1668.48537283,144176897509546974668.48537283,8017.349092108715
8019,1668.72863657,144176897509546974668.72863657,8019.075067541795
8020,1668.80852152,144176897509546974668.80852152,8019.641857566369
8021,1669.01048342,144176897509546974669.01048342,8021.074793185208
8022,1669.12475839,144176897509546974669.12475839,8021.88558311566
8023,1669.22677470,144176897509546974669.22677470,8022.609396885987
8024,1669.28122094,144176897509546974669.28122094,8022.995697255551
8025,1669.42470937,144176897509546974669.42470937,8024.013758990157
8026,1669.53959178,144176897509546974669.53959178,8024.828858755346
8027,1669.73742072,144176897509546974669.73742072,8026.232470696822
8028,1669.95859553,144176897509546974669.95859553,8027.801723428347
8029,1670.01448135,144176897509546974670.01448135,8028.198237731619
8030,1670.13599882,144176897509546974670.13599882,8029.060413771131
8031,1670.25397430,144176897509546974670.25397430,8029.897459112067
8032,1670.47702322,144176897509546974670.47702322,8031.480008801942
8033,1670.66720191,144176897509546974670.66720191,8032.829341615929
8034,1670.81555033,144176897509546974670.81555033,8033.881885363124
8035,1670.85153567,144176897509546974670.85153567,8034.137204190299
8036,1671.01249582,144176897509546974671.01249582,8035.2792291571295
8037,1671.10898592,144176897509546974671.10898592,8035.963834031392
8038,1671.31094989,144176897509546974671.31094989,8037.396784337045
8039,1671.42144155,144176897509546974671.42144155,8038.1807313844765
8040,1671.57889486,144176897509546974671.57889486,8039.297875044756
8041,1671.72685560,144176897509546974671.72685560,8040.347668171756
8042,1671.86048284,144176897509546974671.86048284,8041.295763985091
8043,1671.92388273,144176897509546974671.92388273,8041.745591208005
8044,1672.14297398,144176897509546974672.14297398,8043.3000609169
8045,1672.18178363,144176897509546974672.18178363,8043.575418446413
8046,1672.44495566,144176897509546974672.44495566,8045.442644768156
8047,1672.55126344,144176897509546974672.55126344,8046.196906856806
8048,1672.58673283,144176897509546974672.58673283,8046.448564978014
8049,1672.77936856,144176897509546974672.77936856,8047.815330684704
8050,1673.05843516,144176897509546974673.05843516,8049.795330234958
8051,1673.10988302,144176897509546974673.10988302,8050.160356861797
8052,1673.31383412,144176897509546974673.31383412,8051.607406011619
8053,1673.40403484,144176897509546974673.40403484,8052.247387238439
8054,1673.49526818,144176897509546974673.49526818,8052.894694985651
8055,1673.67603612,144176897509546974673.67603612,8054.177257785715
8056,1673.80000657,144176897509546974673.80000657,8055.0568379119095
8057,1674.01165096,144176897509546974674.01165096,8056.558471561417
8058,1674.11646528,144176897509546974674.11646528,8057.302137433507
8059,1674.23235727,144176897509546974674.23235727,8058.124400248469
8060,1674.37737034,144176897509546974674.37737034,8059.153279424196
8061,1674.54856824,144176897509546974674.54856824,8060.367942035215
8062,1674.61708524,144176897509546974674.61708524,8060.854075557409
8063,1674.77903609,144176897509546974674.77903609,8062.003129618924
8064,1674.99704716,144176897509546974674.99704716,8063.549935365474
8065,1675.07066556,144176897509546974675.07066556,8064.072263723258
8066,1675.20750177,144176897509546974675.20750177,8065.043127431987
8067,1675.30141125,144176897509546974675.30141125,8065.709422603693
8068,1675.40309538,144176897509546974675.40309538,8066.430879530706
8069,1675.61329983,144176897509546974675.61329983,8067.922296692277
8070,1675.74535069,144176897509546974675.74535069,8068.859207965108
8071,1675.82738607,144176897509546974675.82738607,8069.4412554602395
8072,1676.13997569,144176897509546974676.13997569,8071.659103482948
8073,1676.24465974,144176897509546974676.24465974,8072.401845079107
8074,1676.41198558,144176897509546974676.41198558,8073.589035118853
8075,1676.47476905,144176897509546974676.47476905,8074.034488793221
8076,1676.60397918,144176897509546974676.60397918,8074.951244862518
8077,1676.81047075,144176897509546974676.81047075,8076.416318847478
8078,1676.90235364,144176897509546974676.90235364,8077.068235203201
8079,1677.01754623,144176897509546974677.01754623,8077.885535719968
8080,1677.13783779,144176897509546974677.13783779,8078.739013831284
8081,1677.25031216,144176897509546974677.25031216,8079.537028362636
8082,1677.43244909,144176897509546974677.43244909,8080.829304254787
8083,1677.52301760,144176897509546974677.52301760,8081.471894980682
8084,1677.67989410,144176897509546974677.67989410,8082.5849461284915
8085,1677.81258439,144176897509546974677.81258439,8083.526394207635
8086,1678.13075461,144176897509546974678.13075461,8085.78383702775
8087,1678.15962939,144176897509546974678.15962939,8085.988705870577
8088,1678.26189809,144176897509546974678.26189809,8086.714310367873
8089,1678.41862062,144176897509546974678.41862062,8087.826269086382
8090,1678.56169931,144176897509546974678.56169931,8088.841423683352
8091,1678.66726168,144176897509546974678.66726168,8089.590397029226
8092,1678.92801814,144176897509546974678.92801814,8091.4404846911875
8093,1679.12524190,144176897509546974679.12524190,8092.839802832805
8094,1679.27138964,144176897509546974679.27138964,8093.876732581727
8095,1679.44379433,144176897509546974679.44379433,8095.099957463033
8096,1679.54554842,144176897509546974679.54554842,8095.821910761767
8097,1679.71330999,144176897509546974679.71330999,8097.012192340249
8098,1679.85700407,144176897509546974679.85700407,8098.031713177835
8099,1679.94288794,144176897509546974679.94288794,8098.64106601323
8100,1680.15913783,144176897509546974680.15913783,8100.175376048693
8101,1680.18171358,144176897509546974680.18171358,8100.335552776565
8102,1680.32984352,144176897509546974680.32984352,8101.386546390918
8103,1680.44956935,144176897509546974680.44956935,8102.236010603237
8104,1680.63766624,144176897509546974680.63766624,8103.570572881934
8105,1680.70339653,144176897509546974680.70339653,8104.036934476758
8106,1680.85128896,144176897509546974680.85128896,8105.086242938916
8107,1681.01960993,144176897509546974681.01960993,8106.280493504545
8108,1681.15571064,144176897509546974681.15571064,8107.246138782731
8109,1681.28238691,144176897509546974681.28238691,8108.144916915362
8110,1681.39429593,144176897509546974681.39429593,8108.938920243848
8111,1681.65691070,144176897509546974681.65691070,8110.802192761913
8112,1681.73497537,144176897509546974681.73497537,8111.356067756236
8113,1681.81927944,144176897509546974681.81927944,8111.954211785957
8114,1682.01367639,144176897509546974682.01367639,8113.333473487539
8115,1682.13201388,144176897509546974682.13201388,8114.173087317994
8116,1682.24851190,144176897509546974682.24851190,8114.999649963633
8117,1682.35685656,144176897509546974682.35685656,8115.768363876628
8118,1682.48272524,144176897509546974682.48272524,8116.661412094477
8119,1682.66910063,144176897509546974682.66910063,8117.983760194817
8120,1682.77100088,144176897509546974682.77100088,8118.706750510285
8121,1682.94608867,144176897509546974682.94608867,8119.949012197835
8122,1683.00731736,144176897509546974683.00731736,8120.383434585404
8123,1683.21930950,144176897509546974683.21930950,8121.887535548604
8124,1683.48937503,144176897509546974683.48937503,8123.803671796865
8125,1683.51384730,144176897509546974683.51384730,8123.9773044838075
8126,1683.68630807,144176897509546974683.68630807,8125.2009272571395
8127,1683.76725512,144176897509546974683.76725512,8125.775252965032
8128,1684.00259765,144176897509546974684.00259765,8127.445026788039
8129,1684.09370563,144176897509546974684.09370563,8128.091445096158
8130,1684.26215573,144176897509546974684.26215573,8129.286611849328
8131,1684.33894230,144176897509546974684.33894230,8129.8314186232865
8132,1684.51406834,144176897509546974684.51406834,8131.073951697605
8133,1684.65007237,144176897509546974684.65007237,8132.03891102356
8134,1684.77971801,144176897509546974684.77971801,8132.958757070677
8135,1684.87526333,144176897509546974684.87526333,8133.63665865628
8136,1684.99677850,144176897509546974684.99677850,8134.49881837711
8137,1685.15301940,144176897509546974685.15301940,8135.60735989276
8138,1685.33547728,144176897509546974685.33547728,8136.9019129504895
8139,1685.44653297,144176897509546974685.44653297,8137.6898618352825
8140,1685.64424382,144176897509546974685.64424382,8139.092635918889
8141,1685.76526836,144176897509546974685.76526836,8139.95131458115
8142,1685.90604120,144176897509546974685.90604120,8140.950108990398
8143,1686.10403907,144176897509546974686.10403907,8142.354919503556
8144,1686.20105755,144176897509546974686.20105755,8143.043273275617
8145,1686.35189935,144176897509546974686.35189935,8144.113507750682
8146,1686.52259098,144176897509546974686.52259098,8145.324578336098
8147,1686.74564635,144176897509546974686.74564635,8146.907173789233
8148,1686.80325231,144176897509546974686.80325231,8147.315892621554
8149,1686.92336994,144176897509546974686.92336994,8148.168136685794
8150,1687.10198549,144176897509546974687.10198549,8149.435428108945
8151,1687.29168926,144176897509546974687.29168926,8150.781391328053
8152,1687.36630315,144176897509546974687.36630315,8151.310782765949
8153,1687.49406190,144176897509546974687.49406190,8152.217241179607
8154,1687.61998184,144176897509546974687.61998184,8153.1106530912
8155,1687.82512714,144176897509546974687.82512714,8154.566175184266
8156,1687.90403326,144176897509546974687.90403326,8155.126020332744
8157,1688.12443142,144176897509546974688.12443142,8156.689762671227
8158,1688.20277752,144176897509546974688.20277752,8157.24563443361
8159,1688.33224988,144176897509546974688.33224988,8158.164251045452
8160,1688.48951465,144176897509546974688.48951465,8159.280056999553
8161,1688.62760889,144176897509546974688.62760889,8160.259846530413
8162,1688.79520673,144176897509546974688.79520673,8161.448966431624
8163,1688.85602306,144176897509546974688.85602306,8161.880463092451
8164,1688.99192831,144176897509546974688.99192831,8162.84472156651
8165,1689.12310983,144176897509546974689.12310983,8163.775464803434
8166,1689.40600168,144176897509546974689.40600168,8165.782604804317
8167,1689.50164004,144176897509546974689.50164004,8166.461166516063
8168,1689.58779916,144176897509546974689.58779916,8167.07247227193
8169,1689.77026280,144176897509546974689.77026280,8168.367066197314
8170,1689.85689251,144176897509546974689.85689251,8168.981710826369
8171,1690.04657823,144176897509546974690.04657823,8170.327545979302
8172,1690.10817763,144176897509546974690.10817763,8170.764598583576
8173,1690.27976390,144176897509546974690.27976390,8171.982016710394
8174,1690.43507379,144176897509546974690.43507379,8173.083952636621
8175,1690.54182110,144176897509546974690.54182110,8173.841333225308
8176,1690.79184816,144176897509546974690.79184816,8175.615294947532
8177,1690.87787757,144176897509546974690.87787757,8176.225680400712
8178,1691.10584817,144176897509546974691.10584817,8177.843149798594
8179,1691.16991070,144176897509546974691.16991070,8178.297678504602
8180,1691.38809630,144176897509546974691.38809630,8179.845722555277
8181,1691.45072090,144176897509546974691.45072090,8180.290049034456
8182,1691.57932913,144176897509546974691.57932913,8181.202534575753
8183,1691.71658715,144176897509546974691.71658715,8182.17639105972
8184,1691.84098256,144176897509546974691.84098256,8183.058986310652
8185,1692.03195165,144176897509546974692.03195165,8184.413927075016
8186,1692.15675397,144176897509546974692.15675397,8185.299409384509
8187,1692.27780115,144176897509546974692.27780115,8186.158248679357
8188,1692.44656907,144176897509546974692.44656907,8187.355670390508
8189,1692.61218655,144176897509546974692.61218655,8188.530739481234
8190,1692.72843548,144176897509546974692.72843548,8189.355534813665
8191,1692.84462690,144176897509546974692.84462690,8190.179922108108
8192,1692.97742966,144176897509546974692.97742966,8191.1221681707775
8193,1693.11973445,144176897509546974693.11973445,8192.131831886172
8194,1693.20514951,144176897509546974693.20514951,8192.73785847762
8195,1693.39408507,144176897509546974693.39408507,8194.078371186153
8196,1693.45423204,144176897509546974693.45423204,8194.505118684954
8197,1693.63763901,144176897509546974693.63763901,8195.806405611134
8198,1693.75713616,144176897509546974693.75713616,8196.654247320806
8199,1693.84429446,144176897509546974693.84429446,8197.272642337626
8200,1694.06699812,144176897509546974694.06699812,8198.852742380555
8201,1694.10152523,144176897509546974694.10152523,8199.0977149508
8202,1694.36781831,144176897509546974694.36781831,8200.987085368599
8203,1694.54024545,144176897509546974694.54024545,8202.210469534426
8204,1694.60412886,144176897509546974694.60412886,8202.663727369898
8205,1694.80020283,144176897509546974694.80020283,8204.054887660726
8206,1694.92634721,144176897509546974694.92634721,8204.949891991833
8207,1694.99663148,144176897509546974694.99663148,8205.448564434146
8208,1695.11903180,144176897509546974695.11903180,8206.317004364078
8209,1695.33740103,144176897509546974695.33740103,8207.866351284094
8210,1695.46850365,144176897509546974695.46850365,8208.796534719293
8211,1695.68657306,144176897509546974695.68657306,8210.343754392747
8212,1695.80970377,144176897509546974695.80970377,8211.217376497372
8213,1696.01344648,144176897509546974696.01344648,8212.662947103698
8214,1696.14246387,144176897509546974696.14246387,8213.578335667484
8215,1696.23091582,144176897509546974696.23091582,8214.205909233146
8216,1696.41845636,144176897509546974696.41845636,8215.536524164687
8217,1696.54853671,144176897509546974696.54853671,8216.45945451356
8218,1696.69178235,144176897509546974696.69178235,8217.475793633956
8219,1696.84164813,144176897509546974696.84164813,8218.539103170096
8220,1697.05218042,144176897509546974697.05218042,8220.032846382339
8221,1697.16599470,144176897509546974697.16599470,8220.840367680883
8222,1697.28667038,144176897509546974697.28667038,8221.696571153914
8223,1697.34616537,144176897509546974697.34616537,8222.118692803162
8224,1697.51948569,144176897509546974697.51948569,8223.348414151578
8225,1697.56005044,144176897509546974697.56005044,8223.636224254098
8226,1697.77496514,144176897509546974697.77496514,8225.161061011142
8227,1697.91033755,144176897509546974697.91033755,8226.121538943351
8228,1698.08370274,144176897509546974698.08370274,8227.351578647957
8229,1698.18952380,144176897509546974698.18952380,8228.102387419796
8230,1698.35691586,144176897509546974698.35691586,8229.290047295668
8231,1698.63239224,144176897509546974698.63239224,8231.24457395169
8232,1698.68935183,144176897509546974698.68935183,8231.648706737853
8233,1698.83323130,144176897509546974698.83323130,8232.669542932117
8234,1698.93192673,144176897509546974698.93192673,8233.36979479677
8235,1699.07453864,144176897509546974699.07453864,8234.381637552802
8236,1699.19317094,144176897509546974699.19317094,8235.223343083473
8237,1699.36085467,144176897509546974699.36085467,8236.413072381014
8238,1699.42227917,144176897509546974699.42227917,8236.848884055986
8239,1699.65372568,144176897509546974699.65372568,8238.491015309628
8240,1699.69486584,144176897509546974699.69486584,8238.782907991508
8241,1699.89501594,144176897509546974699.89501594,8240.202988746365
8242,1700.08397532,144176897509546974700.08397532,8241.543670459676
8243,1700.21195043,144176897509546974700.21195043,8242.451663964608
8244,1700.26641269,144176897509546974700.26641269,8242.838077997338
8245,1700.47956422,144176897509546974700.47956422,8244.350404924086
8246,1700.57899840,144176897509546974700.57899840,8245.055898278288
8247,1700.70173423,144176897509546974700.70173423,8245.926718678149
8248,1700.85681750,144176897509546974700.85681750,8247.02704671759
8249,1700.94082236,144176897509546974700.94082236,8247.623067828748
8250,1701.03429944,144176897509546974701.03429944,8248.286295088332
8251,1701.23315786,144176897509546974701.23315786,8249.697211271652
8252,1701.31925391,144176897509546974701.31925391,8250.308069540892
8253,1701.52522892,144176897509546974701.52522892,8251.769478491884
8254,1701.63358024,144176897509546974701.63358024,8252.538239658106
8255,1701.77108906,144176897509546974701.77108906,8253.513875587865
8256,1702.01115703,144176897509546974702.01115703,8255.217176780592
8257,1702.13313577,144176897509546974702.13313577,8256.082625567156
8258,1702.36140296,144176897509546974702.36140296,8257.702199294494
8259,1702.46803602,144176897509546974702.46803602,8258.458769270415
8260,1702.62475064,144176897509546974702.62475064,8259.57067186685
8261,1702.80272165,144176897509546974702.80272165,8260.833390227835
8262,1702.89170737,144176897509546974702.89170737,8261.464750933772
8263,1703.04713234,144176897509546974703.04713234,8262.567503361679
8264,1703.10967245,144176897509546974703.10967245,8263.011230377642
8265,1703.19110445,144176897509546974703.19110445,8263.588996844057
8266,1703.37038683,144176897509546974703.37038683,8264.861019478683
8267,1703.51889490,144176897509546974703.51889490,8265.914695955227
8268,1703.62457597,144176897509546974703.62457597,8266.664511486968
8269,1703.90621765,144176897509546974703.90621765,8268.66278143304
8270,1704.00006424,144176897509546974704.00006424,8269.328630395234
8271,1704.13635725,144176897509546974704.13635725,8270.295640057095
8272,1704.21157097,144176897509546974704.21157097,8270.829287336179
8273,1704.39981479,144176897509546974704.39981479,8272.16489209482
8274,1704.49683046,144176897509546974704.49683046,8272.85322592971
8275,1704.61521980,144176897509546974704.61521980,8273.693207640006
8276,1704.71522713,144176897509546974704.71522713,8274.40276753869
8277,1704.85636690,144176897509546974704.85636690,8275.404165345246
8278,1705.08313309,144176897509546974705.08313309,8277.013089359129
8279,1705.27074823,144176897509546974705.27074823,8278.344233583557
8280,1705.43814354,144176897509546974705.43814354,8279.531916518436
8281,1705.50368581,144176897509546974705.50368581,8279.99694409652
8282,1705.75093123,144176897509546974705.75093123,8281.751169863424
8283,1705.82907353,144176897509546974705.82907353,8282.305595648724
8284,1705.97808707,144176897509546974705.97808707,8283.362858474808
8285,1706.12547372,144176897509546974706.12547372,8284.408578387951
8286,1706.22822511,144176897509546974706.22822511,8285.137607608889
8287,1706.41970257,144176897509546974706.41970257,8286.496155298522
8288,1706.56465425,144176897509546974706.56465425,8287.524598907354
8289,1706.65775590,144176897509546974706.65775590,8288.18516246146
8290,1706.82187010,144176897509546974706.82187010,8289.34956566195
8291,1706.83983932,144176897509546974706.83983932,8289.477058695937
8292,1707.06090983,144176897509546974707.06090983,8291.04557141073
8293,1707.25867669,144176897509546974707.25867669,8292.448742889708
8294,1707.33460822,144176897509546974707.33460822,8292.987483087389
8295,1707.56564699,144176897509546974707.56564699,8294.626721393553
8296,1707.71454004,144176897509546974707.71454004,8295.683129333578
8297,1707.81310345,144176897509546974707.81310345,8296.38244450591
8298,1707.95243341,144176897509546974707.95243341,8297.371001567692
8299,1708.08928337,144176897509546974708.08928337,8298.341962833754
8300,1708.21401345,144176897509546974708.21401345,8299.226932594747
8301,1708.39475400,144176897509546974708.39475400,8300.5093010606
8302,1708.62135841,144176897509546974708.62135841,8302.117077232615
8303,1708.67183849,144176897509546974708.67183849,8302.47523738398
8304,1708.88248932,144176897509546974708.88248932,8303.969821646879
8305,1708.92186157,144176897509546974708.92186157,8304.24917086779
8306,1709.02678642,144176897509546974709.02678642,8304.993620958952
8307,1709.19630100,144176897509546974709.19630100,8306.196340281727
8308,1709.32935208,144176897509546974709.32935208,8307.140348194394
8309,1709.49387343,144176897509546974709.49387343,8308.307640156267
8310,1709.56836237,144176897509546974709.56836237,8308.836145064051
8311,1709.74773249,144176897509546974709.74773249,8310.108790220902
8312,1709.79860836,144176897509546974709.79860836,8310.469758533553
8313,1710.01818935,144176897509546974710.01818935,8312.027702986396
8314,1710.16885472,144176897509546974710.16885472,8313.096685676688
8315,1710.29933016,144176897509546974710.29933016,8314.022419220291
8316,1710.51185607,144176897509546974710.51185607,8315.530307323766
8317,1710.56208610,144176897509546974710.56208610,8315.886693350647
8318,1710.73255074,144176897509546974710.73255074,8317.0961534241
8319,1710.91559817,144176897509546974710.91559817,8318.394889385605
8320,1711.05671552,144176897509546974711.05671552,8319.396128120492
8321,1711.18633749,144176897509546974711.18633749,8320.31580622709
8322,1711.27000172,144176897509546974711.27000172,8320.909410541517
8323,1711.38499099,144176897509546974711.38499099,8321.725268486838
8324,1711.56627258,144176897509546974711.56627258,8323.011475674188
8325,1711.66261456,144176897509546974711.66261456,8323.695029625362
8326,1711.80841373,144176897509546974711.80841373,8324.729486242624
8327,1711.96781518,144176897509546974711.96781518,8325.860452109948
8328,1712.10403644,144176897509546974712.10403644,8326.826952699896
8329,1712.17007193,144176897509546974712.17007193,8327.295479712806
8330,1712.29706460,144176897509546974712.29706460,8328.196502728406
8331,1712.49987291,144176897509546974712.49987291,8329.635443692992
8332,1712.71335434,144176897509546974712.71335434,8331.150111286275
8333,1712.86248693,144176897509546974712.86248693,8332.208218781503
8334,1712.95228396,144176897509546974712.95228396,8332.845335795915
8335,1713.01200086,144176897509546974713.01200086,8333.269031914127
8336,1713.32898844,144176897509546974713.32898844,8335.518083810111
8337,1713.42572146,144176897509546974713.42572146,8336.204412220945
8338,1713.52946355,144176897509546974713.52946355,8336.940470536567
8339,1713.70557176,144176897509546974713.70557176,8338.189972184546
8340,1713.81665763,144176897509546974713.81665763,8338.97813519882
8341,1713.91179392,144176897509546974713.91179392,8339.653134684295
8342,1714.06249303,144176897509546974714.06249303,8340.72235676255
8343,1714.34685367,144176897509546974714.34685367,8342.739917944395
8344,1714.46011074,144176897509546974714.46011074,8343.543485794016
8345,1714.59633764,144176897509546974714.59633764,8344.51002640021
8346,1714.79551294,144176897509546974714.79551294,8345.923190872138
8347,1714.87815659,144176897509546974714.87815659,8346.509554090922
8348,1714.99768449,144176897509546974714.99768449,8347.35761397427
8349,1715.17703679,144176897509546974715.17703679,8348.630132696817
8350,1715.35113436,144176897509546974715.35113436,8349.86536869532
8351,1715.50715986,144176897509546974715.50715986,8350.972381930971
8352,1715.63700590,144176897509546974715.63700590,8351.893649831904
8353,1715.68505541,144176897509546974715.68505541,8352.234564897304
8354,1715.95795538,144176897509546974715.95795538,8354.170811721051
8355,1716.09613543,144176897509546974716.09613543,8355.151210080632
8356,1716.15406100,144176897509546974716.15406100,8355.562196571127
8357,1716.20131803,144176897509546974716.20131803,8355.897488928387
8358,1716.41603567,144176897509546974716.41603567,8357.420927529178
8359,1716.52855202,144176897509546974716.52855202,8358.219239911943
8360,1716.56854516,144176897509546974716.56854516,8358.502994396404
8361,1716.76581554,144176897509546974716.76581554,8359.9026433106
8362,1716.86483883,144176897509546974716.86483883,8360.605221367825
8363,1717.05309874,144176897509546974717.05309874,8361.940940286286
8364,1717.08268161,144176897509546974717.08268161,8362.150833083544
8365,1717.28165264,144176897509546974717.28165264,8363.5625482437
8366,1717.52670745,144176897509546974717.52670745,8365.301231459776
8367,1717.69468294,144176897509546974717.69468294,8366.493030817543
8368,1717.76091987,144176897509546974717.76091987,8366.962987063149
8369,1717.97242855,144176897509546974717.97242855,8368.463657839497
8370,1718.03934915,144176897509546974718.03934915,8368.938464777706
8371,1718.22971081,144176897509546974718.22971081,8370.289095778282
8372,1718.38800556,144176897509546974718.38800556,8371.412209521766
8373,1718.42340032,144176897509546974718.42340032,8371.663338137236
8374,1718.63596530,144176897509546974718.63596530,8373.171503445443
8375,1718.76276959,144176897509546974718.76276959,8374.071189890077
8376,1718.95550615,144176897509546974718.95550615,8375.438670993575
8377,1719.18756866,144176897509546974719.18756866,8377.08517281583
8378,1719.29665554,144176897509546974719.29665554,8377.8591528383
8379,1719.33870496,144176897509546974719.33870496,8378.157496791639
8380,1719.48435019,144176897509546974719.48435019,8379.190861192454
8381,1719.59274502,144176897509546974719.59274502,8379.959931065558
8382,1719.70191650,144176897509546974719.70191650,8380.734511331704
8383,1719.88916899,144176897509546974719.88916899,8382.063082525763
8384,1719.97870785,144176897509546974719.97870785,8382.69836780365
8385,1720.19087763,144176897509546974720.19087763,8384.20372913667
8386,1720.28806342,144176897509546974720.28806342,8384.893269986385
8387,1720.49981716,144176897509546974720.49981716,8386.395679482772
8388,1720.64292302,144176897509546974720.64292302,8387.411026853037
8389,1720.70070110,144176897509546974720.70070110,8387.820966890342
8390,1720.84550193,144176897509546974720.84550193,8388.84834020652
8391,1721.01055301,144176897509546974721.01055301,8390.019390644546
8392,1721.17009798,144176897509546974721.17009798,8391.151374797595
8393,1721.23484618,144176897509546974721.23484618,8391.610768386365
8394,1721.42796641,144176897509546974721.42796641,8392.980971658792
8395,1721.51520726,144176897509546974721.51520726,8393.599952374376
8396,1721.73101114,144176897509546974721.73101114,8395.13109793369
8397,1721.85682370,144176897509546974721.85682370,8396.023747975709
8398,1721.97869596,144176897509546974721.97869596,8396.88844127827
8399,1722.05773457,144176897509546974722.05773457,8397.449226453753
8400,1722.32002817,144176897509546974722.32002817,8399.310220245323
8401,1722.50069276,144176897509546974722.50069276,8400.59204976898
8402,1722.60859528,144176897509546974722.60859528,8401.357626663783
8403,1722.68768199,144176897509546974722.68768199,8401.918753112563
8404,1722.84838629,144176897509546974722.84838629,8403.058962803454
8405,1722.97986962,144176897509546974722.97986962,8403.991847406145
8406,1723.02286869,144176897509546974723.02286869,8404.296929201177
8407,1723.29886720,144176897509546974723.29886720,8406.255160410754
8408,1723.40470157,144176897509546974723.40470157,8407.006063618095
8409,1723.56764584,144176897509546974723.56764584,8408.162166072907
8410,1723.73249986,144176897509546974723.73249986,8409.331818354683
8411,1723.84623493,144176897509546974723.84623493,8410.138777652028
8412,1723.97623497,144176897509546974723.97623497,8411.061138195111
8413,1724.09867154,144176897509546974724.09867154,8411.929835321656
8414,1724.36339191,144176897509546974724.36339191,8413.808047237892
8415,1724.49636065,144176897509546974724.49636065,8414.75147094176
8416,1724.61702172,144176897509546974724.61702172,8415.607570755685
8417,1724.68274419,144176897509546974724.68274419,8416.07387686699
8418,1724.82680125,144176897509546974724.82680125,8417.095973076322
8419,1724.96287186,144176897509546974724.96287186,8418.061404792632
8420,1725.09565114,144176897509546974725.09565114,8419.003484262848
8421,1725.21568410,144176897509546974725.21568410,8419.855127586756
8422,1725.46685805,144176897509546974725.46685805,8421.63722658404
8423,1725.58361539,144176897509546974725.58361539,8422.465629125543
8424,1725.80414666,144176897509546974725.80414666,8424.03031588998
8425,1725.90290823,144176897509546974725.90290823,8424.731037023153
8426,1726.06601466,144176897509546974726.06601466,8425.888290015962
8427,1726.25474020,144176897509546974726.25474020,8427.227312616022
8428,1726.27111112,144176897509546974726.27111112,8427.343465585374
8429,1726.42977746,144176897509546974726.42977746,8428.469215789233
8430,1726.55518035,144176897509546974726.55518035,8429.358959190273
8431,1726.71290904,144176897509546974726.71290904,8430.478056693386
8432,1726.86328873,144176897509546974726.86328873,8431.545012461533
8433,1726.95167153,144176897509546974726.95167153,8432.172095402488
8434,1727.09284592,144176897509546974727.09284592,8433.173738840675
8435,1727.19845106,144176897509546974727.19845106,8433.923015643073
8436,1727.33787609,144176897509546974727.33787609,8434.912247234006
8437,1727.47498820,144176897509546974727.47498820,8435.885068475009
8438,1727.55781838,144176897509546974727.55781838,8436.472755138864
8439,1727.78109703,144176897509546974727.78109703,8438.056934781218
8440,1727.95113290,144176897509546974727.95113290,8439.263352697682
8441,1728.15493651,144176897509546974728.15493651,8440.709355394316
8442,1728.24750575,144176897509546974728.24750575,8441.366141457454
8443,1728.33854579,144176897509546974728.33854579,8442.01207772591
8444,1728.49174609,144176897509546974728.49174609,8443.099045944604
8445,1728.64697047,144176897509546974728.64697047,8444.200375170632
8446,1728.71791694,144176897509546974728.71791694,8444.703745974204
8447,1728.98063647,144176897509546974728.98063647,8446.567761772736
8448,1729.02188650,144176897509546974729.02188650,8446.860433990938
8449,1729.16585592,144176897509546974729.16585592,8447.881908387553
8450,1729.22334164,144176897509546974729.22334164,8448.289774107585
8451,1729.27789215,144176897509546974729.27789215,8448.676814281027
8452,1729.49025973,144176897509546974729.49025973,8450.183579020657
8453,1729.76139524,144176897509546974729.76139524,8452.107306861459
8454,1729.83483705,144176897509546974729.83483705,8452.628382299257
8455,1729.96962679,144176897509546974729.96962679,8453.584726141833
8456,1730.18540920,144176897509546974730.18540920,8455.115719369804
8457,1730.34863415,144176897509546974730.34863415,8456.273813271368
8458,1730.44717488,144176897509546974730.44717488,8456.97296752731
8459,1730.61364293,144176897509546974730.61364293,8458.154071479312
8460,1730.71584086,144176897509546974730.71584086,8458.879173857873
8461,1730.91188694,144176897509546974730.91188694,8460.270136266949
8462,1731.16298076,144176897509546974731.16298076,8462.051666735559
8463,1731.23240056,144176897509546974731.23240056,8462.544205695
8464,1731.28155278,144176897509546974731.28155278,8462.892944574873
8465,1731.48002975,144176897509546974731.48002975,8464.30115434034
8466,1731.55587837,144176897509546974731.55587837,8464.839306285028
8467,1731.69896063,144176897509546974731.69896063,8465.85448621143
8468,1731.91265580,144176897509546974731.91265580,8467.37067030688
8469,1731.96254402,144176897509546974731.96254402,8467.724631164836
8470,1732.23771660,144176897509546974732.23771660,8469.677002335882
8471,1732.37288898,144176897509546974732.37288898,8470.636061039457
8472,1732.43473112,144176897509546974732.43473112,8471.074835903188
8473,1732.62908106,144176897509546974732.62908106,8472.453764065109
8474,1732.73568145,144176897509546974732.73568145,8473.2101022448
8475,1732.89742791,144176897509546974732.89742791,8474.357706143135
8476,1733.07510854,144176897509546974733.07510854,8475.618364235106
8477,1733.13431949,144176897509546974733.13431949,8476.03847059814
8478,1733.23500567,144176897509546974733.23500567,8476.752846991147
8479,1733.48121918,144176897509546974733.48121918,8478.499751275165
8480,1733.58181147,144176897509546974733.58181147,8479.213461511212
8481,1733.68031161,144176897509546974733.68031161,8479.912327777902
8482,1733.88198188,144176897509546974733.88198188,8481.343194258876
8483,1734.02863070,144176897509546974734.02863070,8482.383679209943
8484,1734.19830096,144176897509546974734.19830096,8483.587503094604
8485,1734.27960499,144176897509546974734.27960499,8484.164361603769
8486,1734.45187859,144176897509546974734.45187859,8485.386656391182
8487,1734.62484797,144176897509546974734.62484797,8486.6138877926
8488,1734.77313586,144176897509546974734.77313586,8487.66600207467
8489,1734.86894351,144176897509546974734.86894351,8488.345764912325
8490,1735.01612015,144176897509546974735.01612015,8489.389994787944
8491,1735.14152885,144176897509546974735.14152885,8490.279779411392
8492,1735.34563963,144176897509546974735.34563963,8491.727961503415
8493,1735.44065076,144176897509546974735.44065076,8492.40207296881
8494,1735.48544887,144176897509546974735.48544887,8492.71991909462
8495,1735.56889147,144176897509546974735.56889147,8493.311950926705
8496,1735.86315338,144176897509546974735.86315338,8495.399762400584
8497,1735.92591646,144176897509546974735.92591646,8495.845071406293
8498,1736.00586432,144176897509546974736.00586432,8496.412307782282
8499,1736.34825595,144176897509546974736.34825595,8498.841603417843
8500,1736.40780608,144176897509546974736.40780608,8499.264116289743
8501,1736.51609774,144176897509546974736.51609774,8500.032454163556
8502,1736.60963266,144176897509546974736.60963266,8500.696091802503
8503,1736.78895881,144176897509546974736.78895881,8501.968424988734
8504,1736.90620930,144176897509546974736.90620930,8502.800326468407
8505,1737.13421967,144176897509546974737.13421967,8504.418078037577
8506,1737.29894792,144176897509546974737.29894792,8505.586837971277
8507,1737.46112553,144176897509546974737.46112553,8506.737500912888
8508,1737.56351050,144176897509546974737.56351050,8507.46393035501
8509,1737.63688072,144176897509546974737.63688072,8507.984497856107
8510,1737.82662336,144176897509546974737.82662336,8509.330736860933
8511,1738.00105618,144176897509546974738.00105618,8510.568351484644
8512,1738.11910808,144176897509546974738.11910808,8511.40593903151
8513,1738.18957732,144176897509546974738.18957732,8511.90592385057
8514,1738.36906138,144176897509546974738.36906138,8513.179377420714
8515,1738.51095040,144176897509546974738.51095040,8514.186091215148
8516,1738.62431851,144176897509546974738.62431851,8514.990446902333
8517,1738.80929321,144176897509546974738.80929321,8516.302856996583
8518,1738.91270372,144176897509546974738.91270372,8517.036562725938
8519,1739.06890074,144176897509546974739.06890074,8518.144792909525
8520,1739.20847833,144176897509546974739.20847833,8519.135106925696
8521,1739.29592730,144176897509546974739.29592730,8519.755564269106
8522,1739.44368997,144176897509546974739.44368997,8520.803952073824
8523,1739.57837708,144176897509546974739.57837708,8521.759567748451
8524,1739.71752373,144176897509546974739.71752373,8522.746824211314
8525,1739.83041011,144176897509546974739.83041011,8523.54776198613
8526,1740.01153676,144176897509546974740.01153676,8524.832869861953
8527,1740.07778786,144176897509546974740.07778786,8525.302926644828
8528,1740.28347569,144176897509546974740.28347569,8526.762298031059
8529,1740.40935296,144176897509546974740.40935296,8527.655407195634
8530,1740.52027198,144176897509546974740.52027198,8528.442386395993
8531,1740.75782848,144176897509546974740.75782848,8530.12786851087
8532,1740.78662023,144176897509546974740.78662023,8530.332148249296
8533,1740.98520503,144176897509546974740.98520503,8531.741123077121
8534,1741.10069873,144176897509546974741.10069873,8532.560559993102
8535,1741.37535689,144176897509546974741.37535689,8534.509281313653
8536,1741.45615323,144176897509546974741.45615323,8535.0825377222
8537,1741.64580707,144176897509546974741.64580707,8536.428146684018
8538,1741.76987903,144176897509546974741.76987903,8537.308447031673
8539,1741.94499793,144176897509546974741.94499793,8538.550929447129
8540,1742.18701753,144176897509546974742.18701753,8540.268077608724
8541,1742.28349403,144176897509546974742.28349403,8540.952585989913
8542,1742.45669081,144176897509546974742.45669081,8542.18143081228
8543,1742.51048516,144176897509546974742.51048516,8542.563105970848
8544,1742.60800064,144176897509546974742.60800064,8543.254985997131
8545,1742.76350525,144176897509546974742.76350525,8544.358303477125
8546,1742.92173180,144176897509546974742.92173180,8545.480933336226
8547,1743.07524189,144176897509546974743.07524189,8546.570099539418
8548,1743.24443341,144176897509546974743.24443341,8547.770526725999
8549,1743.30261928,144176897509546974743.30261928,8548.183360065535
8550,1743.42780043,144176897509546974743.42780043,8549.071530203775
8551,1743.58721168,144176897509546974743.58721168,8550.20256560287
8552,1743.76404013,144176897509546974743.76404013,8551.45717741049
8553,1743.86792063,144176897509546974743.86792063,8552.194217755985
8554,1744.06188344,144176897509546974744.06188344,8553.570399200005
8555,1744.16295746,144176897509546974744.16295746,8554.28752734842
8556,1744.35585290,144176897509546974744.35585290,8555.656135718056
8557,1744.42105517,144176897509546974744.42105517,8556.11875096931
8558,1744.57030779,144176897509546974744.57030779,8557.177710086862
8559,1744.71861171,144176897509546974744.71861171,8558.229938103044
8560,1744.90243324,144176897509546974744.90243324,8559.53416636514
8561,1744.97124405,144176897509546974744.97124405,8560.02238449247
8562,1745.17390041,144176897509546974745.17390041,8561.460247359815
8563,1745.23770108,144176897509546974745.23770108,8561.912918148457
8564,1745.44205996,144176897509546974745.44205996,8563.36286052956
8565,1745.53101896,144176897509546974745.53101896,8563.994031654987
8566,1745.67001770,144176897509546974745.67001770,8564.980238684728
8567,1745.77943536,144176897509546974745.77943536,8565.756565617401
8568,1745.98698568,144176897509546974745.98698568,8567.229151517166
8569,1746.10622422,144176897509546974746.10622422,8568.07515836848
8570,1746.26299362,144176897509546974746.26299362,8569.187449633337
8571,1746.35510212,144176897509546974746.35510212,8569.840966709813
8572,1746.46569846,144176897509546974746.46569846,8570.625656470107
8573,1746.60150389,144176897509546974746.60150389,8571.589206713388
8574,1746.78946912,144176897509546974746.78946912,8572.922834853995
8575,1746.90474645,144176897509546974746.90474645,8573.74073660775
8576,1747.01758236,144176897509546974747.01758236,8574.541316293933
8577,1747.35181317,144176897509546974747.35181317,8576.912710267561
8578,1747.39783940,144176897509546974747.39783940,8577.23927000169
8579,1747.50920304,144176897509546974747.50920304,8578.029403816035
8580,1747.66685540,144176897509546974747.66685540,8579.147959751774
8581,1747.74407408,144176897509546974747.74407408,8579.695832380283
8582,1747.97312553,144176897509546974747.97312553,8581.320970494213
8583,1748.10443181,144176897509546974748.10443181,8582.252598913185
8584,1748.20682899,144176897509546974748.20682899,8582.97911498622
8585,1748.40676142,144176897509546974748.40676142,8584.397651355246
8586,1748.53557917,144176897509546974748.53557917,8585.311623457479
8587,1748.65618590,144176897509546974748.65618590,8586.167337724817
8588,1748.70483724,144176897509546974748.70483724,8586.512522821562
8589,1748.78013397,144176897509546974748.78013397,8587.046759063145
8590,1748.92931912,144176897509546974748.92931912,8588.105239475723
8591,1749.27582751,144176897509546974749.27582751,8590.563743848366
8592,1749.34254971,144176897509546974749.34254971,8591.03714312292
8593,1749.47213929,144176897509546974749.47213929,8591.956591419912
8594,1749.66790309,144176897509546974749.66790309,8593.345551030112
8595,1749.76202701,144176897509546974749.76202701,8594.013367670543
8596,1749.98493907,144176897509546974749.98493907,8595.594946327916
8597,1750.10018694,144176897509546974750.10018694,8596.412639060647
8598,1750.16663310,144176897509546974750.16663310,8596.884079809615
8599,1750.43736257,144176897509546974750.43736257,8598.804926764573
8600,1750.57435718,144176897509546974750.57435718,8599.776914333803
8601,1750.66403712,144176897509546974750.66403712,8600.413200585423
8602,1750.77971527,144176897509546974750.77971527,8601.23394618871
8603,1750.89907726,144176897509546974750.89907726,8602.080828927516
8604,1751.10712651,144176897509546974751.10712651,8603.556954775004
8605,1751.19403976,144176897509546974751.19403976,8604.173611142734
8606,1751.29143217,144176897509546974751.29143217,8604.864617977655
8607,1751.51293330,144176897509546974751.51293330,8606.436185975334
8608,1751.73187381,144176897509546974751.73187381,8607.989586172032
8609,1751.78386198,144176897509546974751.78386198,8608.358446340962
8610,1751.87438929,144176897509546974751.87438929,8609.000744749606
8611,1751.92949306,144176897509546974751.92949306,8609.39171034641
8612,1752.05085113,144176897509546974752.05085113,8610.252755430343
8613,1752.25595054,144176897509546974752.25595054,8611.707951930237
8614,1752.45663228,144176897509546974752.45663228,8613.131804712848
8615,1752.63948035,144176897509546974752.63948035,8614.42912619942
8616,1752.82104805,144176897509546974752.82104805,8615.7173633598
8617,1752.96256085,144176897509546974752.96256085,8616.721407843643
8618,1753.06078273,144176897509546974753.06078273,8617.418299833675
8619,1753.18183767,144176897509546974753.18183767,8618.277194186334
8620,1753.29346588,144176897509546974753.29346588,8619.069205145708
8621,1753.38605404,144176897509546974753.38605404,8619.72612544774
8622,1753.58651541,144176897509546974753.58651541,8621.14841468781
8623,1753.75848190,144176897509546974753.75848190,8622.368530505535
8624,1753.89300715,144176897509546974753.89300715,8623.322997770689
8625,1754.00694238,144176897509546974754.00694238,8624.13137721903
8626,1754.21135759,144176897509546974754.21135759,8625.581719265927
8627,1754.48055856,144176897509546974754.48055856,8627.49172139276
8628,1754.52500762,144176897509546974754.52500762,8627.80709098127
8629,1754.68051546,144176897509546974754.68051546,8628.910431378368
8630,1754.80784818,144176897509546974754.80784818,8629.813867075556
8631,1754.92288376,144176897509546974754.92288376,8630.630053593983
8632,1754.97935754,144176897509546974754.97935754,8631.030739519854
8633,1755.08432823,144176897509546974755.08432823,8631.775514849434
8634,1755.26910781,144176897509546974755.26910781,8633.086540551887
8635,1755.35418430,144176897509546974755.35418430,8633.690164962465
8636,1755.59058500,144176897509546974755.59058500,8635.36744658513
8637,1755.67837347,144176897509546974755.67837347,8635.990312707832
8638,1755.82326077,144176897509546974755.82326077,8637.018299535483
8639,1755.92304271,144176897509546974755.92304271,8637.72626027433
8640,1756.09161119,144176897509546974756.09161119,8638.922266942942
8641,1756.22824729,144176897509546974756.22824729,8639.891710855429
8642,1756.38049427,144176897509546974756.38049427,8640.971915193488
8643,1756.42154390,144176897509546974756.42154390,8641.263165557873
8644,1756.57972978,144176897509546974756.57972978,8642.385506860117
8645,1756.74637573,144176897509546974756.74637573,8643.567873026657
8646,1756.93332183,144176897509546974756.93332183,8644.894270359486
8647,1757.08951622,144176897509546974757.08951622,8646.002481883015
8648,1757.21592557,144176897509546974757.21592557,8646.899366197182
8649,1757.46658503,144176897509546974757.46658503,8648.677814847313
8650,1757.53222033,144176897509546974757.53222033,8649.14350248059
8651,1757.73336148,144176897509546974757.73336148,8650.570614813409
8652,1757.76067090,144176897509546974757.76067090,8650.764377303502
8653,1757.92241644,144176897509546974757.92241644,8651.911974674364
8654,1758.03584455,144176897509546974758.03584455,8652.716756066282
8655,1758.15771924,144176897509546974758.15771924,8653.581466609885
8656,1758.37997982,144176897509546974758.37997982,8655.158422965247
8657,1758.47622742,144176897509546974758.47622742,8655.841307282872
8658,1758.65415388,144176897509546974758.65415388,8657.103709558092
8659,1758.68717765,144176897509546974758.68717765,8657.338015812398
8660,1758.92698834,144176897509546974758.92698834,8659.03949158322
8661,1759.01826708,144176897509546974759.01826708,8659.687121447016
8662,1759.18074072,144176897509546974759.18074072,8660.839884744837
8663,1759.28442658,144176897509546974759.28442658,8661.575544104173
8664,1759.41427924,144176897509546974759.41427924,8662.496858974526
8665,1759.76915008,144176897509546974759.76915008,8665.014695589865
8666,1759.84025206,144176897509546974759.84025206,8665.51916974916
8667,1760.06716269,144176897509546974760.06716269,8667.129118576242
8668,1760.18372848,144176897509546974760.18372848,8667.956162055378
8669,1760.27735819,144176897509546974760.27735819,8668.620472236857
8670,1760.38519816,144176897509546974760.38519816,8669.385605334472
8671,1760.56732583,144176897509546974760.56732583,8670.677815526193
8672,1760.65099162,144176897509546974760.65099162,8671.271430908942
8673,1760.85764066,144176897509546974760.85764066,8672.737622155979
8674,1761.00797699,144176897509546974761.00797699,8673.804270281504
8675,1761.05955451,144176897509546974761.05955451,8674.170216856275
8676,1761.22648450,144176897509546974761.22648450,8675.354598309032
8677,1761.42377142,144176897509546974761.42377142,8676.754364575834
8678,1761.48060703,144176897509546974761.48060703,8677.15761771411
8679,1761.66817743,144176897509546974761.66817743,8678.488444504708
8680,1761.82673018,144176897509546974761.82673018,8679.613388778553
8681,1761.84925724,144176897509546974761.84925724,8679.773220047035
8682,1762.11044056,144176897509546974762.11044056,8681.626336314383
8683,1762.20735720,144176897509546974762.20735720,8682.313967523607
8684,1762.35114089,144176897509546974762.35114089,8683.334124151213
8685,1762.43895786,144176897509546974762.43895786,8683.957192483664
8686,1762.67183843,144176897509546974762.67183843,8685.609498506179
8687,1762.80193658,144176897509546974762.80193658,8686.532555147456
8688,1762.94404749,144176897509546974762.94404749,8687.540843268953
8689,1763.00456988,144176897509546974763.00456988,8687.97025440228
8690,1763.09988106,144176897509546974763.09988106,8688.646494746106
8691,1763.23332628,144176897509546974763.23332628,8689.593299113176
8692,1763.39050199,144176897509546974763.39050199,8690.70847317955
8693,1763.65282274,144176897509546974763.65282274,8692.569659602512
8694,1763.69804164,144176897509546974763.69804164,8692.890491266577
8695,1763.80696533,144176897509546974763.80696533,8693.663313443118
8696,1763.91962572,144176897509546974763.91962572,8694.462647801049
8697,1764.05288545,144176897509546974764.05288545,8695.40813610193
8698,1764.28056135,144176897509546974764.28056135,8697.023514580056
8699,1764.46218811,144176897509546974764.46218811,8698.312170775796
8700,1764.66665131,144176897509546974764.66665131,8699.762853315531
8701,1764.73169342,144176897509546974764.73169342,8700.224332218946
8702,1764.89369291,144176897509546974764.89369291,8701.3737313851
8703,1764.96890396,144176897509546974764.96890396,8701.90735972032
8704,1765.13745753,144176897509546974765.13745753,8703.103260601307
8705,1765.32136438,144176897509546974765.32136438,8704.408094215536
8706,1765.36283063,144176897509546974765.36283063,8704.7023005317
8707,1765.50937259,144176897509546974765.50937259,8705.742027302633
8708,1765.71123325,144176897509546974765.71123325,8707.174244615682
8709,1765.90573015,144176897509546974765.90573015,8708.554215470404
8710,1766.01105289,144176897509546974766.01105289,8709.301488622516
8711,1766.12959935,144176897509546974766.12959935,8710.142585111613
8712,1766.33427655,144176897509546974766.33427655,8711.594785998237
8713,1766.39915090,144176897509546974766.39915090,8712.055074631211
8714,1766.58670666,144176897509546974766.58670666,8713.385797549852
8715,1766.67726554,144176897509546974766.67726554,8714.02831995014
8716,1766.83084168,144176897509546974766.83084168,8715.11795478329
8717,1766.93271464,144176897509546974766.93271464,8715.840751474056
8718,1767.11428004,144176897509546974767.11428004,8717.128972315753
8719,1767.17434559,144176897509546974767.17434559,8717.55514213323
8720,1767.39041567,144176897509546974767.39041567,8719.088176402553
8721,1767.47038068,144176897509546974767.47038068,8719.655534459145
8722,1767.64907044,144176897509546974767.64907044,8720.923352408105
8723,1767.77233277,144176897509546974767.77233277,8721.797908367016
8724,1767.93597341,144176897509546974767.93597341,8722.958951621935
8725,1768.00637146,144176897509546974768.00637146,8723.458431342326
8726,1768.16277925,144176897509546974768.16277925,8724.568156955696
8727,1768.49120008,144176897509546974768.49120008,8726.898328662715
8728,1768.55145894,144176897509546974768.55145894,8727.325870029897
8729,1768.70151749,144176897509546974768.70151749,8728.3905472844
8730,1768.79079481,144176897509546974768.79079481,8729.023976915349
8731,1768.85271240,144176897509546974768.85271240,8729.463287102782
8732,1769.02172338,144176897509546974769.02172338,8730.662433343816
8733,1769.23063582,144176897509546974769.23063582,8732.144683592474
8734,1769.35012228,144176897509546974769.35012228,8732.992449455754
8735,1769.59204798,144176897509546974769.59204798,8734.708931389438
8736,1769.71058456,144176897509546974769.71058456,8735.549957779154
8737,1769.83719195,144176897509546974769.83719195,8736.44824720275
8738,1769.99314695,144176897509546974769.99314695,8737.554760235338
8739,1770.10011208,144176897509546974770.10011208,8738.313686274114
8740,1770.27460138,144176897509546974770.27460138,8739.551701627883
8741,1770.43898824,144176897509546974770.43898824,8740.718039372592
8742,1770.54737479,144176897509546974770.54737479,8741.487050498443
8743,1770.68121320,144176897509546974770.68121320,8742.436644579593
8744,1770.80040532,144176897509546974770.80040532,8743.282322077344
8745,1770.99873222,144176897509546974770.99873222,8744.689467084318
8746,1771.09456448,144176897509546974771.09456448,8745.369404531864
8747,1771.23569498,144176897509546974771.23569498,8746.370736567038
8748,1771.39619588,144176897509546974771.39619588,8747.509503118878
8749,1771.62354147,144176897509546974771.62354147,8749.122538021486
8750,1771.68072378,144176897509546974771.68072378,8749.528251023623
8751,1771.74287650,144176897509546974771.74287650,8749.969229476963
8752,1771.83916099,144176897509546974771.83916099,8750.65237553205
8753,1772.01934877,144176897509546974772.01934877,8751.930822051128
8754,1772.19931199,144176897509546974772.19931199,8753.207675299285
8755,1772.26643472,144176897509546974772.26643472,8753.683916365797
8756,1772.42480467,144176897509546974772.42480467,8754.807563659217
8757,1772.55834203,144176897509546974772.55834203,8755.755021766858
8758,1772.85503556,144176897509546974772.85503556,8757.860085776536
8759,1772.93848941,144176897509546974772.93848941,8758.45219742826
8760,1773.11113172,144176897509546974773.11113172,8759.677108242218
8761,1773.29607139,144176897509546974773.29607139,8760.989269795855
8762,1773.38225073,144176897509546974773.38225073,8761.600719014217
8763,1773.48148459,144176897509546974773.48148459,8762.304791082212
8764,1773.60939352,144176897509546974773.60939352,8763.212315034822
8765,1773.75645689,144176897509546974773.75645689,8764.255741250852
8766,1773.89767948,144176897509546974773.89767948,8765.257726671844
8767,1773.97835205,144176897509546974773.97835205,8765.830104922476
8768,1774.01111657,144176897509546974774.01111657,8766.062571777571
8769,1774.24521665,144176897509546974774.24521665,8767.723530319778
8770,1774.42451266,144176897509546974774.42451266,8768.99564966033
8771,1774.60436550,144176897509546974774.60436550,8770.271719753675
8772,1774.68988595,144176897509546974774.68988595,8770.87849409549
8773,1774.81304052,144176897509546974774.81304052,8771.752285488697
8774,1775.04005175,144176897509546974775.04005175,8773.36294808072
8775,1775.09426350,144176897509546974775.09426350,8773.747584725228
8776,1775.20695259,144176897509546974775.20695259,8774.547122711925
8777,1775.35579682,144176897509546974775.35579682,8775.603184270198
8778,1775.44651779,144176897509546974775.44651779,8776.246856711825
8779,1775.53564857,144176897509546974775.53564857,8776.879246629907
8780,1775.75181477,144176897509546974775.75181477,8778.412962878216
8781,1775.92773127,144176897509546974775.92773127,8779.661104328616
8782,1776.13572519,144176897509546974776.13572519,8781.136837605387
8783,1776.22494221,144176897509546974776.22494221,8781.769839403076
8784,1776.39396904,144176897509546974776.39396904,8782.96909810111
8785,1776.57436004,144176897509546974776.57436004,8784.248986482125
8786,1776.77109992,144176897509546974776.77109992,8785.644871456956
8787,1776.83791986,144176897509546974776.83791986,8786.118964204523
8788,1777.02443505,144176897509546974777.02443505,8787.442304196895
8789,1777.16817583,144176897509546974777.16817583,8788.462156374666
8790,1777.39905395,144176897509546974777.39905395,8790.100254856401
8791,1777.46008202,144176897509546974777.46008202,8790.533253829237
8792,1777.56821436,144176897509546974777.56821436,8791.300461315077
8793,1777.66832171,144176897509546974777.66832171,8792.010730863554
8794,1777.93633598,144176897509546974777.93633598,8793.912313260234
8795,1778.06868701,144176897509546974778.06868701,8794.851354262904
8796,1778.12992875,144176897509546974778.12992875,8795.285869241254
8797,1778.19074885,144176897509546974778.19074885,8795.717392650526
8798,1778.38720280,144176897509546974778.38720280,8797.111248929441
8799,1778.59230993,144176897509546974778.59230993,8798.566500203344
8800,1778.65069214,144176897509546974778.65069214,8798.980726590677
8801,1778.83847531,144176897509546974778.83847531,8800.313063001215
8802,1778.97677337,144176897509546974778.97677337,8801.294298651059
8803,1779.16373047,144176897509546974779.16373047,8802.620774029756
8804,1779.34138617,144176897509546974779.34138617,8803.88125524141
8805,1779.45812449,144176897509546974779.45812449,8804.709522834512
8806,1779.52213565,144176897509546974779.52213565,8805.163687066315
8807,1779.61530158,144176897509546974779.61530158,8805.824706692094
8808,1779.77778521,144176897509546974779.77778521,8806.977540869753
8809,1779.95005936,144176897509546974779.95005936,8808.199839559458
8810,1780.13006781,144176897509546974780.13006781,8809.477013718035
8811,1780.16957513,144176897509546974780.16957513,8809.757321271256
8812,1780.33422663,144176897509546974780.33422663,8810.925536657649
8813,1780.46331107,144176897509546974780.46331107,8811.841400946478
8814,1780.67390806,144176897509546974780.67390806,8813.335603210327
8815,1780.86052183,144176897509546974780.86052183,8814.659642635579
8816,1780.95431484,144176897509546974780.95431484,8815.325111443444
8817,1781.02573627,144176897509546974781.02573627,8815.831852125699
8818,1781.17007869,144176897509546974781.17007869,8816.85597298675
8819,1781.38140664,144176897509546974781.38140664,8818.355361469485
8820,1781.54470970,144176897509546974781.54470970,8819.514009567662
8821,1781.61468334,144176897509546974781.61468334,8820.010478065611
8822,1781.75618080,144176897509546974781.75618080,8821.014413710944
8823,1781.90153278,144176897509546974781.90153278,8822.045697479867
8824,1782.12421273,144176897509546974782.12421273,8823.625629298474
8825,1782.17330758,144176897509546974782.17330758,8823.97396113367
8826,1782.41919432,144176897509546974782.41919432,8825.71854695875
8827,1782.52294028,144176897509546974782.52294028,8826.454632732326
8828,1782.67344395,144176897509546974782.67344395,8827.522468148358
8829,1782.73947570,144176897509546974782.73947570,8827.990968625672
8830,1782.89985794,144176897509546974782.89985794,8829.128893275447
8831,1782.99493560,144176897509546974782.99493560,8829.803476776442
8832,1783.15503524,144176897509546974783.15503524,8830.939396356915
8833,1783.23841671,144176897509546974783.23841671,8831.530994466826
8834,1783.42153526,144176897509546974783.42153526,8832.830235030344
8835,1783.63190765,144176897509546974783.63190765,8834.322843739468
8836,1783.78745307,144176897509546974783.78745307,8835.426450769633
8837,1783.91089709,144176897509546974783.91089709,8836.302295833433
8838,1784.03626200,144176897509546974784.03626200,8837.191769763374
8839,1784.26352448,144176897509546974784.26352448,8838.804214993974
8840,1784.30989048,144176897509546974784.30989048,8839.133185423065
8841,1784.37678833,144176897509546974784.37678833,8839.60783094823
8842,1784.59596156,144176897509546974784.59596156,8841.162882311695
8843,1784.75026467,144176897509546974784.75026467,8842.257675054369
8844,1784.83074869,144176897509546974784.83074869,8842.82871552787
8845,1784.91764713,144176897509546974784.91764713,8843.445266817484
8846,1785.14494689,144176897509546974785.14494689,8845.057976552624
8847,1785.17424796,144176897509546974785.17424796,8845.265869956644
8848,1785.39622276,144176897509546974785.39622276,8846.84079868035
8849,1785.54150458,144176897509546974785.54150458,8847.871584658536
8850,1785.59796446,144176897509546974785.59796446,8848.272171962813
8851,1785.75702637,144176897509546974785.75702637,8849.40072876704
8852,1785.92442373,144176897509546974785.92442373,8850.58842624683
8853,1786.21124864,144176897509546974786.21124864,8852.6234716188
8854,1786.33388812,144176897509546974786.33388812,8853.493608407807
8855,1786.54933235,144176897509546974786.54933235,8855.02220222199
8856,1786.62196194,144176897509546974786.62196194,8855.53751489479
8857,1786.72612807,144176897509546974786.72612807,8856.276581807675
8858,1786.77667390,144176897509546974786.77667390,8856.635208460479
8859,1786.95428188,144176897509546974786.95428188,8857.895351094965
8860,1787.07051858,144176897509546974787.07051858,8858.72005965458
8861,1787.22563737,144176897509546974787.22563737,8859.820639711226
8862,1787.43084925,144176897509546974787.43084925,8861.276634194646
8863,1787.54116404,144176897509546974787.54116404,8862.05932633547
8864,1787.67911950,144176897509546974787.67911950,8863.038131211277
8865,1787.86281435,144176897509546974787.86281435,8864.341460668777
8866,1788.04146014,144176897509546974788.04146014,8865.608966647114
8867,1788.16246546,144176897509546974788.16246546,8866.467508941958
8868,1788.20510547,144176897509546974788.20510547,8866.770043177954
8869,1788.54299055,144176897509546974788.54299055,8869.167364485618
8870,1788.63737231,144176897509546974788.63737231,8869.837010521194
8871,1788.79585576,144176897509546974788.79585576,8870.961463106072
8872,1788.87475870,144176897509546974788.87475870,8871.521285692199
8873,1789.04725241,144176897509546974789.04725241,8872.74514217743
8874,1789.13039193,144176897509546974789.13039193,8873.335023632997
8875,1789.25708388,144176897509546974789.25708388,8874.233913016466
8876,1789.46700827,144176897509546974789.46700827,8875.723343130236
8877,1789.61541252,144176897509546974789.61541252,8876.776282995686
8878,1789.78091023,144176897509546974789.78091023,8877.950502308811
8879,1789.86585243,144176897509546974789.86585243,8878.553173921242
8880,1790.01437460,144176897509546974790.01437460,8879.606950438398
8881,1790.13831780,144176897509546974790.13831780,8880.486337223692
8882,1790.19655180,144176897509546974790.19655180,8880.899512049376
8883,1790.39234318,144176897509546974790.39234318,8882.288667341852
8884,1790.45623167,144176897509546974790.45623167,8882.741961220327
8885,1790.63137172,144176897509546974790.63137172,8883.984593696701
8886,1790.76887410,144176897509546974790.76887410,8884.960183934152
8887,1790.95133713,144176897509546974790.95133713,8886.254773531538
8888,1791.08272331,144176897509546974791.08272331,8887.186968847314
8889,1791.16538004,144176897509546974791.16538004,8887.77342486973
8890,1791.28207243,144176897509546974791.28207243,8888.601366585859
8891,1791.43233268,144176897509546974791.43233268,8889.66747491778
8892,1791.46096667,144176897509546974791.46096667,8889.870635336554
8893,1791.76805045,144176897509546974791.76805045,8892.049418989956
8894,1791.94632935,144176897509546974791.94632935,8893.31432185479
8895,1792.02537709,144176897509546974792.02537709,8893.875171808344
8896,1792.18923669,144176897509546974792.18923669,8895.037768601744
8897,1792.31260627,144176897509546974792.31260627,8895.91308550787
8898,1792.50182895,144176897509546974792.50182895,8897.25563535546
8899,1792.65344903,144176897509546974792.65344903,8898.331391788546
8900,1792.70539174,144176897509546974792.70539174,8898.699929415186
8901,1792.89343023,144176897509546974792.89343023,8900.034077341275
8902,1793.05635267,144176897509546974793.05635267,8901.190024910515
8903,1793.22421484,144176897509546974793.22421484,8902.381020253937
8904,1793.31049991,144176897509546974793.31049991,8902.993219634995
8905,1793.36315763,144176897509546974793.36315763,8903.366830314013
8906,1793.58839396,144176897509546974793.58839396,8904.964899850462
8907,1793.72368935,144176897509546974793.72368935,8905.924831319693
8908,1793.90352815,144176897509546974793.90352815,8907.200801798132
8909,1794.02396151,144176897509546974794.02396151,8908.055285991639
8910,1794.20910120,144176897509546974794.20910120,8909.36886670296
8911,1794.33436015,144176897509546974794.33436015,8910.25758883834
8912,1794.55170426,144176897509546974794.55170426,8911.799662451054
8913,1794.63990617,144176897509546974794.63990617,8912.425461963185
8914,1794.70965505,144176897509546974794.70965505,8912.920335771194
8915,1794.82802874,144176897509546974794.82802874,8913.760206443507
8916,1794.89831447,144176897509546974794.89831447,8914.258889244635
8917,1795.10127034,144176897509546974795.10127034,8915.698877159066
8918,1795.21873973,144176897509546974795.21873973,8916.532331751512
8919,1795.41408183,144176897509546974795.41408183,8917.918299366933
8920,1795.57839478,144176897509546974795.57839478,8919.08411271436
8921,1795.78566219,144176897509546974795.78566219,8920.554691345345
8922,1795.95592882,144176897509546974795.95592882,8921.762746522221
8923,1796.04286104,144176897509546974796.04286104,8922.3795374836
8924,1796.18100567,144176897509546974796.18100567,8923.359684535486
8925,1796.26779989,144176897509546974796.26779989,8923.975496375973
8926,1796.37941022,144176897509546974796.37941022,8924.767380475338
8927,1796.70694802,144176897509546974796.70694802,8927.09128701482
8928,1796.80956586,144176897509546974796.80956586,8927.81936868797
8929,1797.02966378,144176897509546974797.02966378,8929.380980799959
8930,1797.09267311,144176897509546974797.09267311,8929.828036968851
8931,1797.16673496,144176897509546974797.16673496,8930.353511639381
8932,1797.32476429,144176897509546974797.32476429,8931.47474220702
8933,1797.41823822,144176897509546974797.41823822,8932.137947117102
8934,1797.57634645,144176897509546974797.57634645,8933.259737486467
8935,1797.66442649,144176897509546974797.66442649,8933.884672321328
8936,1797.83652787,144176897509546974797.83652787,8935.105745194249
8937,1797.90873264,144176897509546974797.90873264,8935.618043735623
8938,1798.01186753,144176897509546974798.01186753,8936.349793919326
8939,1798.22990680,144176897509546974798.22990680,8937.8967997471
8940,1798.42108732,144176897509546974798.42108732,8939.253240624
8941,1798.47576120,144176897509546974798.47576120,8939.64115611733
8942,1798.67538036,144176897509546974798.67538036,8941.057469810985
8943,1798.83298734,144176897509546974798.83298734,8942.175703772042
8944,1799.04210372,144176897509546974799.04210372,8943.659400991095
8945,1799.10936297,144176897509546974799.10936297,8944.13661067778
8946,1799.30424568,144176897509546974799.30424568,8945.519318884897
8947,1799.51726732,144176897509546974799.51726732,8947.030724231845
8948,1799.61792297,144176897509546974799.61792297,8947.744884012092
8949,1799.67901533,144176897509546974799.67901533,8948.178339127551
8950,1799.84395450,144176897509546974799.84395450,8949.348595555297
8951,1799.94129228,144176897509546974799.94129228,8950.039214786057
8952,1800.10792516,144176897509546974800.10792516,8951.221488219917
8953,1800.25197616,144176897509546974800.25197616,8952.243541433068
8954,1800.39461509,144176897509546974800.39461509,8953.255575898134
8955,1800.56482440,144176897509546974800.56482440,8954.463224385087
8956,1800.69335876,144176897509546974800.69335876,8955.375185812904
8957,1800.83069778,144176897509546974800.83069778,8956.349616998265
8958,1800.94922543,144176897509546974800.94922543,8957.190580028926
8959,1801.07655141,144176897509546974801.07655141,8958.09396790528
8960,1801.17733297,144176897509546974801.17733297,8958.809021026915
8961,1801.37216771,144176897509546974801.37216771,8960.191388883097
8962,1801.54503192,144176897509546974801.54503192,8961.417874095067
8963,1801.63681659,144176897509546974801.63681659,8962.069093572138
8964,1801.76893965,144176897509546974801.76893965,8963.006517109667
8965,1801.95588181,144176897509546974801.95588181,8964.332886487884
8966,1802.02478049,144176897509546974802.02478049,8964.8217280598
8967,1802.21725336,144176897509546974802.21725336,8966.187338261938
8968,1802.31709132,144176897509546974802.31709132,8966.895696467105
8969,1802.39420446,144176897509546974802.39420446,8967.442820280987
8970,1802.60888676,144176897509546974802.60888676,8968.966008141688
8971,1802.73376578,144176897509546974802.73376578,8969.852034643734
8972,1802.84730329,144176897509546974802.84730329,8970.657592237287
8973,1803.04386659,144176897509546974803.04386659,8972.052224363082
8974,1803.18131051,144176897509546974803.18131051,8973.02739982222
8975,1803.24743713,144176897509546974803.24743713,8973.496573409671
8976,1803.36274560,144176897509546974803.36274560,8974.314696104184
8977,1803.54695948,144176897509546974803.54695948,8975.621708120492
8978,1803.69161457,144176897509546974803.69161457,8976.648047399869
8979,1803.76825776,144176897509546974803.76825776,8977.191836881411
8980,1803.98957442,144176897509546974803.98957442,8978.76209604988
8981,1804.11343600,144176897509546974804.11343600,8979.640903734833
8982,1804.34108171,144176897509546974804.34108171,8981.256068012526
8983,1804.43617904,144176897509546974804.43617904,8981.930791073724
8984,1804.60477380,144176897509546974804.60477380,8983.126984201012
8985,1804.73599746,144176897509546974804.73599746,8984.058026424562
8986,1805.02612980,144176897509546974805.02612980,8986.116538273396
8987,1805.13516987,144176897509546974805.13516987,8986.890186175222
8988,1805.24299028,144176897509546974805.24299028,8987.655180493095
8989,1805.38171185,144176897509546974805.38171185,8988.63942097981
8990,1805.51242931,144176897509546974805.51242931,8989.566871674413
8991,1805.64269294,144176897509546974805.64269294,8990.49110240935
8992,1805.72569774,144176897509546974805.72569774,8991.080028015886
8993,1805.91726939,144176897509546974805.91726939,8992.439243991003
8994,1806.11405283,144176897509546974806.11405283,8993.83543802747
8995,1806.24332571,144176897509546974806.24332571,8994.75263931297
8996,1806.37743454,144176897509546974806.37743454,8995.70415204536
8997,1806.51565221,144176897509546974806.51565221,8996.684817321811
8998,1806.59144336,144176897509546974806.59144336,8997.222561512313
8999,1806.74811658,144176897509546974806.74811658,8998.33417037248
9000,1806.95169645,144176897509546974806.95169645,8999.778585616155
9001,1807.06931928,144176897509546974807.06931928,9000.61312887751
9002,1807.14790493,144176897509546974807.14790493,9001.170700266048
9003,1807.26836728,144176897509546974807.26836728,9002.025390145893
9004,1807.34037767,144176897509546974807.34037767,9002.536309545827
9005,1807.52023086,144176897509546974807.52023086,9003.81238212245
9006,1807.72306285,144176897509546974807.72306285,9005.251491098505
9007,1807.76427420,144176897509546974807.76427420,9005.543888879054
9008,1808.04308380,144176897509546974808.04308380,9007.522064994026
9009,1808.22953331,144176897509546974808.22953331,9008.844938981614
9010,1808.32337319,144176897509546974808.32337319,9009.510740335829
9011,1808.44315636,144176897509546974808.44315636,9010.360611379972
9012,1808.54542972,144176897509546974808.54542972,9011.086248940337
9013,1808.74705335,144176897509546974808.74705335,9012.51678450683
9014,1808.78101980,144176897509546974808.78101980,9012.75777915013
9015,1809.00783733,144176897509546974809.00783733,9014.367067425364
9016,1809.15670747,144176897509546974809.15670747,9015.42331281713
9017,1809.25057308,144176897509546974809.25057308,9016.089296727725
9018,1809.39270238,144176897509546974809.39270238,9017.097715327722
9019,1809.51866418,144176897509546974809.51866418,9017.991424239319
9020,1809.60689275,144176897509546974809.60689275,9018.617412906253
9021,1809.75760308,144176897509546974809.75760308,9019.686714591293
9022,1809.93965569,144176897509546974809.93965569,9020.978392226389
9023,1810.05746624,144176897509546974810.05746624,9021.81426737596
9024,1810.18290980,144176897509546974810.18290980,9022.704299333858
9025,1810.41097982,144176897509546974810.41097982,9024.322474124487
9026,1810.58167605,144176897509546974810.58167605,9025.533577347265
9027,1810.63231156,144176897509546974810.63231156,9025.892840286746
9028,1810.77669447,144176897509546974810.77669447,9026.917248427542
9029,1810.89278415,144176897509546974810.89278415,9027.740913868656
9030,1811.02466746,144176897509546974811.02466746,9028.676636361013
9031,1811.14141721,144176897509546974811.14141721,9029.50498505087
9032,1811.40409581,144176897509546974811.40409581,9031.368710447821
9033,1811.46673329,144176897509546974811.46673329,9031.813128311618
9034,1811.60854950,144176897509546974811.60854950,9032.819325513356
9035,1811.82001876,144176897509546974811.82001876,9034.319716601693
9036,1812.00902685,144176897509546974812.00902685,9035.6607439163
9037,1812.10749384,144176897509546974812.10749384,9036.359374981123
9038,1812.26521242,144176897509546974812.26521242,9037.478400752987
9039,1812.37462128,144176897509546974812.37462128,9038.254665248967
9040,1812.52411699,144176897509546974812.52411699,9039.315349109253
9041,1812.59541298,144176897509546974812.59541298,9039.821199784808
9042,1812.72569106,144176897509546974812.72569106,9040.745533043635
9043,1812.92230371,144176897509546974812.92230371,9042.140515311576
9044,1813.14952234,144176897509546974813.14952234,9043.752649422964
9045,1813.25781516,144176897509546974813.25781516,9044.520995527067
9046,1813.31622607,144176897509546974813.31622607,9044.935425543164
9047,1813.43983034,144176897509546974813.43983034,9045.812407593361
9048,1813.57539076,144176897509546974813.57539076,9046.774219471357
9049,1813.73560171,144176897509546974813.73560171,9047.910928805064
9050,1813.89851533,144176897509546974813.89851533,9049.066813795707
9051,1813.99994006,144176897509546974813.99994006,9049.78643025925
9052,1814.21284468,144176897509546974814.21284468,9051.29700534006
9053,1814.27417584,144176897509546974814.27417584,9051.732154760366
9054,1814.54682054,144176897509546974814.54682054,9053.66659042332
9055,1814.60416940,144176897509546974814.60416940,9054.07348511085
9056,1814.70858431,144176897509546974814.70858431,9054.81431713747
9057,1814.81394755,144176897509546974814.81394755,9055.561877640279
9058,1815.04722327,144176897509546974815.04722327,9057.21698728323
9059,1815.16250550,144176897509546974815.16250550,9058.03492380287
9060,1815.35735713,144176897509546974815.35735713,9059.417411494935
9061,1815.49974098,144176897509546974815.49974098,9060.42763614727
9062,1815.64894643,144176897509546974815.64894643,9061.486260589949
9063,1815.78532731,144176897509546974815.78532731,9062.453893696395
9064,1815.94606578,144176897509546974815.94606578,9063.59434582613
9065,1816.09546164,144176897509546974816.09546164,9064.654321242786
9066,1816.22362045,144176897509546974816.22362045,9065.563618113716
9067,1816.38549912,144176897509546974816.38549912,9066.712160052435
9068,1816.53681766,144176897509546974816.53681766,9067.785777035424
9069,1816.55992586,144176897509546974816.55992586,9067.949731538067
9070,1816.78302550,144176897509546974816.78302550,9069.532641090344
9071,1816.85661137,144176897509546974816.85661137,9070.05473864521
9072,1817.01811686,144176897509546974817.01811686,9071.20063284238
9073,1817.20209698,144176897509546974817.20209698,9072.505986313041
9074,1817.38066520,144176897509546974817.38066520,9073.772941926107
9075,1817.42143696,144176897509546974817.42143696,9074.062220780916
9076,1817.60539124,144176897509546974817.60539124,9075.367390914736
9077,1817.74933565,144176897509546974817.74933565,9076.388687863428
9078,1817.88161379,144176897509546974817.88161379,9077.327211705795
9079,1818.00287583,144176897509546974818.00287583,9078.187575449298
9080,1818.09387163,144176897509546974818.09387163,9078.833197831464
9081,1818.27337302,144176897509546974818.27337302,9080.106774359325
9082,1818.46389550,144176897509546974818.46389550,9081.458546390493
9083,1818.62435291,144176897509546974818.62435291,9082.597004377349
9084,1818.75667127,144176897509546974818.75667127,9083.53581358379
9085,1818.81490141,144176897509546974818.81490141,9083.94896102247
9086,1818.93318466,144176897509546974818.93318466,9084.788190015846
9087,1819.16481882,144176897509546974819.16481882,9086.431652661047
9088,1819.25435581,144176897509546974819.25435581,9087.066924671137
9089,1819.33137271,144176897509546974819.33137271,9087.613365654623
9090,1819.46499399,144176897509546974819.46499399,9088.561419181287
9091,1819.61463307,144176897509546974819.61463307,9089.623120263037
9092,1819.86476032,144176897509546974819.86476032,9091.397792841217
9093,1819.91827856,144176897509546974819.91827856,9091.777508977546
9094,1820.12145055,144176897509546974820.12145055,9093.219030280432
9095,1820.22811552,144176897509546974820.22811552,9093.975826660322
9096,1820.30764827,144176897509546974820.30764827,9094.540117798102
9097,1820.47173956,144176897509546974820.47173956,9095.704358450335
9098,1820.70889981,144176897509546974820.70889981,9097.38702914019
9099,1820.82217722,144176897509546974820.82217722,9098.190741303717
9100,1820.87566105,144176897509546974820.87566105,9098.57021329838
9101,1821.00045253,144176897509546974821.00045253,9099.455618697219
9102,1821.16793173,144176897509546974821.16793173,9100.643896838268
9103,1821.37874908,144176897509546974821.37874908,9102.139662573707
9104,1821.46256423,144176897509546974821.46256423,9102.734337677444
9105,1821.63104557,144176897509546974821.63104557,9103.929726080878
9106,1821.71397561,144176897509546974821.71397561,9104.518121259314
9107,1821.87436657,144176897509546974821.87436657,9105.656107778177
9108,1822.10252912,144176897509546974822.10252912,9107.274939076457
9109,1822.23434890,144176897509546974822.23434890,9108.210210818452
9110,1822.36205516,144176897509546974822.36205516,9109.116296811417
9111,1822.55334176,144176897509546974822.55334176,9110.473490334289
9112,1822.59157082,144176897509546974822.59157082,9110.744728531932
9113,1822.76966727,144176897509546974822.76966727,9112.008336899618
9114,1822.90345178,144176897509546974822.90345178,9112.957548556014
9115,1823.09843233,144176897509546974823.09843233,9114.340950945652
9116,1823.31114734,144176897509546974823.31114734,9115.85018072855
9117,1823.47194031,144176897509546974823.47194031,9116.991019540088
9118,1823.50039419,144176897509546974823.50039419,9117.192902064198
9119,1823.63694863,144176897509546974823.63694863,9118.161766592542
9120,1823.86844068,144176897509546974823.86844068,9119.804220956077
9121,1824.06710939,144176897509546974824.06710939,9121.213791131977
9122,1824.12813296,144176897509546974824.12813296,9121.646758176958
9123,1824.26152186,144176897509546974824.26152186,9122.593162949182
9124,1824.32148983,144176897509546974824.32148983,9123.018640428858
9125,1824.53943525,144176897509546974824.53943525,9124.564980383479
9126,1824.68680695,144176897509546974824.68680695,9125.610594225192
9127,1824.76777014,144176897509546974824.76777014,9126.185034447659
9128,1824.90363155,144176897509546974824.90363155,9127.148981873459
9129,1825.06765875,144176897509546974825.06765875,9128.312767802085
9130,1825.24598478,144176897509546974825.24598478,9129.578005057989
9131,1825.34090564,144176897509546974825.34090564,9130.251476050611
9132,1825.44609581,144176897509546974825.44609581,9130.997808608112
9133,1825.64940548,144176897509546974825.64940548,9132.440306761464
9134,1825.81879876,144176897509546974825.81879876,9133.642165451167
9135,1825.87613307,144176897509546974825.87613307,9134.0489569053
9136,1826.04011020,144176897509546974826.04011020,9135.212387583324
9137,1826.10887595,144176897509546974826.10887595,9135.700286006399
9138,1826.36519679,144176897509546974826.36519679,9137.518902594413
9139,1826.47248071,144176897509546974826.47248071,9138.280090473398
9140,1826.51920290,144176897509546974826.51920290,9138.611588098647
9141,1826.72593990,144176897509546974826.72593990,9140.078403428826
9142,1826.83162899,144176897509546974826.83162899,9140.828275863101
9143,1826.87334730,144176897509546974826.87334730,9141.124270564858
9144,1827.13426511,144176897509546974827.13426511,9142.975503017802
9145,1827.24081879,144176897509546974827.24081879,9143.73150978636
9146,1827.37468369,144176897509546974827.37468369,9144.681291816149
9147,1827.53909562,144176897509546974827.53909562,9145.847807434486
9148,1827.70651171,144176897509546974827.70651171,9147.035637805106
9149,1827.84866471,144176897509546974827.84866471,9148.04422455847
9150,1828.04956897,144176897509546974828.04956897,9149.469656138044
9151,1828.27485025,144176897509546974828.27485025,9151.068044598293
9152,1828.39124605,144176897509546974828.39124605,9151.893881984965
9153,1828.54824160,144176897509546974828.54824160,9153.007777801919
9154,1828.65398671,144176897509546974828.65398671,9153.758047702513
9155,1828.76290271,144176897509546974828.76290271,9154.530815317898
9156,1828.88861913,144176897509546974828.88861913,9155.42278323903
9157,1828.99096070,144176897509546974828.99096070,9156.148904754727
9158,1829.10958164,144176897509546974829.10958164,9156.990529685301
9159,1829.31507938,144176897509546974829.31507938,9158.44855236798
9160,1829.43956905,144176897509546974829.43956905,9159.33181640105
9161,1829.48318840,144176897509546974829.48318840,9159.641299131634
9162,1829.59177472,144176897509546974829.59177472,9160.4117276414
9163,1829.73139950,144176897509546974829.73139950,9161.402376474345
9164,1829.83685444,144176897509546974829.83685444,9162.150587595892
9165,1830.00742016,144176897509546974830.00742016,9163.360764839921
9166,1830.24226473,144176897509546974830.24226473,9165.02700559743
9167,1830.38907736,144176897509546974830.38907736,9166.068652793374
9168,1830.50183395,144176897509546974830.50183395,9166.868669697898
9169,1830.60621710,144176897509546974830.60621710,9167.60927638481
9170,1830.87776829,144176897509546974830.87776829,9169.535953508017
9171,1830.90311728,144176897509546974830.90311728,9169.715806592547
9172,1831.01335175,144176897509546974831.01335175,9170.497928856632
9173,1831.30586942,144176897509546974831.30586942,9172.57336481006
9174,1831.42846568,144176897509546974831.42846568,9173.443194949758
9175,1831.51331913,144176897509546974831.51331913,9174.045236873933
9176,1831.64345401,144176897509546974831.64345401,9174.96855411746
9177,1831.81121025,144176897509546974831.81121025,9176.158797879172
9178,1831.87605981,144176897509546974831.87605981,9176.61891062514
9179,1832.01035618,144176897509546974832.01035618,9177.571753968632
9180,1832.23000050,144176897509546974832.23000050,9179.130147752825
9181,1832.43626856,144176897509546974832.43626856,9180.593635916695
9182,1832.56018397,144176897509546974832.56018397,9181.472825529747
9183,1832.63722613,144176897509546974832.63722613,9182.019445734924
9184,1832.88466887,144176897509546974832.88466887,9183.775071502801
9185,1832.96090247,144176897509546974832.96090247,9184.31595491097
9186,1833.14296480,144176897509546974833.14296480,9185.607701510235
9187,1833.21198078,144176897509546974833.21198078,9186.097375334906
9188,1833.39820961,144176897509546974833.39820961,9187.41868358048
9189,1833.52063516,144176897509546974833.52063516,9188.287302519255
9190,1833.63432401,144176897509546974833.63432401,9189.09393388205
9191,1833.82128154,144176897509546974833.82128154,9190.420412311632
9192,1833.98564691,144176897509546974833.98564691,9191.586597583095
9193,1834.10286641,144176897509546974834.10286641,9192.418279186271
9194,1834.15946195,144176897509546974834.15946195,9192.819829008953
9195,1834.35872054,144176897509546974834.35872054,9194.233584430003
9196,1834.52188061,144176897509546974834.52188061,9195.391218002846
9197,1834.75320352,144176897509546974834.75320352,9197.032472304734
9198,1834.86101320,144176897509546974834.86101320,9197.797390492411
9199,1834.90998350,144176897509546974834.90998350,9198.144838635528
9200,1835.13685650,144176897509546974835.13685650,9199.75452047479
9201,1835.26791160,144176897509546974835.26791160,9200.684366751837
9202,1835.36176802,144176897509546974835.36176802,9201.350285458657
9203,1835.43428359,144176897509546974835.43428359,9201.864789150557
9204,1835.65784384,144176897509546974835.65784384,9203.450966767135
9205,1835.78275203,144176897509546974835.78275203,9204.337200232634
9206,1835.92383301,144176897509546974835.92383301,9205.3381809195
9207,1836.06818356,144176897509546974836.06818356,9206.362359463543
9208,1836.26922308,144176897509546974836.26922308,9207.78875072349
9209,1836.33339830,144176897509546974836.33339830,9208.244078973941
9210,1836.49155850,144176897509546974836.49155850,9209.366238074557
9211,1836.56434016,144176897509546974836.56434016,9209.882629696007
9212,1836.71635303,144176897509546974836.71635303,9210.961173005142
9213,1836.81121494,144176897509546974836.81121494,9211.634225742862
9214,1837.01063844,144176897509546974837.01063844,9213.049151213376
9215,1837.12493878,144176897509546974837.12493878,9213.860121145979
9216,1837.29913983,144176897509546974837.29913983,9215.09609134325
9217,1837.40489680,144176897509546974837.40489680,9215.846445391482
9218,1837.49449535,144176897509546974837.49449535,9216.48215417463
9219,1837.69295183,144176897509546974837.69295183,9217.89021856193
9220,1837.79170623,144176897509546974837.79170623,9218.590888823386
9221,1837.98483292,144176897509546974837.98483292,9219.961137930022
9222,1838.08029524,144176897509546974838.08029524,9220.638450624074
9223,1838.24356153,144176897509546974838.24356153,9221.7968378362
9224,1838.38775325,144176897509546974838.38775325,9222.819889468858
9225,1838.55036636,144176897509546974838.55036636,9223.973642317336
9226,1838.64120165,144176897509546974838.64120165,9224.618125868386
9227,1838.80758803,144176897509546974838.80758803,9225.798650365292
9228,1838.94771900,144176897509546974838.94771900,9226.792890656236
9229,1839.13102809,144176897509546974839.13102809,9228.09348311609
9230,1839.38229897,144176897509546974839.38229897,9229.876269839373
9231,1839.40212322,144176897509546974839.40212322,9230.016924457605
9232,1839.48439191,144176897509546974839.48439191,9230.6006273056
9233,1839.74778759,144176897509546974839.74778759,9232.469440441742
9234,1839.94337670,144176897509546974839.94337670,9233.857160612606
9235,1839.95740888,144176897509546974839.95740888,9233.956720037091
9236,1840.06940048,144176897509546974840.06940048,9234.751309277193
9237,1840.19863037,144176897509546974840.19863037,9235.668205545251
9238,1840.31499673,144176897509546974840.31499673,9236.493834052799
9239,1840.52236280,144176897509546974840.52236280,9237.965112684273
9240,1840.66700578,144176897509546974840.66700578,9238.991366042243
9241,1840.89703166,144176897509546974840.89703166,9240.623417813922
9242,1841.08439291,144176897509546974841.08439291,9241.952760668764
9243,1841.17536409,144176897509546974841.17536409,9242.598208370087
9244,1841.39617618,144176897509546974841.39617618,9244.164887574587
9245,1841.46207511,144176897509546974841.46207511,9244.63244568352
9246,1841.57914412,144176897509546974841.57914412,9245.463059548269
9247,1841.73414007,144176897509546974841.73414007,9246.56276804542
9248,1841.78413410,144176897509546974841.78413410,9246.917479633677
9249,1841.92996770,144176897509546974841.92996770,9247.952180534508
9250,1842.08578183,144176897509546974842.08578183,9249.057694083327
9251,1842.18553340,144176897509546974842.18553340,9249.765439344628
9252,1842.44728887,144176897509546974842.44728887,9251.622615061378
9253,1842.57008867,144176897509546974842.57008867,9252.493889333438
9254,1842.63444935,144176897509546974842.63444935,9252.950533437226
9255,1842.75043691,144176897509546974842.75043691,9253.77347432888
9256,1842.99915368,144176897509546974842.99915368,9255.53813944015
9257,1843.04797752,144176897509546974843.04797752,9255.884548438007
9258,1843.26344116,144176897509546974843.26344116,9257.413279967672
9259,1843.33691853,144176897509546974843.33691853,9257.934607706475
9260,1843.47742180,144176897509546974843.47742180,9258.9314894953
9261,1843.72570430,144176897509546974843.72570430,9260.693073426648
9262,1843.85133398,144176897509546974843.85133398,9261.584425920635
9263,1843.93586786,144176897509546974843.93586786,9262.184200470441
9264,1844.01462562,144176897509546974844.01462562,9262.742992993011
9265,1844.29876651,144176897509546974844.29876651,9264.758995031265
9266,1844.36398166,144176897509546974844.36398166,9265.221701667135
9267,1844.59696375,144176897509546974844.59696375,9266.874727982062
9268,1844.64163010,144176897509546974844.64163010,9267.19163926027
9269,1844.75245542,144176897509546974844.75245542,9267.977953651734
9270,1844.93806267,144176897509546974844.93806267,9269.294851738154
9271,1845.06932151,144176897509546974845.06932151,9270.22614356658
9272,1845.17428143,144176897509546974845.17428143,9270.97084248216
9273,1845.40527143,144176897509546974845.40527143,9272.609734761327
9274,1845.55170679,144176897509546974845.55170679,9273.648705196847
9275,1845.59950311,144176897509546974845.59950311,9273.987823859215
9276,1845.67426136,144176897509546974845.67426136,9274.518239542704
9277,1845.84174383,144176897509546974845.84174383,9275.706540884661
9278,1846.05958306,144176897509546974846.05958306,9277.25212741285
9279,1846.23268365,144176897509546974846.23268365,9278.480289759575
9280,1846.34316331,144176897509546974846.34316331,9279.264151666059
9281,1846.54195381,144176897509546974846.54195381,9280.67458595162
9282,1846.62299698,144176897509546974846.62299698,9281.249593638498
9283,1846.65330620,144176897509546974846.65330620,9281.464639946327
9284,1846.90184300,144176897509546974846.90184300,9283.228028156243
9285,1847.03763740,144176897509546974847.03763740,9284.191500140805
9286,1847.13343216,144176897509546974847.13343216,9284.871171522895
9287,1847.23672503,144176897509546974847.23672503,9285.604042587165
9288,1847.45764887,144176897509546974847.45764887,9287.171514666734
9289,1847.48424832,144176897509546974847.48424832,9287.360239863647
9290,1847.82185472,144176897509546974847.82185472,9289.755583914719
9291,1847.94306316,144176897509546974847.94306316,9290.615567361992
9292,1848.08891943,144176897509546974848.08891943,9291.650429108262
9293,1848.18947727,144176897509546974848.18947727,9292.36389491884
9294,1848.35159156,144176897509546974848.35159156,9293.514108600053
9295,1848.40218534,144176897509546974848.40218534,9293.873075461892
9296,1848.53667173,144176897509546974848.53667173,9294.827267012279
9297,1848.60189853,144176897509546974848.60189853,9295.290056305817
9298,1848.71984638,144176897509546974848.71984638,9296.126905609723
9299,1848.88719869,144176897509546974848.88719869,9297.314283456208
9300,1849.06324835,144176897509546974849.06324835,9298.563369687317
9301,1849.24962350,144176897509546974849.24962350,9299.885716084838
9302,1849.37659559,144176897509546974849.37659559,9300.786593083714
9303,1849.48765963,144176897509546974849.48765963,9301.574601212416
9304,1849.63297517,144176897509546974849.63297517,9302.605626436663
9305,1849.73488811,144176897509546974849.73488811,9303.328706788683
9306,1849.93936708,144176897509546974849.93936708,9304.779501217814
9307,1850.09996281,144176897509546974850.09996281,9305.918940595986
9308,1850.28834092,144176897509546974850.28834092,9307.255498152776
9309,1850.46588610,144176897509546974850.46588610,9308.515195216307
9310,1850.60951935,144176897509546974850.60951935,9309.534284460242
9311,1850.73172680,144176897509546974850.73172680,9310.401355962305
9312,1850.96669745,144176897509546974850.96669745,9312.068491267364
9313,1851.08272784,144176897509546974851.08272784,9312.891736041249
9314,1851.19056348,144176897509546974851.19056348,9313.656838417173
9315,1851.32926127,144176897509546974851.32926127,9314.640910182914
9316,1851.42694666,144176897509546974851.42694666,9315.333995734056
9317,1851.59852802,144176897509546974851.59852802,9316.551379024037
9318,1851.76869058,144176897509546974851.76869058,9317.75869581605
9319,1851.90562537,144176897509546974851.90562537,9318.730258957657
9320,1852.03230360,144176897509546974852.03230360,9319.629050996644
9321,1852.21154400,144176897509546974852.21154400,9320.900775779859
9322,1852.31381418,144176897509546974852.31381418,9321.62639077787
9323,1852.38876386,144176897509546974852.38876386,9322.158164672315
9324,1852.55618156,144176897509546974852.55618156,9323.346006466012
9325,1852.79464093,144176897509546974852.79464093,9325.037894514791
9326,1852.87111332,144176897509546974852.87111332,9325.580472156855
9327,1852.93438745,144176897509546974852.93438745,9326.029407102646
9328,1853.08518791,144176897509546974853.08518791,9327.09934826715
9329,1853.17800372,144176897509546974853.17800372,9327.757883763896
9330,1853.34659329,144176897509546974853.34659329,9328.954040067722
9331,1853.55286301,144176897509546974853.55286301,9330.417540009423
9332,1853.58192265,144176897509546974853.58192265,9330.623720448539
9333,1853.73453014,144176897509546974853.73453014,9331.706482633499
9334,1853.89721165,144176897509546974853.89721165,9332.860720785375
9335,1854.03828488,144176897509546974854.03828488,9333.86164648538
9336,1854.25287421,144176897509546974854.25287421,9335.384174716595
9337,1854.41632579,144176897509546974854.41632579,9336.543876575894
9338,1854.48434967,144176897509546974854.48434967,9337.026511372771
9339,1854.61965335,144176897509546974854.61965335,9337.986501660207
9340,1854.83784705,144176897509546974854.83784705,9339.53460318102
9341,1854.92083020,144176897509546974854.92083020,9340.123375179097
9342,1855.06284334,144176897509546974855.06284334,9341.130969614727
9343,1855.14733541,144176897509546974855.14733541,9341.730447519285
9344,1855.37326418,144176897509546974855.37326418,9343.333429972181
9345,1855.44957139,144176897509546974855.44957139,9343.874835649109
9346,1855.63082000,144176897509546974855.63082000,9345.160808840756
9347,1855.77706460,144176897509546974855.77706460,9346.198425819022
9348,1855.83630987,144176897509546974855.83630987,9346.618775685163
9349,1856.01776990,144176897509546974856.01776990,9347.906248918396
9350,1856.08479020,144176897509546974856.08479020,9348.381763235973
9351,1856.24343112,144176897509546974856.24343112,9349.507333082927
9352,1856.41487641,144176897509546974856.41487641,9350.723750945519
9353,1856.66022657,144176897509546974856.66022657,9352.464529693154
9354,1856.81060219,144176897509546974856.81060219,9353.531456584331
9355,1856.86287012,144176897509546974856.86287012,9353.902301672537
9356,1857.09848884,144176897509546974857.09848884,9355.57403508539
9357,1857.14472885,144176897509546974857.14472885,9355.902111605488
9358,1857.37133741,144176897509546974857.37133741,9357.509917222082
9359,1857.43758129,144176897509546974857.43758129,9357.979922778488
9360,1857.54521865,144176897509546974857.54521865,9358.743618342165
9361,1857.76022050,144176897509546974857.76022050,9360.269073435335
9362,1857.91023843,144176897509546974857.91023843,9361.333462487732
9363,1857.98584274,144176897509546974857.98584274,9361.86988103369
9364,1858.12900829,144176897509546974858.12900829,9362.885651909215
9365,1858.30854360,144176897509546974858.30854360,9364.159469102153
9366,1858.37684990,144176897509546974858.37684990,9364.644107691218
9367,1858.59479796,144176897509546974858.59479796,9366.190466376846
9368,1858.66467160,144176897509546974858.66467160,9366.686225366902
9369,1858.79752155,144176897509546974858.79752155,9367.628806246346
9370,1859.05212083,144176897509546974859.05212083,9369.435208230298
9371,1859.20009956,144176897509546974859.20009956,9370.485128997767
9372,1859.35061609,144176897509546974859.35061609,9371.553055656514
9373,1859.43431855,144176897509546974859.43431855,9372.146931215808
9374,1859.55206578,144176897509546974859.55206578,9372.98235710498
9375,1859.74132696,144176897509546974859.74132696,9374.32518011311
9376,1859.92104700,144176897509546974859.92104700,9375.600307979976
9377,1860.06070311,144176897509546974860.06070311,9376.591179101744
9378,1860.19323269,144176897509546974860.19323269,9377.531486930755
9379,1860.29827562,144176897509546974860.29827562,9378.276774808835
9380,1860.45305543,144176897509546974860.45305543,9379.374949775629
9381,1860.53552964,144176897509546974860.53552964,9379.960110804243
9382,1860.67941819,144176897509546974860.67941819,9380.981011421825
9383,1860.93796029,144176897509546974860.93796029,9382.815388024836
9384,1861.07145172,144176897509546974861.07145172,9383.762520255503
9385,1861.13517975,144176897509546974861.13517975,9384.214675657613
9386,1861.25786529,144176897509546974861.25786529,9385.085139245955
9387,1861.40130229,144176897509546974861.40130229,9386.102836080652
9388,1861.50565088,144176897509546974861.50565088,9386.843197561637
9389,1861.60281404,144176897509546974861.60281404,9387.532577849717
9390,1861.71925048,144176897509546974861.71925048,9388.358703580396
9391,1861.95611228,144176897509546974861.95611228,9390.03925674395
9392,1862.13422616,144176897509546974862.13422616,9391.302988778862
9393,1862.31590182,144176897509546974862.31590182,9392.59199192396
9394,1862.39555633,144176897509546974862.39555633,9393.157146958549
9395,1862.60445693,144176897509546974862.60445693,9394.639313201473
9396,1862.76129538,144176897509546974862.76129538,9395.75209438153
9397,1862.92414871,144176897509546974862.92414871,9396.907551609866
9398,1863.00054306,144176897509546974863.00054306,9397.449575551971
9399,1863.20472614,144176897509546974863.20472614,9398.898270618201
9400,1863.32693839,144176897509546974863.32693839,9399.765376176643
9401,1863.40762887,144176897509546974863.40762887,9400.337881500138
9402,1863.57630081,144176897509546974863.57630081,9401.534622225616
9403,1863.60985169,144176897509546974863.60985169,9401.772668366968
9404,1863.79982387,144176897509546974863.79982387,9403.120535976208
9405,1863.87899494,144176897509546974863.87899494,9403.682260965845
9406,1864.17944842,144176897509546974864.17944842,9405.814002117499
9407,1864.24726092,144176897509546974864.24726092,9406.295137156596
9408,1864.39920241,144176897509546974864.39920241,9407.373174018996
9409,1864.47496891,144176897509546974864.47496891,9407.910743315802
9410,1864.56248555,144176897509546974864.56248555,9408.531680783202
9411,1864.85817685,144176897509546974864.85817685,9410.629633891936
9412,1864.93749326,144176897509546974864.93749326,9411.192390080343
9413,1865.09839449,144176897509546974865.09839449,9412.333997005124
9414,1865.18368849,144176897509546974865.18368849,9412.939164666319
9415,1865.33816551,144176897509546974865.33816551,9414.035191314168
9416,1865.40290941,144176897509546974865.40290941,9414.494554394098
9417,1865.56158082,144176897509546974865.56158082,9415.620340570007
9418,1865.66547026,144176897509546974865.66547026,9416.357444345507
9419,1865.76418861,144176897509546974865.76418861,9417.057858829368
9420,1866.01352683,144176897509546974866.01352683,9418.82693317743
9421,1866.17074951,144176897509546974866.17074951,9419.942440499659
9422,1866.25628970,144176897509546974866.25628970,9420.549354898332
9423,1866.33070388,144176897509546974866.33070388,9421.077329378017
9424,1866.61984752,144176897509546974866.61984752,9423.128826322327
9425,1866.76593093,144176897509546974866.76593093,9424.165299644821
9426,1866.88138850,144176897509546974866.88138850,9424.9844802156
9427,1867.01108873,144176897509546974867.01108873,9425.904713583075
9428,1867.11109351,144176897509546974867.11109351,9426.614255389308
9429,1867.33156750,144176897509546974867.33156750,9428.178535747626
9430,1867.45346040,144176897509546974867.45346040,9429.043375492616
9431,1867.57913341,144176897509546974867.57913341,9429.935035416373
9432,1867.78247045,144176897509546974867.78247045,9431.377727762034
9433,1867.96420063,144176897509546974867.96420063,9432.667117730834
9434,1868.07656635,144176897509546974868.07656635,9433.464361381863
9435,1868.24404951,144176897509546974868.24404951,9434.652667619424
9436,1868.34304271,144176897509546974868.34304271,9435.355032185726
9437,1868.45420267,144176897509546974868.45420267,9436.143720874397
9438,1868.69866134,144176897509546974868.69866134,9437.878174430127
9439,1868.76668329,144176897509546974868.76668329,9438.360795533503
9440,1868.86585726,144176897509546974868.86585726,9439.06444267722
9441,1869.02538651,144176897509546974869.02538651,9440.196315295629
9442,1869.10937752,144176897509546974869.10937752,9440.792238139944
9443,1869.26770404,144176897509546974869.26770404,9441.915577294085
9444,1869.49852629,144176897509546974869.49852629,9443.553279373762
9445,1869.68250930,144176897509546974869.68250930,9444.858653349202
9446,1869.75943395,144176897509546974869.75943395,9445.404439811657
9447,1869.86822681,144176897509546974869.86822681,9446.176333739024
9448,1869.96916231,144176897509546974869.96916231,9446.892479077105
9449,1870.22019473,144176897509546974870.22019473,9448.67357390787
9450,1870.40749210,144176897509546974870.40749210,9450.00246352907
9451,1870.49614181,144176897509546974870.49614181,9450.63144021754
9452,1870.70799622,144176897509546974870.70799622,9452.13456397552
9453,1870.82384538,144176897509546974870.82384538,9452.956522908253
9454,1870.87905375,144176897509546974870.87905375,9453.348230650312
9455,1871.05708682,144176897509546974871.05708682,9454.611389331898
9456,1871.13178710,144176897509546974871.13178710,9455.14139371366
9457,1871.28061209,144176897509546974871.28061209,9456.197318762615
9458,1871.35576703,144176897509546974871.35576703,9456.730548992959
9459,1871.56441470,144176897509546974871.56441470,9458.210920677573
9460,1871.64177721,144176897509546974871.64177721,9458.759813791283
9461,1871.79085588,144176897509546974871.79085588,9459.817538719857
9462,1871.89545047,144176897509546974871.89545047,9460.559645590256
9463,1872.04523038,144176897509546974872.04523038,9461.622345871969
9464,1872.25444120,144176897509546974872.25444120,9463.106713150275
9465,1872.47597333,144176897509546974872.47597333,9464.678501095399
9466,1872.56083869,144176897509546974872.56083869,9465.280627521966
9467,1872.64373637,144176897509546974872.64373637,9465.868793103647
9468,1872.71694082,144176897509546974872.71694082,9466.388184453514
9469,1872.91386600,144176897509546974872.91386600,9467.785384146468
9470,1873.10902935,144176897509546974873.10902935,9469.170083516532
9471,1873.32609841,144176897509546974873.32609841,9470.71020562779
9472,1873.39235382,144176897509546974873.39235382,9471.180292990457
9473,1873.48738837,144176897509546974873.48738837,9471.8545706226
9474,1873.67250772,144176897509546974873.67250772,9473.168007020016
9475,1873.77589002,144176897509546974873.77589002,9473.901512597195
9476,1873.86785737,144176897509546974873.86785737,9474.554028203283
9477,1874.04107963,144176897509546974874.04107963,9475.78305380826
9478,1874.30922057,144176897509546974874.30922057,9477.685534938588
9479,1874.44328820,144176897509546974874.44328820,9478.636755353727
9480,1874.52385478,144176897509546974874.52385478,9479.208381596944
9481,1874.62566633,144176897509546974874.62566633,9479.930742578912
9482,1874.89970463,144176897509546974874.89970463,9481.875065943845
9483,1874.96826919,144176897509546974874.96826919,9482.361536907993
9484,1875.10174059,144176897509546974875.10174059,9483.308527024228
9485,1875.16851403,144176897509546974875.16851403,9483.782289850626
9486,1875.27668328,144176897509546974875.27668328,9484.549759215828
9487,1875.55817516,144176897509546974875.55817516,9486.546966319078
9488,1875.61197746,144176897509546974875.61197746,9486.928697883524
9489,1875.75045801,144176897509546974875.75045801,9487.91122831432
9490,1875.89545522,144176897509546974875.89545522,9488.939994962095
9491,1876.10453233,144176897509546974876.10453233,9490.423413557399
9492,1876.15763860,144176897509546974876.15763860,9490.800206734066
9493,1876.25039048,144176897509546974876.25039048,9491.458288642418
9494,1876.46818320,144176897509546974876.46818320,9493.003545178486
9495,1876.56044012,144176897509546974876.56044012,9493.658115306576
9496,1876.75965608,144176897509546974876.75965608,9495.071568264413
9497,1876.89569876,144176897509546974876.89569876,9496.03680181517
9498,1877.01983035,144176897509546974877.01983035,9496.917525242381
9499,1877.12245513,144176897509546974877.12245513,9497.645656155377
9500,1877.19957088,144176897509546974877.19957088,9498.192798487413
9501,1877.55253322,144176897509546974877.55253322,9500.697094144638
9502,1877.62858207,144176897509546974877.62858207,9501.236666736977
9503,1877.79009569,144176897509546974877.79009569,9502.382618617137
9504,1877.91313706,144176897509546974877.91313706,9503.255606847411
9505,1878.10208167,144176897509546974878.10208167,9504.596183766407
9506,1878.23084095,144176897509546974878.23084095,9505.509741019374
9507,1878.37686510,144176897509546974878.37686510,9506.545793887493
9508,1878.44671576,144176897509546974878.44671576,9507.041389832637
9509,1878.52955339,144176897509546974878.52955339,9507.62912935483
9510,1878.69139038,144176897509546974878.69139038,9508.777375570658
9511,1878.86257267,144176897509546974878.86257267,9509.991927427496
9512,1879.03516518,144176897509546974879.03516518,9511.216484906525
9513,1879.23331321,144176897509546974879.23331321,9512.622360816733
9514,1879.39808798,144176897509546974879.39808798,9513.791450813505
9515,1879.54625857,144176897509546974879.54625857,9514.842732842815
9516,1879.71276709,144176897509546974879.71276709,9516.02412393266
9517,1879.85410403,144176897509546974879.85410403,9517.026920675926
9518,1879.91437229,144176897509546974879.91437229,9517.45452873685
9519,1880.11898465,144176897509546974880.11898465,9518.906269578556
9520,1880.18542046,144176897509546974880.18542046,9519.377636893458
9521,1880.28395793,144176897509546974880.28395793,9520.076768019444
9522,1880.45550802,144176897509546974880.45550802,9521.293929446307
9523,1880.55553364,144176897509546974880.55553364,9522.003619113984
9524,1880.73841705,144176897509546974880.73841705,9523.301191340646
9525,1880.90375028,144176897509546974880.90375028,9524.47424365519
9526,1881.04558582,144176897509546974881.04558582,9525.480578004805
9527,1881.13542524,144176897509546974881.13542524,9526.117995779612
9528,1881.23788517,144176897509546974881.23788517,9526.844957068848
9529,1881.48861359,144176897509546974881.48861359,9528.623894995622
9530,1881.56955493,144176897509546974881.56955493,9529.198180190615
9531,1881.74612218,144176897509546974881.74612218,9530.45093876362
9532,1881.75711745,144176897509546974881.75711745,9530.52895107199
9533,1881.85134553,144176897509546974881.85134553,9531.19750673584
9534,1882.16971617,144176897509546974882.16971617,9533.45637155167
9535,1882.29754082,144176897509546974882.29754082,9534.36329753103
9536,1882.40203076,144176897509546974882.40203076,9535.104661901421
9537,1882.46797342,144176897509546974882.46797342,9535.572530278154
9538,1882.66921772,144176897509546974882.66921772,9537.000374468362
9539,1882.80057893,144176897509546974882.80057893,9537.932392620018
9540,1883.08412540,144176897509546974883.08412540,9539.944177201462
9541,1883.11628734,144176897509546974883.11628734,9540.172368703903
9542,1883.27599052,144176897509546974883.27599052,9541.305475369387
9543,1883.31882286,144176897509546974883.31882286,9541.609374201911
9544,1883.48561998,144176897509546974883.48561998,9542.792812931531
9545,1883.71009610,144176897509546974883.71009610,9544.385488718037
9546,1883.76994472,144176897509546974883.76994472,9544.810119400045
9547,1883.85004248,144176897509546974883.85004248,9545.378419328363
9548,1884.12250374,144176897509546974884.12250374,9547.31155347004
9549,1884.15544508,144176897509546974884.15544508,9547.54527487699
9550,1884.33708352,144176897509546974884.33708352,9548.834013943251
9551,1884.43354641,144176897509546974884.43354641,9549.518425760416
9552,1884.58588812,144176897509546974884.58588812,9550.599302215302
9553,1884.73193943,144176897509546974884.73193943,9551.635547785763
9554,1884.88388895,144176897509546974884.88388895,9552.713641621647
9555,1885.04816223,144176897509546974885.04816223,9553.879173507294
9556,1885.12099138,144176897509546974885.12099138,9554.395902074042
9557,1885.35305925,144176897509546974885.35305925,9556.04244192592
9558,1885.49039010,144176897509546974885.49039010,9557.016815144485
9559,1885.59327702,144176897509546974885.59327702,9557.74680596147
9560,1885.85800607,144176897509546974885.85800607,9559.625079462989
9561,1885.89885613,144176897509546974885.89885613,9559.914913862474
9562,1886.11562970,144176897509546974886.11562970,9561.452939448865
9563,1886.22442877,144176897509546974886.22442877,9562.22487743667
9564,1886.44818072,144176897509546974886.44818072,9563.812415179878
9565,1886.53641616,144176897509546974886.53641616,9564.438452590002
9566,1886.77393713,144176897509546974886.77393713,9566.123682616726
9567,1886.95205919,144176897509546974886.95205919,9567.387472689385
9568,1887.07644639,144176897509546974887.07644639,9568.270009689717
9569,1887.12678508,144176897509546974887.12678508,9568.627166667873
9570,1887.26905544,144176897509546974887.26905544,9569.636586099703
9571,1887.35832000,144176897509546974887.35832000,9570.269925197443
9572,1887.44153516,144176897509546974887.44153516,9570.86034332478
9573,1887.53231142,144176897509546974887.53231142,9571.50440805332
9574,1887.74130099,144176897509546974887.74130099,9572.987205545416
9575,1887.86492763,144176897509546974887.86492763,9573.864346312528
9576,1888.10261349,144176897509546974888.10261349,9575.550746246814
9577,1888.31831833,144176897509546974888.31831833,9577.081189109513
9578,1888.34804397,144176897509546974888.34804397,9577.292094871187
9579,1888.46259354,144176897509546974888.46259354,9578.10483311031
9580,1888.53772602,144176897509546974888.53772602,9578.637903985182
9581,1888.77478883,144176897509546974888.77478883,9580.319883330549
9582,1888.91285548,144176897509546974888.91285548,9581.299477108181
9583,1889.03880589,144176897509546974889.03880589,9582.193105206828
9584,1889.14625510,144176897509546974889.14625510,9582.955465831408
9585,1889.26920458,144176897509546974889.26920458,9583.82780209488
9586,1889.35398856,144176897509546974889.35398856,9584.429351123925
9587,1889.60521768,144176897509546974889.60521768,9586.211841556711
9588,1889.72438613,144176897509546974889.72438613,9587.057351113945
9589,1889.85357988,144176897509546974889.85357988,9587.97399096585
9590,1890.05462132,144176897509546974890.05462132,9589.400395848348
9591,1890.14543178,144176897509546974890.14543178,9590.044703228587
9592,1890.40713910,144176897509546974890.40713910,9591.901537317288
9593,1890.48178041,144176897509546974890.48178041,9592.431123302247
9594,1890.65995693,144176897509546974890.65995693,9593.695299772902
9595,1890.72635057,144176897509546974890.72635057,9594.166367888327
9596,1890.91393104,144176897509546974890.91393104,9595.49726612637
9597,1891.08153196,144176897509546974891.08153196,9596.686407880423
9598,1891.12788805,144176897509546974891.12788805,9597.015307997282
9599,1891.24537113,144176897509546974891.24537113,9597.84885972136
9600,1891.43078205,144176897509546974891.43078205,9599.164364830936
9601,1891.51281699,144176897509546974891.51281699,9599.746409204232
9602,1891.70092482,144176897509546974891.70092482,9601.081049103093
9603,1891.87122780,144176897509546974891.87122780,9602.289362186088
9604,1892.01794162,144176897509546974892.01794162,9603.330308317283
9605,1892.15312869,144176897509546974892.15312869,9604.289471247566
9606,1892.34886195,144176897509546974892.34886195,9605.678214174055
9607,1892.40436690,144176897509546974892.40436690,9606.072026174621
9608,1892.49965781,144176897509546974892.49965781,9606.748122701196
9609,1892.57035636,144176897509546974892.57035636,9607.249734492803
9610,1892.87909011,144176897509546974892.87909011,9609.440224813565
9611,1892.99384481,144176897509546974892.99384481,9610.254418466226
9612,1893.12049174,144176897509546974893.12049174,9611.152988429241
9613,1893.25546572,144176897509546974893.25546572,9612.110639469158
9614,1893.37814524,144176897509546974893.37814524,9612.981060345126
9615,1893.43288663,144176897509546974893.43288663,9613.369454827232
9616,1893.58421544,144176897509546974893.58421544,9614.443144676681
9617,1893.84437499,144176897509546974893.84437499,9616.288997215086
9618,1893.88436560,144176897509546974893.88436560,9616.572733748997
9619,1894.05987331,144176897509546974894.05987331,9617.817974802087
9620,1894.16960805,144176897509546974894.16960805,9618.596551442384
9621,1894.40105841,144176897509546974894.40105841,9620.23871001208
9622,1894.51729757,144176897509546974894.51729757,9621.06343602559
9623,1894.67553648,144176897509546974894.67553648,9622.186153579869
9624,1894.76059009,144176897509546974894.76059009,9622.789615655041
9625,1894.98142695,144176897509546974894.98142695,9624.356470604645
9626,1895.07315983,144176897509546974895.07315983,9625.00732262758
9627,1895.25762661,144176897509546974895.25762661,9626.316128989347
9628,1895.34922289,144176897509546974895.34922289,9626.966011824501
9629,1895.45541174,144176897509546974895.45541174,9627.719430095416
9630,1895.54206251,144176897509546974895.54206251,9628.334224146833
9631,1895.74820950,144176897509546974895.74820950,9629.796853309499
9632,1895.84373622,144176897509546974895.84373622,9630.474622926635
9633,1896.12221252,144176897509546974896.12221252,9632.450434251803
9634,1896.32254978,144176897509546974896.32254978,9633.87184292163
9635,1896.37176456,144176897509546974896.37176456,9634.221025669638
9636,1896.64335128,144176897509546974896.64335128,9636.147954880998
9637,1896.73161808,144176897509546974896.73161808,9636.774214792798
9638,1896.92736730,144176897509546974896.92736730,9638.163070956749
9639,1897.02840542,144176897509546974897.02840542,9638.879944391829
9640,1897.13351256,144176897509546974897.13351256,9639.625687844928
9641,1897.19148355,144176897509546974897.19148355,9640.036996593906
9642,1897.29730229,144176897509546974897.29730229,9640.787788905163
9643,1897.60351239,144176897509546974897.60351239,9642.960373730015
9644,1897.70709420,144176897509546974897.70709420,9643.695294846388
9645,1897.76470287,144176897509546974897.76470287,9644.104032906373
9646,1897.94785133,144176897509546974897.94785133,9645.4034856837
9647,1897.98914205,144176897509546974897.98914205,9645.696446600665
9648,1898.19438693,144176897509546974898.19438693,9647.152675221689
9649,1898.35904907,144176897509546974898.35904907,9648.320966099722
9650,1898.48551021,144176897509546974898.48551021,9649.218217868025
9651,1898.71833271,144176897509546974898.71833271,9650.870111879307
9652,1898.82341007,144176897509546974898.82341007,9651.615644040956
9653,1898.95815063,144176897509546974898.95815063,9652.571638947551
9654,1899.13221812,144176897509546974899.13221812,9653.806661526081
9655,1899.22384281,144176897509546974899.22384281,9654.456745932428
9656,1899.30586481,144176897509546974899.30586481,9655.038698495404
9657,1899.45548329,144176897509546974899.45548329,9656.100253418528
9658,1899.59125745,144176897509546974899.59125745,9657.063581798691
9659,1899.82448693,144176897509546974899.82448693,9658.718363365193
9660,1899.94428703,144176897509546974899.94428703,9659.568354529023
9661,1900.06593091,144176897509546974900.06593091,9660.43142745746
9662,1900.09975043,144176897509546974900.09975043,9660.671379620815
9663,1900.16608606,144176897509546974900.16608606,9661.14203615071
9664,1900.42471036,144176897509546974900.42471036,9662.976995969208
9665,1900.54572110,144176897509546974900.54572110,9663.835576719379
9666,1900.61567032,144176897509546974900.61567032,9664.331871955499
9667,1900.74621701,144176897509546974900.74621701,9665.258111023475
9668,1900.85646429,144176897509546974900.85646429,9666.040324175521
9669,1901.05159567,144176897509546974901.05159567,9667.424796715912
9670,1901.21963466,144176897509546974901.21963466,9668.617046611189
9671,1901.48222953,144176897509546974901.48222953,9670.480177937183
9672,1901.58693696,144176897509546974901.58693696,9671.223085416288
9673,1901.74767537,144176897509546974901.74767537,9672.36353712032
9674,1901.81267775,144176897509546974901.81267775,9672.824734136248
9675,1901.98903146,144176897509546974901.98903146,9674.075977626102
9676,1902.16019777,144176897509546974902.16019777,9675.290416103579
9677,1902.33363224,144176897509546974902.33363224,9676.520947355251
9678,1902.47385334,144176897509546974902.47385334,9677.515827125659
9679,1902.54007367,144176897509546974902.54007367,9677.985665592954
9680,1902.71322930,144176897509546974902.71322930,9679.214218452824
9681,1902.84345658,144176897509546974902.84345658,9680.138191281641
9682,1902.94780173,144176897509546974902.94780173,9680.878528355555
9683,1903.09113807,144176897509546974903.09113807,9681.89551099961
9684,1903.27515836,144176897509546974903.27515836,9683.20114947959
9685,1903.41260936,144176897509546974903.41260936,9684.176375171886
9686,1903.57827320,144176897509546974903.57827320,9685.351773190472
9687,1903.70003736,144176897509546974903.70003736,9686.215699515002
9688,1903.79632858,144176897509546974903.79632858,9686.898893319969
9689,1904.00614979,144176897509546974904.00614979,9688.387591363497
9690,1904.07051896,144176897509546974904.07051896,9688.844295704503
9691,1904.14864929,144176897509546974904.14864929,9689.398636561707
9692,1904.39513080,144176897509546974904.39513080,9691.147442326876
9693,1904.54384743,144176897509546974904.54384743,9692.202598553078
9694,1904.64811434,144176897509546974904.64811434,9692.942380508017
9695,1904.87099188,144176897509546974904.87099188,9694.523714243269
9696,1904.97542664,144176897509546974904.97542664,9695.264687107203
9697,1905.08644481,144176897509546974905.08644481,9696.052369784637
9698,1905.21692882,144176897509546974905.21692882,9696.978164133065
9699,1905.46836408,144176897509546974905.46836408,9698.762117145421
9700,1905.53990289,144176897509546974905.53990289,9699.269690648038
9701,1905.74493877,144176897509546974905.74493877,9700.724436397568
9702,1905.85226365,144176897509546974905.85226365,9701.485914890985
9703,1905.97230009,144176897509546974905.97230009,9702.337582905768
9704,1906.12399617,144176897509546974906.12399617,9703.413878564852
9705,1906.19247431,144176897509546974906.19247431,9703.89973637228
9706,1906.44848269,144176897509546974906.44848269,9705.716136031933
9707,1906.49894768,144176897509546974906.49894768,9706.074189118557
9708,1906.63373124,144176897509546974906.63373124,9707.030489113546
9709,1906.91558478,144176897509546974906.91558478,9709.030262223037
9710,1906.94867544,144176897509546974906.94867544,9709.265043067173
9711,1907.12539541,144176897509546974907.12539541,9710.51888520063
9712,1907.15844142,144176897509546974907.15844142,9710.75334924949
9713,1907.37093884,144176897509546974907.37093884,9712.261035214167
9714,1907.49572100,144176897509546974907.49572100,9713.146374486869
9715,1907.63780315,144176897509546974907.63780315,9714.154458553896
9716,1907.77779120,144176897509546974907.77779120,9715.14768481616
9717,1907.87058777,144176897509546974907.87058777,9715.806083803587
9718,1908.03125141,144176897509546974908.03125141,9716.946005008569
9719,1908.25938895,144176897509546974908.25938895,9718.564658858926
9720,1908.32133892,144176897509546974908.32133892,9719.004198785016
9721,1908.47189081,144176897509546974908.47189081,9720.072376325754
9722,1908.58679666,144176897509546974908.58679666,9720.887642399592
9723,1908.79199969,144176897509546974908.79199969,9722.343574091563
9724,1908.93915314,144176897509546974908.93915314,9723.387639432303
9725,1909.12512982,144176897509546974909.12512982,9724.707158653728
9726,1909.20300202,144176897509546974909.20300202,9725.259668058212
9727,1909.40400855,144176897509546974909.40400855,9726.685825251505
9728,1909.49108742,144176897509546974909.49108742,9727.303656706206
9729,1909.59936722,144176897509546974909.59936722,9728.071910432383
9730,1909.82703889,144176897509546974909.82703889,9729.687258898324
9731,1909.96596198,144176897509546974909.96596198,9730.672929185344
9732,1910.10881384,144176897509546974910.10881384,9731.686474405564
9733,1910.20091546,144176897509546974910.20091546,9732.339942667899
9734,1910.32288410,144176897509546974910.32288410,9733.205319794166
9735,1910.39925613,144176897509546974910.39925613,9733.74718537411
9736,1910.49451581,144176897509546974910.49451581,9734.423060321371
9737,1910.65382897,144176897509546974910.65382897,9735.553399764174
9738,1910.90882125,144176897509546974910.90882125,9737.362590114142
9739,1910.94535800,144176897509546974910.94535800,9737.621821238783
9740,1911.08295855,144176897509546974911.08295855,9738.598108000131
9741,1911.30344018,144176897509546974911.30344018,9740.162442564853
9742,1911.37446587,144176897509546974911.37446587,9740.666375440576
9743,1911.51950487,144176897509546974911.51950487,9741.6954385917
9744,1911.67528185,144176897509546974911.67528185,9742.800688558338
9745,1911.73253855,144176897509546974911.73253855,9743.206929363396
9746,1911.95265385,144176897509546974911.95265385,9744.768664787858
9747,1912.06457599,144176897509546974912.06457599,9745.562761203779
9748,1912.27324512,144176897509546974912.27324512,9747.043285148786
9749,1912.39532476,144176897509546974912.39532476,9747.909449828812
9750,1912.57856549,144176897509546974912.57856549,9749.209557269072
9751,1912.68372299,144176897509546974912.68372299,9749.955658030345
9752,1912.84374661,144176897509546974912.84374661,9751.091038242917
9753,1912.94676807,144176897509546974912.94676807,9751.82198363182
9754,1913.04994623,144176897509546974913.04994623,9752.554040819588
9755,1913.11970498,144176897509546974913.11970498,9753.048984656027
9756,1913.38587231,144176897509546974913.38587231,9754.937462867652
9757,1913.63354994,144176897509546974913.63354994,9756.694755198614
9758,1913.69668929,144176897509546974913.69668929,9757.142733869669
9759,1913.92946689,144176897509546974913.92946689,9758.794309311907
9760,1914.03997897,144176897509546974914.03997897,9759.57840124085
9761,1914.21887310,144176897509546974914.21887310,9760.847669211087
9762,1914.32638923,144176897509546974914.32638923,9761.610504638347
9763,1914.42889659,144176897509546974914.42889659,9762.337802447177
9764,1914.59362341,144176897509546974914.59362341,9763.506552234914
9765,1914.75086607,144176897509546974914.75086607,9764.62220131682
9766,1914.97440671,144176897509546974914.97440671,9766.208239798902
9767,1915.09790196,144176897509546974915.09790196,9767.084448343594
9768,1915.25232393,144176897509546974915.25232393,9768.180084407348
9769,1915.28462110,144176897509546974915.28462110,9768.409235377312
9770,1915.41867493,144176897509546974915.41867493,9769.360357880363
9771,1915.53106265,144176897509546974915.53106265,9770.157757623127
9772,1915.65068370,144176897509546974915.65068370,9771.006478413077
9773,1915.77872257,144176897509546974915.77872257,9771.914924300241
9774,1915.96109327,144176897509546974915.96109327,9773.20885880899
9775,1916.05494738,144176897509546974916.05494738,9773.874761126177
9776,1916.23153323,144176897509546974916.23153323,9775.127651667652
9777,1916.36329778,144176897509546974916.36329778,9776.062531548438
9778,1916.59560335,144176897509546974916.59560335,9777.710757900573
9779,1916.74972653,144176897509546974916.74972653,9778.804274025699
9780,1916.81576026,144176897509546974916.81576026,9779.272788551269
9781,1916.97161151,144176897509546974916.97161151,9780.378565469418
9782,1917.08208803,144176897509546974917.08208803,9781.162405097355
9783,1917.22125365,144176897509546974917.22125365,9782.149796153866
9784,1917.26964540,144176897509546974917.26964540,9782.493139439073
9785,1917.39603279,144176897509546974917.39603279,9783.389867945307
9786,1917.55704781,144176897509546974917.55704781,9784.53228221912
9787,1917.76484932,144176897509546974917.76484932,9786.006650331756
9788,1918.02058047,144176897509546974918.02058047,9787.821083022684
9789,1918.11114068,144176897509546974918.11114068,9788.463614859424
9790,1918.24680065,144176897509546974918.24680065,9789.426133052526
9791,1918.35988751,144176897509546974918.35988751,9790.228493248764
9792,1918.39578434,144176897509546974918.39578434,9790.483184090504
9793,1918.57956664,144176897509546974918.57956664,9791.787134012653
9794,1918.75748022,144176897509546974918.75748022,9793.049444903258
9795,1918.87946009,144176897509546974918.87946009,9793.914901707261
9796,1919.06725276,144176897509546974919.06725276,9795.247305521048
9797,1919.14409764,144176897509546974919.14409764,9795.79252600906
9798,1919.44038708,144176897509546974919.44038708,9797.894722968296
9799,1919.52011881,144176897509546974919.52011881,9798.46042588488
9800,1919.65497706,144176897509546974919.65497706,9799.417255811313
9801,1919.72209636,144176897509546974919.72209636,9799.893472541704
9802,1919.81273813,144176897509546974919.81273813,9800.53658305308
9803,1919.98744638,144176897509546974919.98744638,9801.77615187438
9804,1920.11093058,144176897509546974920.11093058,9802.65228201845
9805,1920.30759957,144176897509546974920.30759957,9804.047664023135
9806,1920.50579544,144176897509546974920.50579544,9805.45387936192
9807,1920.54644241,144176897509546974920.54644241,9805.742272821828
9808,1920.71432553,144176897509546974920.71432553,9806.933416807153
9809,1920.84516510,144176897509546974920.84516510,9807.861733881842
9810,1920.94308046,144176897509546974920.94308046,9808.556451088283
9811,1921.18100747,144176897509546974921.18100747,9810.244562000851
9812,1921.29422199,144176897509546974921.29422199,9811.047827954862
9813,1921.49022187,144176897509546974921.49022187,9812.438462571294
9814,1921.62528956,144176897509546974921.62528956,9813.396778491056
9815,1921.71273976,144176897509546974921.71273976,9814.017244561412
9816,1921.84770572,144176897509546974921.84770572,9814.974838698796
9817,1921.96573259,144176897509546974921.96573259,9815.812248655837
9818,1922.15793358,144176897509546974922.15793358,9817.17592984792
9819,1922.31024020,144176897509546974922.31024020,9818.256557336485
9820,1922.46601771,144176897509546974922.46601771,9819.361811063514
9821,1922.63973371,144176897509546974922.63973371,9820.594339792757
9822,1922.72617377,144176897509546974922.72617377,9821.207638840095
9823,1922.91847837,144176897509546974922.91847837,9822.572055153303
9824,1923.00885947,144176897509546974923.00885947,9823.213316190458
9825,1923.10068216,144176897509546974923.10068216,9823.86480542243
9826,1923.23999037,144176897509546974923.23999037,9824.853208166243
9827,1923.40434988,144176897509546974923.40434988,9826.019351860545
9828,1923.59780185,144176897509546974923.59780185,9827.391908854452
9829,1923.73374338,144176897509546974923.73374338,9828.356424737975
9830,1923.81738635,144176897509546974923.81738635,9828.949878211022
9831,1923.90188636,144176897509546974923.90188636,9829.549412450506
9832,1924.08942898,144176897509546974924.08942898,9830.880042139812
9833,1924.25632743,144176897509546974924.25632743,9832.064199813778
9834,1924.36786490,144176897509546974924.36786490,9832.855566965693
9835,1924.52850103,144176897509546974924.52850103,9833.995292985053
9836,1924.71224789,144176897509546974924.71224789,9835.298991457606
9837,1924.90533451,144176897509546974924.90533451,9836.66895626443
9838,1925.05895455,144176897509546974925.05895455,9837.758902571548
9839,1925.17961628,144176897509546974925.17961628,9838.615007068227
9840,1925.36141043,144176897509546974925.36141043,9839.904850909226
9841,1925.41845784,144176897509546974925.41845784,9840.309606785218
9842,1925.64976119,144176897509546974925.64976119,9841.950722307362
9843,1925.76069171,144176897509546974925.76069171,9842.737783101127
9844,1925.85146417,144176897509546974925.85146417,9843.381820868368
9845,1926.02992966,144176897509546974926.02992966,9844.648047603978
9846,1926.17910592,144176897509546974926.17910592,9845.706464941304
9847,1926.27552750,144176897509546974926.27552750,9846.39058366076
9848,1926.38243482,144176897509546974926.38243482,9847.149099533022
9849,1926.55002063,144176897509546974926.55002063,9848.338134080435
9850,1926.75666295,144176897509546974926.75666295,9849.804277648542
9851,1926.85560334,144176897509546974926.85560334,9850.506267523726
9852,1926.92207562,144176897509546974926.92207562,9850.977893596155
9853,1927.02483816,144176897509546974927.02483816,9851.707001927223
9854,1927.23731405,144176897509546974927.23731405,9853.21453513485
9855,1927.33902192,144176897509546974927.33902192,9853.936160499037
9856,1927.44619531,144176897509546974927.44619531,9854.696564158949
9857,1927.63380726,144176897509546974927.63380726,9856.027685750074
9858,1927.74552573,144176897509546974927.74552573,9856.820337111272
9859,1927.81136746,144176897509546974927.81136746,9857.287489381692
9860,1928.01724282,144176897509546974928.01724282,9858.748191308072
9861,1928.20361400,144176897509546974928.20361400,9860.070509538129
9862,1928.36770996,144176897509546974928.36770996,9861.23478332438
9863,1928.56057543,144176897509546974928.56057543,9862.603179054502
9864,1928.66259007,144176897509546974928.66259007,9863.326980976048
9865,1928.84580118,144176897509546974928.84580118,9864.626878260071
9866,1928.88745224,144176897509546974928.88745224,9864.92239581777
9867,1928.99807035,144176897509546974928.99807035,9865.707240037931
9868,1929.12585398,144176897509546974929.12585398,9866.613874977153
9869,1929.24633163,144176897509546974929.24633163,9867.468673411704
9870,1929.41911544,144176897509546974929.41911544,9868.694588179329
9871,1929.62933737,144176897509546974929.62933737,9870.186129362879
9872,1929.67969553,144176897509546974929.67969553,9870.543424482223
9873,1929.80120169,144176897509546974929.80120169,9871.405520276392
9874,1929.97264562,144176897509546974929.97264562,9872.621928489676
9875,1930.15913477,144176897509546974930.15913477,9873.945083726194
9876,1930.32359542,144176897509546974930.32359542,9875.111945016777
9877,1930.45512982,144176897509546974930.45512982,9876.04519196515
9878,1930.53023108,144176897509546974930.53023108,9876.578041331657
9879,1930.71764211,144176897509546974930.71764211,9877.907737379528
9880,1930.86710459,144176897509546974930.86710459,9878.968185470341
9881,1931.00378701,144176897509546974931.00378701,9879.937958026883
9882,1931.26252171,144176897509546974931.26252171,9881.773701142092
9883,1931.35129631,144176897509546974931.35129631,9882.403563934968
9884,1931.47063986,144176897509546974931.47063986,9883.250315840518
9885,1931.63670906,144176897509546974931.63670906,9884.428589920293
9886,1931.75193096,144176897509546974931.75193096,9885.246098393824
9887,1931.91372297,144176897509546974931.91372297,9886.394025473002
9888,1932.05722181,144176897509546974932.05722181,9887.412161067381
9889,1932.15532890,144176897509546974932.15532890,9888.108238613302
9890,1932.34973676,144176897509546974932.34973676,9889.487577722195
9891,1932.44192473,144176897509546974932.44192473,9890.141658644594
9892,1932.57958925,144176897509546974932.57958925,9891.11839927814
9893,1932.73735877,144176897509546974932.73735877,9892.237786473326
9894,1933.02687627,144176897509546974933.02687627,9894.291935983838
9895,1933.09535301,144176897509546974933.09535301,9894.777783858155
9896,1933.25592470,144176897509546974933.25592470,9895.91705267063
9897,1933.34110390,144176897509546974933.34110390,9896.521405816764
9898,1933.44163441,144176897509546974933.44163441,9897.234677718836
9899,1933.64955951,144176897509546974933.64955951,9898.709922712276
9900,1933.73552380,144176897509546974933.73552380,9899.319846133918
9901,1933.85033126,144176897509546974933.85033126,9900.134414122942
9902,1933.92069689,144176897509546974933.92069689,9900.633663820876
9903,1934.17897504,144176897509546974934.17897504,9902.466167677805
9904,1934.24395047,144176897509546974934.24395047,9902.927173481357
9905,1934.44411702,144176897509546974934.44411702,9904.347370950261
9906,1934.62705048,144176897509546974934.62705048,9905.645298285623
9907,1934.71539643,144176897509546974934.71539643,9906.272119772919
9908,1934.86505156,144176897509546974934.86505156,9907.333934730686
9909,1934.93751605,144176897509546974934.93751605,9907.848076005956
9910,1935.13168610,144176897509546974935.13168610,9909.225727834131
9911,1935.17252719,144176897509546974935.17252719,9909.515498590761
9912,1935.37597411,144176897509546974935.37597411,9910.958970543694
9913,1935.53548176,144176897509546974935.53548176,9912.090689908397
9914,1935.67193090,144176897509546974935.67193090,9913.05880732493
9915,1935.76348198,144176897509546974935.76348198,9913.708369462516
9916,1935.98701594,144176897509546974935.98701594,9915.29436054947
9917,1936.05364054,144176897509546974936.05364054,9915.76706734432
9918,1936.26887195,144176897509546974936.26887195,9917.294151183807
9919,1936.38981613,144176897509546974936.38981613,9918.152259685525
9920,1936.49991903,144176897509546974936.49991903,9918.933448450078
9921,1936.65568277,144176897509546974936.65568277,9920.03860447787
9922,1936.79629987,144176897509546974936.79629987,9921.036293899528
9923,1936.99882120,144176897509546974936.99882120,9922.473198718366
9924,1937.13472609,144176897509546974937.13472609,9923.437454638197
9925,1937.24018209,144176897509546974937.24018209,9924.185673280526
9926,1937.40853794,144176897509546974937.40853794,9925.38017132251
9927,1937.60415027,144176897509546974937.60415027,9926.768056241106
9928,1937.62715865,144176897509546974937.62715865,9926.93130251297
9929,1937.73217784,144176897509546974937.73217784,9927.676421953878
9930,1937.97766265,144176897509546974937.97766265,9929.41815605389
9931,1938.11695788,144176897509546974938.11695788,9930.406466703578
9932,1938.26689727,144176897509546974938.26689727,9931.470298508477
9933,1938.35710456,144176897509546974938.35710456,9932.110326349966
9934,1938.51504522,144176897509546974938.51504522,9933.230927796956
9935,1938.59875231,144176897509546974938.59875231,9933.824836206466
9936,1938.79634675,144176897509546974938.79634675,9935.226784351935
9937,1938.95273696,144176897509546974938.95273696,9936.336385233819
9938,1939.00670983,144176897509546974939.00670983,9936.719327005874
9939,1939.21083262,144176897509546974939.21083262,9938.167594309796
9940,1939.28171753,144176897509546974939.28171753,9938.67052834031
9941,1939.48007046,144176897509546974939.48007046,9940.077858032188
9942,1939.53543805,144176897509546974939.53543805,9940.470695452712
9943,1939.72356115,144176897509546974939.72356115,9941.805443693427
9944,1939.82345893,144176897509546974939.82345893,9942.514226326215
9945,1939.94199104,144176897509546974939.94199104,9943.35522100093
9946,1940.08226540,144176897509546974940.08226540,9944.35047865524
9947,1940.22070554,144176897509546974940.22070554,9945.332722373896
9948,1940.28223331,144176897509546974940.28223331,9945.769266757668
9949,1940.56090374,144176897509546974940.56090374,9947.746455450506
9950,1940.83035032,144176897509546974940.83035032,9949.658200199672
9951,1941.03174023,144176897509546974941.03174023,9951.08707750432
9952,1941.11464744,144176897509546974941.11464744,9951.675310702105
9953,1941.28173113,144176897509546974941.28173113,9952.860782668491
9954,1941.41300327,144176897509546974941.41300327,9953.792168861466
9955,1941.49867120,144176897509546974941.49867120,9954.39998958552
9956,1941.59989035,144176897509546974941.59989035,9955.118147442738
9957,1941.77759878,144176897509546974941.77759878,9956.379002777903
9958,1941.87948296,144176897509546974941.87948296,9957.101879075453
9959,1942.12280202,144176897509546974942.12280202,9958.828247008298
9960,1942.24915815,144176897509546974942.24915815,9959.724753722365
9961,1942.36672002,144176897509546974942.36672002,9960.55886446771
9962,1942.49208935,144176897509546974942.49208935,9961.4483697579
9963,1942.60224572,144176897509546974942.60224572,9962.229937896322
9964,1942.72776327,144176897509546974942.72776327,9963.12049481911
9965,1942.90290378,144176897509546974942.90290378,9964.36313055922
9966,1942.95352260,144176897509546974942.95352260,9964.722275081835
9967,1943.09796860,144176897509546974943.09796860,9965.74713085116
9968,1943.38281617,144176897509546974943.38281617,9967.768146839782
9969,1943.57115610,144176897509546974943.57115610,9969.104433506458
9970,1943.67635648,144176897509546974943.67635648,9969.850838504715
9971,1943.71397920,144176897509546974943.71397920,9970.117774672208
9972,1943.86496614,144176897509546974943.86496614,9971.189038927028
9973,1944.00003946,144176897509546974944.00003946,9972.147394792084
9974,1944.17709848,144176897509546974944.17709848,9973.403642512048
9975,1944.30165651,144176897509546974944.30165651,9974.287391564714
9976,1944.56259291,144176897509546974944.56259291,9976.138755915177
9977,1944.59911266,144176897509546974944.59911266,9976.397866423476
9978,1944.67312038,144176897509546974944.67312038,9976.922957037385
9979,1944.81884147,144176897509546974944.81884147,9977.956859670887
9980,1944.97696664,144176897509546974944.97696664,9979.078770230888
9981,1945.14848724,144176897509546974945.14848724,9980.295722423874
9982,1945.18475475,144176897509546974945.18475475,9980.553043269467
9983,1945.44794941,144176897509546974945.44794941,9982.420430152846
9984,1945.55977343,144176897509546974945.55977343,9983.213830399623
9985,1945.70280023,144176897509546974945.70280023,9984.228616832948
9986,1945.84235657,144176897509546974945.84235657,9985.218780078694
9987,1946.03071227,144176897509546974946.03071227,9986.555178634766
9988,1946.10821493,144176897509546974946.10821493,9987.105066123786
9989,1946.20714798,144176897509546974946.20714798,9987.80700392109
9990,1946.39133101,144176897509546974946.39133101,9989.113797054213
9991,1946.48572220,144176897509546974946.48572220,9989.783509996385
9992,1946.56294081,144176897509546974946.56294081,9990.331382128239
9993,1946.71059097,144176897509546974946.71059097,9991.378971665628
9994,1946.92397108,144176897509546974946.92397108,9992.892920385515
9995,1946.98169699,144176897509546974946.98169699,9993.302490272554
9996,1947.17149256,144176897509546974947.17149256,9994.649104819906
9997,1947.31918539,144176897509546974947.31918539,9995.696997104313
9998,1947.48383434,144176897509546974947.48383434,9996.865194398255
9999,1947.65547789,144176897509546974947.65547789,9998.083018931193
10000,1947.74231109,144176897509546974947.74231109,9998.699107337858
