local_index,offset_text,absolute_gamma_decimal_string,theta_unfolded_relative_x
1,1.8475231278,267653395648.8475231278,0.0
2,2.3623669687,267653395649.3623669687,2.0054867727990895
3,2.6816309165,267653395649.6816309165,3.2491252772925785
4,2.8619899438,267653395649.8619899438,3.951683247050543
5,3.1576654790,267653395650.1576654790,5.1034370950666625
6,3.4342666839,267653395650.4342666839,6.180890127810793
7,3.5808912999,267653395650.5808912999,6.752041425728182
8,3.8344795320,267653395650.8344795320,7.739851330038489
9,4.0584820011,267653395651.0584820011,8.612414917609442
10,4.3570661334,267653395651.3570661334,9.775498711811505
11,4.7017825037,267653395651.7017825037,11.118282806879465
12,4.9049020916,267653395651.9049020916,11.909500676200624
13,5.0387527712,267653395652.0387527712,12.430893273611973
14,5.3029254562,267653395652.3029254562,13.45993311718169
15,5.7891109498,267653395652.7891109498,15.353786163646499
16,5.9646206541,267653395652.9646206541,16.037454418969183
17,6.1790233335,267653395653.1790233335,16.872623655602162
18,6.2277635657,267653395653.2277635657,17.06248295509275
19,6.5120490433,267653395653.5120490433,18.169868767515787
20,6.8376801741,267653395653.8376801741,19.438309552375657
21,7.0654230031,267653395654.0654230031,20.32544307690469
22,7.2776766711,267653395654.2776766711,21.152241204485087
23,7.6227135468,267653395654.6227135468,22.49627377392441
24,7.9651576868,267653395654.9651576868,23.830206781635287
25,8.2124889586,267653395655.2124889586,24.793643759395056
26,8.3331396490,267653395655.3331396490,25.263618039952693
27,8.6925822766,267653395655.6925822766,26.66376577013146
28,8.9452935573,267653395655.9452935573,27.648159659151347
29,9.0926840484,267653395656.0926840484,28.222294293492126
30,9.4212771810,267653395656.4212771810,29.502273053480117
31,9.5861648860,267653395656.5861648860,30.144565113917334
32,9.9792624393,267653395656.9792624393,31.675809893277304
33,10.2028267543,267653395657.2028267543,32.54666672594168
34,10.4897152162,267653395657.4897152162,33.66419202177522
35,10.7201572164,267653395657.7201572164,34.56183970945307
36,10.9850205535,267653395657.9850205535,35.59356987102134
37,11.2907452957,267653395658.2907452957,36.78446869876792
38,11.4283819123,267653395658.4283819123,37.3206087709925
39,11.7010708085,267653395658.7010708085,38.38282206942311
40,12.0244795760,267653395659.0244795760,39.64260601535838
41,12.2530576750,267653395659.2530576750,40.53299319236222
42,12.5285858972,267653395659.5285858972,41.6062666031694
43,12.7852513510,267653395659.7852513510,42.60606330216728
44,13.0717265971,267653395660.0717265971,43.72197898600752
45,13.2454651882,267653395660.2454651882,44.39874817055734
46,13.5449705998,267653395660.5449705998,45.56542065186075
47,13.8589005780,267653395660.8589005780,46.788281583373006
48,14.1944932078,267653395661.1944932078,48.09552569634028
49,14.4496901298,267653395661.4496901298,49.08960197903666
50,14.8365694081,267653395661.8365694081,50.59662452386476
51,14.9245912939,267653395661.9245912939,50.93949883577357
52,15.2940430070,267653395662.2940430070,52.37863525919132
53,15.3534283739,267653395662.3534283739,52.609960873590865
54,15.5503070365,267653395662.5503070365,53.37686827798219
55,15.7354269947,267653395662.7354269947,54.097971645758705
56,16.1145112371,267653395663.1145112371,55.57462995166827
57,16.3481586183,267653395663.3481586183,56.48476365682756
58,16.6382412160,267653395663.6382412160,57.61473116637542
59,16.8293830613,267653395663.8293830613,58.35929177296306
60,17.0132230984,267653395664.0132230984,59.07540942539777
61,17.4888341344,267653395664.4888341344,60.928071467600866
62,17.6294961974,267653395664.6294961974,61.47599665262136
63,17.8697926525,267653395664.8697926525,62.41203069628843
64,18.0357809186,267653395665.0357809186,63.0586098056399
65,18.3820907254,267653395665.3820907254,64.40760086206514
66,18.6270881377,267653395665.6270881377,65.36194668638338
67,18.8613069986,267653395665.8613069986,66.2743064936894
68,19.1659138111,267653395666.1659138111,67.4608506160915
69,19.3938394759,267653395666.3938394759,68.34869634643951
70,19.6457567024,267653395666.6457567024,69.32999713213826
71,19.8585564689,267653395666.8585564689,70.1589224937112
72,20.0820778880,267653395667.0820778880,71.02961223268123
73,20.4443281753,267653395667.4443281753,72.44069672454359
74,20.9231252990,267653395667.9231252990,74.30576963045377
75,21.1086529027,267653395668.1086529027,75.02846091206668
76,21.4122099838,267653395668.4122099838,76.21091598402232
77,21.7457626266,267653395668.7457626266,77.51021367397855
78,21.8519915558,267653395668.8519915558,77.92401043228772
79,22.1292492562,267653395669.1292492562,79.00402073179633
80,22.2982433895,267653395669.2982433895,79.66230868649417
81,22.6025488242,267653395669.6025488242,80.84767884284447
82,22.7407266969,267653395669.7407266969,81.38592728631387
83,22.9591807930,267653395669.9591807930,82.23687812886035
84,23.4601646703,267653395670.4601646703,84.18837576658608
85,23.5875419113,267653395670.5875419113,84.68455218298337
86,23.7713458520,267653395670.7713458520,85.400529228021
87,23.9963646070,267653395670.9963646070,86.27705158477455
88,24.2633913767,267653395671.2633913767,87.31720903073386
89,24.5141670562,267653395671.5141670562,88.29406311390497
90,24.8679993166,267653395671.8679993166,89.67235661117938
91,25.1890344724,267653395672.1890344724,90.92289455572809
92,25.3710716131,267653395672.3710716131,91.63198933133057
93,25.6951947795,267653395672.6951947795,92.89455609689384
94,25.8002716899,267653395672.8002716899,93.30386536155588
95,26.0931441473,267653395673.0931441473,94.4447002959085
96,26.4747073597,267653395673.4747073597,95.93101500857956
97,26.7328671640,267653395673.7328671640,96.93663269624372
98,26.8452413255,267653395673.8452413255,97.37436716364947
99,27.1788785042,267653395674.1788785042,98.67399414885284
100,27.3915973284,267653395674.3915973284,99.50260421343935
101,27.6923746411,267653395674.6923746411,100.67423116953887
102,27.9058127564,267653395674.9058127564,101.50564311048532
103,28.0527090628,267653395675.0527090628,102.07785273223085
104,28.3096285882,267653395675.3096285882,103.078639124013
105,28.5692979670,267653395675.5692979670,104.09013710284887
106,28.6953233381,267653395675.6953233381,104.58104753956955
107,29.2108373884,267653395676.2108373884,106.58914499930741
108,29.5832635317,267653395676.5832635317,108.03986781057809
109,29.7291859805,267653395676.7291859805,108.60828393538304
110,29.9084925860,267653395676.9084925860,109.30674237470062
111,30.2815418168,267653395677.2815418168,110.75989231754083
112,30.6145108332,267653395677.6145108332,112.05691658994485
113,30.7598974693,267653395677.7598974693,112.62324554734653
114,31.0640546459,267653395678.0640546459,113.80803818944085
115,31.3278843196,267653395678.3278843196,114.83574189073146
116,31.6109559202,267653395678.6109559202,115.93839925139545
117,31.9464324714,267653395678.9464324714,117.24519119988763
118,32.0960873707,267653395679.0960873707,117.82814645192569
119,32.4294032073,267653395679.4294032073,119.12652170353655
120,32.4914948458,267653395679.4914948458,119.36838913948775
121,32.8003463481,267653395679.8003463481,120.57146773035113
122,33.1946894459,267653395680.1946894459,122.10756431684959
123,33.2482953889,267653395680.2482953889,122.31637716666926
124,33.6341040601,267653395680.6341040601,123.81922934330971
125,33.8291100509,267653395680.8291100509,124.5788420726457
126,34.2042129326,267653395681.2042129326,126.03999166390194
127,34.3994775488,267653395681.3994775488,126.80061182457466
128,34.7098453117,267653395681.7098453117,128.00959675117724
129,34.9221742465,267653395681.9221742465,128.83668806780184
130,35.0325394964,267653395682.0325394964,129.26659716114034
131,35.1487015071,267653395682.1487015071,129.71908655200986
132,35.4037112343,267653395682.4037112343,130.71243364914767
133,35.7497687803,267653395682.7497687803,132.06044206645853
134,35.9928855223,267653395682.9928855223,133.00746205892307
135,36.1515138898,267653395683.1515138898,133.6253719328326
136,36.6964768910,267653395683.6964768910,135.74818278100489
137,37.0354078128,267653395684.0354078128,137.06843064369252
138,37.2186355461,267653395684.2186355461,137.78216317063254
139,37.5135398129,267653395684.5135398129,138.9309126735473
140,37.7119838891,267653395684.7119838891,139.70391788084646
141,37.8225523655,267653395684.8225523655,140.1346186085124
142,38.2182614496,267653395685.2182614496,141.67603616272856
143,38.4219649252,267653395685.4219649252,142.46952846745754
144,38.7221595205,267653395685.7221595205,143.63888554686022
145,39.0713156866,267653395686.0713156866,144.99896411269225
146,39.2251636864,267653395686.2251636864,145.59825287583038
147,39.5201722132,267653395686.5201722132,146.74740850587438
148,39.7851948817,267653395686.7851948817,147.77975931586482
149,40.0028043530,267653395687.0028043530,148.62742006590426
150,40.2160594076,267653395687.2160594076,149.4581189249752
151,40.5706826554,267653395687.5706826554,150.83949357937695
152,40.9399626561,267653395687.9399626561,152.2779611262992
153,41.0515009895,267653395688.0515009895,152.712439767248
154,41.2227758040,267653395688.2227758040,153.37961172835168
155,41.4653017980,267653395688.4653017980,154.3243305622793
156,41.8035187487,267653395688.8035187487,155.64179727176477
157,42.1402492149,267653395689.1402492149,156.95347363325368
158,42.3323434361,267653395689.3323434361,157.70174405846973
159,42.5514957990,267653395689.5514957990,158.55541488078745
160,42.9272553560,267653395689.9272553560,160.01912243918744
161,43.0977139142,267653395690.0977139142,160.68311481245746
162,43.2800821109,267653395690.2800821109,161.3934991605037
163,43.5360018794,267653395690.5360018794,162.39039116902146
164,43.9271430598,267653395690.9271430598,163.91401522990745
165,44.1839292290,267653395691.1839292290,164.91428215525593
166,44.3751769042,267653395691.3751769042,165.6592550042545
167,44.4870415340,267653395691.4870415340,166.0950046774316
168,44.8850642894,267653395691.8850642894,167.64543474538686
169,45.1923983808,267653395692.1923983808,168.84260251971534
170,45.3854345053,267653395692.3854345053,169.59454196932194
171,45.5702432342,267653395692.5702432342,170.31443299620364
172,45.7389312018,267653395692.7389312018,170.97152833439984
173,46.1270734796,267653395693.1270734796,172.48347067935723
174,46.2912375385,267653395693.2912375385,173.12294389927504
175,46.4713076321,267653395693.4713076321,173.82437637686405
176,46.8849004329,267653395693.8849004329,175.4354569132166
177,47.1701714959,267653395694.1701714959,176.546681906241
178,47.4230069959,267653395694.4230069959,177.53155967046004
179,47.5425283386,267653395694.5425283386,177.9971347687941
180,47.9376964809,267653395694.9376964809,179.53644517607094
181,48.2063568542,267653395695.2063568542,180.58296604750709
182,48.4978972933,267653395695.4978972933,181.71861233072403
183,48.9080138048,267653395695.9080138048,183.3161515723081
184,49.0085410833,267653395696.0085410833,183.70773851833476
185,49.4265468397,267653395696.4265468397,185.33600897400277
186,49.6769346131,267653395696.6769346131,186.3113520348232
187,49.9430045315,267653395696.9430045315,187.3477822290002
188,50.1291908293,267653395697.1291908293,188.07303934165077
189,50.3530595976,267653395697.3530595976,188.94508212046102
190,50.4113612508,267653395697.4113612508,189.17218631213473
191,50.9039797861,267653395697.9039797861,191.0910981803628
192,51.0728082646,267653395698.0728082646,191.74874085491473
193,51.2193278400,267653395698.2193278400,192.3194829850126
194,51.5731740341,267653395698.5731740341,193.69783075865533
195,51.7048026395,267653395698.7048026395,194.21056764328472
196,51.9031870624,267653395698.9031870624,194.98334048128322
197,52.2491039016,267653395699.2491039016,196.33080079914708
198,52.5066562368,267653395699.5066562368,197.33405219407132
199,52.8296288357,267653395699.8296288357,198.59213711928518
200,53.1194564368,267653395700.1194564368,199.72111133287697
201,53.3736682693,267653395700.3736682693,200.71135036667903
202,53.6868558545,267653395700.6868558545,201.93131943230958
203,53.7811702018,267653395700.7811702018,202.29870495966904
204,54.0474201023,267653395701.0474201023,203.33583624356015
205,54.3396641852,267653395701.3396641852,204.47422345173743
206,54.5696004178,267653395701.5696004178,205.36990100760394
207,54.9211741679,267653395701.9211741679,206.7393968614575
208,55.1220738207,267653395702.1220738207,207.5219673504999
209,55.3479025426,267653395702.3479025426,208.40164479580164
210,55.5252816857,267653395702.5252816857,209.0925951325844
211,55.8231896037,267653395702.8231896037,210.25304484879658
212,56.0704392223,267653395703.0704392223,211.21616376038577
213,56.3890751210,267653395703.3890751210,212.4573558062496
214,56.8795155531,267653395703.8795155531,214.3677832432589
215,57.0596701070,267653395704.0596701070,215.06954472160817
216,57.2312343867,267653395704.2312343867,215.73784424525513
217,57.5095447091,267653395704.5095447091,216.82195485505804
218,57.6705416290,267653395704.6705416290,217.44909102271453
219,57.9578367592,267653395704.9578367592,218.5682004258753
220,58.1627457754,267653395705.1627457754,219.3663887093391
221,58.5035891696,267653395705.5035891696,220.69408628356857
222,58.8110589982,267653395705.8110589982,221.89178279911684
223,58.9719358427,267653395705.9719358427,222.51845123343898
224,59.2339308691,267653395706.2339308691,223.53900837766048
225,59.4613990146,267653395706.4613990146,224.4250719192577
226,59.8497837361,267653395706.8497837361,225.93795866248988
227,60.0218786591,267653395707.0218786591,226.60832521702048
228,60.4263884084,267653395707.4263884084,228.18402426836485
229,60.6672132137,267653395707.6672132137,229.12211641053963
230,60.8404139705,267653395707.8404139705,229.7967905528914
231,61.1774294987,267653395708.1774294987,231.1095773250077
232,61.3419489741,267653395708.3419489741,231.75043500956068
233,61.6660474902,267653395708.6660474902,233.0129057540723
234,61.7598483990,267653395708.7598483990,233.3782912689263
235,62.0172364904,267653395709.0172364904,234.38090288001416
236,62.2168937567,267653395709.2168937567,235.15863386337716
237,62.5775131129,267653395709.5775131129,236.56336534004555
238,62.7402539570,267653395709.7402539570,237.19729466834283
239,63.0541536586,267653395710.0541536586,238.4200376625093
240,63.2672956363,267653395710.2672956363,239.2502960497172
241,63.5935618529,267653395710.5935618529,240.52121070349807
242,63.8431621505,267653395710.8431621505,241.49348628603815
243,64.0551637876,267653395711.0551637876,242.31930267004418
244,64.1712962155,267653395711.1712962155,242.77167682614083
245,64.5925609325,267653395711.5925609325,244.41264200952853
246,64.6701455982,267653395711.6701455982,244.71485990255582
247,65.0457001920,267653395712.0457001920,246.1777690616135
248,65.4014663744,267653395712.4014663744,247.56359582370908
249,65.7825022108,267653395712.7825022108,249.04785623271817
250,66.0867042960,267653395713.0867042960,250.2328238086456
251,66.2342844433,267653395713.2342844433,250.80769721651896
252,66.6671788065,267653395713.6671788065,252.49396371221553
253,66.7770809001,267653395713.7770809001,252.92206865882343
254,66.9312267296,267653395713.9312267296,253.52251756699536
255,67.2737777439,267653395714.2737777439,254.85686688540903
256,67.4425919827,267653395714.4425919827,255.51445409162886
257,67.6868641499,267653395714.6868641499,256.4659748467982
258,67.9428212786,267653395714.9428212786,257.4630123856358
259,68.5453178303,267653395715.5453178303,259.8099354118322
260,68.5842390858,267653395715.5842390858,259.96154655464073
261,68.6817931628,267653395715.6817931628,260.341551899011
262,69.0406090139,267653395716.0406090139,261.7392581277601
263,69.2965355837,267653395716.2965355837,262.73617662959117
264,69.5116099723,267653395716.5116099723,263.57396239537906
265,69.7103676175,267653395716.7103676175,264.3481890574842
266,70.0404051562,267653395717.0404051562,265.6337942562175
267,70.3050916542,267653395717.3050916542,266.66483557110456
268,70.4211542841,267653395717.4211542841,267.11693784094285
269,70.7628449081,267653395717.7628449081,268.4479356550193
270,70.9229694607,267653395717.9229694607,269.07167366396914
271,71.3209753560,267653395718.3209753560,270.6220380562736
272,71.4914898616,267653395718.4914898616,271.2862483631445
273,71.9074984723,267653395718.9074984723,272.9067392768161
274,72.2005537330,267653395719.2005537330,274.0482862903958
275,72.3304190116,267653395719.3304190116,274.55415443485236
276,72.5836400978,267653395719.5836400978,275.5405341846531
277,72.8004822374,267653395719.8004822374,276.3852059243358
278,73.0867209603,267653395720.0867209603,277.5002002722172
279,73.4751291565,267653395720.4751291565,279.0131784571609
280,73.6515879585,267653395720.6515879585,279.70054376144464
281,73.8846706942,267653395720.8846706942,280.6084779859313
282,73.9402304805,267653395720.9402304805,280.8249017006069
283,74.3046169762,267653395721.3046169762,282.24430742962085
284,74.5203205222,267653395721.5203205222,283.08454397124365
285,74.8077683303,267653395721.8077683303,284.2042481052453
286,75.0636182585,267653395722.0636182585,285.2008680627366
287,75.3529217885,267653395722.3529217885,286.32780084633816
288,75.7355782352,267653395722.7355782352,287.8183740676284
289,76.0256941477,267653395723.0256941477,288.9484713493338
290,76.2686894769,267653395723.2686894769,289.895018398855
291,76.4995675397,267653395723.4995675397,290.7943646943661
292,76.9985569311,267653395723.9985569311,292.7380931509051
293,77.0732273404,267653395724.0732273404,293.0289590529048
294,77.3018082536,267653395724.3018082536,293.91935719215576
295,77.5863864826,267653395724.5863864826,295.02788336796664
296,77.6628333667,267653395724.6628333667,295.3256692259426
297,77.9665033716,267653395724.9665033716,296.5085641733993
298,78.0818167411,267653395725.0818167411,296.9577478265582
299,78.7188703773,267653395725.7188703773,299.4392821083788
300,78.9037886248,267653395725.9037886248,300.15959974637656
301,79.0634847811,267653395726.0634847811,300.781669010273
302,79.4250735751,267653395726.4250735751,302.19017676730516
303,79.5080600672,267653395726.5080600672,302.5134365579605
304,79.7161558370,267653395726.7161558370,303.3240382990336
305,79.7838302115,267653395726.7838302115,303.5876523352461
306,80.2792299763,267653395727.2792299763,305.5173980108071
307,80.5680389296,267653395727.5680389296,306.6424042548432
308,80.8192990324,267653395727.8192990324,307.6211453267432
309,81.0641250698,267653395728.0641250698,308.57482358924335
310,81.3005157637,267653395728.3005157637,309.4956434032791
311,81.4006932711,267653395728.4006932711,309.8858678753713
312,81.7215825643,267653395728.7215825643,311.1358376369368
313,82.0028129545,267653395729.0028129545,312.231322875094
314,82.3510141764,267653395729.3510141764,313.58768161793284
315,82.4909394454,267653395729.4909394454,314.13273674702356
316,82.6777743458,267653395729.6777743458,314.8605203809873
317,83.1943800731,267653395730.1943800731,316.87287028315194
318,83.4077978925,267653395730.4077978925,317.70420316487275
319,83.7010386651,267653395730.7010386651,318.846472808565
320,83.9546539634,267653395730.9546539634,319.8343881446743
321,84.1101192093,267653395731.1101192093,320.43997661542545
322,84.4286206755,267653395731.4286206755,321.68064500231463
323,84.7527723612,267653395731.7527723612,322.94332285998047
324,85.1756251231,267653395732.1756251231,324.5904740026654
325,85.2404023007,267653395732.2404023007,324.8428025002359
326,85.5623390391,267653395732.5623390391,326.0968524067451
327,85.6374280067,267653395732.6374280067,326.3893487315406
328,85.9846639785,267653395732.9846639785,327.7419475064944
329,86.2600123078,267653395733.2600123078,328.81452017506365
330,86.4109278524,267653395733.4109278524,329.40238605684226
331,86.6458301804,267653395733.6458301804,330.31740819420776
332,86.9702739906,267653395733.9702739906,331.5812239732673
333,87.2411473510,267653395734.2411473510,332.6363651602402
334,87.3737974286,267653395734.3737974286,333.15308101640346
335,87.6436958320,267653395734.6436958320,334.2044244239096
336,88.0895581619,267653395735.0895581619,335.94120543221
337,88.3608537341,267653395735.3608537341,336.99799127356744
338,88.5555885553,267653395735.5555885553,337.7565477077717
339,88.8506529904,267653395735.8506529904,338.90592111911496
340,89.0870562994,267653395736.0870562994,339.8267900731321
341,89.3851781437,267653395736.3851781437,340.98807310293176
342,89.5294987542,267653395736.5294987542,341.550249538602
343,89.9102996420,267653395736.9102996420,343.03359474523444
344,90.0185188124,267653395737.0185188124,343.45514415024235
345,90.2090116016,267653395737.2090116016,344.19717646899653
346,90.4965033849,267653395737.4965033849,345.31705190092646
347,90.6751794962,267653395737.6751794962,346.01305435713874
348,90.8509162420,267653395737.8509162420,346.69760701408677
349,91.3719529305,267653395738.3719529305,348.72721697332673
350,91.6001121102,267653395738.6001121102,349.6159723213317
351,91.6831071008,267653395738.6831071008,349.9392652164515
352,92.1703212521,267653395739.1703212521,351.8371252243677
353,92.3757067753,267653395739.3757067753,352.63716965995354
354,92.4979309304,267653395739.4979309304,353.11327310511564
355,92.8121385507,267653395739.8121385507,354.3372155443055
356,93.2124733457,267653395740.2124733457,355.89665176999944
357,93.3132634702,267653395740.3132634702,356.28926258799623
358,93.5423242026,267653395740.5423242026,357.18152978148004
359,94.0037677669,267653395741.0037677669,358.9790048430291
360,94.2136333971,267653395741.2136333971,359.79650077480795
361,94.4833037509,267653395741.4833037509,360.84695585381627
362,94.7788224725,267653395741.7788224725,361.9980988610933
363,95.0251093820,267653395742.0251093820,362.95746770283637
364,95.2317928633,267653395742.2317928633,363.7625681138358
365,95.6470154520,267653395742.6470154520,365.3799972122619
366,95.8706439001,267653395742.8706439001,366.2511038645403
367,96.1103139897,267653395743.1103139897,367.18469800775665
368,96.2494403086,267653395743.2494403086,367.72664096237844
369,96.4448084675,267653395743.4448084675,368.4876644560669
370,96.7229627948,267653395743.7229627948,369.57116741344885
371,96.9526823960,267653395743.9526823960,370.4660011184818
372,97.2891300508,267653395744.2891300508,371.77657583618833
373,97.4754813118,267653395744.4754813118,372.5024755349825
374,97.6687648546,267653395744.6687648546,373.2553787605765
375,97.9343661278,267653395744.9343661278,374.28998342695036
376,98.2013769444,267653395745.2013769444,375.33007873032886
377,98.5050821147,267653395745.5050821147,376.5131106586346
378,98.6726262374,267653395745.6726262374,377.1657503432284
379,98.9405274365,267653395745.9405274365,378.209313980468
380,99.2199365773,267653395746.2199365773,379.2977048507993
381,99.5566851552,267653395746.5566851552,380.60945176335207
382,99.7568176429,267653395746.7568176429,381.38903389100085
383,100.0784045945,267653395747.0784045945,382.6417212624197
384,100.3524234933,267653395747.3524234933,383.7091153601872
385,100.6039956773,267653395747.6039956773,384.6890720914201
386,100.8122426610,267653395747.8122426610,385.50026286057033
387,101.1327519012,267653395748.1327519012,386.7487521902029
388,101.3278615312,267653395748.3278615312,387.5087686284546
389,101.4928392723,267653395748.4928392723,388.1514114092422
390,101.8680974688,267653395748.8680974688,389.6131660029478
391,102.0347777816,267653395749.0347777816,390.26244086273283
392,102.4139792325,267653395749.4139792325,391.7395557344741
393,102.7185138173,267653395749.7185138173,392.9258185061487
394,102.9533178292,267653395749.9533178292,393.8404576698409
395,103.1840972725,267653395750.1840972725,394.7394198098369
396,103.4817454801,267653395750.4817454801,395.89885786828756
397,103.7191951220,267653395750.7191951220,396.82380263447385
398,103.8193901662,267653395750.8193901662,397.2140954181944
399,104.2158517450,267653395751.2158517450,398.75844418777257
400,104.3600185978,267653395751.3600185978,399.3200216864284
401,104.6956145772,267653395751.6956145772,400.62727884721187
402,105.0910780426,267653395752.0910780426,402.16773963549866
403,105.2958896083,267653395752.2958896083,402.9655483170905
404,105.5721886413,267653395752.5721886413,404.04182429051724
405,105.8199150390,267653395752.8199150390,405.006800414151
406,105.9030300160,267653395752.9030300160,405.3305606959216
407,106.2435535917,267653395753.2435535917,406.65701247149224
408,106.4439823336,267653395753.4439823336,407.4377486070804
409,106.6740748621,267653395753.6740748621,408.33403498709674
410,106.8990755137,267653395753.8990755137,409.21048682514026
411,107.3699686957,267653395754.3699686957,411.0447712681018
412,107.6646544826,267653395754.6646544826,412.1926697196716
413,107.8164079858,267653395754.8164079858,412.78379972691107
414,107.9764974660,267653395754.9764974660,413.40740111728473
415,108.2432233720,267653395755.2432233720,414.4463865997942
416,108.6027476794,267653395755.6027476794,415.84685249978776
417,108.8296595436,267653395755.8296595436,416.7307491420321
418,108.9985820843,267653395755.9985820843,417.38875821992025
419,109.1439418154,267653395756.1439418154,417.9549823734691
420,109.3168745543,267653395756.3168745543,418.62861249760005
421,109.6298541042,267653395756.6298541042,419.8477711970498
422,109.9672513952,267653395756.9672513952,421.1620450613482
423,110.1514778174,267653395757.1514778174,421.87966781135026
424,110.4862892191,267653395757.4862892191,423.1838687829089
425,110.8429129602,267653395757.8429129602,424.57303601933495
426,111.2428770985,267653395758.2428770985,426.13102841478786
427,111.3381224333,267653395758.3381224333,426.5020404458952
428,111.7632065103,267653395758.7632065103,428.15788329772965
429,112.0886745863,267653395759.0886745863,429.42568893031967
430,112.1730304481,267653395759.1730304481,429.7542828681535
431,112.4956392951,267653395759.4956392951,431.0109508596096
432,112.8866452656,267653395759.8866452656,432.5340482333019
433,112.9758984213,267653395759.9758984213,432.88171874806824
434,113.1823572850,267653395760.1823572850,433.68594419934425
435,113.4497735148,267653395760.4497735148,434.72761872101535
436,113.6977661690,267653395760.6977661690,435.69363200164133
437,113.9074627038,267653395760.9074627038,436.5104692510007
438,114.0196037270,267653395761.0196037270,436.9472955677465
439,114.5779159946,267653395761.5779159946,439.1221062167874
440,114.6776342312,267653395761.6776342312,439.51054167745446
441,114.9333152285,267653395761.9333152285,440.50650359331166
442,115.2017901357,267653395762.2017901357,441.5523020130541
443,115.5484076810,267653395762.5484076810,442.9024918125787
444,115.8769681417,267653395762.8769681417,444.18234330474803
445,115.9686292407,267653395762.9686292407,444.5393935538228
446,116.0723538690,267653395763.0723538690,444.94343523315825
447,116.3979283312,267653395763.3979283312,446.21165527512915
448,116.5800358339,267653395763.5800358339,446.92102413396657
449,116.9921772921,267653395763.9921772921,448.5264512116447
450,117.3947259388,267653395764.3947259388,450.0945111207775
451,117.5592810606,267653395764.5592810606,450.73550765983515
452,117.7482870083,267653395764.7482870083,451.47174823996284
453,118.0278066728,267653395765.0278066728,452.5605696366061
454,118.1076343705,267653395765.1076343705,452.8715248799733
455,118.6544936623,267653395765.6544936623,455.0017224062552
456,118.7852484359,267653395765.7852484359,455.51105542747075
457,119.0718161964,267653395766.0718161964,456.62733148546727
458,119.3599955013,267653395766.3599955013,457.7498850410686
459,119.4579573183,267653395766.4579573183,458.1314786673863
460,119.6560897256,267653395766.6560897256,458.9032698214098
461,120.1016078079,267653395767.1016078079,460.63870987163875
462,120.2389531497,267653395767.2389531497,461.173715332341
463,120.7263955211,267653395767.7263955211,463.0724643329182
464,121.0004197877,267653395768.0004197877,464.13987934004257
465,121.1768083686,267653395768.1768083686,464.82697110995827
466,121.3473769701,267653395768.3473769701,465.4913921382284
467,121.6324026340,267653395768.6324026340,466.60166122073485
468,121.8004896500,267653395768.8004896500,467.2564156540095
469,122.1078173417,267653395769.1078173417,468.4535584994072
470,122.3691186757,267653395769.3691186757,469.4714134826683
471,122.7934077822,267653395769.7934077822,471.12415966189167
472,122.9797733665,267653395769.9797733665,471.8501151546721
473,123.3626370725,267653395770.3626370725,473.34149571938815
474,123.4922183591,267653395770.4922183591,473.84625762122835
475,123.8037728756,267653395770.8037728756,475.05986534501096
476,124.0150570776,267653395771.0150570776,475.88288708239753
477,124.3607674557,267653395771.3607674557,477.22954316611384
478,124.4635140430,267653395771.4635140430,477.6297750527846
479,124.6956975368,267653395771.6956975368,478.5342064331288
480,124.9191015282,267653395771.9191015282,479.4044387524441
481,125.1686105505,267653395772.1686105505,480.37635878755873
482,125.4863309047,267653395772.4863309047,481.6139844852757
483,125.8031183405,267653395772.8031183405,482.8479761577549
484,125.9573860189,267653395772.9573860189,483.4488997076349
485,126.0153196203,267653395773.0153196203,483.67457021601155
486,126.3794405925,267653395773.3794405925,485.0929416433227
487,126.6648991908,267653395773.6648991908,486.20489714828227
488,126.8429658508,267653395773.8429658508,486.89852559043095
489,127.3857081841,267653395774.3857081841,489.01268620384974
490,127.4363229203,267653395774.4363229203,489.20984731542546
491,127.7648575215,267653395774.7648575215,490.48959807630524
492,128.0364444603,267653395775.0364444603,491.54751888679164
493,128.3384751739,267653395775.3384751739,492.72402825331466
494,128.5536707671,267653395775.5536707671,493.56228615105147
495,128.6425429156,267653395775.6425429156,493.9084725169578
496,129.0078106598,267653395776.0078106598,495.33131099989834
497,129.4359949881,267653395776.4359949881,496.9992303543205
498,129.5770729069,267653395776.5770729069,497.54877543501595
499,129.9534336582,267653395776.9534336582,499.01482484376123
500,130.2124343593,267653395777.2124343593,500.0237181021595
501,130.4002629945,267653395777.4002629945,500.75537266132716
502,130.5995826719,267653395777.5995826719,501.53178862445367
503,131.1011407007,267653395778.1011407007,503.4855227719011
504,131.3169083194,267653395778.3169083194,504.32600889785596
505,131.4326394378,267653395778.4326394378,504.7768198209337
506,131.5980724396,267653395778.5980724396,505.42123599248765
507,131.9777621447,267653395778.9777621447,506.90025277557663
508,132.2512541557,267653395779.2512541557,507.9655944713786
509,132.3267776043,267653395779.3267776043,508.2597832431462
510,132.6639868313,267653395779.6639868313,509.57332453606637
511,132.8365266315,267653395779.8365266315,510.24542403420645
512,133.1071207084,267653395780.1071207084,511.2994773197288
513,133.2505584669,267653395780.2505584669,511.85821475532595
514,133.6296256174,267653395780.6296256174,513.3348064826673
515,134.0458018155,267653395781.0458018155,514.9559502046183
516,134.2718457314,267653395781.2718457314,515.8364659016223
517,134.6136096685,267653395781.6136096685,517.1677492944458
518,134.8319775212,267653395781.8319775212,518.0183641904845
519,134.9987577733,267653395781.9987577733,518.6680283468482
520,135.1643083562,267653395782.1643083562,519.3129025356149
521,135.5397549456,267653395782.5397549456,520.7753909818849
522,135.7588664348,267653395782.7588664348,521.628902587656
523,135.8993075099,267653395782.8993075099,522.1759669518409
524,136.2290011368,267653395783.2290011368,523.4602325005591
525,136.4477286798,267653395783.4477286798,524.3122485090938
526,136.6756678671,267653395783.6756678671,525.2001469140607
527,137.0008555700,267653395784.0008555700,526.4668604008458
528,137.3726753250,267653395784.3726753250,527.9152211294694
529,137.4819806927,267653395784.4819806927,528.3410016316496
530,137.6900138628,267653395784.6900138628,529.1513595262265
531,137.8222764457,267653395784.8222764457,529.6665659625783
532,138.1140621734,267653395785.1140621734,530.8031677259073
533,138.6679273719,267653395785.6679273719,532.9606555722936
534,138.8472871563,267653395785.8472871563,533.6593211609991
535,139.2506503605,267653395786.2506503605,535.230554040584
536,139.3637529544,267653395786.3637529544,535.6711259927393
537,139.6330789876,267653395786.6330789876,536.7202398293159
538,139.9546091499,267653395786.9546091499,537.9727059876658
539,140.2628068843,267653395787.2628068843,539.1732379366902
540,140.4097565757,267653395787.4097565757,539.7456555106494
541,140.8102169397,267653395787.8102169397,541.3055808690752
542,141.0273912213,267653395788.0273912213,542.1515464115373
543,141.1812664527,267653395788.1812664527,542.7509412507592
544,141.3174988975,267653395788.3174988975,543.2816116101455
545,141.6619870432,267653395788.6619870432,544.62350669506
546,142.0012260919,267653395789.0012260919,545.9449548137943
547,142.2120813472,267653395789.2120813472,546.7663056621393
548,142.3590292869,267653395789.3590292869,547.3387164126488
549,142.6891641866,267653395789.6891641866,548.624700864642
550,142.9223223358,267653395789.9223223358,549.5329288496239
551,143.3292573575,267653395790.3292573575,551.1180751378635
552,143.4883065942,267653395790.4883065942,551.7376244362972
553,143.6885084262,267653395790.6885084262,552.5174766828986
554,143.8706965410,267653395790.8706965410,553.2271595524884
555,143.9355786930,267653395790.9355786930,553.4798969600139
556,144.4850164935,267653395791.4850164935,555.6201386291699
557,144.7346986314,267653395791.7346986314,556.5927330067159
558,144.9174622191,267653395791.9174622191,557.3046575332849
559,145.2125103054,267653395792.2125103054,558.4539672606633
560,145.4195129077,267653395792.4195129077,559.2603107533445
561,145.6906642979,267653395792.6906642979,560.3165349582092
562,145.7194723742,267653395792.7194723742,560.4287519284456
563,146.3169392346,267653395793.3169392346,562.7560826461439
564,146.5103726900,267653395793.5103726900,563.5095698308248
565,146.8840985760,267653395793.8840985760,564.965355569141
566,147.2673199982,267653395794.2673199982,566.4581295565872
567,147.4117913262,267653395794.4117913262,567.020893086695
568,147.6071404645,267653395794.6071404645,567.7818424888713
569,147.8350863095,267653395794.8350863095,568.6697668277797
570,148.1029199578,267653395795.1029199578,569.7130673323544
571,148.3433568573,267653395795.3433568573,570.6496484533559
572,148.4846302774,267653395795.4846302774,571.1999550761751
573,148.8663650868,267653395795.8663650868,572.686938215854
574,149.0548092571,267653395796.0548092571,573.4209904875012
575,149.3191556650,267653395796.3191556650,574.4507070391561
576,149.5974765242,267653395796.5974765242,575.5348586932897
577,150.0966074470,267653395797.0966074470,577.4791384613901
578,150.1839418624,267653395797.1839418624,577.8193348490804
579,150.4085276704,267653395797.4085276704,578.6941707343175
580,150.5880769922,267653395797.5880769922,579.3935746337866
581,150.8487220690,267653395797.8487220690,580.4088732785478
582,151.2199059067,267653395798.2199059067,581.8547568992973
583,151.4387256271,267653395798.4387256271,582.707131969246
584,151.7472316485,267653395798.7472316485,583.9088647979405
585,152.0615587471,267653395799.0615587471,585.1332726445743
586,152.2622367383,267653395799.2622367383,585.9149796884989
587,152.3310578089,267653395799.3310578089,586.1830604846876
588,152.7119458807,267653395799.7119458807,587.6667453018043
589,152.9322125492,267653395799.9322125492,588.5247567124162
590,153.1298553252,267653395800.1298553252,589.2946405908433
591,153.3756581682,267653395800.3756581682,590.2521238337283
592,153.7525305524,267653395800.7525305524,591.7201662215766
593,153.9936828753,267653395800.9936828753,592.6595341529702
594,154.1746199315,267653395801.1746199315,593.3643437361875
595,154.4665366220,267653395801.4665366220,594.5014556428721
596,154.7283921771,267653395801.7283921771,595.5214695003385
597,154.8882789885,267653395801.8882789885,596.144281428815
598,155.1427259000,267653395802.1427259000,597.1354361729656
599,155.4974187942,267653395802.4974187942,598.5170821231184
600,155.5902684107,267653395802.5902684107,598.8787620403318
601,155.9702655605,267653395802.9702655605,600.3589764220576
602,156.1302345153,267653395803.1302345153,600.9821083262028
603,156.4726454039,267653395803.4726454039,602.3159118087606
604,156.8455420936,267653395803.8455420936,603.768467553672
605,157.1519295808,267653395804.1519295808,604.9619479920729
606,157.4792351296,267653395804.4792351296,606.2369111880008
607,157.7144839863,267653395804.7144839863,607.1532831690939
608,158.0088262073,267653395805.0088262073,608.2998433180392
609,158.1352576949,267653395805.1352576949,608.7923357126455
610,158.3414347169,267653395805.3414347169,609.5954632974353
611,158.6649839297,267653395805.6649839297,610.8557943242205
612,158.9142056460,267653395805.9142056460,611.8265952075955
613,159.2319475261,267653395806.2319475261,613.0643047558076
614,159.4985543178,267653395806.4985543178,614.1028262487926
615,159.6729299195,267653395806.6729299195,614.7820767999991
616,159.9138517514,267653395806.9138517514,615.7205468928354
617,160.1905373787,267653395807.1905373787,616.7983287787314
618,160.4254456157,267653395807.4254456157,617.7133739336135
619,160.4829274705,267653395807.4829274705,617.9372847398079
620,160.8280851057,267653395807.8280851057,619.2817877074085
621,161.1435885167,267653395808.1435885167,620.5107776792858
622,161.3265270785,267653395808.3265270785,621.2233837877561
623,161.5822421732,267653395808.5822421732,622.2194785242532
624,161.8142612152,267653395808.8142612152,623.1232693105359
625,162.1398700079,267653395809.1398700079,624.3916230811499
626,162.4247520840,267653395809.4247520840,625.5013328417664
627,162.8052363394,267653395809.8052363394,626.9834446606585
628,163.0056677956,267653395810.0056677956,627.7641913693482
629,163.3087809454,267653395810.3087809454,628.9449171823203
630,163.5590240251,267653395810.5590240251,629.9196966134152
631,163.7369229989,267653395810.7369229989,630.6126718624452
632,163.8613245757,267653395810.8613245757,631.0972570841656
633,164.1501301950,267653395811.1501301950,632.222250341185
634,164.3762269815,267653395811.3762269815,633.1029719866392
635,164.7151041704,267653395811.7151041704,634.4230105419632
636,165.0075322564,267653395812.0075322564,635.562114502996
637,165.1364894646,267653395812.1364894646,636.0644454133873
638,165.4920680834,267653395812.4920680834,637.4495415533445
639,165.8009458919,267653395812.8009458919,638.6527226155682
640,166.2378438529,267653395813.2378438529,640.3545844467958
641,166.3200299662,267653395813.3200299662,640.6747264977271
642,166.5799817743,267653395813.5799817743,641.6873246319719
643,166.9505130807,267653395813.9505130807,643.1306664278316
644,167.0980386367,267653395814.0980386367,643.705327184573
645,167.3539932121,267653395814.3539932121,644.7023547774791
646,167.5669433570,267653395814.5669433570,645.5318659125969
647,167.8674782951,267653395814.8674782951,646.7025487396172
648,167.9814836794,267653395814.9814836794,647.1466373585033
649,168.3602106948,267653395815.3602106948,648.6219041473181
650,168.7472254596,267653395815.7472254596,650.1294544568397
651,168.8427006644,267653395815.8427006644,650.5013619075083
652,169.1855611819,267653395816.1855611819,651.8369168431113
653,169.5017222796,267653395816.5017222796,653.068468721869
654,169.7344929083,267653395816.7344929083,653.9751871865394
655,169.9125173320,267653395816.9125173320,654.6686511043569
656,170.2116877408,267653395817.2116877408,655.834018639157
657,170.5645102235,267653395817.5645102235,657.2083787188702
658,170.6185472758,267653395817.6185472758,657.4188708817793
659,170.9652635793,267653395817.9652635793,658.7694453771164
660,171.1208626948,267653395818.1208626948,659.3755553141743
661,171.3552401463,267653395818.3552401463,660.2885328842586
662,171.5960498702,267653395818.5960498702,661.2265662794161
663,171.9673471335,267653395818.9673471335,662.6728917303378
664,172.0023191985,267653395819.0023191985,662.8091194720432
665,172.2686403010,267653395819.2686403010,663.8465281112556
666,172.6994957693,267653395819.6994957693,665.5248524380568
667,172.8249968011,267653395819.8249968011,666.0137204000666
668,173.1566103353,267653395820.1566103353,667.3054646217204
669,173.4086904711,267653395820.4086904711,668.2873999929618
670,173.5919029976,267653395820.5919029976,669.0010732844091
671,174.0360266288,267653395821.0360266288,670.7310814871399
672,174.3799726511,267653395821.3799726511,672.0708648223972
673,174.5228352996,267653395821.5228352996,672.6273620146342
674,174.7911450130,267653395821.7911450130,673.6725169499845
675,175.0964298734,267653395822.0964298734,674.8617022928914
676,175.3330732288,267653395822.3330732288,675.7835063069172
677,175.6692233683,267653395822.6692233683,677.0929221042999
678,175.8781719070,267653395822.8781719070,677.906845661853
679,176.1830079696,267653395823.1830079696,679.0942827891264
680,176.3881608385,267653395823.3881608385,679.8934209593965
681,176.6535745514,267653395823.6535745514,680.9272950164778
682,176.9214495763,267653395823.9214495763,681.9707566965776
683,177.1004484536,267653395824.1004484536,682.6680164329533
684,177.2375504238,267653395824.2375504238,683.2020738809117
685,177.5817537174,267653395824.5817537174,684.5428593728396
686,177.8138998333,267653395824.8138998333,685.4471451539276
687,178.0907248687,267653395825.0907248687,686.5254700804117
688,178.3658042663,267653395825.3658042663,687.5969951712175
689,178.6654499013,267653395825.6654499013,688.764213868998
690,178.8941003211,267653395825.8941003211,689.6548827594224
691,179.1853498337,267653395826.1853498337,690.7893957878744
692,179.4546414523,267653395826.4546414523,691.8383755682257
693,179.5984159281,267653395826.5984159281,692.3984246289017
694,179.8153113643,267653395826.8153113643,693.2433039764549
695,180.1584507189,267653395827.1584507189,694.5799450746426
696,180.3402718488,267653395827.3402718488,695.2881984168645
697,180.6423151160,267653395827.6423151160,696.4647566838144
698,180.8030784627,267653395827.8030784627,697.0909830067377
699,181.2690496770,267653395828.2690496770,698.9060947601885
700,181.5919254586,267653395828.5919254586,700.1638025500724
701,181.7118921038,267653395828.7118921038,700.631112248702
702,181.9401872166,267653395828.9401872166,701.5203971010318
703,182.1967457681,267653395829.1967457681,702.5197773802955
704,182.3380024759,267653395829.3380024759,703.0700189031903
705,182.5820291984,267653395829.5820291984,704.0205835702187
706,183.0641087628,267653395830.0641087628,705.8984426666344
707,183.1042603787,267653395830.1042603787,706.0548464694951
708,183.5892839548,267653395830.5892839548,707.9441734636586
709,183.7589320200,267653395830.7589320200,708.6050086990656
710,183.9139683222,267653395830.9139683222,709.208926292468
711,184.2187766811,267653395831.2187766811,710.396255504683
712,184.4110253808,267653395831.4110253808,711.1451276746849
713,184.6276348992,267653395831.6276348992,711.9888932779915
714,185.1755238984,267653395832.1755238984,714.1231018546496
715,185.4014707718,267653395832.4014707718,715.0032395390775
716,185.7354333693,267653395832.7354333693,716.3041341379986
717,185.9868481966,267653395832.9868481966,717.2834779129353
718,186.1628826490,267653395833.1628826490,717.9691902354094
719,186.4692957000,267653395833.4692957000,719.1627702532583
720,186.6861046348,267653395833.6861046348,720.0073126492947
721,186.9435109828,267653395833.9435109828,721.0099953758875
722,187.0370875380,267653395834.0370875380,721.37450695939
723,187.5069488386,267653395834.5069488386,723.2047718835714
724,187.6298182119,267653395834.6298182119,723.6833886666944
725,187.7755854615,267653395834.7755854615,724.2512002393789
726,187.9735333904,267653395834.9735333904,725.0222727891238
727,188.2423307775,267653395835.2423307775,726.0693273745782
728,188.6257562925,267653395835.6257562925,727.5628963708856
729,188.9983662679,267653395835.9983662679,729.0143352689264
730,189.2315045651,267653395836.2315045651,729.9224859238192
731,189.3645219919,267653395836.3645219919,730.4406327264311
732,189.5288854403,267653395836.5288854403,731.0808826343082
733,190.0004496201,267653395837.0004496201,732.9177808353018
734,190.1145215372,267653395837.1145215372,733.362128621416
735,190.2796936280,267653395837.2796936280,734.0055284584722
736,190.4835215033,267653395837.4835215033,734.7995053411306
737,190.7387326381,267653395837.7387326381,735.793636987403
738,191.2875391525,267653395838.2875391525,737.9314195887505
739,191.3525313158,267653395838.3525313158,738.1845855266195
740,191.8078015809,267653395838.8078015809,739.9580135492547
741,191.9544506191,267653395838.9544506191,740.5292599797223
742,192.1322349225,267653395839.1322349225,741.2217885496806
743,192.5824488989,267653395839.5824488989,742.9755206581337
744,192.7236965249,267653395839.7236965249,743.5257268044195
745,193.0038592385,267653395840.0038592385,744.6170530896684
746,193.3764307961,267653395840.3764307961,746.0683423376927
747,193.4481649511,267653395840.4481649511,746.3477705595845
748,194.0086289644,267653395841.0086289644,748.5309629687061
749,194.1558093018,267653395841.1558093018,749.1042789850044
750,194.4467434232,267653395841.4467434232,750.2375634605859
751,194.5590733631,267653395841.5590733631,750.6751256702679
752,194.7646838458,267653395841.7646838458,751.4760463974053
753,194.9140659543,267653395841.9140659543,752.0579390392104
754,195.2719762636,267653395842.2719762636,753.452117883646
755,195.6812461076,267653395842.6812461076,755.0463590757654
756,195.8542759431,267653395842.8542759431,755.7203674232258
757,196.0199017242,267653395843.0199017242,756.3655345338194
758,196.1665054517,267653395843.1665054517,756.9366044641482
759,196.6448472941,267653395843.6448472941,758.7999038991012
760,196.9032294232,267653395843.9032294232,759.806387615304
761,197.1857775815,267653395844.1857775815,760.9070059953854
762,197.3565383119,267653395844.3565383119,761.5721754291737
763,197.5892688194,267653395844.5892688194,762.4787376085253
764,198.0547110644,267653395845.0547110644,764.29178885188
765,198.1522328286,267653395845.1522328286,764.6716683272315
766,198.2659617579,267653395845.2659617579,765.1146800626033
767,198.8302722292,267653395845.8302722292,767.31285569582
768,198.9968342737,267653395845.9968342737,767.9616698615313
769,199.1900683679,267653395846.1900683679,768.714380468511
770,199.2858972685,267653395846.2858972685,769.0876656811203
771,199.6120749881,267653395846.6120749881,770.3582356098889
772,199.7602301915,267653395846.7602301915,770.9353490511794
773,199.9622520702,267653395846.9622520702,771.7222909807028
774,200.3226023738,267653395847.3226023738,773.1259744086768
775,200.6375849767,267653395847.6375849767,774.3529356610298
776,200.8811560879,267653395847.8811560879,775.3017255715947
777,201.1877951233,267653395848.1877951233,776.4961858733092
778,201.3757066323,267653395848.3757066323,777.2281632533025
779,201.6337921241,267653395848.6337921241,778.2334914692664
780,202.0401260099,267653395849.0401260099,779.8162961346816
781,202.3754435848,267653395849.3754435848,781.1224688180218
782,202.6020692494,267653395849.6020692494,782.0052506183275
783,202.8337034227,267653395849.8337034227,782.9075422139375
784,203.0821380098,267653395850.0821380098,783.875276969158
785,203.2616929504,267653395850.2616929504,784.5747027557142
786,203.6855402904,267653395850.6855402904,786.2257281085596
787,203.8290828126,267653395850.8290828126,786.7848736333694
788,204.0027519188,267653395851.0027519188,787.4613721513081
789,204.2662648940,267653395851.2662648940,788.4878422073876
790,204.6547690158,267653395851.6547690158,790.0011940542503
791,204.9226094788,267653395851.9226094788,791.0445211043409
792,205.2347877285,267653395852.2347877285,792.2605584749228
793,205.4846530013,267653395852.4846530013,793.2338662233884
794,205.5476470460,267653395852.5476470460,793.479248829489
795,205.8654228247,267653395852.8654228247,794.717090423951
796,206.1436989997,267653395853.1436989997,795.8010680183793
797,206.2634979373,267653395853.2634979373,796.267724440528
798,206.5080446427,267653395853.5080446427,797.220314612665
799,206.6937738336,267653395853.6937738336,797.9437911430108
800,207.0106197524,267653395854.0106197524,799.1780106261026
801,207.3449588803,267653395854.3449588803,800.4803719352745
802,207.5762984054,267653395854.5762984054,801.381515778847
803,207.8839612737,267653395854.8839612737,802.5799642477999
804,208.0107088249,267653395855.0107088249,803.073687814503
805,208.2150779076,267653395855.2150779076,803.8697728787049
806,208.8239862904,267653395855.8239862904,806.2416721044112
807,208.9363293030,267653395855.9363293030,806.6792852365776
808,209.1534883136,267653395856.1534883136,807.5251912934605
809,209.5026663479,267653395856.5026663479,808.8853550431883
810,209.6879642484,267653395856.6879642484,809.607151555005
811,209.9335274902,267653395856.9335274902,810.5637014721028
812,210.0455350634,267653395857.0455350634,811.0000079570369
813,210.4063791446,267653395857.4063791446,812.405614811821
814,210.7461905034,267653395857.7461905034,813.7292922673979
815,211.0175114002,267653395858.0175114002,814.7861767564549
816,211.2468342139,267653395858.2468342139,815.6794648431631
817,211.4560073142,267653395858.4560073142,816.4942631423079
818,211.7276927289,267653395858.7276927289,817.5525675489571
819,212.1309016933,267653395859.1309016933,819.1231996136053
820,212.1871420516,267653395859.1871420516,819.3422743809649
821,212.5941166211,267653395859.5941166211,820.9275747209618
822,212.7970539858,267653395859.7970539858,821.71808277077
823,212.9151633594,267653395859.9151633594,822.1781577832086
824,213.4156812766,267653395860.4156812766,824.1278403525314
825,213.5796879543,267653395860.5796879543,824.7667005207209
826,213.8704299845,267653395860.8704299845,825.8992367376491
827,214.0681757235,267653395861.0681757235,826.669521690969
828,214.2628964085,267653395861.2628964085,827.4280230600208
829,214.5776956571,267653395861.5776956571,828.6542700868304
830,214.9914229407,267653395861.9914229407,830.2658744781394
831,215.0964699033,267653395862.0964699033,830.6750670862428
832,215.4693058575,267653395862.4693058575,832.1273862463386
833,215.5552019883,267653395862.5552019883,832.4619800405626
834,215.8518894658,267653395862.8518894658,833.6176757380399
835,216.1346084126,267653395863.1346084126,834.71895939573
836,216.3352329372,267653395863.3352329372,835.5004581695994
837,216.4987992455,267653395863.4987992455,836.1376029535567
838,216.7904181577,267653395863.7904181577,837.2735549154407
839,217.0831352766,267653395864.0831352766,838.413784755073
840,217.3261179553,267653395864.3261179553,839.3602825267396
841,217.7032779032,267653395864.7032779032,840.8294450701736
842,217.8747494717,267653395864.8747494717,841.4973834530977
843,218.1779913142,267653395865.1779913142,842.6786105666432
844,218.3526193673,267653395865.3526193673,843.3588444994239
845,218.4951805256,267653395865.4951805256,843.9141672877769
846,218.8404729966,267653395865.8404729966,845.2591954853561
847,218.9835888629,267653395865.9835888629,845.8166790445459
848,219.2228432918,267653395866.2228432918,846.7486540520931
849,219.6622520165,267653395866.6622520165,848.4602961370546
850,219.9367738667,267653395866.9367738667,849.5296493966299
851,220.1566463373,267653395867.1566463373,850.3861252762574
852,220.6888196125,267653395867.6888196125,852.4591159182755
853,220.9481954663,267653395867.9481954663,853.4694705203377
854,221.2738806950,267653395868.2738806950,854.738122034424
855,221.4159943715,267653395868.4159943715,855.2917017333981
856,221.5165923748,267653395868.5165923748,855.683564175886
857,221.7932134442,267653395868.7932134442,856.7610945874533
858,222.0086354893,267653395869.0086354893,857.6002345901318
859,222.2606450166,267653395869.2606450166,858.5818949179567
860,222.6662606210,267653395869.6662606210,860.1619016401318
861,222.7800986196,267653395869.7800986196,860.6053382364457
862,223.0106366593,267653395870.0106366593,861.5033600297195
863,223.1292412197,267653395870.1292412197,861.9653639582662
864,223.6387984616,267653395870.6387984616,863.9502576822788
865,223.8856421747,267653395870.8856421747,864.9117954579314
866,223.9298719842,267653395870.9298719842,865.0840851715727
867,224.2329615256,267653395871.2329615256,866.2647190220417
868,224.5002797856,267653395871.5002797856,867.3060119190078
869,224.7262182473,267653395871.7262182473,868.1861168370917
870,225.1865314033,267653395872.1865314033,869.979188585063
871,225.5218003161,267653395872.5218003161,871.2851717134591
872,225.6278635542,267653395872.6278635542,871.6983230502318
873,225.8326580745,267653395872.8326580745,872.4960653343766
874,226.1351451250,267653395873.1351451250,873.6743522838349
875,226.2806069716,267653395873.2806069716,874.2409742109871
876,226.5390730862,267653395873.5390730862,875.2477850784508
877,226.7775046890,267653395873.7775046890,876.1765549066246
878,227.1275103604,267653395874.1275103604,877.5399425761642
879,227.3720422236,267653395874.3720422236,878.492474933034
880,227.5552218864,267653395874.5552218864,879.2060202095233
881,227.9263268622,267653395874.9263268622,880.6515966371473
882,228.1842142585,267653395875.1842142585,881.6561532057275
883,228.4139811940,267653395875.4139811940,882.5511712935077
884,228.6220214386,267653395875.6220214386,883.3615567456095
885,229.0174149892,267653395876.0174149892,884.9017451926921
886,229.2197322809,267653395876.2197322809,885.6898378534058
887,229.3873293876,267653395876.3873293876,886.3426839281891
888,229.5784160262,267653395876.5784160262,887.087029486474
889,229.9480791136,267653395876.9480791136,888.5269892826377
890,230.2918122759,267653395877.2918122759,889.8659434579155
891,230.6155712605,267653395877.6155712605,891.1270916151465
892,230.7534637914,267653395877.7534637914,891.6642285580959
893,230.9517358430,267653395877.9517358430,892.4365636727947
894,231.4216659458,267653395878.4216659458,894.2670966042773
895,231.4995373089,267653395878.4995373089,894.570431278359
896,231.8486741101,267653395878.8486741101,895.9304344115509
897,232.0240471172,267653395879.0240471172,896.6135701861627
898,232.3423438151,267653395879.3423438151,897.8534409329325
899,232.7454918495,267653395879.7454918495,899.4238356551151
900,232.8851645613,267653395879.8851645613,899.9679069905245
901,233.0193387563,267653395880.0193387563,900.4905597872688
902,233.2600822217,267653395880.2600822217,901.4283350836976
903,233.5789932296,267653395880.5789932296,902.670598770776
904,233.9182676338,267653395880.9182676338,903.9921846108766
905,234.2002900369,267653395881.2002900369,905.0907550008445
906,234.2883332296,267653395881.2883332296,905.4337123101764
907,234.4650163011,267653395881.4650163011,906.1219512182381
908,234.7620804939,267653395881.7620804939,907.2791143462117
909,234.9624605410,267653395881.9624605410,908.059660799489
910,235.2143229128,267653395882.2143229128,909.0407479080493
911,235.4855251613,267653395882.4855251613,910.0971702228015
912,235.7464237931,267653395882.7464237931,911.1134565480303
913,236.0928889624,267653395883.0928889624,912.4630527927419
914,236.3107221816,267653395883.3107221816,913.3115851147636
915,236.5551631575,267653395883.5551631575,914.2637634355883
916,236.8371011727,267653395883.8371011727,915.3620051068194
917,237.2126387867,267653395884.2126387867,916.8248481239875
918,237.4240929173,267653395884.4240929173,917.6485317893994
919,237.6748472657,267653395884.6748472657,918.6253027809238
920,237.9951082425,267653395884.9951082425,919.8728250426575
921,238.2183343411,267653395885.2183343411,920.7423644107878
922,238.5074542553,267653395885.5074542553,921.8685819502425
923,238.7904187231,267653395885.7904187231,922.9708219933078
924,238.8861155346,267653395885.8861155346,923.3435926752563
925,239.3324293870,267653395886.3324293870,925.0821325128368
926,239.4845021263,267653395886.4845021263,925.6745060501163
927,239.6775369906,267653395886.6775369906,926.4264405908501
928,240.1094536973,267653395887.1094536973,928.1088987916805
929,240.2147110957,267653395887.2147110957,928.5189111167169
930,240.6011491457,267653395887.6011491457,930.0242149316654
931,240.8846244381,267653395887.8846244381,931.1284448052334
932,241.0124692800,267653395888.0124692800,931.6264426815645
933,241.3222652916,267653395888.3222652916,932.8332004480872
934,241.5343231361,267653395888.5343231361,933.6592357784995
935,241.7787151591,267653395888.7787151591,934.6112234116141
936,241.9224679364,267653395888.9224679364,935.1711879494725
937,242.1446652109,267653395889.1446652109,936.0367197079938
938,242.4230480421,267653395889.4230480421,937.1211127635473
939,242.8098835915,267653395889.8098835915,938.6279649699221
940,243.1397778082,267653395890.1397778082,939.9130118821714
941,243.3208755277,267653395890.3208755277,940.6184473020063
942,243.6103074938,267653395890.6103074938,941.7458803866587
943,243.9012133059,267653395890.9012133059,942.8790545881769
944,244.1343891805,267653395891.1343891805,943.7873516194592
945,244.3694594627,267653395891.3694594627,944.7030279939179
946,244.5421217794,267653395891.5421217794,945.3756047342945
947,244.8749141143,267653395891.8749141143,946.6719407739544
948,245.2149002655,267653395892.2149002655,947.9962991036565
949,245.2863958620,267653395892.2863958620,948.2747980614158
950,245.5129936828,267653395892.5129936828,949.1574714009317
951,245.8391083222,267653395892.8391083222,950.4277956114998
952,246.0295002530,267653395893.0295002530,951.1694350534981
953,246.1112004387,267653395893.1112004387,951.4876842559673
954,246.5327994906,267653395893.5327994906,953.1299517842408
955,246.7466775436,267653395893.7466775436,953.9630774278335
956,247.2500590113,267653395894.2500590113,955.92391447197
957,247.4739105822,267653395894.4739105822,956.7958902612545
958,247.7443461549,267653395894.7443461549,957.8493261205948
959,248.1020565309,267653395895.1020565309,959.2427261588158
960,248.2380230440,267653395895.2380230440,959.7723606264229
961,248.3174424762,267653395895.3174424762,960.0817255408558
962,248.7277969217,267653395895.7277969217,961.6801916139896
963,249.1698107743,267653395896.1698107743,963.4019815323987
964,249.3675784380,267653395896.3675784380,964.1723518896692
965,249.6550731958,267653395896.6550731958,965.2922389082861
966,249.8962550506,267653395896.8962550506,966.2317218761959
967,250.0695977328,267653395897.0695977328,966.9069488648671
968,250.1769162628,267653395897.1769162628,967.3249899781164
969,250.5146833507,267653395897.5146833507,968.6407043234834
970,250.7157450395,267653395897.7157450395,969.423905996277
971,250.9633010036,267653395897.9633010036,970.3882182247792
972,251.3766228402,267653395898.3766228402,971.9982432661448
973,251.5336334887,267653395898.5336334887,972.6098515903639
974,251.7344065120,267653395898.7344065120,973.3919288157115
975,252.0421357876,267653395899.0421357876,974.5906359630351
976,252.2586961456,267653395899.2586961456,975.4342100703585
977,252.5331593491,267653395899.5331593491,976.5033348816763
978,252.7187348667,267653395899.7187348667,977.2262128037776
979,253.0955936100,267653395900.0955936100,978.6942020558381
980,253.2639483797,267653395900.2639483797,979.3499994782054
981,253.5078890792,267653395900.5078890792,980.3002290572525
982,253.6379441650,267653395900.6379441650,980.8068365634455
983,254.0402061260,267653395901.0402061260,982.3737797371396
984,254.3949706845,267653395901.3949706845,983.7557048434268
985,254.6572140312,267653395901.6572140312,984.7772292772479
986,254.8132987949,267653395901.8132987949,985.3852309744241
987,255.1010679737,267653395902.1010679737,986.5061869534567
988,255.2222001280,267653395902.2222001280,986.9780366949122
989,255.5894799416,267653395902.5894799416,988.4087128526221
990,255.8368414832,267653395902.8368414832,989.3722677412851
991,256.3542404614,267653395903.3542404614,991.3877076177071
992,256.5032001754,267653395903.5032001754,991.9679548934563
993,256.7506770717,267653395903.7506770717,992.9319591267684
994,256.9997282194,267653395903.9997282194,993.9020955891356
995,257.1944621241,267653395904.1944621241,994.6606484532892
996,257.5094630234,267653395904.5094630234,995.8876809761728
997,257.7400109974,267653395904.7400109974,996.7857414668304
998,257.9874203785,267653395904.9874203785,997.7494827061437
999,258.3015883428,267653395905.3015883428,998.9732706721493
1000,258.3966224052,267653395905.3966224052,999.3434597275002
1001,258.5239969399,267653395905.5239969399,999.8396256019831
1002,258.7384273939,267653395905.7384273939,1000.6749030298871
1003,259.3605973279,267653395906.3605973279,1003.0984603767866
1004,259.4550278666,267653395906.4550278666,1003.4662985080296
1005,259.9381952836,267653395906.9381952836,1005.3483951495767
1006,260.2128809182,267653395907.2128809182,1006.4183864034818
1007,260.3651991792,267653395907.3651991792,1007.0117163288613
1008,260.5620856878,267653395907.5620856878,1007.7786542960423
1009,260.8104783994,267653395907.8104783994,1008.7462259323706
1010,261.0868882960,267653395908.0868882960,1009.8229337561545
1011,261.2635116577,267653395908.2635116577,1010.5109400748305
1012,261.4625146457,267653395908.4625146457,1011.2861224281819
1013,261.6828404684,267653395908.6828404684,1012.1443642639509
1014,262.0268818904,267653395909.0268818904,1013.4845192125606
1015,262.2733744910,267653395909.2733744910,1014.4446892890863
1016,262.5918237321,267653395909.5918237321,1015.6851542419989
1017,262.8678715435,267653395909.8678715435,1016.7604516243607
1018,263.0061481166,267653395910.0061481166,1017.2990845385009
1019,263.1273006854,267653395910.1273006854,1017.771013801176
1020,263.5975120020,267653395910.5975120020,1019.6026421532814
1021,263.7633500575,267653395910.7633500575,1020.2486361427674
1022,264.0815202361,267653395911.0815202361,1021.4880140550903
1023,264.2520708650,267653395911.2520708650,1022.152365074163
1024,264.4825750559,267653395911.4825750559,1023.0502550151888
1025,264.7844167359,267653395911.7844167359,1024.2260280334413
1026,265.1211613788,267653395912.1211613788,1025.5377596179028
1027,265.4548864375,267653395912.4548864375,1026.8377289247733
1028,265.6924934817,267653395912.6924934817,1027.7632868249186
1029,266.0019822132,267653395913.0019822132,1028.9688476339857
1030,266.1109080440,267653395913.1109080440,1029.3931497146175
1031,266.5135026759,267653395913.5135026759,1030.9613887513253
1032,266.6921026343,267653395913.6921026343,1031.6570945668634
1033,267.2083394236,267653395914.2083394236,1033.6680073337434
1034,267.3658860843,267653395914.3658860843,1034.2817036024855
1035,267.5625037631,267653395914.5625037631,1035.047594388823
1036,267.7326527387,267653395914.7326527387,1035.7103808356578
1037,268.1053213659,267653395915.1053213659,1037.1620482018452
1038,268.2509711469,267653395915.2509711469,1037.7294021955493
1039,268.3997782150,267653395915.3997782150,1038.309054865112
1040,268.6093926649,267653395915.6093926649,1039.125572366699
1041,269.0110026508,267653395916.0110026508,1040.689975882086
1042,269.2432752251,267653395916.2432752251,1041.594754260414
1043,269.5943847197,267653395916.5943847197,1042.9624416858326
1044,269.7551545345,267653395916.7551545345,1043.5886932041499
1045,269.9011742801,267653395916.9011742801,1044.1574883321412
1046,270.2488022039,267653395917.2488022039,1045.511613889604
1047,270.4187546991,267653395917.4187546991,1046.1736349803991
1048,270.5940543998,267653395917.5940543998,1046.8564852023796
1049,271.0006196082,267653395918.0006196082,1048.4401909457263
1050,271.3382718065,267653395918.3382718065,1049.7554577581666
1051,271.6185238875,267653395918.6185238875,1050.8471321589625
1052,271.7054171200,267653395918.7054171200,1051.1856099935756
1053,272.0917971154,267653395919.0917971154,1052.6906876666933
1054,272.3587306711,267653395919.3587306711,1053.7304820133807
1055,272.6330298571,267653395919.6330298571,1054.7989679223772
1056,272.8516534774,267653395919.8516534774,1055.6505791176955
1057,273.0715682288,267653395920.0715682288,1056.5072196950082
1058,273.3665192457,267653395920.3665192457,1057.6561513050417
1059,273.5194913590,267653395920.5194913590,1058.252028201047
1060,273.8176624528,267653395920.8176624528,1059.413503073945
1061,274.0403026841,267653395921.0403026841,1060.2807602954806
1062,274.2764252353,267653395921.2764252353,1061.2005356051804
1063,274.4599545451,267653395921.4599545451,1061.9154428722009
1064,275.0513390744,267653395922.0513390744,1064.2190809017932
1065,275.2115283114,267653395922.2115283114,1064.8430708778606
1066,275.3907041708,267653395922.3907041708,1065.5410200179697
1067,275.8274838359,267653395922.8274838359,1067.2424210476313
1068,275.9615092754,267653395922.9615092754,1067.7644943925843
1069,276.1096576551,267653395923.1096576551,1068.3415812533167
1070,276.5754156566,267653395923.5754156566,1070.1558624725303
1071,276.7366540187,267653395923.7366540187,1070.783939137306
1072,276.9990816422,267653395923.9990816422,1071.806181390119
1073,277.2325847169,267653395924.2325847169,1072.7157529738438
1074,277.4564981755,267653395924.4564981755,1073.5879698361605
1075,277.8111678468,267653395924.8111678468,1074.969525325475
1076,278.0547681724,267653395925.0547681724,1075.9184290357862
1077,278.1338189332,267653395925.1338189332,1076.226357853374
1078,278.4478694143,267653395925.4478694143,1077.449688183524
1079,278.8205116293,267653395925.8205116293,1078.9012526654728
1080,279.0172302555,267653395926.0172302555,1079.6675366752695
1081,279.4211519061,267653395926.4211519061,1081.2409448880271
1082,279.5670037298,267653395926.5670037298,1081.8090859047675
1083,279.8129394769,267653395926.8129394769,1082.767086853028
1084,279.9865239437,267653395926.9865239437,1083.443255672562
1085,280.2289547580,267653395927.2289547580,1084.387603750162
1086,280.3718465490,267653395927.3718465490,1084.9442144620689
1087,280.7650021485,267653395927.7650021485,1086.4756853506094
1088,281.0583203781,267653395928.0583203781,1087.618256714929
1089,281.2137507537,267653395928.2137507537,1088.223709354365
1090,281.3827975851,267653395928.3827975851,1088.8822025855904
1091,281.5963851993,267653395928.5963851993,1089.7141968741523
1092,281.8779325552,267653395928.8779325552,1090.8109167984132
1093,282.2399851899,267653395929.2399851899,1092.221231368186
1094,282.6096733810,267653395929.6096733810,1093.6612889515625
1095,282.9455751575,267653395929.9455751575,1094.9697372930668
1096,283.0196969868,267653395930.0196969868,1095.2584662948227
1097,283.3995324266,267653395930.3995324266,1096.7380507627272
1098,283.9132340140,267653395930.9132340140,1098.739088081033
1099,284.0913076802,267653395931.0913076802,1099.432743814661
1100,284.1644763252,267653395931.1644763252,1099.7177598488063
1101,284.3632405573,267653395931.3632405573,1100.4920121690875
1102,284.6662828036,267653395931.6662828036,1101.672461789535
1103,284.9309996258,267653395931.9309996258,1102.7036212272285
1104,285.2156753949,267653395932.2156753949,1103.812527353974
1105,285.4776844922,267653395932.4776844922,1104.8331393090327
1106,285.7174452043,267653395932.7174452043,1105.767086456839
1107,286.0311777239,267653395933.0311777239,1106.98917822195
1108,286.2146634350,267653395933.2146634350,1107.7039156576382
1109,286.3602670899,267653395933.3602670899,1108.2710899749522
1110,286.7165065202,267653395933.7165065202,1109.6587601939418
1111,286.9340090510,267653395933.9340090510,1110.5060043754515
1112,287.2537485186,267653395934.2537485186,1111.751495186647
1113,287.4205430378,267653395934.4205430378,1112.401214918092
1114,287.7000139320,267653395934.7000139320,1113.4898463383397
1115,287.9346921755,267653395934.9346921755,1114.4039955926082
1116,288.1852671258,267653395935.1852671258,1115.3800677692996
1117,288.5741049870,267653395935.5741049870,1116.8947196413526
1118,288.7672830206,267653395935.7672830206,1117.6472118737931
1119,289.0250371691,267653395936.0250371691,1118.6512493982002
1120,289.2639264969,267653395936.2639264969,1119.5818022164087
1121,289.6606367743,267653395936.6606367743,1121.1271197492033
1122,289.8291904307,267653395936.8291904307,1121.7836919009474
1123,289.9823977689,267653395936.9823977689,1122.3804850756162
1124,290.1108468864,267653395937.1108468864,1122.8808368049579
1125,290.4206173865,267653395937.4206173865,1124.0874951957726
1126,290.7740854762,267653395937.7740854762,1125.4643701279695
1127,291.0013273493,267653395938.0013273493,1126.34955226388
1128,291.2072210221,267653395938.2072210221,1127.151576109984
1129,291.7418865324,267653395938.7418865324,1129.2342748307292
1130,291.8594458879,267653395938.8594458879,1129.6922073410458
1131,292.0253562233,267653395939.0253562233,1130.3384828846135
1132,292.2673457392,267653395939.2673457392,1131.281111959221
1133,292.5910101954,267653395939.5910101954,1132.5418918971307
1134,292.7904536691,267653395939.7904536691,1133.3187900877451
1135,293.0231879554,267653395940.0231879554,1134.2253669867837
1136,293.4469693712,267653395940.4469693712,1135.8761355431232
1137,293.5244592772,267653395940.5244592772,1136.1779843158379
1138,294.0075626385,267653395941.0075626385,1138.0598314392905
1139,294.2123909297,267653395941.2123909297,1138.857705272251
1140,294.5377730558,267653395941.5377730558,1140.1251761016333
1141,294.6951673530,267653395941.6951673530,1140.7382788642321
1142,295.0618833228,267653395942.0618833228,1142.166758664156
1143,295.3158016768,267653395942.3158016768,1143.1558545023242
1144,295.4482477007,267653395942.4482477007,1143.6717755019595
1145,295.7305134946,267653395942.7305134946,1144.7712939794767
1146,296.1671670825,267653395943.1671670825,1146.4722038968162
1147,296.2575929170,267653395943.2575929170,1146.824442382762
1148,296.5893747182,267653395943.5893747182,1148.1168420599706
1149,296.6849395372,267653395943.6849395372,1148.4890985875481
1150,296.8427832608,267653395943.8427832608,1149.1039520143852
1151,297.2325678055,267653395944.2325678055,1150.6222915312883
1152,297.4171539474,267653395944.4171539474,1151.3413155083294
1153,297.5684284589,267653395944.5684284589,1151.9305796847411
1154,297.8037005189,267653395944.8037005189,1152.8470420503697
1155,298.1761895646,267653395945.1761895646,1154.2980098873197
1156,298.3849516649,267653395945.3849516649,1155.111207205754
1157,298.9802924547,267653395945.9802924547,1157.430256176445
1158,299.0598377834,267653395946.0598377834,1157.7401114993215
1159,299.2191621688,267653395946.2191621688,1158.3607325928165
1160,299.4202306163,267653395946.4202306163,1159.1439605929843
1161,299.6750788068,267653395946.6750788068,1160.1366784513727
1162,300.0335030876,267653395947.0335030876,1161.5328593845475
1163,300.2912010200,267653395947.2912010200,1162.536677928683
1164,300.5041026892,267653395947.5041026892,1163.3660002349586
1165,300.7488451025,267653395947.7488451025,1164.3193527540066
1166,300.9171750316,267653395947.9171750316,1164.975053414039
1167,301.4202709246,267653395948.4202709246,1166.9347780504322
1168,301.6777758183,267653395948.6777758183,1167.937844645086
1169,301.9268750828,267653395948.9268750828,1168.9081685382848
1170,302.2353376692,267653395949.2353376692,1170.109732173339
1171,302.3439899091,267653395949.3439899091,1170.532968527072
1172,302.7652679859,267653395949.7652679859,1172.173985751352
1173,302.9889305349,267653395949.9889305349,1173.0452252379241
1174,303.0590087098,267653395950.0590087098,1173.3182028704907
1175,303.5301022447,267653395950.5301022447,1175.1532677542134
1176,303.6470205590,267653395950.6470205590,1175.6087031973714
1177,303.8988076173,267653395950.8988076173,1176.5894969349893
1178,304.1964982146,267653395951.1964982146,1177.749100115355
1179,304.2919054616,267653395951.2919054616,1178.120742847959
1180,304.6243983880,267653395951.6243983880,1179.4159125926521
1181,304.9425479566,267653395951.9425479566,1180.655210222227
1182,305.2388610954,267653395952.2388610954,1181.8094477468687
1183,305.4725210278,267653395952.4725210278,1182.7196303431367
1184,305.6756746887,267653395952.6756746887,1183.5109809380808
1185,305.9725935301,267653395952.9725935301,1184.6675778743659
1186,306.1744372958,267653395953.1744372958,1185.4538259949504
1187,306.4253506958,267653395953.4253506958,1186.4312165449892
1188,306.9824992588,267653395953.9824992588,1188.6014941803967
1189,307.0624190543,267653395954.0624190543,1188.9128081751164
1190,307.2691992911,267653395954.2691992911,1189.7182854807652
1191,307.4714760862,267653395954.4714760862,1190.5062203938585
1192,307.7263428442,267653395954.7263428442,1191.499010578792
1193,307.8832992088,267653395954.8832992088,1192.1104074493
1194,308.2603643053,267653395955.2603643053,1193.5792005152293
1195,308.4799904467,267653395955.4799904467,1194.4347168612912
1196,308.6508904402,267653395955.6508904402,1195.1004287708531
1197,308.8777369364,267653395955.8777369364,1195.9840707831786
1198,309.3559694406,267653395956.3559694406,1197.8469443097688
1199,309.4834547836,267653395956.4834547836,1198.3435418191752
1200,309.6370125574,267653395956.6370125574,1198.9417000562291
1201,309.9076870035,267653395956.9076870035,1199.9960664063537
1202,310.2048896242,267653395957.2048896242,1201.153768756723
1203,310.4326021992,267653395957.4326021992,1202.0407844319725
1204,310.7935557946,267653395957.7935557946,1203.4468178807513
1205,311.2542986123,267653395958.2542986123,1205.2415633029511
1206,311.5101095094,267653395958.5101095094,1206.238031221455
1207,311.8639312891,267653395958.8639312891,1207.6162838930022
1208,311.9664396757,267653395958.9664396757,1208.015587909299
1209,312.2162326945,267653395959.2162326945,1208.9886142045907
1210,312.5492899619,267653395959.5492899619,1210.285982243838
1211,312.6026902328,267653395959.6026902328,1210.4939939329195
1212,312.8630989845,267653395959.8630989845,1211.5083720134019
1213,313.0272095959,267653395960.0272095959,1212.1476370376836
1214,313.5538960858,267653395960.5538960858,1214.1992548391322
1215,313.7105146024,267653395960.7105146024,1214.8093356801162
1216,313.9294590071,267653395960.9294590071,1215.662196436608
1217,314.1082575001,267653395961.1082575001,1216.3586756099785
1218,314.5175926883,267653395961.5175926883,1217.953171339364
1219,314.7849324558,267653395961.7849324558,1218.9945480151591
1220,314.9640103546,267653395961.9640103546,1219.6921155663865
1221,315.1274348508,267653395962.1274348508,1220.3287079453946
1222,315.4258786148,267653395962.4258786148,1221.4912449587707
1223,315.7105308420,267653395962.7105308420,1222.6000593820465
1224,315.9022561835,267653395962.9022561835,1223.3468928990503
1225,316.1919421101,267653395963.1919421101,1224.475315243726
1226,316.3790157936,267653395963.3790157936,1225.2040290167415
1227,316.5920145309,267653395963.5920145309,1226.0337294353226
1228,316.9089194934,267653395963.9089194934,1227.268178913144
1229,316.9901667361,267653395963.9901667361,1227.5846637530603
1230,317.5848982845,267653395964.5848982845,1229.90133952732
1231,317.8337477384,267653395964.8337477384,1230.8706903257416
1232,318.0688121235,267653395965.0688121235,1231.7863437290587
1233,318.3762131409,267653395965.3762131409,1232.9837722023074
1234,318.4680680874,267653395965.4680680874,1233.3415775514184
1235,318.8034207393,267653395965.8034207393,1234.64788687128
1236,319.0019444490,267653395966.0019444490,1235.4212022773916
1237,319.3215644275,267653395966.3215644275,1236.6662276390907
1238,319.5542510189,267653395966.5542510189,1237.5726187507476
1239,319.7848501063,267653395966.7848501063,1238.4708783449853
1240,320.0301332852,267653395967.0301332852,1239.4263373246208
1241,320.3220034927,267653395967.3220034927,1240.5632681646994
1242,320.6817246142,267653395967.6817246142,1241.9645007206502
1243,320.9482375850,267653395967.9482375850,1243.0026567502734
1244,321.1021648373,267653395968.1021648373,1243.602254228096
1245,321.2309473407,267653395968.2309473407,1244.1039046056117
1246,321.5634332081,267653395968.5634332081,1245.3990468531722
1247,322.0100355597,267653395969.0100355597,1247.1387104904272
1248,322.1892653180,267653395969.1892653180,1247.8368695845554
1249,322.3595049715,267653395969.3595049715,1248.50000925176
1250,322.7504710292,267653395969.7504710292,1250.0229511519651
1251,323.0276226358,267653395970.0276226358,1251.1025481811378
1252,323.2215047247,267653395970.2215047247,1251.85778294147
1253,323.3752139940,267653395970.3752139940,1252.456531303525
1254,323.7242518565,267653395970.7242518565,1253.8161490378277
1255,323.9586840000,267653395970.9586840000,1254.7293396513337
1256,324.3135224254,267653395971.3135224254,1256.1115524936035
1257,324.4649978024,267653395971.4649978024,1256.7015991074704
1258,324.6731972492,267653395971.6731972492,1257.5126047047252
1259,324.8100381758,267653395971.8100381758,1258.0456453016714
1260,325.1754600604,267653395972.1754600604,1259.469084212413
1261,325.4256415228,267653395972.4256415228,1260.443623623801
1262,325.8551627299,267653395972.8551627299,1262.1167505626656
1263,326.0135105726,267653395973.0135105726,1262.7335676998712
1264,326.1634421641,267653395973.1634421641,1263.317600759424
1265,326.3707280788,267653395973.3707280788,1264.1250478474815
1266,326.4494034393,267653395973.4494034393,1264.431514356938
1267,327.0211225923,267653395974.0211225923,1266.6585492519264
1268,327.1402613691,267653395974.1402613691,1267.1226341297684
1269,327.4437622093,267653395974.4437622093,1268.3048701249018
1270,327.7668925203,267653395974.7668925203,1269.5635693908778
1271,327.8637976222,267653395974.8637976222,1269.941046762943
1272,328.3025740697,267653395975.3025740697,1271.6502259194472
1273,328.6010808062,267653395975.6010808062,1272.8130082315079
1274,328.7294332210,267653395975.7294332210,1273.3129832719028
1275,329.0060028672,267653395976.0060028672,1274.3903133731428
1276,329.5063979485,267653395976.5063979485,1276.3395174561065
1277,329.6115608730,267653395976.6115608730,1276.7491617741107
1278,329.9254859683,267653395976.9254859683,1277.972003685174
1279,330.2459732260,267653395977.2459732260,1279.2204073857536
1280,330.3561819812,267653395977.3561819812,1279.649706880577
1281,330.7345513174,267653395977.7345513174,1281.123580390831
1282,331.0121055396,267653395978.0121055396,1282.2047457407195
1283,331.3283742467,267653395978.3283742467,1283.4367167936555
1284,331.4957481053,267653395978.4957481053,1284.088693243378
1285,331.6029607394,267653395978.6029607394,1284.506321857133
1286,331.8450285215,267653395978.8450285215,1285.4492558044403
1287,332.0500718594,267653395979.0500718594,1286.247967315315
1288,332.1980259299,267653395979.1980259299,1286.8242972775533
1289,332.5296806758,267653395979.5296806758,1288.1162020324189
1290,332.9208603357,267653395979.9208603357,1289.6399759837313
1291,333.1445949787,267653395980.1445949787,1290.5114963002447
1292,333.3737907236,267653395980.3737907236,1291.4042894120328
1293,333.7037035582,267653395980.7037035582,1292.6894088471684
1294,333.9089382077,267653395980.9089382077,1293.4888655799004
1295,334.1907383441,267653395981.1907383441,1294.5865701676912
1296,334.5688047543,267653395981.5688047543,1296.0592636811434
1297,334.7858870613,267653395981.7858870613,1296.9048709521915
1298,334.9067356561,267653395981.9067356561,1297.3756161357628
1299,335.1638544454,267653395982.1638544454,1298.3771787262835
1300,335.5631985719,267653395982.5631985719,1299.9327559710875
1301,335.7725396199,267653395982.7725396199,1300.7482084819992
1302,335.8942263866,267653395982.8942263866,1301.2222186219035
1303,336.1297970396,267653395983.1297970396,1302.1398441058743
1304,336.4377338286,267653395983.4377338286,1303.3393595864318
1305,336.6790518248,267653395983.6790518248,1304.279372870064
1306,336.9128911021,267653395983.9128911021,1305.1902540739454
1307,337.1032558245,267653395984.1032558245,1305.9317875302513
1308,337.4813919021,267653395984.4813919021,1307.4047524212326
1309,337.9029135482,267653395984.9029135482,1309.0467184283768
1310,338.1349339543,267653395985.1349339543,1309.950514528304
1311,338.3486487939,267653395985.3486487939,1310.7830044018187
1312,338.6070627916,267653395985.6070627916,1311.7896122567638
1313,338.8372300454,267653395985.8372300454,1312.6861897165315
1314,339.1332890014,267653395986.1332890014,1313.8394371152365
1315,339.3082410159,267653395986.3082410159,1314.5209329846616
1316,339.5060601981,267653395986.5060601981,1315.291504023513
1317,339.8447300982,267653395986.8447300982,1316.610735120545
1318,340.0586949082,267653395987.0586949082,1317.4441987113137
1319,340.4821172515,267653395987.4821172515,1319.093568561704
1320,340.7592731977,267653395987.7592731977,1320.1731824950546
1321,341.0630754474,267653395988.0630754474,1321.356592579725
1322,341.2897706637,267653395988.2897706637,1322.2396453068882
1323,341.3396563346,267653395988.3396563346,1322.4339664683737
1324,341.7029704047,267653395988.7029704047,1323.8491947455955
1325,341.9116649436,267653395988.9116649436,1324.662128890072
1326,342.1382060439,267653395989.1382060439,1325.544581284523
1327,342.4828496290,267653395989.4828496290,1326.887081857271
1328,342.5652295176,267653395989.5652295176,1327.2079787269931
1329,342.8729539595,267653395989.8729539595,1328.4066670454756
1330,343.2429951121,267653395990.2429951121,1329.8480995304637
1331,343.3939103764,267653395990.3939103764,1330.4359643204043
1332,343.5963002373,267653395990.5963002373,1331.2243396621298
1333,344.0549225002,267653395991.0549225002,1333.0108248231395
1334,344.0914638732,267653395991.0914638732,1333.153165537728
1335,344.2231082667,267653395991.2231082667,1333.6659639222435
1336,344.5637541041,267653395991.5637541041,1334.9928919475574
1337,344.9067499622,267653395991.9067499622,1336.3289740795256
1338,345.0102405494,267653395992.0102405494,1336.7321040915053
1339,345.4520627744,267653395992.4520627744,1338.4531475571582
1340,345.7345607124,267653395992.7345607124,1339.5535703126122
1341,346.1334290764,267653395993.1334290764,1341.1072943053741
1342,346.2665296534,267653395993.2665296534,1341.6257650054854
1343,346.5272955924,267653395993.5272955924,1342.6415344484574
1344,346.7773216005,267653395993.7773216005,1343.6154683140157
1345,346.9984331198,267653395993.9984331198,1344.4767706975072
1346,347.4862612680,267653395994.4862612680,1346.3770224261777
1347,347.7082748635,267653395994.7082748635,1347.2418386943534
1348,347.8655252236,267653395994.8655252236,1347.8543807744213
1349,348.0894990050,267653395995.0894990050,1348.7268326139733
1350,348.3716800946,267653395995.3716800946,1349.8260211402796
1351,348.4713241212,267653395995.4713241212,1350.2141675285047
1352,348.8158370727,267653395995.8158370727,1351.556159240244
1353,348.9911407972,267653395995.9911407972,1352.2390251362624
1354,349.4828380908,267653395996.4828380908,1354.1543484639426
1355,349.7218946191,267653395996.7218946191,1355.0855525833204
1356,349.8496578071,267653395996.8496578071,1355.5832323907553
1357,350.1042056130,267653395997.1042056130,1356.574780151941
1358,350.4165418636,267653395997.4165418636,1357.7914329882306
1359,350.5459989709,267653395997.5459989709,1358.295711170708
1360,350.8432610472,267653395997.8432610472,1359.45364512028
1361,351.1418878039,267653395998.1418878039,1360.6168949506573
1362,351.5731009236,267653395998.5731009236,1362.2966124478116
1363,351.6716542640,267653395998.6716542640,1362.6805102531198
1364,351.8102592611,267653395998.8102592611,1363.2204224872
1365,352.1127915009,267653395999.1127915009,1364.398885463927
1366,352.3893549101,267653395999.3893549101,1365.476191269996
1367,352.7156305838,267653395999.7156305838,1366.7471427623605
1368,352.8204833903,267653395999.8204833903,1367.1555790683485
1369,353.1085803594,267653396000.1085803594,1368.2778118988597
1370,353.5414876396,267653396000.5414876396,1369.9641287106106
1371,353.8791822671,267653396000.8791822671,1371.2795607988123
1372,353.9873583993,267653396000.9873583993,1371.7009425558363
1373,354.1137591491,267653396001.1137591491,1372.193315216576
1374,354.5311033884,267653396001.5311033884,1373.819008844768
1375,354.6325679250,267653396001.6325679250,1374.2142467206154
1376,354.7633301080,267653396001.7633301080,1374.723608603909
1377,355.1042028249,267653396002.1042028249,1376.051420399798
1378,355.3444874273,267653396002.3444874273,1376.987408273333
1379,355.6341543900,267653396002.6341543900,1378.1157567473624
1380,356.0100211502,267653396003.0100211502,1379.5798818976973
1381,356.2627383904,267653396003.2627383904,1380.5642990009899
1382,356.5081418939,267653396003.5081418939,1381.5202266846813
1383,356.7369990504,267653396003.7369990504,1382.4117008828455
1384,357.2189869630,267653396004.2189869630,1384.2892029652844
1385,357.5578267846,267653396004.5578267846,1385.6090959626745
1386,357.7353019459,267653396004.7353019459,1386.3004203220853
1387,357.9531842847,267653396004.9531842847,1387.1491439811853
1388,358.1210358856,267653396005.1210358856,1387.80298139493
1389,358.3340890395,267653396005.3340890395,1388.6328937841427
1390,358.5933958551,267653396005.5933958551,1389.6429794596393
1391,358.9564325118,267653396005.9564325118,1391.0571271200638
1392,359.1779550488,267653396006.1779550488,1391.9200305532252
1393,359.3569320608,267653396006.3569320608,1392.6172051170563
1394,359.5768769497,267653396006.5768769497,1393.4739630898946
1395,359.7845050200,267653396006.7845050200,1394.2827429870053
1396,360.2001310376,267653396007.2001310376,1395.9017435742833
1397,360.3713509471,267653396007.3713509471,1396.5687016623137
1398,360.5930609483,267653396007.5930609483,1397.432335330439
1399,360.9172121494,267653396007.9172121494,1398.695011300481
1400,361.1692962480,267653396008.1692962480,1399.6769621081653
1401,361.3035666039,267653396008.3035666039,1400.1999894833796
1402,361.4834496330,267653396008.4834496330,1400.900693283002
1403,361.8420260400,267653396008.8420260400,1402.2974667979745
1404,362.0536727602,267653396009.0536727602,1403.1219006634913
1405,362.4468636077,267653396009.4468636077,1404.6535088546505
1406,362.7003659154,267653396009.7003659154,1405.6409840551028
1407,363.0289646718,267653396010.0289646718,1406.920984721718
1408,363.1810452723,267653396010.1810452723,1407.5133888809787
1409,363.4345797615,267653396010.4345797615,1408.5009894390007
1410,363.5927211496,267653396010.5927211496,1409.117002367367
1411,363.7851812284,267653396010.7851812284,1409.8666979287857
1412,364.1922369437,267653396011.1922369437,1411.4523143585063
1413,364.5783184264,267653396011.5783184264,1412.9562292261035
1414,364.7740536651,267653396011.7740536651,1413.7186826168618
1415,364.9968652641,267653396011.9968652641,1414.5866073721902
1416,365.3725369470,267653396012.3725369470,1416.049972632025
1417,365.5543898327,267653396012.5543898327,1416.7583496735942
1418,365.7717624744,267653396012.7717624744,1417.6050878941776
1419,366.1406866521,267653396013.1406866521,1419.0421693930857
1420,366.2772324265,267653396013.2772324265,1419.5740602747505
1421,366.5673297155,267653396013.5673297155,1420.7040850118237
1422,366.8629843009,267653396013.8629843009,1421.8557572535146
1423,367.1694648341,267653396014.1694648341,1423.0496001368494
1424,367.2217371404,267653396014.2217371404,1423.2532180313376
1425,367.5829499268,267653396014.5829499268,1424.6602611146639
1426,367.8114054249,267653396014.8114054249,1425.550170720725
1427,368.1036859061,267653396015.1036859061,1426.688699712355
1428,368.2343628100,267653396015.2343628100,1427.197729405394
1429,368.5140285329,267653396015.5140285329,1428.2871197477784
1430,368.7985445481,267653396015.7985445481,1429.3954035803433
1431,369.3646405024,267653396016.3646405024,1431.6005342595076
1432,369.4509184135,267653396016.4509184135,1431.9366152140801
1433,369.7657207206,267653396016.7657207206,1433.1628741547863
1434,370.0069650410,267653396017.0069650410,1434.1026004468529
1435,370.1952618784,267653396017.1952618784,1434.8360788082268
1436,370.4336211493,267653396017.4336211493,1435.764566879785
1437,370.6141294412,267653396017.6141294412,1436.4677062844899
1438,370.7972765309,267653396017.7972765309,1437.181124678014
1439,371.0588764674,267653396018.0588764674,1438.2001428166561
1440,371.2348635966,267653396018.2348635966,1438.8856707996586
1441,371.6626940724,267653396018.6626940724,1440.5522117818052
1442,371.8794609529,267653396018.8794609529,1441.3965903624799
1443,372.0184842068,267653396019.0184842068,1441.938131844915
1444,372.3021376766,267653396019.3021376766,1443.0430557783163
1445,372.6130903690,267653396019.6130903690,1444.25431919854
1446,372.8540454042,267653396019.8540454042,1445.1929186292248
1447,373.3805829189,267653396020.3805829189,1447.2439561230933
1448,373.4515768787,267653396020.4515768787,1447.5205010402603
1449,373.5898580949,267653396020.5898580949,1448.0591520408173
1450,373.8698132962,267653396020.8698132962,1449.1496699971626
1451,374.2638543453,267653396021.2638543453,1450.6845900043115
1452,374.6182596507,267653396021.6182596507,1452.0651157011666
1453,374.8065055891,267653396021.8065055891,1452.798395794128
1454,375.0990952799,267653396022.0990952799,1453.9381292592589
1455,375.3461588539,267653396022.3461588539,1454.900523465742
1456,375.5928795219,267653396022.5928795219,1455.86158194012
1457,375.9616911260,267653396022.9616911260,1457.2982249276843
1458,376.1464337430,267653396023.1464337430,1458.0178584269202
1459,376.2877422091,267653396023.2877422091,1458.5683015655015
1460,376.6162455735,267653396023.6162455735,1459.8479306487789
1461,376.7996459784,267653396023.7996459784,1460.5623357886577
1462,377.1272500195,267653396024.1272500195,1461.8384617107056
1463,377.3818578146,267653396024.3818578146,1462.830243149639
1464,377.6609783554,267653396024.6609783554,1463.9175098277146
1465,377.9727832391,267653396024.9727832391,1465.132092814465
1466,378.1241882842,267653396025.1241882842,1465.721865462361
1467,378.2410907400,267653396025.2410907400,1466.1772391314298
1468,378.4592952578,267653396025.4592952578,1467.0272177841277
1469,378.6657236582,267653396025.6657236582,1467.8313245708232
1470,379.0140644369,267653396026.0140644369,1469.1882269335442
1471,379.3241260540,267653396026.3241260540,1470.3960193212235
1472,379.6431447362,267653396026.6431447362,1471.6387024352846
1473,379.8326187969,267653396026.8326187969,1472.3767664701577
1474,380.2098242631,267653396027.2098242631,1473.8461063224377
1475,380.5475581842,267653396027.5475581842,1475.1616914721924
1476,380.6700827193,267653396027.6700827193,1475.6389649966675
1477,380.8862489094,267653396027.8862489094,1476.4810036898741
1478,380.9562061930,267653396027.9562061930,1476.7535104109095
1479,381.5531042582,267653396028.5531042582,1479.0786254835589
1480,381.6617263423,267653396028.6617263423,1479.5017443704978
1481,381.8748097757,267653396028.8748097757,1480.3317747083652
1482,382.0958182902,267653396029.0958182902,1481.1926758541506
1483,382.4962417590,267653396029.4962417590,1482.7524574936465
1484,382.7167131391,267653396029.7167131391,1483.6112663235706
1485,382.9149236218,267653396029.9149236218,1484.3833616070904
1486,383.2614155487,267653396030.2614155487,1485.7330620815203
1487,383.4395477715,267653396030.4395477715,1486.4269459124523
1488,383.8059206494,267653396030.8059206494,1487.8540892561489
1489,383.8879981579,267653396030.8879981579,1488.173808255531
1490,384.1274053606,267653396031.1274053606,1489.106378367502
1491,384.6120433190,267653396031.6120433190,1490.9942032534427
1492,384.8503977263,267653396031.8503977263,1491.9226723796749
1493,384.9721732940,267653396031.9721732940,1492.3970284288018
1494,385.4677981353,267653396032.4677981353,1494.3276508517454
1495,385.6622436725,267653396032.6622436725,1495.0850804292763
1496,385.8086619797,267653396032.8086619797,1495.6554280863234
1497,386.2085327141,267653396033.2085327141,1497.2130566428073
1498,386.4232696348,267653396033.4232696348,1498.049527859726
1499,386.5350457927,267653396033.5350457927,1498.48493290566
1500,386.8795917141,267653396033.8795917141,1499.8270530460547
1501,387.0310911697,267653396034.0310911697,1500.4171934540254
1502,387.4785194378,267653396034.4785194378,1502.1600743088009
1503,387.5299493478,267653396034.5299493478,1502.3604107915235
1504,387.6979158267,267653396034.6979158267,1503.0146956930164
1505,388.1717968298,267653396035.1717968298,1504.8606186858842
1506,388.3276184584,267653396035.3276184584,1505.4675953849655
1507,388.6684182155,267653396035.6684182155,1506.7951229783473
1508,388.8767022925,267653396035.8767022925,1507.606458238186
1509,389.0622396422,267653396036.0622396422,1508.3291874837278
1510,389.4235504741,267653396036.4235504741,1509.736612486658
1511,389.6079951779,267653396036.6079951779,1510.455085515604
1512,389.7754809956,267653396036.7754809956,1511.1074980829983
1513,390.1060116708,267653396037.1060116708,1512.3950242113062
1514,390.3358193438,267653396037.3358193438,1513.2902009851234
1515,390.5335752006,267653396037.5335752006,1514.0605253506362
1516,390.7562360532,267653396037.7562360532,1514.9278628989603
1517,390.9274926144,267653396037.9274926144,1515.5949637574686
1518,391.3938461099,267653396038.3938461099,1517.4115646224889
1519,391.6616429952,267653396038.6616429952,1518.4547219230774
1520,392.0218402762,267653396039.0218402762,1519.8578092775342
1521,392.3932845804,267653396039.3932845804,1521.304707501366
1522,392.5759949064,267653396039.5759949064,1522.0164245560522
1523,392.7723179280,267653396039.7723179280,1522.781167555308
1524,393.1508292088,267653396040.1508292088,1524.255593986666
1525,393.4278126292,267653396040.4278126292,1525.3345358750628
1526,393.5354788876,267653396040.5354788876,1525.7539315052668
1527,393.8424401619,267653396040.8424401619,1526.949647033942
1528,394.0452955332,267653396041.0452955332,1527.7398356924032
1529,394.3206804563,267653396041.3206804563,1528.812550905958
1530,394.4569757629,267653396041.4569757629,1529.3434661328342
1531,394.6827861635,267653396041.6827861635,1530.2230722106679
1532,395.1215279228,267653396042.1215279228,1531.9321162451956
1533,395.3213690762,267653396042.3213690762,1532.7105635295763
1534,395.3855167207,267653396042.3855167207,1532.9604397878486
1535,395.7715995230,267653396042.7715995230,1534.4643597957308
1536,396.1598963710,267653396043.1598963710,1535.9769042427404
1537,396.3096310635,267653396043.3096310635,1536.5601703156742
1538,396.6763010087,267653396043.6763010087,1537.988470834605
1539,396.8585705105,267653396043.8585705105,1538.698470733463
1540,396.9397486090,267653396043.9397486090,1539.014686233891
1541,397.4188465454,267653396044.4188465454,1540.8809309047099
1542,397.6344183568,267653396044.6344183568,1541.7206542966055
1543,397.8395442411,267653396044.8395442411,1542.5196873529749
1544,398.0529845916,267653396045.0529845916,1543.3511080008104
1545,398.3623010705,267653396045.3623010705,1544.5559978291433
1546,398.6998608684,267653396045.6998608684,1545.8709047115385
1547,398.9106671161,267653396045.9106671161,1546.6920646591302
1548,399.1058510864,267653396046.1058510864,1547.4523706774337
1549,399.2682764763,267653396046.2682764763,1548.0850712074846
1550,399.6685850731,267653396046.6685850731,1549.6444053826115
1551,399.8283353123,267653396046.8283353123,1550.2666853172932
1552,400.1204812885,267653396047.1204812885,1551.404690367537
1553,400.2869077740,267653396047.2869077740,1552.0529764861988
1554,400.6331531013,267653396047.6331531013,1553.4017163737576
1555,400.8025230133,267653396047.8025230133,1554.0614681106204
1556,401.1922462656,267653396048.1922462656,1555.5795688734092
1557,401.4820030067,267653396048.4820030067,1556.7082670639616
1558,401.8097875165,267653396048.8097875165,1557.9850959711955
1559,402.0604425385,267653396049.0604425385,1558.9614800536167
1560,402.1258333103,267653396049.1258333103,1559.2161987032305
1561,402.5348149329,267653396049.5348149329,1560.8093171778703
1562,402.7250469132,267653396049.7250469132,1561.5503335598696
1563,403.1163800227,267653396050.1163800227,1563.0747052480629
1564,403.2805254716,267653396050.2805254716,1563.7141059759201
1565,403.5638706344,267653396050.5638706344,1564.8178289517518
1566,403.8653595379,267653396050.8653595379,1565.9922277890673
1567,404.0134434220,267653396051.0134434220,1566.5690634181512
1568,404.4731440130,267653396051.4731440130,1568.3597490232141
1569,404.7341069360,267653396051.7341069360,1569.3762857839235
1570,404.8112110056,267653396051.8112110056,1569.6766315964537
1571,405.1431225595,267653396052.1431225595,1570.9695367032973
1572,405.2730876001,267653396052.2730876001,1571.4757934537133
1573,405.5699480292,267653396052.5699480292,1572.6321628548183
1574,405.8187746919,267653396052.8187746919,1573.6014248740025
1575,406.0779368066,267653396053.0779368066,1574.6109468917177
1576,406.1809429238,267653396053.1809429238,1575.0121897330685
1577,406.6564905647,267653396053.6564905647,1576.8646048305327
1578,406.7467808626,267653396053.7467808626,1577.2163153566705
1579,406.9058211644,267653396053.9058211644,1577.8358298507433
1580,407.2098188996,267653396054.2098188996,1579.0200014160014
1581,407.4977174155,267653396054.4977174155,1580.1414612057745
1582,407.8934091561,267653396054.8934091561,1581.682811201418
1583,408.0171551786,267653396055.0171551786,1582.1648428226797
1584,408.3342971813,267653396055.3342971813,1583.4002156503734
1585,408.6061502940,267653396055.6061502940,1584.459173296142
1586,408.8934021876,267653396055.8934021876,1585.578114278528
1587,409.2051504822,267653396056.2051504822,1586.7924768320527
1588,409.5829957404,267653396056.5829957404,1588.2643088854525
1589,409.7724009776,267653396056.7724009776,1589.0021048300696
1590,409.8751390031,267653396056.8751390031,1589.4023033657195
1591,410.0655641749,267653396057.0655641749,1590.1440722924083
1592,410.3780902478,267653396057.3780902478,1591.361464549251
1593,410.5352220584,267653396057.5352220584,1591.9735448398746
1594,410.8780878734,267653396057.8780878734,1593.3091204110387
1595,411.3700858348,267653396058.3700858348,1595.225614939105
1596,411.7320935431,267653396058.7320935431,1596.6357545057417
1597,411.9107207794,267653396058.9107207794,1597.3315665777236
1598,411.9976785318,267653396058.9976785318,1597.6702957386603
1599,412.3302594301,267653396059.3302594301,1598.9658081629752
1600,412.4600246384,267653396059.4600246384,1599.4712865005943
1601,412.7603355813,267653396059.7603355813,1600.6410967923862
1602,412.9473956378,267653396059.9473956378,1601.3697574837474
1603,413.1787958913,267653396060.1787958913,1602.2711378845202
1604,413.4371874090,267653396060.4371874090,1603.2776581724534
1605,413.8594734139,267653396060.8594734139,1604.9226016095506
1606,414.0418832760,267653396061.0418832760,1605.6331482581288
1607,414.3807275020,267653396061.3807275020,1606.9530584121226
1608,414.5067468640,267653396061.5067468640,1607.4439454414432
1609,414.7720266984,267653396061.7720266984,1608.477297997595
1610,415.1427807592,267653396062.1427807592,1609.9215074954557
1611,415.4070557172,267653396062.4070557172,1610.9509457261977
1612,415.4952010708,267653396062.4952010708,1611.2943009859803
1613,415.9014938440,267653396062.9014938440,1612.8769455042939
1614,416.1467429526,267653396063.1467429526,1613.832271768874
1615,416.4217607165,267653396063.4217607165,1614.9035567761046
1616,416.5267754499,267653396063.5267754499,1615.3126238408438
1617,416.7962892748,267653396063.7962892748,1616.3624691881491
1618,417.0709774474,267653396064.0709774474,1617.4324703284278
1619,417.2876688439,267653396064.2876688439,1618.276554874002
1620,417.5699314691,267653396064.5699314691,1619.3760610084066
1621,417.8040575276,267653396064.8040575276,1620.288059319775
1622,417.9999843179,267653396064.9999843179,1621.051258867276
1623,418.2596374962,267653396065.2596374962,1622.0626937398747
1624,418.6380358928,267653396065.6380358928,1623.5366804500027
1625,418.7952386586,267653396065.7952386586,1624.1490371345621
1626,418.9048401981,267653396065.9048401981,1624.5759713237242
1627,419.4285836439,267653396066.4285836439,1626.6161249965792
1628,419.8528059005,267653396066.8528059005,1628.2686107734417
1629,419.9672685321,267653396066.9672685321,1628.7144805215714
1630,420.3051983194,267653396067.3051983194,1630.0308286348625
1631,420.5142928244,267653396067.5142928244,1630.8453207793857
1632,420.9503683733,267653396067.9503683733,1632.5439790439716
1633,421.0055090556,267653396068.0055090556,1632.7587702101814
1634,421.3244658952,267653396068.3244658952,1634.0012124269017
1635,421.5417408795,267653396068.5417408795,1634.8475702396706
1636,421.9099368303,267653396068.9099368303,1636.2818150543392
1637,421.9786073135,267653396068.9786073135,1636.5493092628888
1638,422.3154103301,267653396069.3154103301,1637.8612682322193
1639,422.5442440983,267653396069.5442440983,1638.7526513252405
1640,422.8336230134,267653396069.8336230134,1639.8798777587601
1641,422.9214005299,267653396069.9214005299,1640.2218001715707
1642,423.1675647329,267653396070.1675647329,1641.180691031024
1643,423.4612591771,267653396070.4612591771,1642.3247278754698
1644,423.7530217936,267653396070.7530217936,1643.4612396130926
1645,424.0442474986,267653396071.0442474986,1644.595659903123
1646,424.3244005241,267653396071.3244005241,1645.686948450062
1647,424.6736353212,267653396071.6736353212,1647.0473333096845
1648,424.7669017998,267653396071.7669017998,1647.4106370424493
1649,425.0397746575,267653396072.0397746575,1648.4735669317377
1650,425.3388926956,267653396072.3388926956,1649.6387304654127
1651,425.4312003647,267653396072.4312003647,1649.9982993185552
1652,425.6979285439,267653396072.6979285439,1651.0372936559797
1653,426.1127148871,267653396073.1127148871,1652.6530234342072
1654,426.2890531595,267653396073.2890531595,1653.3399192359343
1655,426.5427219469,267653396073.5427219469,1654.3280429298031
1656,426.8207089746,267653396073.8207089746,1655.4108942000516
1657,427.0401401477,267653396074.0401401477,1656.2656510802176
1658,427.4909506116,267653396074.4909506116,1658.0217067045194
1659,427.7084549207,267653396074.7084549207,1658.8689578131132
1660,427.8751702597,267653396074.8751702597,1659.5183691115458
1661,428.0574173483,267653396075.0574173483,1660.2282817035916
1662,428.4859600896,267653396075.4859600896,1661.8975971950808
1663,428.7286551691,267653396075.7286551691,1662.8429746729225
1664,429.0025269100,267653396076.0025269100,1663.9097955421282
1665,429.3048651917,267653396076.3048651917,1665.0875029880206
1666,429.4136193520,267653396076.4136193520,1665.511136355376
1667,429.4805406399,267653396076.4805406399,1665.77181687061
1668,429.9592727199,267653396076.9592727199,1667.6366364099465
1669,430.1847741484,267653396077.1847741484,1668.5150389394262
1670,430.4543920583,267653396077.4543920583,1669.5652897321797
1671,430.7341658866,267653396077.7341658866,1670.6551011808062
1672,430.9931764858,267653396077.9931764858,1671.664032995619
1673,431.2557979970,267653396078.2557979970,1672.6870305050734
1674,431.6412244532,267653396078.6412244532,1674.1883938281644
1675,431.9774160218,267653396078.9774160218,1675.4979710056236
1676,432.1238855606,267653396079.1238855606,1676.0685182266745
1677,432.3658824948,267653396079.3658824948,1677.0111761980304
1678,432.4191439021,267653396079.4191439021,1677.2186469675382
1679,432.7356806060,267653396079.7356806060,1678.4516619565277
1680,433.0265317370,267653396080.0265317370,1679.5846231571372
1681,433.3465085761,267653396080.3465085761,1680.8310386087383
1682,433.5968605412,267653396080.5968605412,1681.8062421844625
1683,433.8211982299,267653396080.8211982299,1682.6801115631295
1684,433.9634877693,267653396080.9634877693,1683.234376306191
1685,434.3104601953,267653396081.3104601953,1684.585948483297
1686,434.4723206790,267653396081.4723206790,1685.2164485171581
1687,434.6672046296,267653396081.6672046296,1685.9755858596614
1688,435.0023580155,267653396082.0023580155,1687.2811189726742
1689,435.3162078724,267653396082.3162078724,1688.5036678053439
1690,435.5334251211,267653396082.5334251211,1689.349800718887
1691,435.8534198342,267653396082.8534198342,1690.5962857956208
1692,436.1414774525,267653396083.1414774525,1691.7183653417858
1693,436.2182849498,267653396083.2182849498,1692.0175559072743
1694,436.4640066160,267653396083.4640066160,1692.9747229397583
1695,436.7122632259,267653396083.7122632259,1693.9417644150474
1696,436.9355429859,267653396083.9355429859,1694.8115128120774
1697,437.5917055065,267653396084.5917055065,1697.3674825089408
1698,437.7950133517,267653396084.7950133517,1698.1594337026645
1699,438.0750319015,267653396085.0750319015,1699.250198422347
1700,438.1946135656,267653396085.1946135656,1699.7160084924813
1701,438.4408323447,267653396085.4408323447,1700.6751119438686
1702,438.6515175373,267653396085.6515175373,1701.4958003418758
1703,439.1320213363,267653396086.1320213363,1703.36752131178
1704,439.3338766018,267653396086.3338766018,1704.1538142278987
1705,439.4560345064,267653396086.4560345064,1704.629659605511
1706,439.7980417918,267653396086.7980417918,1705.9618909203841
1707,439.9137153810,267653396086.9137153810,1706.4124777482516
1708,440.2734433505,267653396087.2734433505,1707.8137369794492
1709,440.5710159244,267653396087.5710159244,1708.9728804197223
1710,440.7330639158,267653396087.7330639158,1709.6041108579946
1711,441.1122119663,267653396088.1122119663,1711.0810177176202
1712,441.2183763549,267653396088.2183763549,1711.494563069006
1713,441.4788392524,267653396088.4788392524,1712.5091520652795
1714,441.7454687159,267653396088.7454687159,1713.547761872457
1715,441.8263115260,267653396088.8263115260,1713.8626713138497
1716,442.0815054299,267653396089.0815054299,1714.8567358401149
1717,442.4048932417,267653396089.4048932417,1716.1164381567612
1718,442.8020645468,267653396089.8020645468,1717.663551544725
1719,443.0655542624,267653396090.0655542624,1718.689930997019
1720,443.4026348795,267653396090.4026348795,1720.0029713119711
1721,443.6246980839,267653396090.6246980839,1720.8679808232068
1722,443.8796694745,267653396090.8796694745,1721.86117858669
1723,444.1199717672,267653396091.1199717672,1722.7972353697976
1724,444.4043371025,267653396091.4043371025,1723.904932254407
1725,444.5897788709,267653396091.5897788709,1724.6272891792285
1726,444.7278804280,267653396091.7278804280,1725.1652403482694
1727,444.9166188660,267653396091.9166188660,1725.900438889815
1728,445.2689482435,267653396092.2689482435,1727.2728781619976
1729,445.5927872557,267653396092.5927872557,1728.534338053199
1730,445.7527443292,267653396092.7527443292,1729.1574236757847
1731,446.0460303915,267653396093.0460303915,1730.2998697378773
1732,446.2214653948,267653396093.2214653948,1730.983247008183
1733,446.7198534318,267653396093.7198534318,1732.9246329908635
1734,446.8414611471,267653396093.8414611471,1733.3983351994684
1735,447.2230591662,267653396094.2230591662,1734.8847854958253
1736,447.3453334027,267653396094.3453334027,1735.3610840246042
1737,447.7885501098,267653396094.7885501098,1737.0875594585518
1738,448.0235408936,267653396095.0235408936,1738.0029261605189
1739,448.2387005872,267653396095.2387005872,1738.8410442174998
1740,448.5165546016,267653396095.5165546016,1739.9233773570245
1741,448.7845208174,267653396095.7845208174,1740.9671942558361
1742,448.9373891578,267653396095.9373891578,1741.562666922144
1743,449.3663475567,267653396096.3663475567,1743.2336015372496
1744,449.4391593527,267653396096.4391593527,1743.5172275267078
1745,449.6614107858,267653396096.6614107858,1744.3829702508879
1746,450.0170701061,267653396097.0170701061,1745.7683807498972
1747,450.1691389315,267653396097.1691389315,1746.3607390412628
1748,450.7043577573,267653396097.7043577573,1748.4455931086477
1749,450.8448235896,267653396097.8448235896,1748.9927539103282
1750,451.0420831439,267653396098.0420831439,1749.7611450137208
1751,451.2836330039,267653396098.2836330039,1750.7020614834369
1752,451.5504807010,267653396098.5504807010,1751.7415213825534
1753,451.7395662299,267653396098.7395662299,1752.478071957772
1754,452.0294081237,267653396099.0294081237,1753.607101846219
1755,452.1526718223,267653396099.1526718223,1754.0872546566195
1756,452.4577948827,267653396099.4577948827,1755.2758097351468
1757,452.7406832419,267653396099.7406832419,1756.3777533101184
1758,452.7938858412,267653396099.7938858412,1756.5849950030472
1759,453.1545621672,267653396100.1545621672,1757.989948395983
1760,453.5182344516,267653396100.5182344516,1759.4065720362173
1761,453.8666418112,267653396100.8666418112,1760.763733753546
1762,454.0144654050,267653396101.0144654050,1761.3395554659621
1763,454.3166654788,267653396101.3166654788,1762.516724546449
1764,454.5396313088,267653396101.5396313088,1763.3852500824646
1765,454.7440397191,267653396101.7440397191,1764.1814883406853
1766,455.1136455850,267653396102.1136455850,1765.6212252402604
1767,455.3287761707,267653396102.3287761707,1766.4592299123597
1768,455.7209235662,267653396102.7209235662,1767.98677351343
1769,455.9927297896,267653396102.9927297896,1769.045548509899
1770,456.2725098458,267653396103.2725098458,1770.1353842182568
1771,456.5832692071,267653396103.5832692071,1771.3458945500195
1772,456.7412993229,267653396103.7412993229,1771.9614740360416
1773,456.8758842657,267653396103.8758842657,1772.4857268311225
1774,457.2028338210,267653396104.2028338210,1773.7593033148696
1775,457.3342605042,267653396104.3342605042,1774.2712536458826
1776,457.6113622343,267653396104.6113622343,1775.3506563896397
1777,458.0460661809,267653396105.0460661809,1777.043971810344
1778,458.2476418883,267653396105.2476418883,1777.8291757553493
1779,458.3866592205,267653396105.3866592205,1778.3706941708149
1780,458.8219022738,267653396105.8219022738,1780.0661095901405
1781,458.8613925244,267653396105.8613925244,1780.219937156767
1782,459.1116650310,267653396106.1116650310,1781.1948312153988
1783,459.4448438502,267653396106.4448438502,1782.4926727390753
1784,459.8335011648,267653396106.8335011648,1784.0066213225405
1785,460.0812356846,267653396107.0812356846,1784.9716290844879
1786,460.3377313122,267653396107.3377313122,1785.9707642544247
1787,460.4857548294,267653396107.4857548294,1786.5473647345036
1788,460.7392397148,267653396107.7392397148,1787.534772069359
1789,460.9765329563,267653396107.9765329563,1788.459107604391
1790,461.3576984877,267653396108.3576984877,1789.9438732183428
1791,461.6032842556,267653396108.6032842556,1790.9005108820754
1792,461.7286127054,267653396108.7286127054,1791.3887065802264
1793,461.8301356219,267653396108.8301356219,1791.784171865069
1794,462.2009726881,267653396109.2009726881,1793.2287046963831
1795,462.4905685662,267653396109.4905685662,1794.3567762724406
1796,462.8143165846,267653396109.8143165846,1795.617881712746
1797,463.1101686566,267653396110.1101686566,1796.7703232299752
1798,463.3345524993,267653396110.3345524993,1797.6443723937173
1799,463.4743394769,267653396110.4743394769,1798.1888888321698
1800,463.7878226111,267653396110.7878226111,1799.4100091588286
1801,464.0655053048,267653396111.0655053048,1800.4916749476556
1802,464.2838656356,267653396111.2838656356,1801.3422605434525
1803,464.3966903342,267653396111.3966903342,1801.7817500016693
1804,464.8419559122,267653396111.8419559122,1803.5162064643584
1805,465.0896598111,267653396112.0896598111,1804.4810949477894
1806,465.3545616121,267653396112.3545616121,1805.5129749390214
1807,465.6238379264,267653396112.6238379264,1806.5618951041163
1808,465.9442807265,267653396112.9442807265,1807.8101256276889
1809,466.3102521143,267653396113.3102521143,1809.2357050348833
1810,466.4843055046,267653396113.4843055046,1809.9137004663173
1811,466.8892948042,267653396113.8892948042,1811.491267524536
1812,467.0757305767,267653396114.0757305767,1812.2174964235712
1813,467.3395374439,267653396114.3395374439,1813.2451112860815
1814,467.6210530742,267653396114.6210530742,1814.341707628685
1815,467.7320113704,267653396114.7320113704,1814.7739268332273
1816,467.8722407616,267653396114.8722407616,1815.3201666187467
1817,468.1924256198,267653396115.1924256198,1816.5673923734414
1818,468.3529451869,267653396115.3529451869,1817.192669094349
1819,468.7466785632,267653396115.7466785632,1818.7263906143637
1820,468.9333292296,267653396115.9333292296,1819.4534565961021
1821,469.1680532965,267653396116.1680532965,1820.367784347671
1822,469.3871876805,267653396116.3871876805,1821.2213851362917
1823,469.7618261644,267653396116.7618261644,1822.68072574486
1824,469.9903230752,267653396116.9903230752,1823.5707966670768
1825,470.2240554968,267653396117.2240554968,1824.4812616327395
1826,470.4612364086,267653396117.4612364086,1825.4051596064976
1827,470.5959763397,267653396117.5959763397,1825.9300161321885
1828,471.0130624466,267653396118.0130624466,1827.5547042494707
1829,471.2366284817,267653396118.2366284817,1828.4255677825538
1830,471.5658606954,267653396118.5658606954,1829.708035974555
1831,471.8552961941,267653396118.8552961941,1830.8354828198903
1832,471.9932136504,267653396118.9932136504,1831.3727168555233
1833,472.1413362089,267653396119.1413362089,1831.9497031341723
1834,472.5464715972,267653396119.5464715972,1833.5278392561204
1835,472.8575801963,267653396119.8575801963,1834.7397099844432
1836,473.0773558931,267653396120.0773558931,1835.5958088981959
1837,473.3129128434,267653396120.3129128434,1836.5133810056445
1838,473.4668821036,267653396120.4668821036,1837.113142118123
1839,473.9463629926,267653396120.9463629926,1838.9808785158
1840,474.1899054408,267653396121.1899054408,1839.9295567745542
1841,474.3957351385,267653396121.3957351385,1840.7313314165403
1842,474.5913398957,267653396121.5913398957,1841.4932765387812
1843,475.0388605072,267653396122.0388605072,1843.2365171016168
1844,475.1103974252,267653396122.1103974252,1843.5151770202735
1845,475.3662737443,267653396122.3662737443,1844.5118997790962
1846,475.8106020037,267653396122.8106020037,1846.2427050763183
1847,475.8692037630,267653396122.8692037630,1846.470978280368
1848,476.2092880751,267653396123.2092880751,1847.795718979237
1849,476.4268314791,267653396123.4268314791,1848.6431223753825
1850,476.6466839259,267653396123.6466839259,1849.4995202557304
1851,476.8667456946,267653396123.8667456946,1850.3567335140012
1852,477.0509998273,267653396124.0509998273,1851.0744642055915
1853,477.5718426264,267653396124.5718426264,1853.1033189017116
1854,477.8128270354,267653396124.8128270354,1854.0420327530624
1855,478.0566068228,267653396125.0566068228,1854.9916355263758
1856,478.3514541275,267653396125.3514541275,1856.1401631431781
1857,478.4998956961,267653396125.4998956961,1856.7183920715113
1858,478.7121657974,267653396125.7121657974,1857.5452542122814
1859,478.8257232546,267653396125.8257232546,1857.9875980072188
1860,479.2032374439,267653396126.2032374439,1859.4581404379426
1861,479.6225157918,267653396126.6225157918,1861.0913680578474
1862,479.8839013268,267653396126.8839013268,1862.1095510318642
1863,480.0456929468,267653396127.0456929468,1862.7397828188778
1864,480.2303585978,267653396127.2303585978,1863.4591165101392
1865,480.3681037444,267653396127.3681037444,1863.9956793425913
1866,480.7132921247,267653396127.7132921247,1865.3403020725748
1867,480.8525105556,267653396127.8525105556,1865.8826038338857
1868,481.1322809797,267653396128.1322809797,1866.9724020220376
1869,481.3166071294,267653396128.3166071294,1867.690413243625
1870,481.6080729777,267653396128.6080729777,1868.8257689711195
1871,481.8939116639,267653396128.8939116639,1869.9392050440233
1872,482.3811068363,267653396129.3811068363,1871.8369911229697
1873,482.6700409927,267653396129.6700409927,1872.9624850744942
1874,483.0091612438,267653396130.0091612438,1874.2834704374159
1875,483.2200687842,267653396130.2200687842,1875.1050249535335
1876,483.3915912321,267653396130.3915912321,1875.7731615285493
1877,483.5772534690,267653396130.5772534690,1876.4963772509861
1878,483.9546657628,267653396130.9546657628,1877.9665227650903
1879,484.2716135308,267653396131.2716135308,1879.2011389845013
1880,484.3784876768,267653396131.3784876768,1879.6174490753401
1881,484.7416341882,267653396131.7416341882,1881.0320246561248
1882,484.8256325164,267653396131.8256325164,1881.35922588254
1883,485.2409066298,267653396132.2409066298,1882.9768556867832
1884,485.4490424725,267653396132.4490424725,1883.787613525085
1885,485.6557985115,267653396132.6557985115,1884.592996572334
1886,486.0180627747,267653396133.0180627747,1886.0041355050423
1887,486.2127119359,267653396133.2127119359,1886.7623582653057
1888,486.5500285784,267653396133.5500285784,1888.0763179771404
1889,486.6110539037,267653396133.6110539037,1888.3140317710745
1890,486.9748673864,267653396133.9748673864,1889.7312054253214
1891,487.0933496709,267653396134.0933496709,1890.1927330488782
1892,487.3574769560,267653396134.3574769560,1891.221596044921
1893,487.7596160665,267653396134.7596160665,1892.7880606754056
1894,487.9141698692,267653396134.9141698692,1893.3900987739519
1895,488.1042125132,267653396135.1042125132,1894.1303776285492
1896,488.4203683314,267653396135.4203683314,1895.361908941971
1897,488.7286878241,267653396135.7286878241,1896.5629151798448
1898,488.9258248796,267653396135.9258248796,1897.330829109964
1899,489.1442852270,267653396136.1442852270,1898.1818043034489
1900,489.6250631543,267653396136.6250631543,1900.0545930936191
1901,489.7450638151,267653396136.7450638151,1900.5220352942654
1902,490.0870431488,267653396137.0870431488,1901.8541577280466
1903,490.3863076663,267653396137.3863076663,1903.019891847367
1904,490.5133263278,267653396137.5133263278,1903.5146714782366
1905,490.6898992218,267653396137.6898992218,1904.2024812085797
1906,490.9729752646,267653396137.9729752646,1905.3051558731568
1907,491.2284306949,267653396138.2284306949,1906.300239131119
1908,491.5180971024,267653396138.5180971024,1907.4285854424847
1909,491.8288622047,267653396138.8288622047,1908.639118137345
1910,491.9621208122,267653396138.9621208122,1909.1582044184504
1911,492.3301465662,267653396139.3301465662,1910.5917862603958
1912,492.5816414097,267653396139.5816414097,1911.5714417249003
1913,492.8914440733,267653396139.8914440733,1912.7782254032059
1914,493.2254791509,267653396140.2254791509,1914.079402336112
1915,493.4031977061,267653396140.4031977061,1914.7716747951517
1916,493.5680226424,267653396140.5680226424,1915.4137223508224
1917,493.9325252208,267653396140.9325252208,1916.8335802603767
1918,494.0867381741,267653396141.0867381741,1917.4342906379545
1919,494.3773879435,267653396141.3773879435,1918.5664674686489
1920,494.7186594875,267653396141.7186594875,1919.895832827822
1921,495.1597110590,267653396142.1597110590,1921.6138743436452
1922,495.3447390872,267653396142.3447390872,1922.3346196137672
1923,495.4594421396,267653396142.4594421396,1922.7814258803103
1924,495.6130809684,267653396142.6130809684,1923.3798998533723
1925,496.0547522382,267653396143.0547522382,1925.100355298712
1926,496.2831954018,267653396143.2831954018,1925.99021685784
1927,496.3692189293,267653396143.3692189293,1926.3253069042942
1928,496.6945114312,267653396143.6945114312,1927.5924286178606
1929,496.8819459374,267653396143.8819459374,1928.3225479144644
1930,496.9920105509,267653396143.9920105509,1928.7512859297785
1931,497.4061527990,267653396144.4061527990,1930.3645067449147
1932,497.7091932779,267653396144.7091932779,1931.544949480794
1933,498.0660422978,267653396145.0660422978,1932.9349942526203
1934,498.2531811650,267653396145.2531811650,1933.6639619376926
1935,498.4229038586,267653396145.4229038586,1934.3250878753931
1936,498.7114436362,267653396145.7114436362,1935.449045591262
1937,498.7949032037,267653396145.7949032037,1935.7741481668406
1938,499.1205209805,267653396146.1205209805,1937.0425369335562
1939,499.4798238676,267653396146.4798238676,1938.442140328447
1940,499.7916717360,267653396146.7916717360,1939.656890754821
1941,500.0137386649,267653396147.0137386649,1940.5219147742214
1942,500.1575697304,267653396147.1575697304,1941.0821842704934
1943,500.4107518950,267653396147.4107518950,1942.0684124078737
1944,500.7579030807,267653396147.7579030807,1943.4206809130555
1945,501.1384053915,267653396148.1384053915,1944.9028630637695
1946,501.4727554910,267653396148.4727554910,1946.2052671110048
1947,501.5830181132,267653396148.5830181132,1946.6347764355926
1948,502.0684599767,267653396149.0684599767,1948.5257327973986
1949,502.2157114615,267653396149.2157114615,1949.099325956341
1950,502.4197430053,267653396149.4197430053,1949.8940961951005
1951,502.8025261525,267653396149.8025261525,1951.3851629567748
1952,502.8377815500,267653396149.8377815500,1951.522494372137
1953,503.1688780670,267653396150.1688780670,1952.8122246411317
1954,503.3956589419,267653396150.3956589419,1953.6956110368503
1955,503.6306505724,267653396150.6306505724,1954.610981037001
1956,503.8709556138,267653396150.8709556138,1955.5470485272115
1957,504.0357435422,267653396151.0357435422,1956.1889519248919
1958,504.2987821777,267653396151.2987821777,1957.2135742712496
1959,504.5363733350,267653396151.5363733350,1958.139070286707
1960,504.9574699511,267653396151.9574699511,1959.779380661689
1961,505.0961133913,267653396152.0961133913,1960.3194426443508
1962,505.4680517429,267653396152.4680517429,1961.768265345976
1963,505.7715358126,267653396152.7715358126,1962.950436014506
1964,505.9731408256,267653396152.9731408256,1963.7357541145068
1965,506.2582945838,267653396153.2582945838,1964.8465221666763
1966,506.5462787725,267653396153.5462787725,1965.9683156803135
1967,506.7163051617,267653396153.7163051617,1966.6306246126637
1968,506.9278518173,267653396153.9278518173,1967.4546686935385
1969,507.2505738821,267653396154.2505738821,1968.711777705788
1970,507.4255551224,267653396154.4255551224,1969.3933874193729
1971,507.7105163082,267653396154.7105163082,1970.5034053384531
1972,507.8254299467,267653396154.8254299467,1970.9510319073968
1973,508.1368057206,267653396155.1368057206,1972.1639433697987
1974,508.5408872758,267653396155.5408872758,1973.7379744638324
1975,508.6879404451,267653396155.6879404451,1974.310795118415
1976,508.9485995106,267653396155.9485995106,1975.3261482538376
1977,509.1431975222,267653396156.1431975222,1976.0841717695212
1978,509.5352956355,267653396156.5352956355,1977.611523400161
1979,509.8328382302,267653396156.8328382302,1978.7705500615625
1980,509.9453122866,267653396156.9453122866,1979.2086736526235
1981,510.3200373483,267653396157.3200373483,1980.6683515103216
1982,510.4700824272,267653396157.4700824272,1981.2528266407899
1983,510.8611875521,267653396157.8611875521,1982.7763102537058
1984,511.0504265672,267653396158.0504265672,1983.5134587083646
1985,511.3467446532,267653396158.3467446532,1984.6677155040204
1986,511.7973089273,267653396158.7973089273,1986.4228121377764
1987,512.0219832920,267653396159.0219832920,1987.2979929806515
1988,512.2035503796,267653396159.2035503796,1988.0052567442606
1989,512.3848536172,267653396159.3848536172,1988.7114927249904
1990,512.7279970288,267653396159.7279970288,1990.048149626601
1991,512.8277796666,267653396159.8277796666,1990.436835951232
1992,513.1180364022,267653396160.1180364022,1991.5674817854901
1993,513.4171048324,267653396160.4171048324,1992.732452080029
1994,513.6346159035,267653396160.6346159035,1993.5797295288567
1995,514.1077326492,267653396161.1077326492,1995.4226754868128
1996,514.2408150821,267653396161.2408150821,1995.9410755096765
1997,514.4738886774,267653396161.4738886774,1996.8489741293477
1998,514.6599214059,267653396161.6599214059,1997.5736330389143
1999,514.8298703736,267653396161.8298703736,1998.2356403889569
2000,515.0425204256,267653396162.0425204256,1999.0639825631758
2001,515.4699730994,267653396162.4699730994,2000.7290518818106
2002,515.5470662782,267653396162.5470662782,2001.0293552710834
2003,515.9612086333,267653396162.9612086333,2002.6425765030247
2004,516.0726994402,267653396163.0726994402,2003.0768700125932
2005,516.3073948423,267653396163.3073948423,2003.9910861053067
2006,516.5380155538,267653396163.5380155538,2004.8894299325818
2007,516.9265015954,267653396163.9265015954,2006.4027113511672
2008,517.2855782663,267653396164.2855782663,2007.8014335592613
2009,517.4161220194,267653396164.4161220194,2008.3099445859768
2010,517.6338670036,267653396164.6338670036,2009.1581332035728
2011,518.2042477598,267653396165.2042477598,2011.3799546011226
2012,518.3709423433,267653396165.3709423433,2012.0292850500377
2013,518.4743205902,267653396165.4743205902,2012.4319774594624
2014,518.7512271895,267653396165.7512271895,2013.5106201043272
2015,518.9513886094,267653396165.9513886094,2014.2903149324989
2016,519.3385266989,267653396166.3385266989,2015.7983456325321
2017,519.7031547453,267653396166.7031547453,2017.2186922813844
2018,519.8532232841,267653396166.8532232841,2017.8032587959112
2019,519.9983900054,267653396166.9983900054,2018.3687311125884
2020,520.4048197101,267653396167.4048197101,2019.9519090243375
2021,520.5025358477,267653396167.5025358477,2020.332545648287
2022,520.6874234413,267653396167.6874234413,2021.0527438792703
2023,521.1827668311,267653396168.1827668311,2022.9822699557199
2024,521.3720644594,267653396168.3720644594,2023.7196467281492
2025,521.7435105067,267653396168.7435105067,2025.16655174196
2026,521.9240361594,267653396168.9240361594,2025.8697587727297
2027,522.1843201452,267653396169.1843201452,2026.8836508488635
2028,522.3948780785,267653396169.3948780785,2027.703843529884
2029,522.6177145328,267653396169.6177145328,2028.5718651048344
2030,522.9170091374,267653396169.9170091374,2029.7377164233505
2031,523.0935857538,267653396170.0935857538,2030.4255406536743
2032,523.3904269322,267653396170.3904269322,2031.5818350669667
2033,523.4668353253,267653396170.4668353253,2031.8794709898073
2034,523.9669369781,267653396170.9669369781,2033.827532071925
2035,524.2362893438,267653396171.2362893438,2034.8767484823459
2036,524.5239926434,267653396171.5239926434,2035.997447840186
2037,524.6562584438,267653396171.6562584438,2036.512666809793
2038,524.9889356525,267653396171.9889356525,2037.8085543949421
2039,525.3093462635,267653396172.3093462635,2039.056659531352
2040,525.4399206624,267653396172.4399206624,2039.565289933579
2041,525.6427651455,267653396172.6427651455,2040.3554361789213
2042,525.8834491191,267653396172.8834491191,2041.2929797351856
2043,526.0123709670,267653396173.0123709670,2041.7951729055594
2044,526.3593375522,267653396173.3593375522,2043.1467223308398
2045,526.6992482834,267653396173.6992482834,2044.4707868747935
2046,526.9467402231,267653396173.9467402231,2045.434849707156
2047,527.1328045720,267653396174.1328045720,2046.1596317886238
2048,527.4840813211,267653396174.4840813211,2047.5279707256047
2049,527.6424605008,267653396174.6424605008,2048.1449099307924
2050,527.7845977677,267653396174.7845977677,2048.6985815221906
2051,528.1612706740,267653396175.1612706740,2050.1658468778305
2052,528.5863917265,267653396175.5863917265,2051.8218337615526
2053,528.9536694076,267653396175.9536694076,2053.2525016125305
2054,529.2628115671,267653396176.2628115671,2054.4567124092605
2055,529.5340940008,267653396176.5340940008,2055.513447071893
2056,529.6410689967,267653396176.6410689967,2055.9301500063984
2057,529.7629314226,267653396176.7629314226,2056.4048443969073
2058,530.3346635997,267653396177.3346635997,2058.6319300251353
2059,530.4010683863,267653396177.4010683863,2058.8905985972497
2060,530.5598995679,267653396177.5598995679,2059.5092984990993
2061,530.7762361334,267653396177.7762361334,2060.3520008607697
2062,531.1385720922,267653396178.1385720922,2061.7634190715253
2063,531.4570641371,267653396178.4570641371,2063.0040507594244
2064,531.6600286556,267653396178.6600286556,2063.794664582289
2065,531.9873658720,267653396178.9873658720,2065.069751134049
2066,532.0266064696,267653396179.0266064696,2065.2226062198015
2067,532.2811563566,267653396179.2811563566,2066.2141620875864
2068,532.4693402528,267653396179.4693402528,2066.947200505709
2069,532.9485312121,267653396179.9485312121,2068.81380753148
2070,533.0804168446,267653396180.0804168446,2069.3275456215774
2071,533.4421986303,267653396180.4421986303,2070.736805145109
2072,533.5287577058,267653396180.5287577058,2071.0739813278747
2073,533.8144578705,267653396180.8144578705,2072.186877813802
2074,534.1873650950,267653396181.1873650950,2073.6394745953216
2075,534.5823246631,267653396181.5823246631,2075.177972537328
2076,534.7322511106,267653396181.7322511106,2075.761985559321
2077,534.8154569325,267653396181.8154569325,2076.0860997119976
2078,535.2695245570,267653396182.2695245570,2077.85484305245
2079,535.3756597501,267653396182.3756597501,2078.2682746777286
2080,535.6501407742,267653396182.6501407742,2079.3374689062143
2081,535.8938231613,267653396182.8938231613,2080.286692273204
2082,536.1193799917,267653396183.1193799917,2081.1653106113936
2083,536.4253308730,267653396183.4253308730,2082.357090325706
2084,536.7341467326,267653396183.7341467326,2083.5600300765755
2085,536.9685877420,267653396183.9685877420,2084.4732552257196
2086,537.2798336858,267653396184.2798336858,2085.685660957015
2087,537.6389636015,267653396184.6389636015,2087.0845905711917
2088,537.8837288129,267653396184.8837288129,2088.0380318964026
2089,538.1661613803,267653396185.1661613803,2089.138200011815
2090,538.3254355519,267653396185.3254355519,2089.758625506
2091,538.5775760944,267653396185.5775760944,2090.74079618134
2092,538.8004383718,267653396185.8004383718,2091.608918345795
2093,538.9050791824,267653396185.9050791824,2092.016528857758
2094,539.1079542130,267653396186.1079542130,2092.806794095702
2095,539.5907000622,267653396186.5907000622,2094.687248591538
2096,539.9071319619,267653396186.9071319619,2095.9198553335796
2097,540.1633870444,267653396187.1633870444,2096.918053500931
2098,540.4318318923,267653396187.4318318923,2097.9637348298415
2099,540.7106851544,267653396187.7106851544,2099.0499603691464
2100,540.9290056571,267653396187.9290056571,2099.9003908213517
2101,541.1695030486,267653396188.1695030486,2100.837207578725
2102,541.4028856240,267653396188.4028856240,2101.746309777922
2103,541.6769558312,267653396188.6769558312,2102.8139037389224
2104,542.0614104850,267653396189.0614104850,2104.3114815707804
2105,542.2662436414,267653396189.2662436414,2105.1093743553315
2106,542.3487684222,267653396189.3487684222,2105.4308356280294
2107,542.5056426035,267653396189.5056426035,2106.041912367467
2108,542.8506225003,267653396189.8506225003,2107.3857229853847
2109,542.9838440150,267653396189.9838440150,2107.9046647777895
2110,543.2410222893,267653396190.2410222893,2108.9064590820603
2111,543.6206025858,267653396190.6206025858,2110.385049682616
2112,543.9177588807,267653396190.9177588807,2111.5425715787383
2113,544.2709286759,267653396191.2709286759,2112.9182845554074
2114,544.3574167821,267653396191.3574167821,2113.2551842893145
2115,544.5072567600,267653396191.5072567600,2113.8388604836623
2116,544.8384046135,267653396191.8384046135,2115.128790725285
2117,545.0781011007,267653396192.0781011007,2116.062487695934
2118,545.5372762420,267653396192.5372762420,2117.8511265009392
2119,545.7602022022,267653396192.7602022022,2118.71949673093
2120,545.8880346692,267653396192.8880346692,2119.2174464029627
2121,546.1539632173,267653396193.1539632173,2120.253325913216
2122,546.6825827454,267653396193.6825827454,2122.312473536858
2123,546.8916246568,267653396193.8916246568,2123.1267608119574
2124,547.0455878485,267653396194.0455878485,2123.7264982856314
2125,547.2827702226,267653396194.2827702226,2124.650401955542
2126,547.6026839074,267653396194.6026839074,2125.896571400311
2127,547.9353179626,267653396194.9353179626,2127.192290888332
2128,548.0574614156,267653396195.0574614156,2127.668079972198
2129,548.3659037857,267653396195.3659037857,2128.869564858133
2130,548.6822149818,267653396195.6822149818,2130.1017014197955
2131,548.9246942075,267653396195.9246942075,2131.046238075824
2132,549.1142578295,267653396196.1142578295,2131.784650981555
2133,549.2983580249,267653396196.2983580249,2132.501782036536
2134,549.4352837088,267653396196.4352837088,2133.0351527911725
2135,549.9066077117,267653396196.9066077117,2134.87111542393
2136,550.0428772970,267653396197.0428772970,2135.401930457862
2137,550.3105533608,267653396197.3105533608,2136.444617118835
2138,550.5356958167,267653396197.5356958167,2137.321621331513
2139,550.8956906405,267653396197.8956906405,2138.723920048354
2140,551.1356542520,267653396198.1356542520,2139.6586575563633
2141,551.3519102859,267653396198.3519102859,2140.501046220861
2142,551.5489327432,267653396198.5489327432,2141.268513753156
2143,551.8996131579,267653396198.8996131579,2142.6345297707317
2144,552.1250283587,267653396199.1250283587,2143.512596414862
2145,552.3651914009,267653396199.3651914009,2144.448110771304
2146,552.5979896931,267653396199.5979896931,2145.354936994495
2147,552.9850780141,267653396199.9850780141,2146.862773829794
2148,553.2083845886,267653396200.2083845886,2147.7326266781715
2149,553.5086142070,267653396200.5086142070,2148.902120184206
2150,553.7241521959,267653396200.7241521959,2149.741711826315
2151,553.9499436870,267653396200.9499436870,2150.6212442454234
2152,554.0648968889,267653396201.0648968889,2151.069024926878
2153,554.4802982923,267653396201.4802982923,2152.6871505677223
2154,554.5490874366,267653396201.5490874366,2152.9551070004463
2155,554.8436706883,267653396201.8436706883,2154.102606043631
2156,555.1113706489,267653396202.1113706489,2155.145385790532
2157,555.3094966572,267653396202.3094966572,2155.917152018389
2158,555.7616119657,267653396202.7616119657,2157.6782904433303
2159,556.0587579727,267653396203.0587579727,2158.8357722646865
2160,556.2411506563,267653396203.2411506563,2159.54625199735
2161,556.6735247172,267653396203.6735247172,2161.230491743899
2162,556.8556764367,267653396203.8556764367,2161.9400328418214
2163,557.1095159556,267653396204.1095159556,2162.9288215912816
2164,557.3699420074,267653396204.3699420074,2163.943267061404
2165,557.5700487267,267653396204.5700487267,2164.72274881268
2166,557.8680805927,267653396204.8680805927,2165.8836813473713
2167,558.2104927695,267653396205.2104927695,2167.2174898479757
2168,558.3985849031,267653396205.3985849031,2167.950170820472
2169,558.6977094328,267653396205.6977094328,2169.1153596410963
2170,558.8324657650,267653396205.8324657650,2169.640280054495
2171,558.9495680644,267653396205.9495680644,2170.0964321803913
2172,559.3546805140,267653396206.3546805140,2171.6744789485488
2173,559.4960446228,267653396206.4960446228,2172.2251388338364
2174,559.9601270850,267653396206.9601270850,2174.0328932742555
2175,560.0984422971,267653396207.0984422971,2174.5716767000845
2176,560.3298822111,267653396207.3298822111,2175.4732115916213
2177,560.5886394342,267653396207.5886394342,2176.4811564228744
2178,560.9846956441,267653396207.9846956441,2178.0239261468328
2179,561.1747712472,267653396208.1747712472,2178.764333388017
2180,561.3599367921,267653396208.3599367921,2179.485614331104
2181,561.5046118457,267653396208.5046118457,2180.049171439734
2182,561.7653007497,267653396208.7653007497,2181.0646408059756
2183,562.0625857943,267653396209.0625857943,2182.222664224698
2184,562.1978308718,267653396209.1978308718,2182.749488462435
2185,562.6044978486,267653396209.6044978486,2184.333590627376
2186,562.7223440605,267653396209.7223440605,2184.792640538116
2187,563.1545003581,267653396210.1545003581,2186.476032024703
2188,563.4574796316,267653396210.4574796316,2187.65623634535
2189,563.7472710816,267653396210.7472710816,2188.7850697385575
2190,563.9711545124,267653396210.9711545124,2189.657169632715
2191,564.3988333234,267653396211.3988333234,2191.323119830432
2192,564.5840217034,267653396211.5840217034,2192.044489723774
2193,564.8077206071,267653396211.8077206071,2192.915870823943
2194,564.8930478820,267653396211.8930478820,2193.2482487366055
2195,565.2705110081,267653396212.2705110081,2194.7185922593226
2196,565.5720331735,267653396212.5720331735,2195.8931206627512
2197,565.7440802649,267653396212.7440802649,2196.563300897457
2198,566.0948796252,267653396213.0948796252,2197.9297802474257
2199,566.4421188981,267653396213.4421188981,2199.2823918813533
2200,566.6291840976,267653396213.6291840976,2200.011072606415
2201,566.7800921531,267653396213.7800921531,2200.598909315719
2202,566.8711633498,267653396213.8711633498,2200.9536617005615
2203,567.2091534239,267653396214.2091534239,2202.270244650876
2204,567.5425210150,267653396214.5425210150,2203.5688215034606
2205,567.7734897355,267653396214.7734897355,2204.468520940718
2206,568.1651862348,267653396215.1651862348,2205.9943081522197
2207,568.3250797317,267653396215.3250797317,2206.617146122966
2208,568.5068251066,267653396215.5068251066,2207.3251043744885
2209,568.8284194859,267653396215.8284194859,2208.5778206793416
2210,569.2282871367,267653396216.2282871367,2210.1354372242286
2211,569.5210012302,267653396216.5210012302,2211.27565527899
2212,569.6531841403,267653396216.6531841403,2211.79055136351
2213,569.9064599375,267653396216.9064599375,2212.7771442307976
2214,569.9749216001,267653396216.9749216001,2213.0438250141588
2215,570.4322739558,267653396217.4322739558,2214.825363467335
2216,570.5628351247,267653396217.5628351247,2215.333942334347
2217,570.7194139831,267653396217.7194139831,2215.9438686935696
2218,571.1647409842,267653396218.1647409842,2217.678564419545
2219,571.3438786241,267653396218.3438786241,2218.376364682112
2220,571.6260457572,267653396218.6260457572,2219.4754988432796
2221,571.8562533861,267653396218.8562533861,2220.3722335774264
2222,572.1448938980,267653396219.1448938980,2221.496583686671
2223,572.3321242842,267653396219.3321242842,2222.225907868478
2224,572.4101063643,267653396219.4101063643,2222.5296738218517
2225,572.9711144884,267653396219.9711144884,2224.714985722343
2226,573.1480467930,267653396220.1480467930,2225.4041954756667
2227,573.4514451540,267653396220.4514451540,2226.5860322805197
2228,573.7308232107,267653396220.7308232107,2227.674302068096
2229,573.9894757189,267653396220.9894757189,2228.681839000236
2230,574.3511439486,267653396221.3511439486,2230.0906561856577
2231,574.5553690576,267653396221.5553690576,2230.886180424799
2232,574.6253965264,267653396221.6253965264,2231.1589605403733
2233,575.0407981890,267653396222.0407981890,2232.7770871908924
2234,575.2938578980,267653396222.2938578980,2233.7628383232845
2235,575.5858054601,267653396222.5858054601,2234.9000704851187
2236,575.9206311415,267653396222.9206311415,2236.2043270809168
2237,576.3017483174,267653396223.3017483174,2237.6889043342544
2238,576.3868472063,267653396223.3868472063,2238.0203926080294
2239,576.5806175188,267653396223.5806175188,2238.775191962402
2240,576.8909485811,267653396223.8909485811,2239.9840339281486
2241,577.0712038864,267653396224.0712038864,2240.686187866527
2242,577.2944034547,267653396224.2944034547,2241.555623890423
2243,577.4221405859,267653396224.4221405859,2242.0532021980343
2244,577.8901297336,267653396224.8901297336,2243.876174468554
2245,578.1559583170,267653396225.1559583170,2244.911664583295
2246,578.2041043481,267653396225.2041043481,2245.0992092732995
2247,578.3624808979,267653396225.3624808979,2245.7161382341633
2248,578.7622545074,267653396225.7622545074,2247.2733884571344
2249,578.9682673654,267653396225.9682673654,2248.075876568985
2250,579.2613293299,267653396226.2613293299,2249.2174496961684
2251,579.5335310751,267653396226.5335310751,2250.277765380678
2252,579.9587123794,267653396226.9587123794,2251.9339869650707
2253,580.2926602470,267653396227.2926602470,2253.234824186246
2254,580.3886623694,267653396227.3886623694,2253.6087841549893
2255,580.5879756406,267653396227.5879756406,2254.385175163905
2256,580.9295034137,267653396227.9295034137,2255.7155386200525
2257,581.0873946794,267653396228.0873946794,2256.3305772390954
2258,581.3454923579,267653396228.3454923579,2257.3359529263385
2259,581.4817343411,267653396228.4817343411,2257.866660440978
2260,581.9620137549,267653396228.9620137549,2259.737507356472
2261,582.2163887823,267653396229.2163887823,2260.72838208838
2262,582.3539265043,267653396229.3539265043,2261.2641369335274
2263,582.7841642313,267653396229.7841642313,2262.9400549540783
2264,582.9653967199,267653396229.9653967199,2263.646015344098
2265,583.2871798254,267653396230.2871798254,2264.899466799824
2266,583.4976850268,267653396230.4976850268,2265.7194540726887
2267,583.7296690609,267653396230.7296690609,2266.6231084916985
2268,584.0055850423,267653396231.0055850423,2267.69789235273
2269,584.3259924486,267653396231.3259924486,2268.9459850057865
2270,584.5840431199,267653396231.5840431199,2269.951177584463
2271,584.7612233650,267653396231.7612233650,2270.641353147911
2272,584.9429824694,267653396231.9429824694,2271.349364880372
2273,585.2498567638,267653396232.2498567638,2272.544741593649
2274,585.5343131506,267653396232.5343131506,2273.652793153942
2275,585.8053476170,267653396232.8053476170,2274.708561902066
2276,586.1000973316,267653396233.1000973316,2275.8567093732213
2277,586.3317102325,267653396233.3317102325,2276.7589181058615
2278,586.5603627035,267653396233.5603627035,2277.649594986443
2279,586.8888830157,267653396233.8888830157,2278.9292900870387
2280,587.0909158810,267653396234.0909158810,2279.7162748130436
2281,587.4484656813,267653396234.4484656813,2281.1090493559595
2282,587.5128387368,267653396234.5128387368,2281.35980366452
2283,587.7633139695,267653396234.7633139695,2282.335487408275
2284,588.1548937427,267653396235.1548937427,2283.8608199330765
2285,588.4385108553,267653396235.4385108553,2284.965602243214
2286,588.4962429924,267653396235.4962429924,2285.1904879816307
2287,588.8137393126,267653396235.8137393126,2286.427240993024
2288,589.0866002500,267653396236.0866002500,2287.490124448834
2289,589.3395012053,267653396236.3395012053,2288.4752571831427
2290,589.4970500294,267653396236.4970500294,2289.088961879073
2291,589.7786334542,267653396236.7786334542,2290.1858223036616
2292,590.0879541039,267653396237.0879541039,2291.390728378673
2293,590.1549679254,267653396237.1549679254,2291.6517693428423
2294,590.6501088688,267653396237.6501088688,2293.580506823732
2295,590.7274268483,267653396237.7274268483,2293.881685885969
2296,591.0197275729,267653396238.0197275729,2295.020293732365
2297,591.4152596157,267653396238.4152596157,2296.561021652385
2298,591.6624103310,267653396238.6624103310,2297.5237553030397
2299,592.0938614673,267653396239.0938614673,2299.204399953511
2300,592.3337263072,267653396239.3337263072,2300.138752713527
2301,592.5866702061,267653396239.5866702061,2301.1240527273394
2302,592.9804992954,267653396239.9804992954,2302.6581470811248
2303,593.1139917906,267653396240.1139917906,2303.1781444320645
2304,593.3784636590,267653396240.3784636590,2304.2083496938667
2305,593.5025472548,267653396240.5025472548,2304.6916962746195
2306,593.7159770073,267653396240.7159770073,2305.5230756397705
2307,593.9418985938,267653396240.9418985938,2306.403114823427
2308,594.1778552678,267653396241.1778552678,2307.322243986702
2309,594.4767716599,267653396241.4767716599,2308.486622042649
2310,594.7245316364,267653396241.7245316364,2309.4517289668693
2311,595.0142721210,267653396242.0142721210,2310.580363833019
2312,595.3153991220,267653396242.3153991220,2311.7533529406232
2313,595.6872405922,267653396242.6872405922,2313.201798257223
2314,595.8853699640,267653396242.8853699640,2313.9735775870276
2315,596.0132282639,267653396243.0132282639,2314.47162788674
2316,596.3070174758,267653396243.3070174758,2315.616033882702
2317,596.4433454702,267653396243.4433454702,2316.14707643937
2318,596.7052001243,267653396243.7052001243,2317.1670867872126
2319,596.9610189387,267653396243.9610189387,2318.1635855462578
2320,597.3822237295,267653396244.3822237295,2319.804317297441
2321,597.4219486234,267653396244.4219486234,2319.9590588772085
2322,598.0169255120,267653396245.0169255120,2322.2766903326633
2323,598.1563348768,267653396245.1563348768,2322.819735844575
2324,598.3114038059,267653396245.3114038059,2323.423780530565
2325,598.4496380436,267653396245.4496380436,2323.96224853437
2326,598.8098707903,267653396245.8098707903,2325.365474039484
2327,599.1513557989,267653396246.1513557989,2326.695670913786
2328,599.2947420432,267653396246.2947420432,2327.254207684603
2329,599.6714544889,267653396246.6714544889,2328.7216270592785
2330,599.8809586239,267653396246.8809586239,2329.537714847943
2331,600.2011595093,267653396247.2011595093,2330.785003033899
2332,600.5564685399,267653396247.5564685399,2332.169049038885
2333,600.6123605383,267653396247.6123605383,2332.3867668294115
2334,600.7211980564,267653396247.7211980564,2332.810724902936
2335,601.1348784970,267653396248.1348784970,2334.422146825386
2336,601.3889648157,267653396248.3889648157,2335.4118969415726
2337,601.7897234803,267653396248.7897234803,2336.9729842794504
2338,601.8263377628,267653396248.8263377628,2337.1156090006234
2339,602.2550114391,267653396249.2550114391,2338.7854345272194
2340,602.5503049572,267653396249.5503049572,2339.9357002925863
2341,602.7565941101,267653396249.7565941101,2340.7392646643143
2342,603.0656900345,267653396250.0656900345,2341.9432953600754
2343,603.3436634914,267653396250.3436634914,2343.0260937676057
2344,603.6483018495,267653396250.6483018495,2344.2127607706425
2345,603.8570937132,267653396250.8570937132,2345.0260740273866
2346,604.0175332098,267653396251.0175332098,2345.6510388472684
2347,604.3159277933,267653396251.3159277933,2346.8133842864077
2348,604.6024502553,267653396251.6024502553,2347.9294838918713
2349,604.6818295808,267653396251.6818295808,2348.23869257748
2350,605.1380978393,267653396252.1380978393,2350.0160081140793
2351,605.2848187538,267653396252.2848187538,2350.5875345265067
2352,605.5187334886,267653396252.5187334886,2351.498709662306
2353,605.8552242707,267653396252.8552242707,2352.8094523751893
2354,606.0454891094,267653396253.0454891094,2353.55059675153
2355,606.2534407664,267653396253.2534407664,2354.360637125723
2356,606.5457034019,267653396253.5457034019,2355.4990966025
2357,606.6338791304,267653396253.6338791304,2355.842570182558
2358,607.0258425071,267653396254.0258425071,2357.369396969671
2359,607.1623387136,267653396254.1623387136,2357.9010947680163
2360,607.4300682205,267653396254.4300682205,2358.9439896075214
2361,607.9274374057,267653396254.9274374057,2360.8814068260417
2362,608.0683571772,267653396255.0683571772,2361.43033587082
2363,608.3338898235,267653396255.3338898235,2362.4646732128367
2364,608.5892441500,267653396255.5892441500,2363.4593626381293
2365,608.8087063933,267653396255.8087063933,2364.314240547008
2366,609.1956489959,267653396256.1956489959,2365.8215097610323
2367,609.3139084110,267653396256.3139084110,2366.2821692346884
2368,609.5933724156,267653396256.5933724156,2367.3707738177227
2369,610.0268899484,267653396257.0268899484,2369.059467764935
2370,610.1233345212,267653396257.1233345212,2369.4351512240955
2371,610.5284829367,267653396257.5284829367,2371.0133380913226
2372,610.8516835882,267653396257.8516835882,2372.2723113568286
2373,610.9397347481,267653396257.9397347481,2372.615299701055
2374,611.2696376367,267653396258.2696376367,2373.9003803932906
2375,611.5435340753,267653396258.5435340753,2374.9672974682235
2376,611.9012282269,267653396258.9012282269,2376.360634307126
2377,612.0416474129,267653396259.0416474129,2376.9076134060783
2378,612.1430338904,267653396259.1430338904,2377.3025472159698
2379,612.5889172870,267653396259.5889172870,2379.0394102861624
2380,612.7366112854,267653396259.7366112854,2379.6147271817144
2381,612.8072690547,267653396259.8072690547,2379.8899625258764
2382,613.2919180190,267653396260.2919180190,2381.7778302834977
2383,613.5894881077,267653396260.5894881077,2382.936964043127
2384,613.6880525836,267653396260.6880525836,2383.3209052249
2385,613.7825217576,267653396260.7825217576,2383.6888938534144
2386,614.0773431700,267653396261.0773431700,2384.837320611182
2387,614.6736277383,267653396261.6736277383,2387.1600459108986
2388,614.8649961742,267653396261.8649961742,2387.905489162766
2389,615.1575599092,267653396262.1575599092,2389.0451215215267
2390,615.3666305560,267653396262.3666305560,2389.8595207305066
2391,615.6452797468,267653396262.6452797468,2390.9449513447216
2392,615.8493391088,267653396262.8493391088,2391.73982994457
2393,616.0536160013,267653396263.0536160013,2392.5355558975493
2394,616.2492092308,267653396263.2492092308,2393.2974561156084
2395,616.5391281034,267653396263.5391281034,2394.4267858619296
2396,616.9294761463,267653396263.9294761463,2395.947320390475
2397,617.0097305799,267653396264.0097305799,2396.259937911114
2398,617.2051279110,267653396264.2051279110,2397.0210750402152
2399,617.4025469897,267653396264.4025469897,2397.7900875438436
2400,617.6071754010,267653396264.6071754010,2398.587182778628
2401,618.0567438100,267653396265.0567438100,2400.3384001889917
2402,618.4598930260,267653396265.4598930260,2401.908799513989
2403,618.7278525016,267653396265.7278525016,2402.952590157523
2404,618.8766579712,267653396265.8766579712,2403.5322366004316
2405,619.0124897982,267653396266.0124897982,2404.061346421233
2406,619.4382506770,267653396266.4382506770,2405.7198256397014
2407,619.6930792613,267653396266.6930792613,2406.712467125515
2408,620.0331301484,267653396267.0331301484,2408.0370776230006
2409,620.3256053355,267653396267.3256053355,2409.176365058451
2410,620.5806560609,267653396267.5806560609,2410.169871857205
2411,620.6541436736,267653396267.6541436736,2410.4561303758865
2412,621.0284926745,267653396268.0284926745,2411.9143433526096
2413,621.1580629613,267653396268.1580629613,2412.419062406635
2414,621.5091253889,267653396268.5091253889,2413.78656649062
2415,621.9229471206,267653396268.9229471206,2415.3985387885673
2416,622.1249376603,267653396269.1249376603,2416.1853586423877
2417,622.2630756099,267653396269.2630756099,2416.723451572248
2418,622.4984097241,267653396269.4984097241,2417.640155659523
2419,622.7290280336,267653396269.7290280336,2418.538490130229
2420,623.0057155160,267653396270.0057155160,2419.6162792424284
2421,623.2453206489,267653396270.2453206489,2420.5496203579232
2422,623.5370357923,267653396270.5370357923,2421.6859471721796
2423,623.6915336613,267653396270.6915336613,2422.287767390506
2424,623.9229743310,267653396270.9229743310,2423.189305225753
2425,624.2429843765,267653396271.2429843765,2424.435850027284
2426,624.6243365730,267653396271.6243365730,2425.921342763478
2427,624.7881779146,267653396271.7881779146,2426.5595588930005
2428,624.8724073958,267653396271.8724073958,2426.8876605366895
2429,625.2166729352,267653396272.2166729352,2428.2286884966547
2430,625.4864036344,267653396272.4864036344,2429.2793786410084
2431,625.6641618897,267653396272.6641618897,2429.971805745062
2432,625.9427136217,267653396272.9427136217,2431.0568567250693
2433,626.3458152882,267653396273.3458152882,2432.627070829064
2434,626.7247660564,267653396273.7247660564,2434.1032092090263
2435,626.8313838180,267653396273.8313838180,2434.5185205979724
2436,627.0799304828,267653396274.0799304828,2435.4866919329074
2437,627.3443924307,267653396274.3443924307,2436.5168585510914
2438,627.7351946374,267653396274.7351946374,2438.0391621976155
2439,627.9363497554,267653396274.9363497554,2438.8227278080403
2440,628.1592969989,267653396275.1592969989,2439.6911809435237
2441,628.4822366248,267653396275.4822366248,2440.9491374281247
2442,628.6393476051,267653396275.6393476051,2441.561136577872
2443,628.9692692971,267653396275.9692692971,2442.8462905155634
2444,629.0616286570,267653396276.0616286570,2443.2060607214526
2445,629.6300886950,267653396276.6300886950,2445.420400287388
2446,629.7136166427,267653396276.7136166427,2445.745769226433
2447,629.7975518969,267653396276.7975518969,2446.0727247587965
2448,630.1498059707,267653396277.1498059707,2447.44487069824
2449,630.4655397062,267653396277.4655397062,2448.6747578601908
2450,630.5912732174,267653396277.5912732174,2449.1645314062675
2451,631.0490356591,267653396278.0490356591,2450.9476672798496
2452,631.3106338125,267653396278.3106338125,2451.966678472769
2453,631.4920499273,267653396278.4920499273,2452.6733541474805
2454,631.8502735584,267653396278.8502735584,2454.0687534838858
2455,632.1649308048,267653396279.1649308048,2455.294447365312
2456,632.3949362106,267653396279.3949362106,2456.1903943737143
2457,632.5183746066,267653396279.5183746066,2456.67122768819
2458,632.6278157787,267653396279.6278157787,2457.097537193386
2459,632.8640388998,267653396279.8640388998,2458.017704256107
2460,633.1389985195,267653396280.1389985195,2459.0887627725133
2461,633.5966619969,267653396280.5966619969,2460.871513147468
2462,633.8535751715,267653396280.8535751715,2461.872274800879
2463,633.9970850407,267653396280.9970850407,2462.431293131508
2464,634.1543130632,267653396281.1543130632,2463.0437481992744
2465,634.6164910251,267653396281.6164910251,2464.844083982138
2466,634.7351916745,267653396281.7351916745,2465.306462209099
2467,635.2101511343,267653396282.2101511343,2467.1565861470135
2468,635.3468239773,267653396282.3468239773,2467.688972002858
2469,635.4453038774,267653396282.4453038774,2468.072583733963
2470,635.6873066170,267653396282.6873066170,2469.015264319298
2471,635.8406456811,267653396282.8406456811,2469.6125706098774
2472,636.2253748505,267653396283.2253748505,2471.11121777067
2473,636.4387802479,267653396283.4387802479,2471.942502264669
2474,636.8596588576,267653396283.8596588576,2473.5819634327654
2475,636.9927187456,267653396283.9927187456,2474.1002756358084
2476,637.5486888745,267653396284.5486888745,2476.2659628813612
2477,637.8375324804,267653396284.8375324804,2477.391104108813
2478,638.0735608933,267653396285.0735608933,2478.3105127187987
2479,638.1482213590,267653396285.1482213590,2478.601339887218
2480,638.5632574836,267653396285.5632574836,2480.218042646534
2481,638.7553358326,267653396285.7553358326,2480.966251244358
2482,638.9706458420,267653396285.9706458420,2481.804954831042
2483,639.2332692384,267653396286.2332692384,2482.827959684005
2484,639.5768139270,267653396286.5768139270,2484.1661796920666
2485,639.7692174082,267653396286.7692174082,2484.9156547871753
2486,639.9101439350,267653396286.9101439350,2485.4646101460808
2487,640.2989908818,267653396287.2989908818,2486.979297409627
2488,640.4445152113,267653396287.4445152113,2487.546162728344
2489,640.7430042641,267653396287.7430042641,2488.708876156609
2490,640.9746772081,267653396287.9746772081,2489.6113187769593
2491,641.0343873208,267653396288.0343873208,2489.84390938351
2492,641.2407552433,267653396288.2407552433,2490.6477805888458
2493,641.8010877079,267653396288.8010877079,2492.83046057249
2494,642.0542524533,267653396289.0542524533,2493.8166208563557
2495,642.2442874834,267653396289.2442874834,2494.556870052316
2496,642.4891652437,267653396289.4891652437,2495.5107497926733
2497,642.7203725331,267653396289.7203725331,2496.4113785345867
2498,643.1137785122,267653396290.1137785122,2497.9438247344347
2499,643.1900146508,267653396290.1900146508,2498.240789669121
2500,643.3933039999,267653396290.3933039999,2499.0326688144523
2501,643.6795713380,267653396290.6795713380,2500.147774628084
2502,644.1914070975,267653396291.1914070975,2502.1415439306925
2503,644.4115118629,267653396291.4115118629,2502.9989246753303
2504,644.6021817852,267653396291.6021817852,2503.741646986065
2505,644.7438355335,267653396291.7438355335,2504.2934351128574
2506,645.0392469200,267653396292.0392469200,2505.4441600145724
2507,645.3120227261,267653396292.3120227261,2506.506711855866
2508,645.3767515174,267653396292.3767515174,2506.758851872841
2509,645.6537370783,267653396292.6537370783,2507.8378020992336
2510,646.2111620824,267653396293.2111620824,2510.0091565641246
2511,646.4304552295,267653396293.4304552295,2510.86337578747
2512,646.7158553768,267653396293.7158553768,2511.9751036065713
2513,646.9494278606,267653396293.9494278606,2512.8849455617124
2514,647.1613404525,267653396294.1613404525,2513.7104150853334
2515,647.4359754251,267653396294.4359754251,2514.780208994082
2516,647.6891349867,267653396294.6891349867,2515.7663490853356
2517,647.8833662414,267653396294.8833662414,2516.5229439617983
2518,648.1695098298,267653396295.1695098298,2517.6375677294845
2519,648.4899324686,267653396295.4899324686,2518.885719718171
2520,648.7069815020,267653396295.7069815020,2519.7311973775995
2521,648.8956164150,267653396295.8956164150,2520.4659926551067
2522,649.1866718337,267653396296.1866718337,2521.5997496238056
2523,649.4059093049,267653396296.4059093049,2522.4537519711353
2524,649.7161045092,267653396296.7161045092,2523.662064725122
2525,650.1715221697,267653396297.1715221697,2525.4360669016373
2526,650.4076173797,267653396297.4076173797,2526.3557357083873
2527,650.5403457336,267653396297.5403457336,2526.8727564766323
2528,650.6650222377,267653396297.6650222377,2527.358412631009
2529,651.0665775143,267653396298.0665775143,2528.9226030356976
2530,651.2635007531,267653396298.2635007531,2529.6896840791824
2531,651.5248829195,267653396298.5248829195,2530.707853931416
2532,651.6345034055,267653396298.6345034055,2531.1348619234673
2533,652.0032975704,267653396299.0032975704,2532.571436979649
2534,652.1348043159,267653396299.1348043159,2533.083699179774
2535,652.3706159748,267653396299.3706159748,2534.002263461355
2536,652.6418871526,267653396299.6418871526,2535.05895427856
2537,652.8987660337,267653396299.8987660337,2536.0595823474678
2538,653.1652868797,267653396300.1652868797,2537.0977690536483
2539,653.4419556551,267653396300.4419556551,2538.1754852959098
2540,653.7740579557,267653396300.7740579557,2539.469133424188
2541,654.0002162784,267653396301.0002162784,2540.3500947735274
2542,654.3272872379,267653396301.3272872379,2541.624144166762
2543,654.5290134065,267653396301.5290134065,2542.4099342078507
2544,654.9090603673,267653396301.9090603673,2543.8903426199827
2545,655.1383133276,267653396302.1383133276,2544.7833586046913
2546,655.5629686509,267653396302.5629686509,2546.437531319418
2547,655.6727809239,267653396302.6727809239,2546.8652863851667
2548,655.8482410290,267653396302.8482410290,2547.5487614352946
2549,656.1566988522,267653396303.1566988522,2548.7503065161764
2550,656.3650840453,267653396303.3650840453,2549.5620356566483
2551,656.7315533800,267653396303.7315533800,2550.9895547314923
2552,656.9832562007,267653396303.9832562007,2551.970020335894
2553,657.1421015943,267653396304.1421015943,2552.5887755981885
2554,657.4654205872,267653396304.4654205872,2553.848209842535
2555,657.7619509453,267653396304.7619509453,2555.003293508143
2556,657.9736404153,267653396304.9736404153,2555.8278938982853
2557,658.2238311392,267653396305.2238311392,2556.8024693863235
2558,658.4484301784,267653396305.4484301784,2557.677356811522
2559,658.5718558554,267653396305.5718558554,2558.1581405812944
2560,658.9405750652,267653396305.9405750652,2559.5944236626115
2561,659.1599019653,267653396306.1599019653,2560.4487743650393
2562,659.4117637439,267653396306.4117637439,2561.4298591629536
2563,659.6684723300,267653396306.6684723300,2562.429823876602
2564,659.8611472224,267653396306.8611472224,2563.1803562079626
2565,660.2747619435,267653396307.2747619435,2564.7915221312733
2566,660.5779506781,267653396307.5779506781,2565.9725423720906
2567,660.6709531746,267653396307.6709531746,2566.334817807416
2568,660.9643480767,267653396307.9643480767,2567.4776878365087
2569,661.2572803395,267653396308.2572803395,2568.618755732754
2570,661.5654037908,267653396308.5654037908,2569.8189983246693
2571,661.7470881534,267653396308.7470881534,2570.5267189131464
2572,662.0786744068,267653396309.0786744068,2571.8183568671716
2573,662.2701058772,267653396309.2701058772,2572.5640456592378
2574,662.4311957232,267653396309.4311957232,2573.1915438047977
2575,662.6855532620,267653396309.6855532620,2574.182350412846
2576,662.8893356052,267653396309.8893356052,2574.976149932996
2577,663.4343995049,267653396310.4343995049,2577.099353814348
2578,663.5244021439,267653396310.5244021439,2577.449943814093
2579,663.7200053065,267653396310.7200053065,2578.2118827248623
2580,664.0125832775,267653396311.0125832775,2579.351570537552
2581,664.3329712610,267653396311.3329712610,2580.599587532404
2582,664.5966260786,267653396311.5966260786,2581.626610111543
2583,664.8421256226,267653396311.8421256226,2582.5829119047416
2584,665.0186110975,267653396312.0186110975,2583.270381108841
2585,665.1580943690,267653396312.1580943690,2583.8137145117603
2586,665.7209174822,267653396312.7209174822,2586.006096394176
2587,666.0960062222,267653396313.0960062222,2587.4671908989817
2588,666.3736137161,267653396313.3736137161,2588.5485637597885
2589,666.5557208814,267653396313.5557208814,2589.257931304401
2590,666.6847828691,267653396313.6847828691,2589.760670365584
2591,666.9681330337,267653396313.9681330337,2590.864412825123
2592,667.2759612169,267653396314.2759612169,2592.0635052502857
2593,667.4609567842,267653396314.4609567842,2592.784124074502
2594,667.7438400680,267653396314.7438400680,2593.8860478791507
2595,667.8882620324,267653396314.8882620324,2594.44861912178
2596,668.0690719629,267653396315.0690719629,2595.152933508472
2597,668.4064043433,267653396315.4064043433,2596.46695452466
2598,668.7248140858,267653396315.7248140858,2597.7072656175596
2599,668.9936723574,267653396315.9936723574,2598.7545573683237
2600,669.1911004332,267653396316.1911004332,2599.5236049186337
2601,669.3823849395,267653396316.3823849395,2600.268721237
2602,669.6665969324,267653396316.6665969324,2601.375820802363
2603,669.9855165307,267653396316.9855165307,2602.6181179519685
2604,670.0634630174,267653396317.0634630174,2602.9217452573002
2605,670.4976711924,267653396317.4976711924,2604.6131294839624
2606,670.8217386252,267653396317.8217386252,2605.8754791488736
2607,670.9991486676,267653396317.9991486676,2606.5665498486983
2608,671.1342183498,267653396318.1342183498,2607.092690863831
2609,671.2998970292,267653396318.2998970292,2607.7380640308184
2610,671.6985248735,267653396318.6985248735,2609.290851120001
2611,672.0370135009,267653396319.0370135009,2610.6093761000734
2612,672.2801416889,267653396319.2801416889,2611.5564406785797
2613,672.4688720389,267653396319.4688720389,2612.2916077147197
2614,672.7158150322,267653396319.7158150322,2613.2535322196018
2615,672.9808649186,267653396319.9808649186,2614.2859890524005
2616,673.4488780433,267653396320.4488780433,2616.109054721279
2617,673.8811259424,267653396320.8811259424,2617.792803025986
2618,674.0098812368,267653396321.0098812368,2618.2943474154886
2619,674.2284706254,267653396321.2284706254,2619.1458252670836
2620,674.3697469944,267653396321.3697469944,2619.6961433768865
2621,674.6301059858,267653396321.6301059858,2620.7103276246244
2622,674.8116141472,267653396321.8116141472,2621.417361851243
2623,675.0691428075,267653396322.0691428075,2622.420521024709
2624,675.3218189688,267653396322.3218189688,2623.404778112169
2625,675.6563921320,267653396322.6563921320,2624.7080510662113
2626,675.7979536060,267653396322.7979536060,2625.259479754137
2627,676.1634985886,267653396323.1634985886,2626.6833981723144
2628,676.4321550642,267653396323.4321550642,2627.729903861022
2629,676.6762265921,267653396323.6762265921,2628.6806430599513
2630,676.9357718932,267653396323.9357718932,2629.6916577152724
2631,677.2081742450,267653396324.2081742450,2630.75275482875
2632,677.3585639946,267653396324.3585639946,2631.3385725654275
2633,677.7428585441,267653396324.7428585441,2632.835526738198
2634,678.0015176486,267653396325.0015176486,2633.8430893651207
2635,678.2335579862,267653396325.2335579862,2634.7469631048693
2636,678.5008078912,267653396325.5008078912,2635.78798973661
2637,678.8036434518,267653396325.8036434518,2636.967634248075
2638,678.9087540808,267653396325.9087540808,2637.3770748578595
2639,679.2481941733,267653396326.2481941733,2638.6993061086923
2640,679.4116434548,267653396326.4116434548,2639.335995034664
2641,679.7499248876,267653396326.7499248876,2640.6537129233507
2642,679.9434290024,267653396326.9434290024,2641.407475349789
2643,680.1686362856,267653396327.1686362856,2642.2847320862256
2644,680.3169103035,267653396327.3169103035,2642.862308349271
2645,680.7450986446,267653396327.7450986446,2644.530243335015
2646,680.8531350320,267653396327.8531350320,2644.9510807399165
2647,681.2352425650,267653396328.2352425650,2646.43951576122
2648,681.4535990808,267653396328.4535990808,2647.2900864963603
2649,681.7022971817,267653396328.7022971817,2648.2588477249205
2650,681.9031691029,267653396328.9031691029,2649.041310190298
2651,682.3900801754,267653396329.3900801754,2650.937989606376
2652,682.6801431727,267653396329.6801431727,2652.0678807660083
2653,682.7951006566,267653396329.7951006566,2652.5156781272754
2654,683.0479426111,267653396330.0479426111,2653.500581033999
2655,683.4617697325,267653396330.4617697325,2655.112574326623
2656,683.7270587944,267653396330.7270587944,2656.1459628269768
2657,683.8953175956,267653396330.8953175956,2656.801386420389
2658,684.1803500727,267653396331.1803500727,2657.911682042655
2659,684.4584315513,267653396331.4584315513,2658.994901230391
2660,684.7211113944,267653396331.7211113944,2660.018125961898
2661,684.9462974858,267653396331.9462974858,2660.895300149276
2662,685.1863011720,267653396332.1863011720,2661.8301937614942
2663,685.2279815753,267653396332.2279815753,2661.992552696129
2664,685.7069944480,267653396332.7069944480,2663.8584660158285
2665,686.0782792116,267653396333.0782792116,2665.3047427764045
2666,686.2125980722,267653396333.2125980722,2665.8279590934685
2667,686.3942070677,267653396333.3942070677,2666.535386102206
2668,686.7515680185,267653396333.7515680185,2667.9274250139783
2669,686.9694480051,267653396333.9694480051,2668.776139510525
2670,687.1176489819,267653396334.1176489819,2669.3534312543666
2671,687.2519550266,267653396334.2519550266,2669.8765976492687
2672,687.5342926573,267653396334.5342926573,2670.9763959549095
2673,687.7772535175,267653396334.7772535175,2671.9228087363817
2674,688.1599376924,267653396335.1599376924,2673.4134899683067
2675,688.2604476708,267653396335.2604476708,2673.805009524769
2676,688.6935110791,267653396335.6935110791,2675.491934507113
2677,689.0780280695,267653396336.0780280695,2676.9897551606464
2678,689.3001724355,267653396336.3001724355,2677.8550808231475
2679,689.4832925582,267653396336.4832925582,2678.5683941713364
2680,689.8605663495,267653396336.8605663495,2680.038000172513
2681,690.0271953065,267653396337.0271953065,2680.687074984556
2682,690.2061084819,267653396337.2061084819,2681.3840008837856
2683,690.5046222628,267653396337.5046222628,2682.546810636175
2684,690.6197747722,267653396337.6197747722,2682.995367686167
2685,691.0484222671,267653396338.0484222671,2684.665091227587
2686,691.3104699980,267653396338.3104699980,2685.6858536733384
2687,691.4856759123,267653396338.4856759123,2686.3683385663644
2688,691.7756821332,267653396338.7756821332,2687.4980085631714
2689,692.0318856199,267653396339.0318856199,2688.496005747867
2690,692.3658282850,267653396339.3658282850,2689.7968227036085
2691,692.7130443652,267653396339.7130443652,2691.149343994337
2692,692.7724001581,267653396339.7724001581,2691.3805544082643
2693,693.1393004690,267653396340.1393004690,2692.809752277733
2694,693.5193622638,267653396340.5193622638,2694.2902184732025
2695,693.6692378715,267653396340.6692378715,2694.8740334574004
2696,693.8415980997,267653396340.8415980997,2695.545433463359
2697,694.1404735525,267653396341.1404735525,2696.709652047232
2698,694.2502955972,267653396341.2502955972,2697.137445176981
2699,694.5811480532,267653396341.5811480532,2698.426224747824
2700,695.0304103528,267653396342.0304103528,2700.1762497610116
2701,695.2189673324,267653396342.2189673324,2700.9107414621953
2702,695.4549099271,267653396342.4549099271,2701.8298157819613
2703,695.6919124989,267653396342.6919124989,2702.7530190625594
2704,695.9497527572,267653396342.9497527572,2703.7573920131354
2705,696.1598640572,267653396343.1598640572,2704.575844909986
2706,696.3982332980,267653396343.3982332980,2705.504371817643
2707,696.6740354434,267653396343.6740354434,2706.5787122498814
2708,696.9484429785,267653396343.9484429785,2707.647620214471
2709,697.2238710020,267653396344.2238710020,2708.720503318366
2710,697.3913742372,267653396344.3913742372,2709.372983732705
2711,697.7093558479,267653396344.7093558479,2710.6116271108704
2712,697.9071727672,267653396344.9071727672,2711.382189335021
2713,698.0630472396,267653396345.0630472396,2711.989371878182
2714,698.5127848398,267653396345.5127848398,2713.7412483441617
2715,698.7076610075,267653396345.7076610075,2714.5003553697297
2716,698.7717033169,267653396345.7717033169,2714.749821313015
2717,699.0424960031,267653396346.0424960031,2715.8046482474374
2718,699.2773001619,267653396346.2773001619,2716.7192879834365
2719,699.8039960498,267653396346.8039960498,2718.7709423933197
2720,699.9196089554,267653396346.9196089554,2719.2212928385443
2721,700.3038381780,267653396347.3038381780,2720.717992541472
2722,700.6522589499,267653396347.6522589499,2722.0752065041893
2723,700.7836585516,267653396347.7836585516,2722.587051343836
2724,701.2287594630,267653396348.2287594630,2724.320866375804
2725,701.3759702011,267653396348.3759702011,2724.894300812912
2726,701.5441132692,267653396348.5441132692,2725.549273587684
2727,702.0506660796,267653396349.0506660796,2727.52246405902
2728,702.2299842833,267653396349.2299842833,2728.220967677228
2729,702.4058672913,267653396349.4058672913,2728.906090073808
2730,702.7030911811,267653396349.7030911811,2730.063875274415
2731,702.8604135714,267653396349.8604135714,2730.676697935931
2732,703.1378680135,267653396350.1378680135,2731.757474609442
2733,703.3704357933,267653396350.3704357933,2732.6634029107354
2734,703.4531302296,267653396350.4531302296,2732.9855250476376
2735,703.8492770102,267653396350.8492770102,2734.5286475744147
2736,704.0395010964,267653396351.0395010964,2735.269633206322
2737,704.3668203733,267653396351.3668203733,2736.544649877839
2738,704.6115221789,267653396351.6115221789,2737.4978442165448
2739,704.7991580544,267653396351.7991580544,2738.228747913092
2740,705.2772369469,267653396352.2772369469,2740.091023071497
2741,705.3315044409,267653396352.3315044409,2740.302412880942
2742,705.6281554309,267653396352.6281554309,2741.457966447644
2743,706.0100616473,267653396353.0100616473,2742.9456172743166
2744,706.3621414641,267653396353.3621414641,2744.317084425217
2745,706.4220567419,267653396353.4220567419,2744.550474217585
2746,706.6086566137,267653396353.6086566137,2745.2773423376093
2747,706.8541516843,267653396353.8541516843,2746.233626705444
2748,707.1842959220,267653396354.1842959220,2747.519647532142
2749,707.3182410308,267653396354.3182410308,2748.0414079625257
2750,707.5149570636,267653396354.5149570636,2748.807681870223
2751,707.9455901148,267653396354.9455901148,2750.48513980911
2752,708.2760438871,267653396355.2760438871,2751.77236637529
2753,708.6537609557,267653396355.6537609557,2753.2436990879337
2754,708.7664547596,267653396355.7664547596,2753.682678668086
2755,708.9556105008,267653396355.9556105008,2754.4195027434275
2756,709.1660825978,267653396356.1660825978,2755.2393610637378
2757,709.3427508632,267653396356.3427508632,2755.927542297201
2758,709.7904399129,267653396356.7904399129,2757.6714389825097
2759,710.1345263860,267653396357.1345263860,2759.0117694201226
2760,710.2877591033,267653396357.2877591033,2759.608661454805
2761,710.6442527543,267653396357.6442527543,2760.99732194746
2762,710.8307772876,267653396357.8307772876,2761.723896599149
2763,711.0128258382,267653396358.0128258382,2762.433035820154
2764,711.1430908484,267653396358.1430908484,2762.940461051242
2765,711.6140605063,267653396358.6140605063,2764.7750433932574
2766,711.9373544845,267653396358.9373544845,2766.0343801970976
2767,712.1378649274,267653396359.1378649274,2766.8154345851326
2768,712.4562428731,267653396359.4562428731,2768.055621819004
2769,712.7924121677,267653396359.7924121677,2769.365112231934
2770,713.0203350934,267653396360.0203350934,2770.2529472926767
2771,713.1160397587,267653396360.1160397587,2770.6257485677966
2772,713.5326642604,267653396360.5326642604,2772.2486385804527
2773,713.7062388194,267653396360.7062388194,2772.9247688058786
2774,713.8644078523,267653396360.8644078523,2773.5408894199027
2775,714.0131139067,267653396361.0131139067,2774.1201486077866
2776,714.2237227996,267653396361.2237227996,2774.940539793301
2777,714.6469379489,267653396361.6469379489,2776.5891025547353
2778,714.8288815608,267653396361.8288815608,2777.2978330048513
2779,715.2152944031,267653396362.2152944031,2778.803038627593
2780,715.3256932136,267653396362.3256932136,2779.2330784505957
2781,715.5987907946,267653396362.5987907946,2780.296883711393
2782,715.9407218524,267653396362.9407218524,2781.628818094648
2783,716.0797846550,267653396363.0797846550,2782.170513632358
2784,716.3574170944,267653396363.3574170944,2783.251983664133
2785,716.5637596472,267653396363.5637596472,2784.0557560461193
2786,716.8565632099,267653396363.8565632099,2785.1963226129856
2787,717.1319156486,267653396364.1319156486,2786.268911289128
2788,717.3499912904,267653396364.3499912904,2787.118387927292
2789,717.8221608469,267653396364.8221608469,2788.957644270589
2790,718.0322366339,267653396365.0322366339,2789.77595883258
2791,718.3036687648,267653396365.3036687648,2790.8332766152703
2792,718.5600670855,267653396365.5600670855,2791.832032742738
2793,718.7716272175,267653396365.7716272175,2792.656129318668
2794,719.0603211315,267653396366.0603211315,2793.7806874467515
2795,719.3973392166,267653396366.3973392166,2795.0934841789694
2796,719.5126572948,267653396366.5126572948,2795.542686174114
2797,719.8319501363,267653396366.8319501363,2796.786437229246
2798,720.0440080858,267653396367.0440080858,2797.6124729687285
2799,720.3872513329,267653396367.3872513329,2798.9495187626217
2800,720.5860749930,267653396367.5860749930,2799.7240025746387
2801,720.9244468584,267653396367.9244468584,2801.0420727281735
2802,721.0875035761,267653396368.0875035761,2801.677232488515
2803,721.3347964283,267653396368.3347964283,2802.6405198093507
2804,721.7672144998,267653396368.7672144998,2804.3249309917624
2805,721.8621175168,267653396368.8621175168,2804.694609582032
2806,721.9986143892,267653396368.9986143892,2805.2263099742877
2807,722.1480692083,267653396369.1480692083,2805.8084858479374
2808,722.5613157802,267653396369.5613157802,2807.418217708558
2809,722.8431815129,267653396369.8431815129,2808.516177815664
2810,723.2957536096,267653396370.2957536096,2810.279095581531
2811,723.3602971731,267653396370.3602971731,2810.5305140750615
2812,723.5165557094,267653396370.5165557094,2811.139192673942
2813,723.8184664436,267653396370.8184664436,2812.315234681189
2814,724.1574302285,267653396371.1574302285,2813.635610556642
2815,724.5768056861,267653396371.5768056861,2815.2692164509567
2816,724.7184577003,267653396371.7184577003,2815.8209978228642
2817,724.9905977445,267653396371.9905977445,2816.8810731616272
2818,725.2067298692,267653396372.2067298692,2817.722979158896
2819,725.2931086385,267653396372.2931086385,2818.0594529894815
2820,725.6291803716,267653396372.6291803716,2819.368563368155
2821,725.9109620578,267653396372.9109620578,2820.4661960863896
2822,726.1699680664,267653396373.1699680664,2821.475110019345
2823,726.4572423161,267653396373.4572423161,2822.5941380861773
2824,726.5388139661,267653396373.5388139661,2822.911886599673
2825,726.7369804172,267653396373.7369804172,2823.6838103656114
2826,727.0735001333,267653396374.0735001333,2824.994665786003
2827,727.3467416733,267653396374.3467416733,2826.059031814646
2828,727.7351604054,267653396374.7351604054,2827.572051040551
2829,727.9517965704,267653396374.9517965704,2828.4159204412335
2830,728.5656855895,267653396375.5656855895,2830.8072208902317
2831,728.6339308647,267653396375.6339308647,2831.073058773221
2832,728.8747943852,267653396375.8747943852,2832.01130172398
2833,729.0769486868,267653396376.0769486868,2832.7987594844913
2834,729.3249394955,267653396376.3249394955,2833.7647655763762
2835,729.7230567255,267653396376.7230567255,2835.3155636542583
2836,729.8273938577,267653396376.8273938577,2835.721991238584
2837,730.0134694000,267653396377.0134694000,2836.4468169220636
2838,730.4286133119,267653396377.4286133119,2838.0639395485296
2839,730.6563552836,267653396377.6563552836,2838.95106973369
2840,730.7999921833,267653396377.7999921833,2839.510582890073
2841,731.0601613623,267653396378.0601613623,2840.5240277558414
2842,731.3672746859,267653396378.3672746859,2841.7203355668116
2843,731.5454059765,267653396378.5454059765,2842.4142157665538
2844,731.9908219697,267653396378.9908219697,2844.1492581461885
2845,732.1501764777,267653396379.1501764777,2844.7699965771985
2846,732.3760738755,267653396379.3760738755,2845.6499415379
2847,732.6788832043,267653396379.6788832043,2846.829483867851
2848,732.7324862072,267653396379.7324862072,2847.0382852650328
2849,732.9743296446,267653396379.9743296446,2847.9803453157083
2850,733.3555553649,267653396380.3555553649,2849.465345385363
2851,733.5093832466,267653396380.5093832466,2850.0645557819216
2852,733.7733718742,267653396380.7733718742,2851.0928786612526
2853,734.1453233257,267653396381.1453233257,2852.5417523913648
2854,734.4290730514,267653396381.4290730514,2853.6470512733435
2855,734.6309486610,267653396381.6309486610,2854.4334234364856
2856,734.7615706796,267653396381.7615706796,2854.942239333185
2857,735.2291859739,267653396382.2291859739,2856.763755321301
2858,735.4887363440,267653396382.4887363440,2857.7747897220597
2859,735.6881107824,267653396382.6881107824,2858.5514189974365
2860,735.8663520557,267653396382.8663520557,2859.245727616114
2861,736.1980782695,267653396383.1980782695,2860.53791076213
2862,736.4793629508,267653396383.4793629508,2861.6336074821593
2863,736.8240101218,267653396383.8240101218,2862.976122023253
2864,737.1220175206,267653396384.1220175206,2864.1369592501524
2865,737.2231704115,267653396384.2231704115,2864.5309831631093
2866,737.5022312238,267653396384.5022312238,2865.6180171790133
2867,737.8954916289,267653396384.8954916289,2867.1498963200816
2868,738.1021305629,267653396385.1021305629,2867.9548232047164
2869,738.3235303307,267653396385.3235303307,2868.8172484113525
2870,738.4617942913,267653396385.4617942913,2869.3558321956793
2871,738.7289462587,267653396385.7289462587,2870.3964773281364
2872,738.9079940455,267653396385.9079940455,2871.0939275832256
2873,739.3035273571,267653396386.3035273571,2872.6346604456753
2874,739.4500970480,267653396386.4500970480,2873.205597792255
2875,739.9570387103,267653396386.9570387103,2875.18030297016
2876,740.1556769310,267653396387.1556769310,2875.9540644344806
2877,740.4609385903,267653396387.4609385903,2877.143159401544
2878,740.6039043899,267653396387.6039043899,2877.7000584014263
2879,740.8109920474,267653396387.8109920474,2878.5067332122717
2880,741.1320009955,267653396388.1320009955,2879.757169069311
2881,741.4339688059,267653396388.4339688059,2880.9334334072087
2882,741.6877143300,267653396388.6877143300,2881.9218560159115
2883,741.8270099251,267653396388.8270099251,2882.4644583572845
2884,742.1595932393,267653396389.1595932393,2883.759980192393
2885,742.4049334755,267653396389.4049334755,2884.715661429115
2886,742.6733525858,267653396389.6733525858,2885.761242501607
2887,742.7665017116,267653396389.7665017116,2886.124089106481
2888,742.9136321204,267653396389.9136321204,2886.6972106344424
2889,743.2235985450,267653396390.2235985450,2887.9046322159666
2890,743.6162285677,267653396390.6162285677,2889.4340558094223
2891,743.8321834725,267653396390.8321834725,2890.275271476661
2892,744.2569483992,267653396391.2569483992,2891.9298711328465
2893,744.3668606043,267653396391.3668606043,2892.35801546713
2894,744.6030408729,267653396391.6030408729,2893.2780156052286
2895,744.9785940029,267653396391.9785940029,2894.7409190624535
2896,745.1030142793,267653396392.1030142793,2895.225577125334
2897,745.3956053659,267653396392.3956053659,2896.3653160276313
2898,745.5834948543,267653396392.5834948543,2897.0972076301764
2899,745.9185087834,267653396392.9185087834,2898.4021975129635
2900,746.1965693444,267653396393.1965693444,2899.485335219751
2901,746.4536341494,267653396393.4536341494,2900.4866875236594
2902,746.9594312352,267653396393.9594312352,2902.456934198135
2903,747.2840989829,267653396394.2840989829,2903.7216222878337
2904,747.3959158178,267653396394.3959158178,2904.157185784139
2905,747.5562287257,267653396394.5562287257,2904.7816574992457
2906,747.8411523228,267653396394.8411523228,2905.8915289979677
2907,748.0653830875,267653396395.0653830875,2906.764981872388
2908,748.3371138895,267653396395.3371138895,2907.823463077645
2909,748.7267938548,267653396395.7267938548,2909.3413952233554
2910,748.8734895547,267653396395.8734895547,2909.912823416602
2911,749.1134846300,267653396396.1134846300,2910.84768348653
2912,749.1566250939,267653396396.1566250939,2911.0157298393474
2913,749.3978215063,267653396396.3978215063,2911.9552695139882
2914,749.8602016392,267653396396.8602016392,2913.7563928196896
2915,749.9761389428,267653396396.9761389428,2914.208006902251
2916,750.3527818386,267653396397.3527818386,2915.6751553571326
2917,750.4781789630,267653396397.4781789630,2916.16361856555
2918,750.8369531451,267653396397.8369531451,2917.56116247993
2919,751.0596106140,267653396398.0596106140,2918.4284868476725
2920,751.2901031460,267653396398.2901031460,2919.3263313734997
2921,751.5208557373,267653396398.5208557373,2920.2251889161776
2922,751.8778928052,267653396398.8778928052,2921.615966197115
2923,752.2433562007,267653396399.2433562007,2923.039566806613
2924,752.4130001762,267653396399.4130001762,2923.7003861113453
2925,752.6827863897,267653396399.6827863897,2924.75129250225
2926,752.9243561298,267653396399.9243561298,2925.6922864115636
2927,753.1872692861,267653396400.1872692861,2926.7164199750405
2928,753.2306988005,267653396400.2306988005,2926.8855922750063
2929,753.6338379169,267653396400.6338379169,2928.4559522587588
2930,753.7635051294,267653396400.7635051294,2928.9610488704025
2931,754.2102524944,267653396401.2102524944,2930.701277382852
2932,754.3214714551,267653396401.3214714551,2931.1345119617176
2933,754.7174241612,267653396401.7174241612,2932.676878504242
2934,755.0518892843,267653396402.0518892843,2933.9797306064333
2935,755.1931052537,267653396402.1931052537,2934.5298134398554
2936,755.4625688503,267653396402.4625688503,2935.5794631313997
2937,755.8268854297,267653396402.8268854297,2936.998596513485
2938,756.0842129157,267653396403.0842129157,2938.000972046633
2939,756.1896825111,267653396403.1896825111,2938.4118109490887
2940,756.3638435477,267653396403.3638435477,2939.0902256984386
2941,756.6710140172,267653396403.6710140172,2940.286756111565
2942,757.2751189666,267653396404.2751189666,2942.639944378178
2943,757.4057129167,267653396404.4057129167,2943.1486509388033
2944,757.6635248208,267653396404.6635248208,2944.1529134404163
2945,757.7485520848,267653396404.7485520848,2944.484122711563
2946,758.0440215084,267653396405.0440215084,2945.6350736869676
2947,758.3812035940,267653396405.3812035940,2946.9485092552973
2948,758.4663920075,267653396405.4663920075,2947.280346256962
2949,758.8033264613,267653396405.8033264613,2948.5928172176577
2950,759.1034776484,267653396406.1034776484,2949.7620052079155
2951,759.2824872840,267653396406.2824872840,2950.459306851484
2952,759.5718961297,267653396406.5718961297,2951.5866498746327
2953,760.0295328808,267653396407.0295328808,2953.3692961418574
2954,760.1772864220,267653396407.1772864220,2953.9448449762904
2955,760.3719403897,267653396407.3719403897,2954.7030864594904
2956,760.5531657144,267653396407.5531657144,2955.409018943773
2957,760.7667152731,267653396407.7667152731,2956.2408649936565
2958,761.1005868188,267653396408.1005868188,2957.5414049158635
2959,761.1719485147,267653396408.1719485147,2957.819382286591
2960,761.4801071981,267653396408.4801071981,2959.0197621191887
2961,761.8225558074,267653396408.8225558074,2960.3537125364523
2962,761.9538690540,267653396408.9538690540,2960.865220994473
2963,762.3060228564,267653396409.3060228564,2962.236976343729
2964,762.5462994496,267653396409.5462994496,2963.172933018843
2965,762.7487525348,267653396409.7487525348,2963.9615546401456
2966,763.0723840805,267653396410.0723840805,2965.2222063808804
2967,763.5517901079,267653396410.5517901079,2967.089651167987
2968,763.6910489367,267653396410.6910489367,2967.632110292482
2969,764.3079197873,267653396411.3079197873,2970.035025959852
2970,764.3460826133,267653396411.3460826133,2970.183682769324
2971,764.4730150248,267653396411.4730150248,2970.6781264279825
2972,764.6774333425,267653396411.6774333425,2971.4744032788353
2973,765.0410426147,267653396412.0410426147,2972.8907814658105
2974,765.3454140378,267653396412.3454140378,2974.0764086689037
2975,765.4940675054,267653396412.4940675054,2974.655463013841
2976,765.6352671311,267653396412.6352671311,2975.2054821831557
2977,766.1243200721,267653396413.1243200721,2977.1105048843574
2978,766.1884354928,267653396413.1884354928,2977.360255620302
2979,766.5460961529,267653396413.5460961529,2978.753461998785
2980,766.8173080306,267653396413.8173080306,2979.809921822537
2981,766.9988458638,267653396413.9988458638,2980.5170716306247
2982,767.3843942323,267653396414.3843942323,2982.0189098424594
2983,767.4786994466,267653396414.4786994466,2982.386259793808
2984,767.8076650143,267653396414.8076650143,2983.667689311645
2985,767.9419059705,267653396414.9419059705,2984.190602165352
2986,768.3433602313,267653396415.3433602313,2985.7543990801696
2987,768.6155463975,267653396415.6155463975,2986.8146540793605
2988,768.8593485201,267653396415.8593485201,2987.7643438556956
2989,768.9444552155,267653396415.9444552155,2988.0958625383764
2990,769.3244642735,267653396416.3244642735,2989.576123306612
2991,769.4933687198,267653396416.4933687198,2990.2340619009033
2992,769.7882138318,267653396416.7882138318,2991.382580976466
2993,770.1741314114,267653396417.1741314114,2992.8858573874577
2994,770.4160411383,267653396417.4160411383,2993.828175657631
2995,770.6016052212,267653396417.6016052212,2994.551009037857
2996,770.9026026389,267653396417.9026026389,2995.7234933757477
2997,771.0954062210,267653396418.0954062210,2996.474526995999
2998,771.3548315218,267653396418.3548315218,2997.4850742105396
2999,771.5064113553,267653396418.5064113553,2998.0755277170083
3000,771.8342020566,267653396418.8342020566,2999.352380742251
3001,772.1388598637,267653396419.1388598637,3000.5391235055963
3002,772.2988311476,267653396419.2988311476,3001.162264482414
3003,772.5850097031,267653396419.5850097031,3002.2770244585226
3004,772.9172253138,267653396419.9172253138,3003.5711139670807
3005,773.1291807875,267653396420.1291807875,3004.396750529489
3006,773.3835299064,267653396420.3835299064,3005.387524339263
3007,773.8041571408,267653396420.8041571408,3007.0260063175906
3008,773.9761874507,267653396420.9761874507,3007.696121182833
3009,774.2582005490,267653396421.2582005490,3008.794655327623
3010,774.3766353669,267653396421.3766353669,3009.255998053118
3011,774.8575170811,267653396421.8575170811,3011.129191127618
3012,775.1745810734,267653396422.1745810734,3012.3642600791122
3013,775.3639928799,267653396422.3639928799,3013.102081613363
3014,775.4443137410,267653396422.4443137410,3013.4149578910583
3015,775.8438953730,267653396422.8438953730,3014.9714602983186
3016,776.1121989472,267653396423.1121989472,3016.0165913195538
3017,776.3698760152,267653396423.3698760152,3017.0203285900343
3018,776.5970448957,267653396423.5970448957,3017.9052263957296
3019,776.9138539265,267653396423.9138539265,3019.1393021879876
3020,777.1146281732,267653396424.1146281732,3019.921384178945
3021,777.2510223617,267653396424.2510223617,3020.4526845835057
3022,777.4016933962,267653396424.4016933962,3021.039598017764
3023,777.7084888151,267653396424.7084888151,3022.2346674849578
3024,777.9070182480,267653396424.9070182480,3023.008005184877
3025,778.2558730362,267653396425.2558730362,3024.3669097844204
3026,778.4354629259,267653396425.4354629259,3025.0664717093237
3027,778.8961536423,267653396425.8961536423,3026.861014179883
3028,779.0515286360,267653396426.0515286360,3027.4662510885764
3029,779.2920467165,267653396426.2920467165,3028.403148436471
3030,779.5583833973,267653396426.5583833973,3029.440617758402
3031,779.7548781442,267653396426.7548781442,3030.206029684454
3032,780.0347006564,267653396427.0347006564,3031.2960307730054
3033,780.4884033969,267653396427.4884033969,3033.0633527698524
3034,780.5108317296,267653396427.5108317296,3033.150718532046
3035,780.8340685021,267653396427.8340685021,3034.4098325008076
3036,781.0643142560,267653396428.0643142560,3035.306715744448
3037,781.3630401604,267653396428.3630401604,3036.470351787934
3038,781.6529306704,267653396428.6529306704,3037.5995710525904
3039,781.9207587562,267653396428.9207587562,3038.6428498894916
3040,782.2172167688,267653396429.2172167688,3039.797651745509
3041,782.3904483865,267653396429.3904483865,3040.4724461013316
3042,782.7327037628,267653396429.7327037628,3041.805643812255
3043,783.1078845330,267653396430.1078845330,3043.267096805106
3044,783.3502583046,267653396430.3502583046,3044.2112226826252
3045,783.5105338524,267653396430.5105338524,3044.835548867809
3046,783.7345198560,267653396430.7345198560,3045.7080483169243
3047,784.0749663922,267653396431.0749663922,3047.0341999983393
3048,784.2431146857,267653396431.2431146857,3047.689193127778
3049,784.5664928427,267653396431.5664928427,3048.948857835856
3050,784.7235079160,267653396431.7235079160,3049.560483396182
3051,784.8558825939,267653396431.8558825939,3050.0761264796256
3052,785.0267855489,267653396432.0267855489,3050.7418499252567
3053,785.4499322944,267653396432.4499322944,3052.3901462313192
3054,785.6964881225,267653396432.6964881225,3053.3505625999137
3055,786.0756729430,267653396433.0756729430,3054.827612690909
3056,786.3930733487,267653396433.3930733487,3056.0639920836893
3057,786.6637149120,267653396433.6637149120,3057.118230344526
3058,786.9765615677,267653396433.9765615677,3058.3368713773084
3059,787.1577128499,267653396434.1577128499,3059.0425154416057
3060,787.3094918901,267653396434.3094918901,3059.6337449239545
3061,787.5073352425,267653396434.5073352425,3060.404410113769
3062,787.7122918910,267653396434.7122918910,3061.2027839408593
3063,788.0329531518,267653396435.0329531518,3062.4518654410604
3064,788.2445529003,267653396435.2445529003,3063.2761163363484
3065,788.5177192666,267653396435.5177192666,3064.3401895386155
3066,788.8229403898,267653396435.8229403898,3065.5291266041922
3067,789.1541259095,267653396436.1541259095,3066.8192035681504
3068,789.3165812739,267653396436.3165812739,3067.4520208588146
3069,789.4837975545,267653396436.4837975545,3068.1033834902373
3070,789.6138748368,267653396436.6138748368,3068.6100774591687
3071,790.0869757060,267653396437.0869757060,3070.452961572992
3072,790.2419977480,267653396437.2419977480,3071.0568236182626
3073,790.5149513978,267653396437.5149513978,3072.120068219519
3074,790.9008106975,267653396437.9008106975,3073.623117611059
3075,791.1730408706,267653396438.1730408706,3074.6835440316613
3076,791.3820654490,267653396438.3820654490,3075.4977637890324
3077,791.7492648917,267653396438.7492648917,3076.9281268756636
3078,792.1093940369,267653396439.1093940369,3078.330948818765
3079,792.2688987361,267653396439.2688987361,3078.9522722941015
3080,792.6154691180,267653396439.6154691180,3080.3022783767483
3081,792.7179060772,267653396439.7179060772,3080.7013041597643
3082,793.0489723947,267653396440.0489723947,3081.990916791791
3083,793.2193749268,267653396440.2193749268,3082.6546909249764
3084,793.4839232280,267653396440.4839232280,3083.6851939178055
3085,793.7160586018,267653396440.7160586018,3084.589437854952
3086,794.0706465495,267653396441.0706465495,3085.970675003966
3087,794.4132459852,267653396441.4132459852,3087.3052129398707
3088,794.5361831338,267653396441.5361831338,3087.784093730212
3089,794.7022224646,267653396441.7022224646,3088.4308717535096
3090,794.9694011644,267653396441.9694011644,3089.4716210175015
3091,795.1739995900,267653396442.1739995900,3090.2685994481044
3092,795.4547163571,267653396442.4547163571,3091.3620839547966
3093,795.8554824461,267653396442.8554824461,3092.9232002132107
3094,796.1242971766,267653396443.1242971766,3093.9703223570323
3095,796.2336878737,267653396443.2336878737,3094.396435245446
3096,796.3851690410,267653396443.3851690410,3094.986504414486
3097,796.6716578531,267653396443.6716578531,3096.1024729425094
3098,797.0544647011,267653396444.0544647011,3097.5936320266933
3099,797.1584808401,267653396444.1584808401,3097.99880923651
3100,797.5364094916,267653396444.5364094916,3099.470966134439
3101,797.7654336869,267653396444.7654336869,3100.3630910039487
3102,798.0210706075,267653396445.0210706075,3101.3588812266084
3103,798.3584285830,267653396445.3584285830,3102.6730019441898
3104,798.5618629612,267653396445.5618629612,3103.4654460257757
3105,798.8790850511,267653396445.8790850511,3104.701130819634
3106,799.1342133830,267653396446.1342133830,3105.6949399213595
3107,799.4742942367,267653396446.4742942367,3107.019667148684
3108,799.6013142016,267653396446.6013142016,3107.5144518567504
3109,799.9627935448,267653396446.9627935448,3108.9225332669284
3110,800.0992821620,267653396447.0992821620,3109.45420150246
3111,800.3800616077,267653396447.3800616077,3110.547930162998
3112,800.6642360094,267653396447.6642360094,3111.654883298245
3113,800.7715977532,267653396447.7715977532,3112.0730927435507
3114,801.1031022397,267653396448.1031022397,3113.364412188527
3115,801.4494362564,267653396448.4494362564,3114.7134975506683
3116,801.6669022242,267653396448.6669022242,3115.560599307286
3117,801.9915872192,267653396448.9915872192,3116.825354580924
3118,802.2593050568,267653396449.2593050568,3117.868203964683
3119,802.5534216665,267653396449.5534216665,3119.0138852832256
3120,802.7969726099,267653396449.7969726099,3119.962596633637
3121,802.9430535315,267653396449.9430535315,3120.5316300623963
3122,803.2879276941,267653396450.2879276941,3121.875028810743
3123,803.5726909641,267653396450.5726909641,3122.9842757824763
3124,803.8075902421,267653396450.8075902421,3123.8992860391845
3125,804.0326343046,267653396451.0326343046,3124.7759069771123
3126,804.1484069882,267653396451.1484069882,3125.226879810416
3127,804.6577834134,267653396451.6577834134,3127.2110691938483
3128,804.7631741583,267653396451.7631741583,3127.6216009475716
3129,805.0495911949,267653396452.0495911949,3128.7372898863223
3130,805.0986695458,267653396452.0986695458,3128.928466269827
3131,805.4915088721,267653396452.4915088721,3130.4587051699355
3132,805.7683418631,267653396452.7683418631,3131.537061086212
3133,806.1339332190,267653396453.1339332190,3132.9611601437346
3134,806.2650138616,267653396453.2650138616,3133.471762532368
3135,806.5022642642,267653396453.5022642642,3134.3959311957865
3136,806.8437597320,267653396453.8437597320,3135.726168812169
3137,807.1264618462,267653396454.1264618462,3136.827386901423
3138,807.1699136265,267653396454.1699136265,3136.996645934423
3139,807.3225549905,267653396454.3225549905,3137.591234452733
3140,807.6007543072,267653396454.6007543072,3138.674912658802
3141,808.0231061286,267653396455.0231061286,3140.3201124729994
3142,808.2742392332,267653396455.2742392332,3141.2983588450816
3143,808.5936093601,267653396455.5936093601,3142.5424109523856
3144,808.8133963979,267653396455.8133963979,3143.398554043122
3145,809.1561019594,267653396456.1561019594,3144.7335053740658
3146,809.4106297403,267653396456.4106297403,3145.724975131333
3147,809.6842920431,267653396456.6842920431,3146.7909801700403
3148,809.9641282411,267653396456.9641282411,3147.8810345693073
3149,810.3484400396,267653396457.3484400396,3149.378055932659
3150,810.5273976529,267653396457.5273976529,3150.0751549321963
3151,810.8052542009,267653396457.8052542009,3151.1574979409893
3152,811.0302751083,267653396458.0302751083,3152.034028682157
3153,811.3282455788,267653396458.3282455788,3153.194722061147
3154,811.4808010356,267653396458.4808010356,3153.7889759425448
3155,811.5951989834,267653396458.5951989834,3154.2345937259397
3156,811.9134706826,267653396458.9134706826,3155.4743670946277
3157,812.1564593479,267653396459.1564593479,3156.420888186164
3158,812.4705510989,267653396459.4705510989,3157.6443792763025
3159,812.8710273069,267653396459.8710273069,3159.2043663525005
3160,813.0278126759,267653396460.0278126759,3159.815097138727
3161,813.1912541723,267653396460.1912541723,3160.4517557391764
3162,813.3202020934,267653396460.3202020934,3160.954050473296
3163,813.5753849882,267653396460.5753849882,3161.9480721155373
3164,813.9077748117,267653396460.9077748117,3163.242840240489
3165,814.2067196382,267653396461.2067196382,3164.407329057853
3166,814.5760385330,267653396461.5760385330,3165.845948110308
3167,814.8437043269,267653396461.8437043269,3166.8885947666718
3168,815.0233309672,267653396462.0233309672,3167.5882998473016
3169,815.4047834414,267653396462.4047834414,3169.0741831982946
3170,815.6488144987,267653396462.6488144987,3170.0247647508922
3171,815.7579756369,267653396462.7579756369,3170.4499834315866
3172,815.9897532152,267653396462.9897532152,3171.3528336371114
3173,816.3065060956,267653396463.3065060956,3172.5866907050267
3174,816.4889391311,267653396463.4889391311,3173.297327621694
3175,816.7079661958,267653396463.7079661958,3174.1505103662475
3176,816.9610915235,267653396463.9610915235,3175.136517105181
3177,817.1380695249,267653396464.1380695249,3175.825904862657
3178,817.5128634686,267653396464.5128634686,3177.28585103856
3179,817.8656329059,267653396464.8656329059,3178.660004489059
3180,818.1283169636,267653396465.1283169636,3179.6832456378456
3181,818.4570883342,267653396465.4570883342,3180.96391869386
3182,818.6596004118,267653396465.6596004118,3181.752770110047
3183,819.0269905013,267653396466.0269905013,3183.1838758289264
3184,819.1521103895,267653396466.1521103895,3183.6712591108003
3185,819.2592711495,267653396466.2592711495,3184.088685657837
3186,819.6777243821,267653396466.6777243821,3185.718699181262
3187,819.8761044043,267653396466.8761044043,3186.4914548771712
3188,820.2002519488,267653396467.2002519488,3187.754116603637
3189,820.5565849814,267653396467.5565849814,3189.142151434608
3190,820.6633556311,267653396467.6633556311,3189.558058373203
3191,820.9085060365,267653396467.9085060365,3190.5130001562843
3192,821.2453777065,267653396468.2453777065,3191.825226553359
3193,821.6676557611,267653396468.6676557611,3193.4701390215146
3194,821.7923104923,267653396468.7923104923,3193.9557103632687
3195,822.0662316759,267653396469.0662316759,3195.0227238281823
3196,822.2146250077,267653396469.2146250077,3195.600764858281
3197,822.5299631611,267653396469.5299631611,3196.8291110973582
3198,822.7844571466,267653396469.7844571466,3197.8204492103846
3199,823.0181672402,267653396470.0181672402,3198.7308272011633
3200,823.0852900642,267653396470.0852900642,3198.992292766074
3201,823.5719226202,267653396470.5719226202,3200.887887268453
3202,823.8067725861,267653396470.8067725861,3201.802705438251
3203,823.9008171103,267653396470.9008171103,3202.1690399155777
3204,824.1013552633,267653396471.1013552633,3202.9502022436154
3205,824.3732384071,267653396471.3732384071,3204.009276870503
3206,824.6106489160,267653396471.6106489160,3204.934069200833
3207,824.8971730354,267653396471.8971730354,3206.0501752624546
3208,825.1077762899,267653396472.1077762899,3206.8705444845527
3209,825.6350423825,267653396472.6350423825,3208.924420030076
3210,825.9265038259,267653396472.9265038259,3210.05975859909
3211,825.9991089454,267653396472.9991089454,3210.3425795153476
3212,826.3456876477,267653396473.3456876477,3211.692618008707
3213,826.5462766950,267653396473.5462766950,3212.4739785868505
3214,826.8062226110,267653396473.8062226110,3213.4865537695223
3215,826.9600199169,267653396473.9600199169,3214.085645063252
3216,827.4094091091,267653396474.4094091091,3215.8361643650537
3217,827.6613881439,267653396474.6613881439,3216.817705914613
3218,827.9539207055,267653396474.9539207055,3217.957216842723
3219,828.2593301731,267653396475.2593301731,3219.14688757194
3220,828.5013553179,267653396475.5013553179,3220.089655432956
3221,828.6646940485,267653396475.6646940485,3220.72591372668
3222,828.9845472930,267653396475.9845472930,3221.971847736576
3223,829.1469778947,267653396476.1469778947,3222.6045685683503
3224,829.4958124171,267653396476.4958124171,3223.963394225921
3225,829.5524909254,267653396476.5524909254,3224.184175732238
3226,829.8297838812,267653396476.8297838812,3225.2643233633053
3227,830.1920815091,267653396477.1920815091,3226.675592262612
3228,830.4338321557,267653396477.4338321557,3227.6172908624935
3229,830.8166228726,267653396477.8166228726,3229.1083871107235
3230,831.0289655021,267653396478.0289655021,3229.9355317728273
3231,831.1833036335,267653396478.1833036335,3230.536729760472
3232,831.3810292450,267653396478.3810292450,3231.3069363106056
3233,831.7090505684,267653396478.7090505684,3232.5846876850965
3234,831.8867693739,267653396478.8867693739,3233.276961119173
3235,832.2526638474,267653396479.2526638474,3234.70224091985
3236,832.5417424724,267653396479.5417424724,3235.8282976243377
3237,832.7339783939,267653396479.7339783939,3236.577120019105
3238,833.0071968284,267653396480.0071968284,3237.641396044213
3239,833.2240753158,267653396480.2240753158,3238.4862093706774
3240,833.5383820371,267653396480.5383820371,3239.710537841126
3241,833.6639006987,267653396480.6639006987,3240.1994744770777
3242,834.1270281244,267653396481.1270281244,3242.003508735031
3243,834.2954711592,267653396481.2954711592,3242.659649979168
3244,834.4302840548,267653396481.4302840548,3243.18479072571
3245,834.8113384951,267653396481.8113384951,3244.6691236032275
3246,834.9490834885,267653396481.9490834885,3245.2056858389437
3247,835.2639192332,267653396482.2639192332,3246.432075030231
3248,835.4825844580,267653396482.4825844580,3247.2838482888887
3249,835.6659547831,267653396482.6659547831,3247.998136258064
3250,835.9762680208,267653396482.9762680208,3249.206908791155
3251,836.1745070177,267653396483.1745070177,3249.979115146953
3252,836.5189975313,267653396483.5189975313,3251.3210194557623
3253,836.8360162394,267653396483.8360162394,3252.555912010355
3254,837.2125068990,267653396484.2125068990,3254.022467454986
3255,837.3928904051,267653396484.3928904051,3254.7251207778427
3256,837.6855148007,267653396484.6855148007,3255.86498942971
3257,838.0207030221,267653396485.0207030221,3257.170658238579
3258,838.4140332850,267653396485.4140332850,3258.7028094988705
3259,838.5678530003,267653396485.5678530003,3259.301988084614
3260,838.7622866526,267653396485.7622866526,3260.059371366587
3261,839.0212914937,267653396486.0212914937,3261.068280751762
3262,839.1674028895,267653396486.1674028895,3261.6374328875963
3263,839.4076243921,267653396486.4076243921,3262.5731749666425
3264,839.5671471506,267653396486.5671471506,3263.19456878892
3265,839.8956874643,267653396486.8956874643,3264.474341802013
3266,840.1687346555,267653396487.1687346555,3265.53795077792
3267,840.5260514332,267653396487.5260514332,3266.9298176209136
3268,840.6261611967,267653396487.6261611967,3267.31977820819
3269,840.8962599639,267653396487.8962599639,3268.3719020989824
3270,841.2534852099,267653396488.2534852099,3269.763412395779
3271,841.4582428626,267653396488.4582428626,3270.5610110685225
3272,841.7554790871,267653396488.7554790871,3271.7188443168834
3273,841.9125316269,267653396488.9125316269,3272.3306158216046
3274,842.1888360466,267653396489.1888360466,3273.4069127781277
3275,842.4357099919,267653396489.4357099919,3274.3685683182734
3276,842.7251383005,267653396489.7251383005,3275.4959871558585
3277,842.8948970257,267653396489.8948970257,3276.1572534485745
3278,843.1103305996,267653396490.1103305996,3276.9964383598153
3279,843.4310009046,267653396490.4310009046,3278.2455550901727
3280,843.8042038112,267653396490.8042038112,3279.6993036511813
3281,844.0434046463,267653396491.0434046463,3280.631069893269
3282,844.2343282468,267653396491.2343282468,3281.374780364385
3283,844.4866058765,267653396491.4866058765,3282.3574850396844
3284,844.8360613682,267653396491.8360613682,3283.71872957774
3285,845.2013324415,267653396492.2013324415,3285.14158102878
3286,845.3542671870,267653396492.3542671870,3285.7373123649163
3287,845.5195371270,267653396492.5195371270,3286.381093356983
3288,845.7785158576,267653396492.7785158576,3287.389901033139
3289,846.2792741141,267653396493.2792741141,3289.340519803589
3290,846.3969680611,267653396493.3969680611,3289.798976592282
3291,846.6345954864,267653396493.6345954864,3290.724613883624
3292,846.8984390820,267653396493.8984390820,3291.7523718154403
3293,847.1017506463,267653396494.1017506463,3292.544337496336
3294,847.3412713862,267653396494.3412713862,3293.4773498732593
3295,847.6573671461,267653396494.6573671461,3294.708647239838
3296,847.9284811006,267653396494.9284811006,3295.764725620402
3297,848.1269367921,267653396495.1269367921,3296.537776073226
3298,848.3660294467,267653396495.3660294467,3297.4691209165426
3299,848.5272494353,267653396495.5272494353,3298.0971260105234
3300,849.1222229823,267653396496.1222229823,3300.4147444494315
3301,849.2383698049,267653396496.2383698049,3300.8671746776927
3302,849.3851327885,267653396496.3851327885,3301.438864963178
3303,849.8481962260,267653396496.8481962260,3303.242649965966
3304,849.9016091377,267653396496.9016091377,3303.4507108951548
3305,850.2804260005,267653396497.2804260005,3304.926327669416
3306,850.5552769997,267653396497.5552769997,3305.996963073141
3307,850.7862111265,267653396497.7862111265,3306.896527756552
3308,850.9322225985,267653396497.9322225985,3307.46529065619
3309,851.2041703650,267653396498.2041703650,3308.524617009838
3310,851.3401753651,267653396498.3401753651,3309.054401397068
3311,851.7454575734,267653396498.7454575734,3310.6331094314905
3312,851.8687136279,267653396498.8687136279,3311.113232465627
3313,852.1894421743,267653396499.1894421743,3312.3625760654713
3314,852.3984199413,267653396499.3984199413,3313.1766134769887
3315,852.5986525846,267653396499.5986525846,3313.956585743863
3316,852.9482580678,267653396499.9482580678,3315.318414548343
3317,853.2353674644,267653396500.2353674644,3316.436800457934
3318,853.4193170214,267653396500.4193170214,3317.1533447266365
3319,853.7563123856,267653396500.7563123856,3318.466052953473
3320,853.9231392239,267653396500.9231392239,3319.115898578541
3321,854.2164572697,267653396501.2164572697,3320.258469226999
3322,854.7467032237,267653396501.7467032237,3322.3239523167
3323,854.8438077246,267653396501.8438077246,3322.7022064137464
3324,855.2592773092,267653396502.2592773092,3324.320597642954
3325,855.5162355738,267653396502.5162355738,3325.321534936839
3326,855.5976788821,267653396502.5976788821,3325.6387835170385
3327,855.8124387147,267653396502.8124387147,3326.4753439834335
3328,856.0378298968,267653396503.0378298968,3327.3533170668366
3329,856.3522343988,267653396503.3522343988,3328.5780264254054
3330,856.6530453114,267653396503.6530453114,3329.749784264359
3331,857.1042317182,267653396504.1042317182,3331.507304310516
3332,857.3327831340,267653396504.3327831340,3332.397587547759
3333,857.4845058460,267653396504.4845058460,3332.9885976131745
3334,857.7900643398,267653396504.7900643398,3334.178848848658
3335,857.8467745915,267653396504.8467745915,3334.3997540060013
3336,858.1135666795,267653396505.1135666795,3335.4389972893746
3337,858.4087707808,267653396505.4087707808,3336.588914746823
3338,858.6173193802,267653396505.6173193802,3337.4012804088184
3339,858.8050378511,267653396505.8050378511,3338.1325058417406
3340,859.0920193207,267653396506.0920193207,3339.250393433423
3341,859.2786152260,267653396506.2786152260,3339.9772461026373
3342,859.5796803628,267653396506.5796803628,3341.149994228801
3343,859.8771768940,267653396506.8771768940,3342.3088414577205
3344,860.3146738023,267653396507.3146738023,3344.013036386648
3345,860.5342731837,267653396507.5342731837,3344.868448493745
3346,860.7702442560,267653396507.7702442560,3345.78763374319
3347,860.9491908363,267653396507.9491908363,3346.484689765554
3348,861.1699848149,267653396508.1699848149,3347.3447552232274
3349,861.4245072052,267653396508.4245072052,3348.3362039823355
3350,861.7985743109,267653396508.7985743109,3349.7933188842203
3351,862.1116691817,267653396509.1116691817,3351.0129267967973
3352,862.2244132810,267653396509.2244132810,3351.4521022941512
3353,862.5224586396,267653396509.5224586396,3352.6130873870293
3354,862.6969895235,267653396509.6969895235,3353.2929428137554
3355,862.9083291382,267653396509.9083291382,3354.116180402
3356,863.0634296720,267653396510.0634296720,3354.7203481987576
3357,863.6189972042,267653396510.6189972042,3356.884467197292
3358,863.8332890263,267653396510.8332890263,3357.719204608243
3359,864.0120185670,267653396511.0120185670,3358.4154151896946
3360,864.3232851540,267653396511.3232851540,3359.627901333131
3361,864.5860013582,267653396511.5860013582,3360.651267703158
3362,864.9840473668,267653396511.9840473668,3362.2017883502
3363,865.1862078922,267653396512.1862078922,3362.989270354484
3364,865.3296057812,267653396512.3296057812,3363.547852485275
3365,865.6023490354,267653396512.6023490354,3364.6102775262043
3366,865.8357672905,267653396512.8357672905,3365.5195187096597
3367,866.1693203596,267653396513.1693203596,3366.818818060363
3368,866.4421989446,267653396513.4421989446,3367.8817702594474
3369,866.7464971167,267653396513.7464971167,3369.067112125725
3370,866.9701380806,267653396513.9701380806,3369.93826753128
3371,867.2148345665,267653396514.2148345665,3370.8914411480214
3372,867.4564986189,267653396514.4564986189,3371.8328024349044
3373,867.5640939522,267653396514.5640939522,3372.251921788453
3374,867.9833330753,267653396514.9833330753,3373.8849966149055
3375,868.2106038549,267653396515.2106038549,3374.770291351257
3376,868.4974661528,267653396515.4974661528,3375.887714729817
3377,868.6705893657,267653396515.6705893657,3376.562086813155
3378,868.8260067080,267653396515.8260067080,3377.167488683638
3379,869.0946012845,267653396516.0946012845,3378.213753254942
3380,869.4655643319,267653396516.4655643319,3379.6587768247214
3381,869.6944899038,267653396516.6944899038,3380.5505175235303
3382,869.8069643129,267653396516.8069643129,3380.9886424884985
3383,870.1865116141,267653396517.1865116141,3382.4671045615387
3384,870.5454800364,267653396517.5454800364,3383.865405105665
3385,870.6500003682,267653396517.6500003682,3384.2725463129386
3386,870.9607585481,267653396517.9607585481,3385.483052042835
3387,871.1545476788,267653396518.1545476788,3386.2379247003446
3388,871.2671321308,267653396518.2671321308,3386.6764783187464
3389,871.4356302992,267653396518.4356302992,3387.3328343264657
3390,871.8735697730,267653396518.8735697730,3389.0387531941633
3391,872.4037351935,267653396519.4037351935,3391.103922579293
3392,872.6913797291,267653396519.6913797291,3392.2243930320074
3393,873.0211126373,267653396520.0211126373,3393.508811594505
3394,873.0878656115,267653396520.0878656115,3393.7688364723144
3395,873.4601622064,267653396520.4601622064,3395.219054649974
3396,873.6862842234,267653396520.6862842234,3396.099874576653
3397,873.7510943644,267653396520.7510943644,3396.352331477582
3398,874.2277197335,267653396521.2277197335,3398.208944682407
3399,874.4150827083,267653396521.4150827083,3398.9387853406283
3400,874.5798226074,267653396521.5798226074,3399.580501648361
3401,874.8971863181,267653396521.8971863181,3400.8167381020157
3402,875.0614585940,267653396522.0614585940,3401.456632862965
3403,875.3631909927,267653396522.3631909927,3402.6319801945765
3404,875.5503794525,267653396522.5503794525,3403.3611410592443
3405,875.7775907695,267653396522.7775907695,3404.246204169134
3406,876.0841724836,267653396523.0841724836,3405.4404411855794
3407,876.3845945862,267653396523.3845945862,3406.610684481193
3408,876.5815413030,267653396523.5815413030,3407.377856979267
3409,877.0193094460,267653396524.0193094460,3409.0831084569227
3410,877.2571198881,267653396524.2571198881,3410.0094586591413
3411,877.5017961360,267653396524.5017961360,3410.962553442191
3412,877.6048189754,267653396524.6048189754,3411.3638614220617
3413,877.8488732436,267653396524.8488732436,3412.3145333887887
3414,878.2673222357,267653396525.2673222357,3413.9445303940806
3415,878.3910860245,267653396525.3910860245,3414.426631220982
3416,878.6195339474,267653396525.6195339474,3415.316511319207
3417,878.9551913050,267653396525.9551913050,3416.6240075685027
3418,879.1192671119,267653396526.1192671119,3417.263137017819
3419,879.4377669824,267653396526.4377669824,3418.5037991890804
3420,879.6086361441,267653396526.6086361441,3419.169390998658
3421,880.0842827981,267653396527.0842827981,3421.0221917849767
3422,880.2183413482,267653396527.2183413482,3421.5443941066987
3423,880.3722448777,267653396527.3722448777,3422.1438991764326
3424,880.6124534650,267653396527.6124534650,3423.079590946126
3425,881.0089685560,267653396528.0089685560,3424.624148163577
3426,881.3711852477,267653396528.3711852477,3426.0351017896687
3427,881.4187747628,267653396528.4187747628,3426.220478666088
3428,881.6245613134,267653396528.6245613134,3427.0220852359216
3429,882.0232587612,267653396529.0232587612,3428.575143453771
3430,882.2035978443,267653396529.2035978443,3429.2776237343787
3431,882.5216950739,267653396529.5216950739,3430.516717486374
3432,882.8785382677,267653396529.8785382677,3431.9067395636985
3433,883.1254124710,267653396530.1254124710,3432.8683961088454
3434,883.3265399026,267653396530.3265399026,3433.65185387163
3435,883.7193581850,267653396530.7193581850,3435.1820107988174
3436,883.8973197816,267653396530.8973197816,3435.875229984409
3437,884.3642998427,267653396531.3642998427,3437.694271529484
3438,884.5064403067,267653396531.5064403067,3438.2479555746727
3439,884.5399869004,267653396531.5399869004,3438.3786306349575
3440,884.8494520602,267653396531.8494520602,3439.584099624583
3441,885.1262280045,267653396532.1262280045,3440.662233325138
3442,885.4035979850,267653396532.4035979850,3441.7426809928556
3443,885.7054999795,267653396532.7054999795,3442.9186889561142
3444,885.9209847432,267653396532.9209847432,3443.758073268536
3445,886.0913800892,267653396533.0913800892,3444.4218194094983
3446,886.5089464584,267653396533.5089464584,3446.0483783071354
3447,886.6279050999,267653396533.6279050999,3446.5117614985384
3448,886.8505925306,267653396533.8505925306,3447.3792025774046
3449,886.9419236530,267653396533.9419236530,3447.7349674586985
3450,887.3104566023,267653396534.3104566023,3449.170524993911
3451,887.7262181286,267653396534.7262181286,3450.7900534324535
3452,887.7643107713,267653396534.7643107713,3450.938436854799
3453,888.0662582122,267653396535.0662582122,3452.1146218467934
3454,888.3310838877,267653396535.3310838877,3453.1462053041314
3455,888.5772586340,267653396535.5772586340,3454.1051372332877
3456,889.0832015133,267653396536.0832015133,3456.0759518216328
3457,889.2826289329,267653396536.2826289329,3456.852787476297
3458,889.5232409663,267653396536.5232409663,3457.7900508017783
3459,889.7149853367,267653396536.7149853367,3458.5369584426967
3460,889.9319195089,267653396536.9319195089,3459.381988679853
3461,890.1345947351,267653396537.1345947351,3460.1714756137217
3462,890.5775764084,267653396537.5775764084,3461.8970355135216
3463,890.6816136136,267653396537.6816136136,3462.30229478315
3464,891.1179184548,267653396538.1179184548,3464.0018462170838
3465,891.3181952111,267653396538.3181952111,3464.781990318664
3466,891.4427895289,267653396538.4427895289,3465.267326330281
3467,891.8006627443,267653396538.8006627443,3466.661360681875
3468,892.2031786513,267653396539.2031786513,3468.2292930592503
3469,892.4169224771,267653396539.4169224771,3469.061895843656
3470,892.6390130162,267653396539.6390130162,3469.9270118326344
3471,892.9029584181,267653396539.9029584181,3470.955166333615
3472,893.0056276675,267653396540.0056276675,3471.3550969636735
3473,893.3144334027,267653396540.3144334027,3472.5579972767273
3474,893.6183905418,267653396540.6183905418,3473.7420107068583
3475,893.8237152215,267653396540.8237152215,3474.541818137018
3476,894.1473974973,267653396541.1473974973,3475.8026674882694
3477,894.2234761847,267653396541.2234761847,3476.0990190985494
3478,894.6716834177,267653396541.6716834177,3477.844934278977
3479,894.8489313854,267653396541.8489313854,3478.535373644348
3480,895.1811562067,267653396542.1811562067,3479.8294990312593
3481,895.2409838298,267653396542.2409838298,3480.0625473796313
3482,895.7041979415,267653396542.7041979415,3481.8669193081973
3483,895.8522220760,267653396542.8522220760,3482.4435221929016
3484,896.3060804034,267653396543.3060804034,3484.211450252133
3485,896.5340882482,267653396543.5340882482,3485.0996161008375
3486,896.7413728049,267653396543.7413728049,3485.907057899107
3487,896.9808803163,267653396543.9808803163,3486.8400187466614
3488,897.1281539550,267653396544.1281539550,3487.4136982023947
3489,897.4410099151,267653396544.4410099151,3488.632375478908
3490,897.5463648995,267653396544.5463648995,3489.042767933681
3491,897.7830758074,267653396544.7830758074,3489.964835087103
3492,898.0436407204,267653396545.0436407204,3490.9798214675075
3493,898.1271612929,267653396545.1271612929,3491.305161677726
3494,898.8269635744,267653396545.8269635744,3494.0311226542844
3495,898.8958164118,267653396545.8958164118,3494.29932719268
3496,899.0432528519,267653396546.0432528519,3494.873640813627
3497,899.4392656552,267653396546.4392656552,3496.416241454625
3498,899.7236461131,267653396546.7236461131,3497.5239972468316
3499,899.9990043217,267653396546.9990043217,3498.59660839867
3500,900.3656376651,267653396547.3656376651,3500.024766341613
3501,900.6196847845,267653396547.6196847845,3501.014363763627
3502,900.9389144534,267653396547.9389144534,3502.257868740656
3503,901.0271591729,267653396548.0271591729,3502.601611063457
3504,901.3543198240,267653396548.3543198240,3503.87600983514
3505,901.6494759894,267653396548.6494759894,3505.0257405664356
3506,901.8455182120,267653396548.8455182120,3505.7893897609197
3507,902.2624023041,267653396549.2624023041,3507.413290963953
3508,902.4470458173,267653396549.4470458173,3508.1325384212196
3509,902.6086753399,267653396549.6086753399,3508.762138785373
3510,902.8294410018,267653396549.8294410018,3509.6220939401546
3511,903.0037559418,267653396550.0037559418,3510.301108194085
3512,903.1565687677,267653396550.1565687677,3510.896364613124
3513,903.7048231341,267653396550.7048231341,3513.0319964159125
3514,903.9267004024,267653396550.9267004024,3513.8962816446997
3515,904.0946610962,267653396551.0946610962,3514.550544011369
3516,904.3677704047,267653396551.3677704047,3515.614394954682
3517,904.6395365994,267653396551.6395365994,3516.673014026219
3518,904.9045922553,267653396551.9045922553,3517.705493333162
3519,905.0220864098,267653396552.0220864098,3518.1631718640956
3520,905.1467310838,267653396552.1467310838,3518.6487040297407
3521,905.6001976670,267653396552.6001976670,3520.415106115953
3522,905.9693928026,267653396552.9693928026,3521.8532430854766
3523,906.0341028477,267653396553.0341028477,3522.1053100798226
3524,906.4400863172,267653396553.4400863172,3523.6867497582043
3525,906.7262618754,267653396553.7262618754,3524.8014980588628
3526,906.8731169082,267653396553.8731169082,3525.3735469063836
3527,907.1067352684,267653396554.1067352684,3526.283567565288
3528,907.4948058377,267653396554.4948058377,3527.7952305821573
3529,907.5583408184,267653396554.5583408184,3528.0427203126333
3530,907.9761075966,267653396554.9761075966,3529.6700598695097
3531,908.1692370843,267653396555.1692370843,3530.42236299971
3532,908.4947537370,267653396555.4947537370,3531.6903578547417
3533,908.6234407149,267653396555.6234407149,3532.1916361289354
3534,909.1538467126,267653396556.1538467126,3534.257742641715
3535,909.4009877531,267653396556.4009877531,3535.220438605875
3536,909.5835839219,267653396556.5835839219,3535.931710980626
3537,909.7730432521,267653396556.7730432521,3536.6697176353973
3538,909.9540444761,267653396556.9540444761,3537.3747771734666
3539,910.0927162981,267653396557.0927162981,3537.9149497126455
3540,910.4604169426,267653396557.4604169426,3539.3472651458214
3541,910.7948673619,267653396557.7948673619,3540.650059971887
3542,911.1464329210,267653396558.1464329210,3542.01952391927
3543,911.2662160427,267653396558.2662160427,3542.4861187333154
3544,911.4832834549,267653396558.4832834549,3543.3316679842733
3545,911.8838949732,267653396558.8838949732,3544.8921821387958
3546,912.2741820437,267653396559.2741820437,3546.4124791597774
3547,912.5421415645,267653396559.5421415645,3547.456269979427
3548,912.6601490442,267653396559.6601490442,3547.9159480815265
3549,912.9352877423,267653396559.9352877423,3548.9877041674827
3550,913.1097783075,267653396560.1097783075,3549.667402539563
3551,913.3088061130,267653396560.3088061130,3550.442681565349
3552,913.6672047276,267653396560.6672047276,3551.8387625203304
3553,913.8019808840,267653396560.8019808840,3552.363760155563
3554,914.0141082706,267653396561.0141082706,3553.190066375504
3555,914.2661901583,267653396561.2661901583,3554.1720085710854
3556,914.5891498378,267653396561.5891498378,3555.4300431711354
3557,914.8475794805,267653396561.8475794805,3556.436711968611
3558,915.1262355266,267653396562.1262355266,3557.5221692865325
3559,915.4439548473,267653396562.4439548473,3558.7597909585747
3560,915.6704734429,267653396562.6704734429,3559.642155689865
3561,915.8632199895,267653396562.8632199895,3560.392967138026
3562,915.9748484256,267653396562.9748484256,3560.8277967588033
3563,916.3359006195,267653396563.3359006195,3562.2342142814286
3564,916.5804493762,267653396563.5804493762,3563.18681244416
3565,916.8838883161,267653396563.8838883161,3564.3688073172902
3566,917.0824480289,267653396564.0824480289,3565.142262967436
3567,917.4377982047,267653396564.4377982047,3566.5264692466303
3568,917.7112617570,267653396564.7112617570,3567.591700086526
3569,917.8904910038,267653396564.8904910038,3568.289857188256
3570,918.2085059745,267653396565.2085059745,3569.528630514679
3571,918.6464623549,267653396565.6464623549,3571.2346152391788
3572,918.8481586948,267653396565.8481586948,3572.020289087662
3573,919.1216338008,267653396566.1216338008,3573.0855649330347
3574,919.4512052692,267653396566.4512052692,3574.3693546342097
3575,919.6849819301,267653396566.6849819301,3575.279991926617
3576,919.8668798373,267653396566.8668798373,3575.9885443418557
3577,920.0328772710,267653396567.0328772710,3576.6351591621255
3578,920.1516659303,267653396567.1516659303,3577.0978802167306
3579,920.7139414749,267653396567.7139414749,3579.2881291387152
3580,920.8250815921,267653396567.8250815921,3579.7210565961236
3581,921.0698656360,267653396568.0698656360,3580.6745712801967
3582,921.2388018628,267653396568.2388018628,3581.332633670045
3583,921.5753743668,267653396568.5753743668,3582.6436947167786
3584,921.7069761378,267653396568.7069761378,3583.156327072627
3585,922.0194428431,267653396569.0194428431,3584.373488073158
3586,922.3415991466,267653396569.3415991466,3585.6283932583974
3587,922.5910912399,267653396569.5910912399,3586.600247349585
3588,922.6841018810,267653396569.6841018810,3586.9625545108315
3589,923.2092052278,267653396570.2092052278,3589.008005447308
3590,923.2478561968,267653396570.2478561968,3589.158563734964
3591,923.6839073409,267653396570.6839073409,3590.8571269349254
3592,923.9477285927,267653396570.9477285927,3591.8847978302742
3593,924.1240385265,267653396571.1240385265,3592.5715832438486
3594,924.4352867478,267653396571.4352867478,3593.7839978468305
3595,924.6247515768,267653396571.6247515768,3594.522025921245
3596,924.9045906068,267653396571.9045906068,3595.6120913521063
3597,925.0794457553,267653396572.0794457553,3596.2932098965352
3598,925.3867375293,267653396572.3867375293,3597.490212830777
3599,925.6434661853,267653396572.6434661853,3598.4902557233545
3600,925.8103098663,267653396572.8103098663,3599.140166956308
3601,926.1553117357,267653396573.1553117357,3600.484063164837
3602,926.4619281512,267653396573.4619281512,3601.6784353547037
3603,926.5636405671,267653396573.5636405671,3602.0746388023144
3604,926.8601314436,267653396573.8601314436,3603.2295686741
3605,927.0820921949,267653396574.0820921949,3604.0941790967427
3606,927.3348917961,267653396574.3348917961,3605.0789170234134
3607,927.8951161163,267653396574.8951161163,3607.2611757490035
3608,928.1324776249,267653396575.1324776249,3608.185777206999
3609,928.3950163530,267653396575.3950163530,3609.2084522490195
3610,928.5485451046,267653396575.5485451046,3609.8064974350773
3611,928.9208566776,267653396575.9208566776,3611.256773957395
3612,928.9922102652,267653396575.9922102652,3611.5347197436236
3613,929.2510815433,267653396576.2510815433,3612.5431088568216
3614,929.4870568296,267653396576.4870568296,3613.4623105211977
3615,929.7984162457,267653396576.7984162457,3614.6751582646452
3616,930.1049396483,267653396577.1049396483,3615.869168138552
3617,930.3369383382,267653396577.3369383382,3616.7728796467904
3618,930.6059419194,267653396577.6059419194,3617.820737426473
3619,930.9288707672,267653396577.9288707672,3619.0786519268736
3620,931.1087630844,267653396578.1087630844,3619.7793919067735
3621,931.3590223633,267653396578.3590223633,3620.754234439216
3622,931.6259896280,267653396578.6259896280,3621.7941600936947
3623,931.8911162479,267653396578.8911162479,3622.826915828856
3624,932.0368411373,267653396579.0368411373,3623.3945623946374
3625,932.3465055785,267653396579.3465055785,3624.600807651132
3626,932.5432411893,267653396579.5432411893,3625.367157821631
3627,932.7356121864,267653396579.7356121864,3626.1165063804765
3628,933.1175227370,267653396580.1175227370,3627.604174090341
3629,933.3109994363,267653396580.3109994363,3628.357829724383
3630,933.4624592258,267653396580.4624592258,3628.9478156198447
3631,933.6786738954,267653396580.6786738954,3629.790043156784
3632,934.0352661490,267653396581.0352661490,3631.1790877391745
3633,934.2425780482,267653396581.2425780482,3631.986636045515
3634,934.5246016286,267653396581.5246016286,3633.0852110215724
3635,935.0615112750,267653396582.0615112750,3635.1766513936946
3636,935.2460827181,267653396582.2460827181,3635.895618114126
3637,935.3843218304,267653396582.3843218304,3636.434105106135
3638,935.7347347694,267653396582.7347347694,3637.799079217613
3639,936.0775206562,267653396583.0775206562,3639.134343442151
3640,936.1824307821,267653396583.1824307821,3639.543003026167
3641,936.4818736053,267653396583.4818736053,3640.7094317051483
3642,936.8876287741,267653396583.8876287741,3642.289982076921
3643,936.9378744757,267653396583.9378744757,3642.4857056768906
3644,937.3293582507,267653396584.3293582507,3644.0106642570836
3645,937.4123597030,267653396584.4123597030,3644.3339823227006
3646,937.7258362907,267653396584.7258362907,3645.5550771486683
3647,937.9577442222,267653396584.9577442222,3646.4584351229696
3648,938.2635043868,267653396585.2635043868,3647.64947193283
3649,938.7407641913,267653396585.7407641913,3649.5085564730607
3650,938.8797360195,267653396585.8797360195,3650.0498976354593
3651,938.9990031177,267653396585.9990031177,3650.5144823675723
3652,939.2587981091,267653396586.2587981091,3651.526469649106
3653,939.4420468311,267653396586.4420468311,3652.2402839340616
3654,939.7695944157,267653396586.7695944157,3653.5161899395084
3655,939.9417847888,267653396586.9417847888,3654.186928303788
3656,940.3438185990,267653396587.3438185990,3655.75298275494
3657,940.4972534437,267653396587.4972534437,3656.350662142613
3658,940.9311909067,267653396587.9311909067,3658.04099185671
3659,941.1919397004,267653396588.1919397004,3659.056694513169
3660,941.4733978725,267653396588.4733978725,3660.1530670371894
3661,941.6640756773,267653396588.6640756773,3660.895820052898
3662,941.7981018956,267653396588.7981018956,3661.4178964315875
3663,941.9686571378,267653396588.9686571378,3662.0822654210556
3664,942.1198975254,267653396589.1198975254,3662.6713966736665
3665,942.6535923752,267653396589.6535923752,3664.7503143514373
3666,942.9085177145,267653396589.9085177145,3665.7433327299755
3667,943.1507418977,267653396590.1507418977,3666.6868759113026
3668,943.2283482703,267653396590.2283482703,3666.989178359914
3669,943.7370157576,267653396590.7370157576,3668.970606196161
3670,943.8264261266,267653396590.8264261266,3669.31888910869
3671,944.0073697431,267653396591.0073697431,3670.0237242465278
3672,944.3441721730,267653396591.3441721730,3671.3356809305724
3673,944.6338824119,267653396591.6338824119,3672.4641979797934
3674,944.7877669614,267653396591.7877669614,3673.0636291161654
3675,945.0903511694,267653396592.0903511694,3674.2422945262992
3676,945.3660904762,267653396592.3660904762,3675.316390181481
3677,945.7127473351,267653396592.7127473351,3676.666733120631
3678,945.9819420053,267653396592.9819420053,3677.7153352550727
3679,946.3189772326,267653396593.3189772326,3679.028198761866
3680,946.6147882791,267653396593.6147882791,3680.18048047131
3681,946.7291813433,267653396593.7291813433,3680.62607923148
3682,947.1466184993,267653396594.1466184993,3682.2521348010487
3683,947.4042450556,267653396594.4042450556,3683.255675311804
3684,947.6028988579,267653396594.6028988579,3684.029497471626
3685,947.8242909659,267653396594.8242909659,3684.89189284084
3686,948.0533150672,267653396595.0533150672,3685.784017344209
3687,948.4241833243,267653396595.4241833243,3687.2286716744857
3688,948.5592345515,267653396595.5592345515,3687.7547408013215
3689,948.8636993770,267653396595.8636993770,3688.9407318376398
3690,948.9742199696,267653396595.9742199696,3689.3712460421525
3691,949.2022632047,267653396596.2022632047,3690.259549747769
3692,949.4300770411,267653396596.4300770411,3691.146959869697
3693,949.7594430437,267653396596.7594430437,3692.4299492137375
3694,949.9502313199,267653396596.9502313199,3693.1731325520304
3695,950.1000214882,267653396597.1000214882,3693.756614721574
3696,950.7214683406,267653396597.7214683406,3696.17735542712
3697,950.8323505641,267653396597.8323505641,3696.6092783034064
3698,951.0781389026,267653396598.0781389026,3697.566705046591
3699,951.2441921479,267653396598.2441921479,3698.213537271476
3700,951.6551149615,267653396598.6551149615,3699.8142173262186
3701,951.7372843366,267653396598.7372843366,3700.134294176372
3702,952.1933609671,267653396599.1933609671,3701.9108632587254
3703,952.3112646134,267653396599.3112646134,3702.3701368954466
3704,952.5455827640,267653396599.5455827640,3703.2828834690517
3705,952.8001209234,267653396599.8001209234,3704.274393654026
3706,953.1236428219,267653396600.1236428219,3705.534618282745
3707,953.2817084039,267653396600.2817084039,3706.150335921375
3708,953.5604780158,267653396600.5604780158,3707.236235615596
3709,953.9570770834,267653396600.9570770834,3708.7811199496523
3710,954.2368512335,267653396601.2368512335,3709.8709326518833
3711,954.4119337129,267653396601.4119337129,3710.55293672524
3712,954.9224132807,267653396601.9224132807,3712.541423213427
3713,955.1004410593,267653396602.1004410593,3713.2349001997713
3714,955.1343012072,267653396602.1343012072,3713.366796657209
3715,955.4355286113,267653396602.4355286113,3714.5401768681077
3716,955.8058485969,267653396602.8058485969,3715.982695499842
3717,955.9082163303,267653396602.9082163303,3716.3814516255175
3718,956.1530964921,267653396603.1530964921,3717.335340720556
3719,956.5421253790,267653396603.5421253790,3718.8507367009456
3720,956.7151650131,267653396603.7151650131,3719.524783217267
3721,956.9157257656,267653396603.9157257656,3720.3060335778364
3722,957.2248577874,267653396604.2248577874,3721.510204884956
3723,957.5862504057,267653396604.5862504057,3722.917948473044
3724,957.8679948066,267653396604.8679948066,3724.0154359527614
3725,958.1507050149,267653396605.1507050149,3725.116685571233
3726,958.2226184319,267653396605.2226184319,3725.396812077844
3727,958.5510272455,267653396605.5510272455,3726.676072854646
3728,958.9097053036,267653396605.9097053036,3728.073242334348
3729,959.1497951545,267653396606.1497951545,3729.008471586565
3730,959.2572031944,267653396606.2572031944,3729.4268613704785
3731,959.5694111445,267653396606.5694111445,3730.643014434066
3732,959.7950876856,267653396606.7950876856,3731.52209908502
3733,960.0663161518,267653396607.0663161518,3732.5786235264877
3734,960.3240182568,267653396607.3240182568,3733.5824583243793
3735,960.5308658254,267653396607.5308658254,3734.388197909704
3736,960.7443782470,267653396607.7443782470,3735.219899298345
3737,961.1370082303,267653396608.1370082303,3736.749322738375
3738,961.1920108314,267653396608.1920108314,3736.9635760327315
3739,961.3970007734,267653396608.3970007734,3737.7620795490197
3740,961.6980909265,267653396608.6980909265,3738.934925121951
3741,962.0685007963,267653396609.0685007963,3740.3777938823278
3742,962.3306425461,267653396609.3306425461,3741.3989225627843
3743,962.5435387374,267653396609.5435387374,3742.228223530914
3744,962.7758342659,267653396609.7758342659,3743.133091323527
3745,963.1909386183,267653396610.1909386183,3744.7500598527345
3746,963.5304695903,267653396610.5304695903,3746.0726451092874
3747,963.7932194517,267653396610.7932194517,3747.096142585238
3748,963.9214161316,267653396610.9214161316,3747.5955109868187
3749,964.3606728258,267653396611.3606728258,3749.3065608629736
3750,964.5485888329,267653396611.5485888329,3750.038555764637
3751,964.8776995534,267653396611.8776995534,3751.320550700601
3752,964.9765848790,267653396611.9765848790,3751.705741697928
3753,965.2112388718,267653396612.2112388718,3752.6197964878065
3754,965.4404501744,267653396612.4404501744,3753.5126502020594
3755,965.7756052215,267653396612.7756052215,3754.818189786101
3756,965.9265619894,267653396612.9265619894,3755.4062162463247
3757,966.3067208203,267653396613.3067208203,3756.887060429509
3758,966.5195596869,267653396613.5195596869,3757.716138099003
3759,966.7922536911,267653396613.7922536911,3758.778371294935
3760,967.1087650717,267653396614.1087650717,3760.011287641409
3761,967.3202641349,267653396614.3202641349,3760.8351463342274
3762,967.3963449542,267653396614.3963449542,3761.1315062489653
3763,967.8199794106,267653396614.8199794106,3762.7817023500825
3764,967.9622240282,267653396614.9622240282,3763.3357921079437
3765,968.2595168782,267653396615.2595168782,3764.4938459313485
3766,968.4404378773,267653396615.4404378773,3765.1985929669468
3767,968.7798365880,267653396615.7798365880,3766.520663022062
3768,968.8946245774,267653396615.8946245774,3766.9678001463003
3769,969.0932852842,267653396616.0932852842,3767.741649201432
3770,969.5834909681,267653396616.5834909681,3769.6511622169496
3771,969.9060073718,267653396616.9060073718,3770.90747011139
3772,970.2955860565,267653396617.2955860565,3772.4250077357697
3773,970.3262233344,267653396617.3262233344,3772.5443500502947
3774,970.5340006690,267653396617.5340006690,3773.35371138122
3775,970.9899752207,267653396617.9899752207,3775.129882832944
3776,971.1076033600,267653396618.1076033600,3775.588083278923
3777,971.3230436347,267653396618.3230436347,3776.4272942920093
3778,971.5674300639,267653396618.5674300639,3777.3792601355317
3779,971.6529795621,267653396618.6529795621,3777.712503681352
3780,971.9199807396,267653396618.9199807396,3778.7525614373917
3781,972.4495465585,267653396619.4495465585,3780.8153951763193
3782,972.7613400961,267653396619.7613400961,3782.029933966374
3783,972.9790934861,267653396619.9790934861,3782.8781553273957
3784,973.0971424468,267653396620.0971424468,3783.3379950116923
3785,973.3867246288,267653396620.3867246288,3784.4660132370054
3786,973.7120925658,267653396620.7120925658,3785.7334287952895
3787,973.9621178715,267653396620.9621178715,3786.707359924861
3788,974.1263863255,267653396621.1263863255,3787.3472397982573
3789,974.5330476193,267653396621.5330476193,3788.9313198261366
3790,974.8627437489,267653396621.8627437489,3790.2155951238624
3791,975.1744904625,267653396622.1744904625,3791.4299515189746
3792,975.3251086092,267653396622.3251086092,3792.0166589378055
3793,975.5676094666,267653396622.5676094666,3792.96127985651
3794,975.7893376025,267653396622.7893376025,3793.8249841653615
3795,975.9023475459,267653396622.9023475459,3794.26519521328
3796,976.1982291733,267653396623.1982291733,3795.4177518586425
3797,976.4739014789,267653396623.4739014789,3796.49158652203
3798,976.7798935283,267653396623.7798935283,3797.683526599767
3799,977.0325492543,267653396624.0325492543,3798.6677040850304
3800,977.4544861079,267653396624.4544861079,3800.311287462658
3801,977.5469187936,267653396624.5469187936,3800.6713432967713
3802,977.7487746500,267653396624.7487746500,3801.4576385147056
3803,977.9214554869,267653396624.9214554869,3802.1302873974523
3804,978.2261389441,267653396625.2261389441,3803.3171300764443
3805,978.4955225661,267653396625.4955225661,3804.3664682405483
3806,978.6933251657,267653396625.6933251657,3805.1369746847718
3807,979.0616577433,267653396626.0616577433,3806.5717517060652
3808,979.2053403282,267653396626.2053403282,3807.13144282141
3809,979.4733174731,267653396626.4733174731,3808.1753022927596
3810,979.7974234073,267653396626.7974234073,3809.437801933397
3811,979.9008280720,267653396626.9008280720,3809.840597248905
3812,980.3133866008,267653396627.3133866008,3811.4476489545077
3813,980.6069046503,267653396627.6069046503,3812.590998683445
3814,980.9101331492,267653396627.9101331492,3813.7721738193995
3815,981.0937283570,267653396628.0937283570,3814.487337780968
3816,981.4220684756,267653396628.4220684756,3815.766330968065
3817,981.5089481146,267653396628.5089481146,3816.1047558515434
3818,982.0031287881,267653396629.0031287881,3818.029752764186
3819,982.3275911149,267653396629.3275911149,3819.29364067169
3820,982.6063973118,267653396629.6063973118,3820.379682876572
3821,982.6868195390,267653396629.6868195390,3820.6929540087094
3822,983.1031907613,267653396630.1031907613,3822.3148574145307
3823,983.2019614993,267653396630.2019614993,3822.6996020553174
3824,983.5321082680,267653396630.5321082680,3823.9856327411503
3825,983.7924909374,267653396630.7924909374,3824.999909222565
3826,983.9347438576,267653396630.9347438576,3825.554031321796
3827,984.0866830912,267653396631.0866830912,3826.1458848103553
3828,984.4740301792,267653396631.4740301792,3827.654729628669
3829,984.6484576115,267653396631.6484576115,3828.3341820772634
3830,984.8547391800,267653396631.8547391800,3829.1377169052957
3831,985.0321651563,267653396632.0321651563,3829.828849672956
3832,985.5611532989,267653396632.5611532989,3831.889433171938
3833,985.7875380405,267653396632.7875380405,3832.7712764977064
3834,986.1093342431,267653396633.1093342431,3834.024778971039
3835,986.3658946169,267653396633.3658946169,3835.0241663488855
3836,986.4434957922,267653396633.4434957922,3835.326448552299
3837,986.8391797939,267653396633.8391797939,3836.867768402508
3838,987.0100730295,267653396634.0100730295,3837.533453987887
3839,987.3539450167,267653396634.3539450167,3838.8729489321477
3840,987.5541417956,267653396634.5541417956,3839.6527814953565
3841,987.8116796347,267653396634.8116796347,3840.6559764233275
3842,988.0167688749,267653396635.0167688749,3841.4548667388985
3843,988.2268164028,267653396635.2268164028,3842.273071222397
3844,988.3881790146,267653396635.3881790146,3842.9016318808526
3845,988.8059197616,267653396635.8059197616,3844.528870037629
3846,988.9486791328,267653396635.9486791328,3845.0849649307474
3847,989.3097192845,267653396636.3097192845,3846.491335545043
3848,989.4117516043,267653396636.4117516043,3846.8887851239874
3849,989.7762181604,267653396636.7762181604,3848.3085027148954
3850,990.1773666071,267653396637.1773666071,3849.87110838286
3851,990.4646939650,267653396637.4646939650,3850.9903433237137
3852,990.7056438779,267653396637.7056438779,3851.9289228014372
3853,990.8518362362,267653396637.8518362362,3852.4983903129582
3854,991.0063408506,267653396638.0063408506,3853.100236806879
3855,991.3306815331,267653396638.3306815331,3854.3636508696663
3856,991.6749526691,267653396638.6749526691,3855.704700630312
3857,991.9478492568,267653396638.9478492568,3856.7677229558785
3858,992.2706919523,267653396639.2706919523,3858.0253018646326
3859,992.4718523137,267653396639.4718523137,3858.8088878998756
3860,992.8516053037,267653396639.8516053037,3860.2881511987425
3861,993.0098203083,267653396640.0098203083,3860.9044508877455
3862,993.2863937902,267653396640.2863937902,3861.9817959304128
3863,993.4968912737,267653396640.4968912737,3862.801753139559
3864,993.7639001655,267653396640.7639001655,3863.8418409453484
3865,994.0364731516,267653396641.0364731516,3864.9036027358225
3866,994.3573163696,267653396641.3573163696,3866.1533930194432
3867,994.5343825020,267653396641.5343825020,3866.843124076285
3868,994.6987883584,267653396641.6987883584,3867.483539177405
3869,994.8876165978,267653396641.8876165978,3868.21908752512
3870,995.1946989939,267653396642.1946989939,3869.415274863313
3871,995.4140707265,267653396642.4140707265,3870.269800203177
3872,995.7643604563,267653396642.7643604563,3871.634294374147
3873,995.9385918702,267653396642.9385918702,3872.3129832663453
3874,996.1564219998,267653396643.1564219998,3873.1615035534533
3875,996.4110376480,267653396643.4110376480,3874.153315582898
3876,996.6782097196,267653396643.6782097196,3875.194039027894
3877,996.9967933732,267653396643.9967933732,3876.4350275620195
3878,997.2863234355,267653396644.2863234355,3877.562842763894
3879,997.5340410920,267653396644.5340410920,3878.5277848377987
3880,997.7569438245,267653396644.7569438245,3879.3960645882876
3881,997.9651155335,267653396644.9651155335,3880.206962137735
3882,998.2812466147,267653396645.2812466147,3881.4383970924687
3883,998.5101433850,267653396645.5101433850,3882.3300255995523
3884,998.9139107109,267653396645.9139107109,3883.902832666815
3885,999.2395063763,267653396646.2395063763,3885.1711353024225
3886,999.5108600825,267653396646.5108600825,3886.228147595054
3887,999.6197212781,267653396646.6197212781,3886.6521979002855
3888,999.7705730341,267653396646.7705730341,3887.2398153044846
3889,1000.0333867755,267653396647.0333867755,3888.2635616141356
3890,1000.3703565210,267653396647.3703565210,3889.576170047705
3891,1000.7552421328,267653396647.7552421328,3891.0754266033896
3892,1000.8734585559,267653396647.8734585559,3891.5359186090363
3893,1001.2246252555,267653396648.2246252555,3892.903828866973
3894,1001.4564525360,267653396648.4564525360,3893.806872679005
3895,1001.7206977509,267653396648.7206977509,3894.8361950506433
3896,1001.8509197333,267653396648.8509197333,3895.343452674264
3897,1002.2197874322,267653396649.2197874322,3896.780314169735
3898,1002.4609629906,267653396649.4609629906,3897.719772611196
3899,1002.7312011442,267653396649.7312011442,3898.7724394580705
3900,1002.9596574496,267653396649.9596574496,3899.662352208918
3901,1003.3038017045,267653396650.3038017045,3901.0029077257827
3902,1003.4198011368,267653396650.4198011368,3901.4547638201643
3903,1003.7023949268,267653396650.7023949268,3902.555559950921
3904,1003.9899749925,267653396650.9899749925,3903.6757792721082
3905,1004.1229444706,267653396651.1229444706,3904.1937392987643
3906,1004.6167574175,267653396651.6167574175,3906.1173037948747
3907,1004.7392805245,267653396651.7392805245,3906.594571756474
3908,1004.9927556933,267653396651.9927556933,3907.581941242046
3909,1005.2846380743,267653396652.2846380743,3908.718919502046
3910,1005.5234785511,267653396652.5234785511,3909.6492820295794
3911,1005.6612433893,267653396652.6612433893,3910.185921567359
3912,1006.0262405573,267653396653.0262405573,3911.607706066841
3913,1006.3910037892,267653396653.3910037892,3913.0285793079624
3914,1006.4691762477,267653396653.4691762477,3913.333086848091
3915,1006.7922322383,267653396653.7922322383,3914.5914966116975
3916,1006.9751402707,267653396653.9751402707,3915.3039837981655
3917,1007.1470597348,267653396654.1470597348,3915.973666882437
3918,1007.4575719516,267653396654.4575719516,3917.1832145048616
3919,1007.6894516590,267653396654.6894516590,3918.0864625369827
3920,1007.8759379059,267653396654.8759379059,3918.8128880505337
3921,1007.9926008677,267653396654.9926008677,3919.2673288114297
3922,1008.5912844719,267653396655.5912844719,3921.599399148331
3923,1009.0264359810,267653396656.0264359810,3923.29445797291
3924,1009.2746693875,267653396656.2746693875,3924.2614090633783
3925,1009.4585099479,267653396656.4585099479,3924.977528754348
3926,1009.8477397207,267653396656.8477397207,3926.4937072516677
3927,1010.0097591813,267653396657.0097591813,3927.1248265531076
3928,1010.2380098575,267653396657.2380098575,3928.0139383103187
3929,1010.5405142723,267653396657.5405142723,3929.1922928996005
3930,1010.6306997501,267653396657.6306997501,3929.5435951168674
3931,1010.8905651100,267653396657.8905651100,3930.555856506957
3932,1011.0820874526,267653396658.0820874526,3931.3018992762895
3933,1011.5210641798,267653396658.5210641798,3933.0118585885402
3934,1011.7439490951,267653396658.7439490951,3933.8800689351533
3935,1011.9431553034,267653396658.9431553034,3934.65604289877
3936,1012.1714395188,267653396659.1714395188,3935.5452853022407
3937,1012.4529161440,267653396659.4529161440,3936.6417297071907
3938,1012.6996791020,267653396659.6996791020,3937.6029529151774
3939,1013.0202120549,267653396660.0202120549,3938.851534613781
3940,1013.1768226093,267653396660.1768226093,3939.4615844394316
3941,1013.3661292517,267653396660.3661292517,3940.1989963248125
3942,1013.5142107453,267653396660.5142107453,3940.775822642163
3943,1014.0603310162,267653396661.0603310162,3942.90314143829
3944,1014.1856876445,267653396661.1856876445,3943.3914469010447
3945,1014.4917549896,267653396661.4917549896,3944.583680280404
3946,1014.7389403186,267653396661.7389403186,3945.546548762912
3947,1014.9770772754,267653396661.9770772754,3946.4741708477295
3948,1015.2510232991,267653396662.2510232991,3947.5412810730663
3949,1015.4485239545,267653396662.4485239545,3948.3106113449267
3950,1015.8111290568,267653396662.8111290568,3949.723077958596
3951,1015.9667562790,267653396662.9667562790,3950.32929738061
3952,1016.2436099282,267653396663.2436099282,3951.407733767432
3953,1016.4923455051,267653396663.4923455051,3952.376640977437
3954,1016.6903379241,267653396663.6903379241,3953.1478868309105
3955,1017.1830374053,267653396664.1830374053,3955.0671140104323
3956,1017.3631324185,267653396664.3631324185,3955.7686435581963
3957,1017.5677788554,267653396664.5677788554,3956.565809008694
3958,1017.8697114369,267653396664.8697114369,3957.741936118442
3959,1018.0607655409,267653396665.0607655409,3958.4861549438056
3960,1018.2826755871,267653396665.2826755871,3959.350567853352
3961,1018.6031125931,267653396665.6031125931,3960.598775807097
3962,1018.9805351085,267653396665.9805351085,3962.068961137829
3963,1019.1861522155,267653396666.1861522155,3962.8699076689027
3964,1019.4468835353,267653396666.4468835353,3963.885542258763
3965,1019.6212808612,267653396666.6212808612,3964.5648774329916
3966,1019.8213941130,267653396666.8213941130,3965.344384630567
3967,1020.1353323654,267653396667.1353323654,3966.5672777930085
3968,1020.3606050502,267653396667.3606050502,3967.44478929032
3969,1020.7030163545,267653396667.7030163545,3968.7785943923423
3970,1020.9096756677,267653396667.9096756677,3969.583600660725
3971,1021.2603314249,267653396668.2603314249,3970.9495206292936
3972,1021.6234189443,267653396668.6234189443,3972.363866416874
3973,1021.8524335111,267653396668.8524335111,3973.255953780227
3974,1022.0532625844,267653396669.0532625844,3974.0382493389257
3975,1022.2375590944,267653396669.2375590944,3974.7561451041533
3976,1022.4586062685,267653396669.4586062685,3975.617196841931
3977,1022.7226049015,267653396669.7226049015,3976.645558695645
3978,1022.9094134261,267653396669.9094134261,3977.373239587262
3979,1023.1964806108,267653396670.1964806108,3978.491461067593
3980,1023.3706350300,267653396670.3706350300,3979.169850040012
3981,1023.6109067508,267653396670.6109067508,3980.1057877355565
3982,1023.8713951842,267653396670.8713951842,3981.1204762026828
3983,1024.1708264970,267653396671.1708264970,3982.2868600448714
3984,1024.3300827173,267653396671.3300827173,3982.907215612861
3985,1024.7902149268,267653396671.7902149268,3984.699582514681
3986,1024.9440408549,267653396671.9440408549,3985.298785301349
3987,1025.2696151889,267653396672.2696151889,3986.5670048441148
3988,1025.5301748389,267653396672.5301748389,3987.581970723416
3989,1025.6788591856,267653396672.6788591856,3988.161145352667
3990,1025.8881098697,267653396672.8881098697,3988.976245866434
3991,1026.3389891289,267653396673.3389891289,3990.7325694713077
3992,1026.6352215972,267653396673.6352215972,3991.8864927578397
3993,1026.8363984269,267653396673.8363984269,3992.670142942554
3994,1027.0866030220,267653396674.0866030220,3993.644772463552
3995,1027.3666792100,267653396674.3666792100,3994.735761703155
3996,1027.6411924371,267653396674.6411924371,3995.80508137304
3997,1027.8799983608,267653396674.8799983608,3996.735309304842
3998,1028.2754521747,267653396675.2754521747,3998.2757324975664
3999,1028.4822079752,267653396675.4822079752,3999.0811146158458
4000,1028.6696939171,267653396675.6696939171,3999.8114342715453
4001,1029.0107634638,267653396676.0107634638,4001.1400127846396
4002,1029.2512286218,267653396676.2512286218,4002.076703981956
4003,1029.3853005330,267653396676.3853005330,4002.5989583495866
4004,1029.6414484312,267653396676.6414484312,4003.5967389987695
4005,1029.9413706043,267653396676.9413706043,4004.76503490392
4006,1030.0675263270,267653396677.0675263270,4005.256453103243
4007,1030.3598938309,267653396677.3598938309,4006.395321077141
4008,1030.6687095180,267653396677.6687095180,4007.598260156157
4009,1030.8614531266,267653396677.8614531266,4008.349060159851
4010,1031.1121521103,267653396678.1121521103,4009.3256154877045
4011,1031.4591239061,267653396678.4591239061,4010.6771852100965
4012,1031.6038303566,267653396678.6038303566,4011.2408646200606
4013,1031.8186069363,267653396678.8186069363,4012.077490321963
4014,1032.1782222601,267653396679.1782222601,4013.4783107610874
4015,1032.6695375396,267653396679.6695375396,4015.392146017898
4016,1032.8760705356,267653396679.8760705356,4016.1966602390758
4017,1033.0980512714,267653396680.0980512714,4017.0613485079593
4018,1033.2245217669,267653396680.2245217669,4017.553992851283
4019,1033.2909892366,267653396680.2909892366,4017.8129055947916
4020,1033.7050026158,267653396680.7050026158,4019.425624423139
4021,1033.9007474685,267653396680.9007474685,4020.18811526368
4022,1034.1735852917,267653396681.1735852917,4021.2509086821206
4023,1034.6579692588,267653396681.6579692588,4023.1377441882614
4024,1034.7516396677,267653396681.7516396677,4023.502621362965
4025,1034.9705302739,267653396681.9705302739,4024.355272556628
4026,1035.1363171470,267653396682.1363171470,4025.00106717384
4027,1035.3673628703,267653396682.3673628703,4025.9010665624955
4028,1035.7591364045,267653396682.7591364045,4027.4271538504804
4029,1036.0634169281,267653396683.0634169281,4028.6124269700535
4030,1036.3638241542,267653396683.3638241542,4029.7826123168156
4031,1036.5912633141,267653396683.5912633141,4030.6685629500616
4032,1036.8636139343,267653396683.8636139343,4031.729458551932
4033,1037.0567390197,267653396684.0567390197,4032.481744533735
4034,1037.3970680361,267653396684.3970680361,4033.807438436773
4035,1037.7787419159,267653396684.7787419159,4035.2941842357413
4036,1037.9974098313,267653396684.9974098313,4036.1459679752006
4037,1038.1911623354,267653396685.1911623354,4036.9006979600276
4038,1038.4458038466,267653396685.4458038466,4037.8926107344046
4039,1038.6439128497,267653396685.6439128497,4038.664310721449
4040,1039.0430458961,267653396686.0430458961,4040.219065739727
4041,1039.3243695750,267653396686.3243695750,4041.3149143683368
4042,1039.4093333569,267653396686.4093333569,4041.6458763557553
4043,1039.4912326971,267653396686.4912326971,4041.964901330806
4044,1039.8407324060,267653396686.8407324060,4043.326318109497
4045,1040.2071196000,267653396687.2071196000,4044.7535172192734
4046,1040.2967879830,267653396687.2967879830,4045.1028051815397
4047,1040.6621805748,267653396687.6621805748,4046.5261299873077
4048,1041.0651721720,267653396688.0651721720,4048.095915335131
4049,1041.3977817949,267653396688.3977817949,4049.391539651373
4050,1041.4538002166,267653396688.4538002166,4049.6097499024154
4051,1041.6800591484,267653396688.6800591484,4050.4911031574748
4052,1041.8361795556,267653396688.8361795556,4051.099243697927
4053,1041.9889280350,267653396688.9889280350,4051.6942494661125
4054,1042.4017246700,267653396689.4017246700,4053.3022286740074
4055,1042.4791707556,267653396689.4791707556,4053.603906751828
4056,1042.9191969567,267653396689.9191969567,4055.317954111487
4057,1043.0888624511,267653396690.0888624511,4055.97885723947
4058,1043.6284929830,267653396690.6284929830,4058.080896359146
4059,1043.6984870637,267653396690.6984870637,4058.3535464170645
4060,1043.9133875344,267653396690.9133875344,4059.1906547153253
4061,1044.2841055571,267653396691.2841055571,4060.6347238330245
4062,1044.6158495768,267653396691.6158495768,4061.9269763389616
4063,1044.8584461754,267653396691.8584461754,4062.8719702012663
4064,1045.1618326418,267653396692.1618326418,4064.0537606728094
4065,1045.3391697591,267653396692.3391697591,4064.7445473053276
4066,1045.6859868265,267653396692.6859868265,4066.0955143095102
4067,1045.9342615787,267653396692.9342615787,4067.0626264551383
4068,1046.1618006559,267653396693.1618006559,4067.948966299264
4069,1046.4447602028,267653396693.4447602028,4069.0511871739345
4070,1046.5371379277,267653396693.5371379277,4069.4110289175865
4071,1046.7099033293,267653396693.7099033293,4070.0840072077717
4072,1047.0078810755,267653396694.0078810755,4071.244728928057
4073,1047.3281177610,267653396694.3281177610,4072.4921565673103
4074,1047.6187150775,267653396694.6187150775,4073.6241290767334
4075,1047.9084340731,267653396694.9084340731,4074.75268023621
4076,1048.2033228315,267653396695.2033228315,4075.901369328963
4077,1048.3681458254,267653396695.3681458254,4076.5434093183985
4078,1048.7577997658,267653396695.7577997658,4078.0612400885984
4079,1048.9312543325,267653396695.9312543325,4078.736902904426
4080,1049.1887104225,267653396696.1887104225,4079.739779392667
4081,1049.4223846365,267653396696.4223846365,4080.6500176205864
4082,1049.5999347501,267653396696.5999347501,4081.34163394403
4083,1049.9698605961,267653396696.9698605961,4082.7826172718896
4084,1050.1682484309,267653396697.1682484309,4083.555403400483
4085,1050.4390924340,267653396697.4390924340,4084.6104302312333
4086,1050.6536219308,267653396697.6536219308,4085.44609346365
4087,1050.8632927523,267653396697.8632927523,4086.2628305513317
4088,1051.3439537417,267653396698.3439537417,4088.1351638299266
4089,1051.5226323524,267653396698.5226323524,4088.831176022229
4090,1051.6606167475,267653396698.6606167475,4089.3686708066407
4091,1051.8498184819,267653396698.8498184819,4090.105674040723
4092,1052.0794034669,267653396699.0794034669,4090.999983371334
4093,1052.4404001801,267653396699.4404001801,4092.4061847783414
4094,1052.7675853297,267653396699.7675853297,4093.680678979801
4095,1052.8636884779,267653396699.8636884779,4094.0550324774235
4096,1053.0726861712,267653396700.0726861712,4094.8691475084847
4097,1053.4820090697,267653396700.4820090697,4096.46359536561
4098,1053.6803060736,267653396700.6803060736,4097.2360276778545
4099,1054.1389532867,267653396701.1389532867,4099.022610028325
4100,1054.2949658737,267653396701.2949658737,4099.6303305734955
4101,1054.5055399701,267653396701.5055399701,4100.450586215195
4102,1054.8943109579,267653396701.8943109579,4101.964977593449
4103,1055.0943462329,267653396702.0943462329,4102.744181045642
4104,1055.4261887649,267653396702.4261887649,4104.036817289521
4105,1055.5654741246,267653396702.5654741246,4104.5793797606575
4106,1055.8611212201,267653396702.8611212201,4105.731022826835
4107,1056.3941189383,267653396703.3941189383,4107.807224946852
4108,1056.4763956805,267653396703.4763956805,4108.127720027321
4109,1056.5989373879,267653396703.5989373879,4108.605060443624
4110,1056.9367905586,267653396703.9367905586,4109.9211101100855
4111,1057.2783687334,267653396704.2783687334,4111.251669897595
4112,1057.3749885181,267653396704.3749885181,4111.62803586499
4113,1057.5728465298,267653396704.5728465298,4112.39875815765
4114,1057.8513662730,267653396704.8513662730,4113.48368453079
4115,1058.1029798830,267653396705.1029798830,4114.463802630116
4116,1058.3660701336,267653396705.3660701336,4115.48862603442
4117,1058.6354242924,267653396705.6354242924,4116.537849429643
4118,1058.8504688541,267653396705.8504688541,4117.375519009933
4119,1059.1062066229,267653396706.1062066229,4118.371702069673
4120,1059.3139527825,267653396706.3139527825,4119.180941963689
4121,1059.6070845895,267653396706.6070845895,4120.322787150557
4122,1059.7628747457,267653396706.7628747457,4120.929641254309
4123,1059.9956787585,267653396706.9956787585,4121.836489761196
4124,1060.6112926407,267653396707.6112926407,4124.2345091216785
4125,1060.8063983815,267653396707.8063983815,4124.9945104103235
4126,1060.9345497288,267653396707.9345497288,4125.493702226465
4127,1061.3289559509,267653396708.3289559509,4127.030044703198
4128,1061.4515073455,267653396708.4515073455,4127.507422854344
4129,1061.7194671489,267653396708.7194671489,4128.551214774839
4130,1061.9084445651,267653396708.9084445651,4129.287344215458
4131,1062.2122605935,267653396709.2122605935,4130.470807972845
4132,1062.3792337994,267653396709.3792337994,4131.1212237480695
4133,1062.5605392124,267653396709.5605392124,4131.82746820276
4134,1063.0417656950,267653396710.0417656950,4133.702004264111
4135,1063.3186999030,267653396710.3186999030,4134.780754454068
4136,1063.6301932643,267653396710.6301932643,4135.994123958326
4137,1063.8499316942,267653396710.8499316942,4136.850077705274
4138,1064.1649845990,267653396711.1649845990,4138.077312806905
4139,1064.3738750013,267653396711.3738750013,4138.891009904092
4140,1064.5980858532,267653396711.5980858532,4139.764385211623
4141,1064.8545363831,267653396711.8545363831,4140.763344711218
4142,1065.1152797308,267653396712.1152797308,4141.779026153728
4143,1065.3537683521,267653396712.3537683521,4142.7080180879075
4144,1065.5147592131,267653396712.5147592131,4143.3351306542445
4145,1065.7317946544,267653396712.7317946544,4144.180555368009
4146,1066.0921861673,267653396713.0921861673,4145.58439932
4147,1066.3836824992,267653396713.3836824992,4146.719873791284
4148,1066.6180917698,267653396713.6180917698,4147.632975307395
4149,1067.0325448417,267653396714.0325448417,4149.247406884014
4150,1067.1901718736,267653396714.1901718736,4149.861416225195
4151,1067.3583156783,267653396714.3583156783,4150.516391869304
4152,1067.7002367288,267653396714.7002367288,4151.848287270892
4153,1068.0703874713,267653396715.0703874713,4153.290146644889
4154,1068.1790299516,267653396715.1790299516,4153.713344981807
4155,1068.3527734324,267653396715.3527734324,4154.390133213462
4156,1068.5744912744,267653396715.5744912744,4155.253797424186
4157,1069.0313262643,267653396716.0313262643,4157.033320566861
4158,1069.1224149411,267653396716.1224149411,4157.388141042493
4159,1069.3306877454,267653396716.3306877454,4158.199432391526
4160,1069.5819330580,267653396716.5819330580,4159.178115850861
4161,1069.8233280459,267653396716.8233280459,4160.118429042694
4162,1070.0280105804,267653396717.0280105804,4160.91573510527
4163,1070.4773067840,267653396717.4773067840,4162.665892185833
4164,1070.6167796486,267653396717.6167796486,4163.209185050475
4165,1070.8770034593,267653396717.8770034593,4164.222842724807
4166,1071.0196409587,267653396718.0196409587,4164.778462887027
4167,1071.4009752395,267653396718.4009752395,4166.263885835755
4168,1071.7365861852,267653396718.7365861852,4167.571201295412
4169,1072.0287219226,267653396719.0287219226,4168.709166462266
4170,1072.2411111497,267653396719.2411111497,4169.53649263744
4171,1072.7174096961,267653396719.7174096961,4171.39183275998
4172,1072.9936328614,267653396719.9936328614,4172.467813203822
4173,1073.1523252379,267653396720.1523252379,4173.085972414021
4174,1073.3899503089,267653396720.3899503089,4174.011600534619
4175,1073.5648043956,267653396720.5648043956,4174.692714943002
4176,1073.7487580779,267653396720.7487580779,4175.409275281134
4177,1074.2119035600,267653396721.2119035600,4177.213379874794
4178,1074.4436678591,267653396721.4436678591,4178.116178353485
4179,1074.5270193556,267653396721.5270193556,4178.440859956861
4180,1074.8718512879,267653396721.8718512879,4179.7840942042985
4181,1074.9807606857,267653396721.9807606857,4180.208332273021
4182,1075.3075379130,267653396722.3075379130,4181.481237482422
4183,1075.7922786981,267653396722.7922786981,4183.369462912514
4184,1075.8612556184,267653396722.8612556184,4183.638150794787
4185,1075.9841887874,267653396722.9841887874,4184.1170160832935
4186,1076.3296261450,267653396723.3296261450,4185.4626086622
4187,1076.4953191899,267653396723.4953191899,4186.108037787593
4188,1076.8972942432,267653396723.8972942432,4187.6738633612495
4189,1077.1387571091,267653396724.1387571091,4188.614440960309
4190,1077.4109212721,267653396724.4109212721,4189.67461024982
4191,1077.7846471213,267653396724.7846471213,4191.130395844994
4192,1077.8806941581,267653396724.8806941581,4191.504530770187
4193,1078.0603989309,267653396725.0603989309,4192.204540202733
4194,1078.2204976879,267653396725.2204976879,4192.828177729399
4195,1078.6676988056,267653396725.6676988056,4194.57017375854
4196,1078.8377147412,267653396725.8377147412,4195.232441970724
4197,1079.2453052635,267653396726.2453052635,4196.820141650488
4198,1079.3926620618,267653396726.3926620618,4197.39414504034
4199,1079.6852113824,267653396726.6852113824,4198.533721250334
4200,1079.9958673993,267653396726.9958673993,4199.743829021647
4201,1080.2859510500,267653396727.2859510500,4200.873800633161
4202,1080.4855255848,267653396727.4855255848,4201.651209350132
4203,1080.6974334197,267653396727.6974334197,4202.476660343722
4204,1080.8605286319,267653396727.8605286319,4203.111970052888
4205,1081.2659740776,267653396728.2659740776,4204.691313950943
4206,1081.5225562653,267653396728.5225562653,4205.690786301148
4207,1081.6312257607,267653396728.6312257607,4206.114089870803
4208,1082.0935634004,267653396729.0935634004,4207.915047651549
4209,1082.2287325547,267653396729.2287325547,4208.441576143392
4210,1082.2661231179,267653396729.2661231179,4208.587224734247
4211,1082.8681892000,267653396729.8681892000,4210.932470939564
4212,1083.2294692042,267653396730.2294692042,4212.3397758585725
4213,1083.4332646560,267653396730.4332646560,4213.133626441099
4214,1083.7891851034,267653396730.7891851034,4214.520054116527
4215,1083.8697590685,267653396730.8697590685,4214.833916317897
4216,1084.1185671712,267653396731.1185671712,4215.8031060398525
4217,1084.2833724657,267653396731.2833724657,4216.445077084284
4218,1084.5889457911,267653396731.5889457911,4217.635386093789
4219,1084.9683750667,267653396731.9683750667,4219.113388418191
4220,1085.1987156739,267653396732.1987156739,4220.010641146799
4221,1085.4251944232,267653396732.4251944232,4220.892850663616
4222,1085.5862765560,267653396732.5862765560,4221.520318763755
4223,1085.7354349026,267653396732.7354349026,4222.101339779148
4224,1086.1599878559,267653396733.1599878559,4223.755113729028
4225,1086.2563841445,267653396733.2563841445,4224.130609105312
4226,1086.5603813967,267653396733.5603813967,4225.3147787892485
4227,1086.8863109881,267653396733.8863109881,4226.584382176913
4228,1087.0582807710,267653396734.0582807710,4227.254261269535
4229,1087.3855271743,267653396734.3855271743,4228.5289940743905
4230,1087.6191958423,267653396734.6191958423,4229.439210698813
4231,1087.8175849619,267653396734.8175849619,4230.212001832132
4232,1088.2411858733,267653396735.2411858733,4231.862067264427
4233,1088.3588358424,267653396735.3588358424,4232.320352744694
4234,1088.5110288490,267653396735.5110288490,4232.913194762899
4235,1088.8025303890,267653396735.8025303890,4234.048689521456
4236,1089.1077989672,267653396736.1077989672,4235.2378114399835
4237,1089.3601940212,267653396736.3601940212,4236.220973521744
4238,1089.6488856481,267653396736.6488856481,4237.345522740882
4239,1090.0599067304,267653396737.0599067304,4238.946585584695
4240,1090.4666016125,267653396737.4666016125,4240.530796450123
4241,1090.4779826923,267653396737.4779826923,4240.575129514227
4242,1090.9031762947,267653396737.9031762947,4242.23139900391
4243,1091.0620705171,267653396738.0620705171,4242.850344470546
4244,1091.3725696345,267653396738.3725696345,4244.059841066497
4245,1091.5157023375,267653396738.5157023375,4244.617390210267
4246,1091.6496895271,267653396738.6496895271,4245.139314559294
4247,1092.0778503296,267653396739.0778503296,4246.807142273202
4248,1092.4264175224,267653396739.4264175224,4248.164926593757
4249,1092.6797428667,267653396739.6797428667,4249.151712463439
4250,1092.8753511505,267653396739.8753511505,4249.913671323023
4251,1093.0950223232,267653396740.0950223232,4250.769363080972
4252,1093.2651707627,267653396740.2651707627,4251.432147439603
4253,1093.4682487505,267653396740.4682487505,4252.223203262929
4254,1093.7842032405,267653396740.7842032405,4253.453950336642
4255,1093.9720808607,267653396740.9720808607,4254.185795708669
4256,1094.2256693178,267653396741.2256693178,4255.173606489593
4257,1094.5014380645,267653396741.5014380645,4256.247816822931
4258,1094.9000423635,267653396741.9000423635,4257.800512195496
4259,1095.2685085414,267653396742.2685085414,4259.235809634101
4260,1095.4208865823,267653396742.4208865823,4259.8293724220075
4261,1095.6025283636,267653396742.6025283636,4260.536927142306
4262,1095.8562743263,267653396742.8562743263,4261.525351459554
4263,1096.2610653188,267653396743.2610653188,4263.102146046284
4264,1096.4939819019,267653396743.4939819019,4264.009433051669
4265,1096.5644815629,267653396743.5644815629,4264.284052511812
4266,1096.9414907749,267653396743.9414907749,4265.7526278893365
4267,1097.1096878813,267653396744.1096878813,4266.407811161171
4268,1097.3003670962,267653396744.3003670962,4267.150569669702
4269,1097.5237660515,267653396744.5237660515,4268.020782371874
4270,1097.8013792170,267653396744.8013792170,4269.102177325507
4271,1098.0185419326,267653396745.0185419326,4269.948097814703
4272,1098.3851307898,267653396745.3851307898,4271.37608246925
4273,1098.6377645750,267653396745.6377645750,4272.360174487871
4274,1098.8286502903,267653396745.8286502903,4273.103737383652
4275,1099.2500578535,267653396746.2500578535,4274.745259000418
4276,1099.5007548879,267653396746.5007548879,4275.721806735115
4277,1099.8397232267,267653396746.8397232267,4277.042200349588
4278,1100.0215759691,267653396747.0215759691,4277.750576833036
4279,1100.1598811762,267653396747.1598811762,4278.28932128613
4280,1100.6773582931,267653396747.6773582931,4280.3050655388515
4281,1100.9005243398,267653396747.9005243398,4281.174370985115
4282,1101.0791495694,267653396748.0791495694,4281.870175240411
4283,1101.2555198060,267653396748.2555198060,4282.557195553323
4284,1101.6341799622,267653396748.6341799622,4284.032201903686
4285,1101.8349886659,267653396748.8349886659,4284.814418116075
4286,1101.9680889559,267653396748.9680889559,4285.332887698287
4287,1102.2646132794,267653396749.2646132794,4286.487947857214
4288,1102.7519284991,267653396749.7519284991,4288.386201560215
4289,1102.8449840731,267653396749.8449840731,4288.7486837499555
4290,1103.1536915208,267653396750.1536915208,4289.951201200778
4291,1103.4346116973,267653396750.4346116973,4291.045478054305
4292,1103.7085926225,267653396750.7085926225,4292.112724232525
4293,1103.7671493984,267653396750.7671493984,4292.3408222113985
4294,1104.0890346710,267653396751.0890346710,4293.594671641817
4295,1104.2474494598,267653396751.2474494598,4294.211749556262
4296,1104.4225113868,267653396751.4225113868,4294.89367357125
4297,1104.7349052370,267653396751.7349052370,4296.110550777143
4298,1104.9289523045,267653396751.9289523045,4296.866428183691
4299,1105.3960091607,267653396752.3960091607,4298.685768871102
4300,1105.5927942618,267653396752.5927942618,4299.452311822682
4301,1105.8560842108,267653396752.8560842108,4300.477913118206
4302,1106.0301473461,267653396753.0301473461,4301.155946509699
4303,1106.2811737904,267653396753.2811737904,4302.133777404735
4304,1106.6311757613,267653396753.6311757613,4303.4971506597885
4305,1106.9709048300,267653396753.9709048300,4304.820507568433
4306,1107.1856220306,267653396754.1856220306,4305.656901969142
4307,1107.5408410667,267653396754.5408410667,4307.04059741594
4308,1107.6869087520,267653396754.6869087520,4307.6095792849665
4309,1107.8960950245,267653396754.8960950245,4308.424428894291
4310,1108.1359251678,267653396755.1359251678,4309.358646499667
4311,1108.4065826460,267653396755.4065826460,4310.412946754346
4312,1108.7890168234,267653396755.7890168234,4311.902654163549
4313,1109.0487254495,267653396756.0487254495,4312.914305023746
4314,1109.3371304694,267653396756.3371304694,4314.037737813978
4315,1109.5781084534,267653396756.5781084534,4314.9764266379225
4316,1109.7088330578,267653396756.7088330578,4315.485642140218
4317,1110.0967074260,267653396757.0967074260,4316.996540889059
4318,1110.1854525047,267653396757.1854525047,4317.342232276185
4319,1110.3881301177,267653396757.3881301177,4318.131728507455
4320,1110.7218093993,267653396757.7218093993,4319.4315194975725
4321,1111.1584345685,267653396758.1584345685,4321.132318714902
4322,1111.3294790377,267653396758.3294790377,4321.798593405107
4323,1111.5773135595,267653396758.5773135595,4322.763990707963
4324,1111.6818940808,267653396758.6818940808,4323.17136637323
4325,1112.1531880929,267653396759.1531880929,4325.007212182075
4326,1112.3748372846,267653396759.3748372846,4325.870608977216
4327,1112.7687636685,267653396759.7687636685,4327.405082325719
4328,1112.9110691883,267653396759.9110691883,4327.959409317773
4329,1113.0076756772,267653396760.0076756772,4328.335723493639
4330,1113.3127791544,267653396760.3127791544,4329.524202289256
4331,1113.4224354595,267653396760.4224354595,4329.95134980856
4332,1113.7864390154,267653396760.7864390154,4331.369263860823
4333,1114.1409516355,267653396761.1409516355,4332.750207584028
4334,1114.3577697241,267653396761.3577697241,4333.594785637258
4335,1114.6589611208,267653396761.6589611208,4334.768025587471
4336,1114.8416094948,267653396761.8416094948,4335.479501318739
4337,1115.1148142069,267653396762.1148142069,4336.5437238906125
4338,1115.2697302025,267653396762.2697302025,4337.147172850166
4339,1115.6548368359,267653396762.6548368359,4338.647290357995
4340,1115.7648938520,267653396762.7648938520,4339.075998778968
4341,1116.0033643472,267653396763.0033643472,4340.004920106008
4342,1116.4129798942,267653396763.4129798942,4341.600507925696
4343,1116.5739953179,267653396763.5739953179,4342.227716171865
4344,1116.8188426088,267653396763.8188426088,4343.181477223917
4345,1117.0596943936,267653396764.0596943936,4344.119674460305
4346,1117.3516897740,267653396764.3516897740,4345.257092890302
4347,1117.6942178866,267653396764.6942178866,4346.591352999246
4348,1117.9423016737,267653396764.9423016737,4347.557721272759
4349,1118.3581529607,267653396765.3581529607,4349.177599358926
4350,1118.6354424180,267653396765.6354424180,4350.2577333622285
4351,1118.8384377969,267653396765.8384377969,4351.048467396612
4352,1119.2209551423,267653396766.2209551423,4352.538498772642
4353,1119.4433989623,267653396766.4433989623,4353.4049909074165
4354,1119.6085439170,267653396766.6085439170,4354.048285040494
4355,1119.8033111211,267653396766.8033111211,4354.806967616907
4356,1120.0622546061,267653396767.0622546061,4355.815637999854
4357,1120.2821540509,267653396767.2821540509,4356.6722189530155
4358,1120.4440721437,267653396767.4440721437,4357.302943393411
4359,1120.7507447842,267653396767.7507447842,4358.497534598255
4360,1120.9685818276,267653396767.9685818276,4359.346081816913
4361,1121.1245856418,267653396768.1245856418,4359.953768189136
4362,1121.6252343370,267653396768.6252343370,4361.903960182224
4363,1121.7443666823,267653396768.7443666823,4362.368020007307
4364,1122.1100734513,267653396769.1100734513,4363.7925686370345
4365,1122.2299589040,267653396769.2299589040,4364.259562064132
4366,1122.6029271302,267653396769.6029271302,4365.7123964675475
4367,1122.8405577365,267653396769.8405577365,4366.638046149975
4368,1123.1134587233,267653396770.1134587233,4367.701085611509
4369,1123.2958422121,267653396770.2958422121,4368.411529527452
4370,1123.4191011391,267653396770.4191011391,4368.891663750944
4371,1123.8860730582,267653396770.8860730582,4370.710673580307
4372,1124.0682391255,267653396771.0682391255,4371.42027056771
4373,1124.3592514779,267653396771.3592514779,4372.553859779031
4374,1124.6911880421,267653396771.6911880421,4373.846862309394
4375,1124.8505146215,267653396771.8505146215,4374.467491949322
4376,1125.1178800171,267653396772.1178800171,4375.508968455158
4377,1125.3367143009,267653396772.3367143009,4376.3614002544855
4378,1125.5733812270,267653396772.5733812270,4377.283296084305
4379,1125.7809405915,267653396772.7809405915,4378.091808349731
4380,1126.1626930799,267653396773.1626930799,4379.578860355175
4381,1126.5499330449,267653396773.5499330449,4381.087287894062
4382,1126.6526597509,267653396773.6526597509,4381.487442336565
4383,1126.9650185541,267653396773.9650185541,4382.704183022824
4384,1127.2645874793,267653396774.2645874793,4383.871102910771
4385,1127.4676823158,267653396774.4676823158,4384.662224365351
4386,1127.7905447117,267653396774.7905447117,4385.919880013695
4387,1128.0369260086,267653396775.0369260086,4386.879616525681
4388,1128.1521943937,267653396775.1521943937,4387.32862494982
4389,1128.4479148455,267653396775.4479148455,4388.480553763023
4390,1128.6741242003,267653396775.6741242003,4389.361713899308
4391,1128.9267507957,267653396775.9267507957,4390.345777911287
4392,1129.4846250591,267653396776.4846250591,4392.518882389667
4393,1129.6985696270,267653396776.6985696270,4393.352267130873
4394,1129.8005502024,267653396776.8005502024,4393.7495151483
4395,1129.9569021262,267653396776.9569021262,4394.358557522369
4396,1130.3456722905,267653396777.3456722905,4395.872945692836
4397,1130.5913090978,267653396777.5913090978,4396.829782171984
4398,1130.7835935149,267653396777.7835935149,4397.578793473162
4399,1131.1167327523,267653396778.1167327523,4398.876480812789
4400,1131.3199516662,267653396778.3199516662,4399.668085589817
4401,1131.7001271266,267653396778.7001271266,4401.148994550432
4402,1131.7349384526,267653396778.7349384526,4401.284596160673
4403,1132.0198315219,267653396779.0198315219,4402.394348743597
4404,1132.3130546292,267653396779.3130546292,4403.536549575296
4405,1132.5673553089,267653396779.5673553089,4404.527134698445
4406,1132.7800402283,267653396779.7800402283,4405.355612692779
4407,1133.0050634815,267653396780.0050634815,4406.232152571654
4408,1133.2212186044,267653396780.2212186044,4407.074148154559
4409,1133.3866417970,267653396780.3866417970,4407.7185261161385
4410,1133.6688739639,267653396780.6688739639,4408.817913605527
4411,1133.9036160500,267653396780.9036160500,4409.732311547923
4412,1134.4387765091,267653396781.4387765091,4411.816938257955
4413,1134.6364927906,267653396781.6364927906,4412.587108464693
4414,1134.9556271552,267653396781.9556271552,4413.830242200046
4415,1135.2694964335,267653396782.2694964335,4415.0528666856135
4416,1135.5372973535,267653396782.5372973535,4416.096039702809
4417,1135.6602569656,267653396782.6602569656,4416.575007995926
4418,1135.9303217267,267653396782.9303217267,4417.626999421776
4419,1136.1957702037,267653396783.1957702037,4418.661008896659
4420,1136.4700112240,267653396783.4700112240,4419.729268231187
4421,1136.7997146065,267653396783.7997146065,4421.0135717813855
4422,1137.0467571889,267653396784.0467571889,4421.975884218767
4423,1137.1479832818,267653396784.1479832818,4422.37019327771
4424,1137.6157155669,267653396784.6157155669,4424.192164983736
4425,1137.8065475163,267653396784.8065475163,4424.935518443586
4426,1138.0673501294,267653396785.0673501294,4425.9514307444115
4427,1138.1417709546,267653396785.1417709546,4426.2413244339705
4428,1138.5149116654,267653396785.5149116654,4427.694830721865
4429,1138.8210177837,267653396785.8210177837,4428.8872151356645
4430,1139.0684781055,267653396786.0684781055,4429.851154805956
4431,1139.3205476862,267653396786.3205476862,4430.833049061743
4432,1139.4938513760,267653396786.4938513760,4431.508124162231
4433,1139.6908421528,267653396786.6908421528,4432.275468288585
4434,1139.9182869982,267653396786.9182869982,4433.161441068745
4435,1140.2089943115,267653396787.2089943115,4434.293842052044
4436,1140.3375432668,267653396787.3375432668,4434.79458268265
4437,1140.9255242296,267653396787.9255242296,4437.084962697096
4438,1141.1169584896,267653396788.1169584896,4437.83066235563
4439,1141.2425363114,267653396788.2425363114,4438.31982944012
4440,1141.6996738917,267653396788.6996738917,4440.100531272345
4441,1141.8036237381,267653396788.8036237381,4440.5054502506155
4442,1142.1045744691,267653396789.1045744691,4441.677752728459
4443,1142.4300279557,267653396789.4300279557,4442.945501530718
4444,1142.5480373131,267653396789.5480373131,4443.405186947095
4445,1142.7539101218,267653396789.7539101218,4444.207129520744
4446,1143.1100016941,267653396790.1100016941,4445.594223784179
4447,1143.3060527572,267653396790.3060527572,4446.357907415359
4448,1143.5365866981,267653396790.5365866981,4447.255913242579
4449,1143.8239039950,267653396790.8239039950,4448.375108992542
4450,1143.9935054497,267653396790.9935054497,4449.0357626647565
4451,1144.3284884865,267653396791.3284884865,4450.340632211913
4452,1144.5661284751,267653396791.5661284751,4451.2663184415
4453,1144.9108003848,267653396791.9108003848,4452.608929348082
4454,1145.0750157439,267653396792.0750157439,4453.248602399327
4455,1145.6030346950,267653396792.6030346950,4455.305410577418
4456,1145.6942913888,267653396792.6942913888,4455.660885534751
4457,1146.0492624629,267653396793.0492624629,4457.043615087685
4458,1146.2525395926,267653396793.2525395926,4457.835446634478
4459,1146.5045321924,267653396793.5045321924,4458.817041024239
4460,1146.7344033281,267653396793.7344033281,4459.712465006333
4461,1147.0850896042,267653396794.0850896042,4461.078503856122
4462,1147.2753699850,267653396794.2753699850,4461.8197087741355
4463,1147.6215044843,267653396794.6215044843,4463.168016950191
4464,1147.8655683985,267653396794.8655683985,4464.1187264913115
4465,1147.9891086856,267653396794.9891086856,4464.599956705307
4466,1148.3597144105,267653396795.3597144105,4466.043588386015
4467,1148.5158564412,267653396795.5158564412,4466.651813157149
4468,1148.7225912123,267653396795.7225912123,4467.457113358986
4469,1148.8932932264,267653396795.8932932264,4468.122054073494
4470,1149.3007889040,267653396796.3007889040,4469.709384301848
4471,1149.4868403223,267653396796.4868403223,4470.434116014428
4472,1149.7441162328,267653396796.7441162328,4471.436290644032
4473,1150.0663439311,267653396797.0663439311,4472.691473935637
4474,1150.1268902291,267653396797.1268902291,4472.927321760076
4475,1150.5603600059,267653396797.5603600059,4474.615829682038
4476,1150.7822997823,267653396797.7822997823,4475.4803584005485
4477,1150.9914275345,267653396797.9914275345,4476.2949800539855
4478,1151.3143234855,267653396798.3143234855,4477.552766410528
4479,1151.5910602503,267653396798.5910602503,4478.630747494037
4480,1151.6578002561,267653396798.6578002561,4478.890721855657
4481,1152.0012886557,267653396799.0012886557,4480.228722599581
4482,1152.3241742507,267653396799.3241742507,4481.4864686160845
4483,1152.5223850075,267653396799.5223850075,4482.258564967405
4484,1152.7917166723,267653396799.7917166723,4483.307700741086
4485,1153.0685189427,267653396800.0685189427,4484.385936990538
4486,1153.4075503805,267653396800.4075503805,4485.706576396463
4487,1153.6038601443,267653396800.6038601443,4486.471267752298
4488,1154.2063238106,267653396801.2063238106,4488.818062679391
4489,1154.3151865685,267653396801.3151865685,4489.242119070307
4490,1154.4180032632,267653396801.4180032632,4489.642624048514
4491,1154.8368791644,267653396801.8368791644,4491.2742840057945
4492,1154.9616235558,267653396801.9616235558,4491.76020460366
4493,1155.2318141815,267653396802.2318141815,4492.812686313694
4494,1155.3491249640,267653396802.3491249640,4493.269650550153
4495,1155.6345861394,267653396802.6345861394,4494.381616093942
4496,1156.0293192855,267653396803.0293192855,4495.919232047635
4497,1156.0946545854,267653396803.0946545854,4496.17373461591
4498,1156.4287237546,267653396803.4287237546,4497.4750443469875
4499,1156.7711692709,267653396803.7711692709,4498.808982716075
4500,1156.9584565234,267653396803.9584565234,4499.538528410964
4501,1157.2150607509,267653396804.2150607509,4500.53808661348
4502,1157.3684024654,267653396804.3684024654,4501.135403228291
4503,1157.7485441724,267653396804.7485441724,4502.616180708273
4504,1158.2189077718,267653396805.2189077718,4504.448402252421
4505,1158.3716842483,267653396805.3716842483,4505.043517078568
4506,1158.6363204513,267653396805.6363204513,4506.0743624779925
4507,1158.8229397012,267653396805.8229397012,4506.801306082166
4508,1159.0561167181,267653396806.0561167181,4507.709607563211
4509,1159.1571979313,267653396806.1571979313,4508.103352267882
4510,1159.6547079408,267653396806.6547079408,4510.041318043716
4511,1159.7805422060,267653396806.7805422060,4510.531484059934
4512,1159.8575927668,267653396806.8575927668,4510.831621438053
4513,1160.1395328361,267653396807.1395328361,4511.929871110837
4514,1160.3782468436,267653396807.3782468436,4512.859740998706
4515,1160.7731353257,267653396807.7731353257,4514.397962037415
4516,1161.2834633199,267653396808.2834633199,4516.38585809644
4517,1161.3863164120,267653396808.3863164120,4516.78650485454
4518,1161.5036188918,267653396808.5036188918,4517.243436749241
4519,1161.7422510644,267653396808.7422510644,4518.17298786315
4520,1161.9759881450,267653396808.9759881450,4519.083470977253
4521,1162.2288734829,267653396809.2288734829,4520.068542876717
4522,1162.4277815457,267653396809.4277815457,4520.843355465175
4523,1162.8595716327,267653396809.8595716327,4522.525320440698
4524,1163.2611550659,267653396810.2611550659,4524.089620524764
4525,1163.4330951140,267653396810.4330951140,4524.759383790529
4526,1163.7589147036,267653396810.7589147036,4526.028558684871
4527,1164.1400605233,267653396811.1400605233,4527.513247515402
4528,1164.1897507069,267653396811.1897507069,4527.7068071893245
4529,1164.4600906565,267653396811.4600906565,4528.759870565261
4530,1164.7217020962,267653396811.7217020962,4529.778933512789
4531,1164.9670635615,267653396811.9670635615,4530.734697443928
4532,1165.3887345149,267653396812.3887345149,4532.3772450525175
4533,1165.5339457530,267653396812.5339457530,4532.942890776887
4534,1165.7044896732,267653396812.7044896732,4533.607215663449
4535,1165.9976996886,267653396812.9976996886,4534.749365497879
4536,1166.2409556566,267653396813.2409556566,4535.696927821753
4537,1166.4625154606,267653396813.4625154606,4536.559976422292
4538,1166.7578976222,267653396813.7578976222,4537.710587483462
4539,1167.1198186029,267653396814.1198186029,4539.12038921762
4540,1167.1877698300,267653396814.1877698300,4539.385081686176
4541,1167.4544235776,267653396814.4544235776,4540.423786088058
4542,1167.6514183450,267653396814.6514183450,4541.1911457591195
4543,1167.8646899016,267653396814.8646899016,4542.021908899073
4544,1168.1397316305,267653396815.1397316305,4543.093287258015
4545,1168.3883115436,267653396815.3883115436,4544.0615881061385
4546,1168.8498321810,267653396815.8498321810,4545.859363393158
4547,1168.9421009020,267653396815.9421009020,4546.21878053063
4548,1169.1628219982,267653396816.1628219982,4547.0785620873285
4549,1169.6850609286,267653396816.6850609286,4549.11285517611
4550,1169.9503701065,267653396816.9503701065,4550.146322035003
4551,1170.0740002738,267653396817.0740002738,4550.627902362059
4552,1170.1721593133,267653396817.1721593133,4551.010264235203
4553,1170.5108917564,267653396817.5108917564,4552.32973895804
4554,1170.8229952008,267653396817.8229952008,4553.5454849374555
4555,1171.1511357778,267653396818.1511357778,4554.823700844165
4556,1171.4025093450,267653396818.4025093450,4555.802883897534
4557,1171.6012105633,267653396818.6012105633,4556.576890758361
4558,1171.8290841985,267653396818.8290841985,4557.464533816392
4559,1172.0970558945,267653396819.0970558945,4558.508372062507
4560,1172.3559318878,267653396819.3559318878,4559.516779543004
4561,1172.5045880209,267653396819.5045880209,4560.09584427098
4562,1172.8325462973,267653396819.8325462973,4561.373350056652
4563,1173.3691980404,267653396820.3691980404,4563.4637858103315
4564,1173.5896478405,267653396820.5896478405,4564.322510579133
4565,1173.6827329050,267653396820.6827329050,4564.6851076441135
4566,1173.8156824715,267653396820.8156824715,4565.202990108526
4567,1174.2806902434,267653396821.2806902434,4567.014348935953
4568,1174.5631461609,267653396821.5631461609,4568.114608007823
4569,1174.6784487839,267653396821.6784487839,4568.563749799891
4570,1174.9589247081,267653396821.9589247081,4569.6562961440195
4571,1175.2231829979,267653396822.2231829979,4570.685669446738
4572,1175.4878716278,267653396822.4878716278,4571.716719066253
4573,1175.6474756208,267653396822.6474756208,4572.338429323766
4574,1175.9153028544,267653396822.9153028544,4573.381704841129
4575,1176.2553752397,267653396823.2553752397,4574.706399081316
4576,1176.5718604654,267653396823.5718604654,4575.939213545857
4577,1176.8245144497,267653396823.8245144497,4576.923384246654
4578,1177.1325291285,267653396824.1325291285,4578.123203133857
4579,1177.2437804069,267653396824.2437804069,4578.556563600864
4580,1177.5311745470,267653396824.5311745470,4579.676058680472
4581,1177.7369567118,267653396824.7369567118,4580.477648166202
4582,1177.8911454311,267653396824.8911454311,4581.07826414441
4583,1178.2357223446,267653396825.2357223446,4582.4205050094315
4584,1178.5691165281,267653396825.5691165281,4583.719185448316
4585,1178.7415111173,267653396825.7415111173,4584.390719301767
4586,1178.8952955084,267653396825.8952955084,4584.989760288118
4587,1179.0438582750,267653396826.0438582750,4585.568461322745
4588,1179.4467258841,267653396826.4467258841,4587.137763696009
4589,1179.7498274882,267653396826.7498274882,4588.31844453485
4590,1179.8767125861,267653396826.8767125861,4588.812703891444
4591,1180.2833315728,267653396827.2833315728,4590.396619119247
4592,1180.6827817464,267653396827.6827817464,4591.9526094527255
4593,1180.8818245405,267653396827.8818245405,4592.72794686409
4594,1181.1337606006,267653396828.1337606006,4593.709321013054
4595,1181.5888990060,267653396828.5888990060,4595.482235398882
4596,1181.7498866656,267653396828.7498866656,4596.10933549472
4597,1182.0167808440,267653396829.0167808440,4597.148976453966
4598,1182.2040862248,267653396829.2040862248,4597.878592764572
4599,1182.4100232958,267653396829.4100232958,4598.680785661106
4600,1182.6581782302,267653396829.6581782302,4599.647431076856
4601,1183.0321517569,267653396830.0321517569,4601.104181457706
4602,1183.2336339578,267653396830.2336339578,4601.889021164103
4603,1183.4057572514,267653396830.4057572514,4602.559498231604
4604,1183.7005744006,267653396830.7005744006,4603.707908382899
4605,1184.0399643120,267653396831.0399643120,4605.029944161879
4606,1184.0896309046,267653396831.0896309046,4605.223411941067
4607,1184.4439281088,267653396831.4439281088,4606.603516548221
4608,1184.5466236674,267653396831.5466236674,4607.003549661319
4609,1184.9849447679,267653396831.9849447679,4608.7109550911155
4610,1185.1809379550,267653396832.1809379550,4609.474413276168
4611,1185.5052064706,267653396832.5052064706,4610.737546225087
4612,1185.6950478923,267653396832.6950478923,4611.477041252456
4613,1185.9460511716,267653396832.9460511716,4612.45478191218
4614,1186.1521487901,267653396833.1521487901,4613.2576001942425
4615,1186.6096403412,267653396833.6096403412,4615.039680859635
4616,1186.8150468883,267653396833.8150468883,4615.839807190388
4617,1186.9343912304,267653396833.9343912304,4616.304692813016
4618,1187.1666501203,267653396834.1666501203,4617.2094178862135
4619,1187.5274760607,267653396834.5274760607,4618.614954076801
4620,1187.8340674228,267653396834.8340674228,4619.809228675449
4621,1188.0733065425,267653396835.0733065425,4620.741144048745
4622,1188.2512821534,267653396835.2512821534,4621.434417824695
4623,1188.3489172929,267653396835.3489172929,4621.814738934337
4624,1188.7135188128,267653396835.7135188128,4623.234982253856
4625,1188.9441987722,267653396835.9441987722,4624.133556871359
4626,1189.3970689533,267653396836.3970689533,4625.897635774523
4627,1189.5563508972,267653396836.5563508972,4626.518091544445
4628,1189.8521080107,267653396836.8521080107,4627.670163167088
4629,1190.1828996361,267653396837.1828996361,4628.958705782753
4630,1190.3622517390,267653396837.3622517390,4629.6573414495915
4631,1190.6035673566,267653396837.6035673566,4630.597345467914
4632,1190.8596764578,267653396837.8596764578,4631.594974989995
4633,1191.1497129912,267653396838.1497129912,4632.724763064085
4634,1191.3444457706,267653396838.3444457706,4633.483311544932
4635,1191.5360020149,267653396838.5360020149,4634.229486372602
4636,1191.8324255439,267653396838.8324255439,4635.384153903682
4637,1192.1451598939,267653396839.1451598939,4636.602357468752
4638,1192.5077776971,267653396839.5077776971,4638.014873556659
4639,1192.8301606340,267653396839.8301606340,4639.270661553883
4640,1193.2270250858,267653396840.2270250858,4640.81657964709
4641,1193.4428465220,267653396840.4428465220,4641.657275410115
4642,1193.4763325698,267653396840.4763325698,4641.787714624133
4643,1193.5692932970,267653396840.5692932970,4642.149827354271
4644,1193.9915788864,267653396840.9915788864,4643.794769173054
4645,1194.2349062299,267653396841.2349062299,4644.742609528074
4646,1194.3004963534,267653396841.3004963534,4644.99810471842
4647,1194.6852278623,267653396841.6852278623,4646.496760992466
4648,1195.0561726808,267653396842.0561726808,4647.941713554733
4649,1195.2043511107,267653396842.2043511107,4648.518917470998
4650,1195.3816719477,267653396842.3816719477,4649.2096406863875
4651,1195.5356797902,267653396842.5356797902,4649.809552089731
4652,1195.9392838516,267653396842.9392838516,4651.3817231879
4653,1196.2364236618,267653396843.2364236618,4652.539180870787
4654,1196.3487568454,267653396843.3487568454,4652.976755715819
4655,1196.7687920992,267653396843.7687920992,4654.61293173433
4656,1197.0497186487,267653396844.0497186487,4655.7072334128125
4657,1197.1253123319,267653396844.1253123319,4656.001695771588
4658,1197.4486731768,267653396844.4486731768,4657.261293043399
4659,1197.7920026400,267653396844.7920026400,4658.59867467757
4660,1198.0124256789,267653396845.0124256789,4659.457295202663
4661,1198.2758710809,267653396845.2758710809,4660.48350203897
4662,1198.5260676006,267653396845.5260676006,4661.458100103644
4663,1198.8265329842,267653396845.8265329842,4662.628511993103
4664,1199.0560949755,267653396846.0560949755,4663.522731755679
4665,1199.5304776672,267653396846.5304776672,4665.370608991541
4666,1199.6988661657,267653396846.6988661657,4666.026537798818
4667,1199.7803799216,267653396846.7803799216,4666.344060795699
4668,1200.0842421776,267653396847.0842421776,4667.527704624878
4669,1200.5222445746,267653396847.5222445746,4669.2338685993045
4670,1200.8179915953,267653396847.8179915953,4670.385900907159
4671,1201.0195578562,267653396848.0195578562,4671.171068055017
4672,1201.2057348279,267653396848.2057348279,4671.896288839555
4673,1201.3848699446,267653396848.3848699446,4672.594079273493
4674,1201.5329607879,267653396848.5329607879,4673.170942011029
4675,1201.8595058306,267653396848.8595058306,4674.442942784764
4676,1202.0785311487,267653396849.0785311487,4675.296118725784
4677,1202.2634561652,267653396849.2634561652,4676.016462731396
4678,1202.7627036043,267653396849.7627036043,4677.961196369274
4679,1203.0091492520,267653396850.0091492520,4678.921183548887
4680,1203.1790793905,267653396850.1790793905,4679.5831175530475
4681,1203.4724217278,267653396850.4724217278,4680.72578282498
4682,1203.6261787859,267653396850.6261787859,4681.324717340272
4683,1204.0113509029,267653396851.0113509029,4682.825089928368
4684,1204.2323387375,267653396851.2323387375,4683.6859105192225
4685,1204.4030466561,267653396851.4030466561,4684.350874233712
4686,1204.6704842821,267653396851.6704842821,4685.392632100821
4687,1205.0143316965,267653396852.0143316965,4686.732031325956
4688,1205.1909526561,267653396852.1909526561,4687.420028287759
4689,1205.7194709613,267653396852.7194709613,4689.4787816149865
4690,1205.8887571334,267653396852.8887571334,4690.138207157367
4691,1205.9791465544,267653396852.9791465544,4690.490303800754
4692,1206.1310169842,267653396853.1310169842,4691.081889275812
4693,1206.2999032162,267653396853.2999032162,4691.739756919434
4694,1206.7104903745,267653396853.7104903745,4693.339129486004
4695,1206.9154728007,267653396853.9154728007,4694.1376037258
4696,1207.1723196367,267653396854.1723196367,4695.138106968545
4697,1207.3027073821,267653396854.3027073821,4695.646010293805
4698,1207.7050837309,267653396854.7050837309,4697.213399045982
4699,1208.1620011585,267653396855.1620011585,4698.99324331076
4700,1208.3437457874,267653396855.3437457874,4699.701198656435
4701,1208.5839762161,267653396855.5839762161,4700.636975505641
4702,1208.8285685792,267653396855.8285685792,4701.589743529743
4703,1209.1581737619,267653396856.1581737619,4702.873664559306
4704,1209.4975990260,267653396856.4975990260,4704.195838048731
4705,1209.8231039351,267653396856.8231039351,4705.463787158621
4706,1210.0177444119,267653396857.0177444119,4706.221976090363
4707,1210.1409820616,267653396857.1409820616,4706.702027431751
4708,1210.4611266054,267653396857.4611266054,4707.949096148686
4709,1210.7571562132,267653396857.7571562132,4709.102229226614
4710,1210.8268520020,267653396857.8268520020,4709.373717339087
4711,1211.0157291064,267653396858.0157291064,4710.109456032137
4712,1211.4387334601,267653396858.4387334601,4711.757197675225
4713,1211.6381446300,267653396858.6381446300,4712.53397003198
4714,1212.0747939017,267653396859.0747939017,4714.234863136533
4715,1212.2520569237,267653396859.2520569237,4714.925361143408
4716,1212.3783113889,267653396859.3783113889,4715.417163977389
4717,1212.5741215146,267653396859.5741215146,4716.17990907784
4718,1213.0308149426,267653396860.0308149426,4717.958880790207
4719,1213.1767400626,267653396860.1767400626,4718.527307320321
4720,1213.4222458012,267653396860.4222458012,4719.4836332436125
4721,1213.7947025555,267653396860.7947025555,4720.934475295098
4722,1213.8760933301,267653396860.8760933301,4721.251519239206
4723,1213.9560820454,267653396860.9560820454,4721.563101699349
4724,1214.2897401350,267653396861.2897401350,4722.862810139649
4725,1214.6788639423,267653396861.6788639423,4724.378575866401
4726,1214.9165421012,267653396861.9165421012,4725.3044107819205
4727,1215.1305144424,267653396862.1305144424,4726.137903709311
4728,1215.5127274248,267653396862.5127274248,4727.626749490971
4729,1215.7629227136,267653396862.7629227136,4728.601342760885
4730,1216.1491486218,267653396863.1491486218,4730.105820213693
4731,1216.3388353408,267653396863.3388353408,4730.844712622963
4732,1216.5316804036,267653396863.5316804036,4731.59590782429
4733,1216.7146258275,267653396863.7146258275,4732.308540663021
4734,1217.1498369833,267653396864.1498369833,4734.003831831247
4735,1217.3170611431,267653396864.3170611431,4734.655225154797
4736,1217.6074510515,267653396864.6074510515,4735.78638974121
4737,1217.9181016516,267653396864.9181016516,4736.996476412324
4738,1217.9514570596,267653396864.9514570596,4737.12640674118
4739,1218.2585970413,267653396865.2585970413,4738.322818394342
4740,1218.7267745907,267653396865.7267745907,4740.146524551876
4741,1218.8912883600,267653396865.8912883600,4740.787360009398
4742,1219.2509305763,267653396866.2509305763,4742.188285203731
4743,1219.2728255913,267653396866.2728255913,4742.273573517376
4744,1219.5317987253,267653396866.5317987253,4743.282359392984
4745,1219.8672514228,267653396866.8672514228,4744.589058423675
4746,1220.0924133534,267653396867.0924133534,4745.46613849683
4747,1220.4538729297,267653396867.4538729297,4746.874142908496
4748,1220.7152197612,267653396867.7152197612,4747.892175119714
4749,1220.9373942304,267653396867.9373942304,4748.757618044191
4750,1221.3134935303,267653396868.3134935303,4750.22264901364
4751,1221.4528427706,267653396868.4528427706,4750.765460320821
4752,1221.6540781905,267653396868.6540781905,4751.549338733736
4753,1221.8979520278,267653396868.8979520278,4752.499307862575
4754,1222.2190538856,267653396869.2190538856,4753.750105633669
4755,1222.4552856806,267653396869.4552856806,4754.670306484177
4756,1222.7246255383,267653396869.7246255383,4755.7194741719195
4757,1222.9844061494,267653396869.9844061494,4756.73140543748
4758,1223.1112859461,267653396870.1112859461,4757.225644144152
4759,1223.4046831248,267653396870.4046831248,4758.368523041451
4760,1223.5376370714,267653396870.5376370714,4758.8864225678035
4761,1223.9680457279,267653396870.9680457279,4760.5630064153665
4762,1224.1334668069,267653396871.1334668069,4761.207376143784
4763,1224.4794336860,267653396871.4794336860,4762.555031383824
4764,1224.5963445369,267653396871.5963445369,4763.010437754639
4765,1225.0637978837,267653396872.0637978837,4764.8313229038995
4766,1225.0937016466,267653396872.0937016466,4764.947807935281
4767,1225.5033258861,267653396872.5033258861,4766.543429615153
4768,1225.6945485202,267653396872.6945485202,4767.288304920932
4769,1225.9871299586,267653396872.9871299586,4768.428006240388
4770,1226.1660193297,267653396873.1660193297,4769.124839414065
4771,1226.5440008501,267653396873.5440008501,4770.5972022539145
4772,1226.8716650723,267653396873.8716650723,4771.873562601385
4773,1227.3362223346,267653396874.3362223346,4773.683166545167
4774,1227.3743519956,267653396874.3743519956,4773.831694166023
4775,1227.6076389586,267653396874.6076389586,4774.740423923444
4776,1227.9757034030,267653396874.9757034030,4776.174156477435
4777,1228.1299916843,267653396875.1299916843,4776.775160282515
4778,1228.4692513728,267653396875.4692513728,4778.096688800305
4779,1228.6673712275,267653396875.6673712275,4778.8684310579365
4780,1228.8999952967,267653396875.8999952967,4779.774578625104
4781,1229.2618991090,267653396876.2618991090,4781.184313482689
4782,1229.4411710588,267653396876.4411710588,4781.882636926738
4783,1229.6542500110,267653396876.6542500110,4782.712649808959
4784,1229.8612920846,267653396876.8612920846,4783.519147055521
4785,1230.0997701144,267653396877.0997701144,4784.448097732334
4786,1230.3177756045,267653396877.3177756045,4785.297301106528
4787,1230.4524045791,267653396877.4524045791,4785.821725420072
4788,1230.7662910723,267653396877.7662910723,4787.0444169633765
4789,1231.0074295338,267653396878.0074295338,4787.983730900194
4790,1231.4544862367,267653396878.4544862367,4789.725164386041
4791,1231.6644388076,267653396878.6644388076,4790.542998980698
4792,1231.9894046885,267653396878.9894046885,4791.808848397754
4793,1232.3033611450,267653396879.3033611450,4793.031812471216
4794,1232.5012333041,267653396879.5012333041,4793.802589872692
4795,1232.7270879361,267653396879.7270879361,4794.682368246547
4796,1233.0100109573,267653396880.0100109573,4795.784446841587
4797,1233.1866917002,267653396880.1866917002,4796.472676679087
4798,1233.3402213917,267653396880.3402213917,4797.070725526393
4799,1233.6049861515,267653396880.6049861515,4798.102071697019
4800,1233.9489429682,267653396880.9489429682,4799.441897080245
4801,1234.1163599768,267653396881.1163599768,4800.094041613556
4802,1234.5228161173,267653396881.5228161173,4801.677322501649
4803,1234.6935206736,267653396881.6935206736,4802.342273118873
4804,1234.9846780939,267653396881.9846780939,4803.476427417589
4805,1235.3349286814,267653396882.3349286814,4804.840769116424
4806,1235.6011215095,267653396882.6011215095,4805.877678084657
4807,1235.8820640431,267653396882.8820640431,4806.972042026494
4808,1235.9451355792,267653396882.9451355792,4807.217726487226
4809,1236.3539942587,267653396883.3539942587,4808.8103660580955
4810,1236.6704437014,267653396883.6704437014,4810.043041136047
4811,1236.7780853887,267653396883.7780853887,4810.462341053756
4812,1236.9218103868,267653396883.9218103868,4811.022197382542
4813,1237.5532962626,267653396884.5532962626,4813.4820433994455
4814,1237.6905265009,267653396884.6905265009,4814.016600494097
4815,1237.7976626828,267653396884.7976626828,4814.433931301344
4816,1238.1091846818,267653396885.1091846818,4815.647412358933
4817,1238.4069725822,267653396885.4069725822,4816.80739456717
4818,1238.5980313739,267653396885.5980313739,4817.551631652698
4819,1238.8497156664,267653396885.8497156664,4818.53202508373
4820,1239.3083987895,267653396886.3083987895,4820.31874731556
4821,1239.4693132849,267653396886.4693132849,4820.945562412684
4822,1239.7330001078,267653396886.7330001078,4821.972709663126
4823,1239.9355189633,267653396886.9355189633,4822.761587481523
4824,1240.1303188217,267653396887.1303188217,4823.520397257231
4825,1240.4059973984,267653396887.4059973984,4824.594256348668
4826,1240.6167382663,267653396887.6167382663,4825.415161620454
4827,1240.8389042766,267653396887.8389042766,4826.280571594724
4828,1241.1705956706,267653396888.1705956706,4827.57261910622
4829,1241.2987361559,267653396888.2987361559,4828.0717686112985
4830,1241.6342840604,267653396888.6342840604,4829.378838504698
4831,1241.9761418934,267653396888.9761418934,4830.710487653284
4832,1242.1175864672,267653396889.1175864672,4831.261460976375
4833,1242.2995250693,267653396889.2995250693,4831.970171911723
4834,1242.4712028907,267653396889.4712028907,4832.638913717906
4835,1242.9830508023,267653396889.9830508023,4834.632730357139
4836,1243.1065261168,267653396890.1065261168,4835.113707481409
4837,1243.3158673757,267653396890.3158673757,4835.929160813958
4838,1243.8310405115,267653396890.8310405115,4837.9359302995135
4839,1244.0399468611,267653396891.0399468611,4838.749689516722
4840,1244.1907251238,267653396891.1907251238,4839.3370206402715
4841,1244.6865221751,267653396891.6865221751,4841.268313878286
4842,1245.0420809043,267653396892.0420809043,4842.653332541911
4843,1245.2197103105,267653396892.2197103105,4843.345257736236
4844,1245.3529012273,267653396892.3529012273,4843.864080339772
4845,1245.5879488008,267653396892.5879488008,4844.779668256485
4846,1245.7715540667,267653396892.7715540667,4845.494871397704
4847,1246.0332861146,267653396893.0332861146,4846.514404154011
4848,1246.3801071208,267653396893.3801071208,4847.865386501162
4849,1246.4883987984,267653396893.4883987984,4848.287218345731
4850,1246.7496153384,267653396893.7496153384,4849.304743028536
4851,1247.0967985979,267653396894.0967985979,4850.657136471915
4852,1247.4243262313,267653396894.4243262313,4851.932964760909
4853,1247.7051555409,267653396894.7051555409,4853.026887657878
4854,1247.9321681686,267653396894.9321681686,4853.9111768073835
4855,1248.0385832986,267653396895.0385832986,4854.325698879374
4856,1248.5197146340,267653396895.5197146340,4856.199864311014
4857,1248.5741342622,267653396895.5741342622,4856.411846733423
4858,1248.7418186738,267653396895.7418186738,4857.065032889723
4859,1248.9939326308,267653396895.9939326308,4858.047100005868
4860,1249.3630214231,267653396896.3630214231,4859.484822733197
4861,1249.8031842114,267653396896.8031842114,4861.199402145157
4862,1249.8954332535,267653396896.8954332535,4861.55874262682
4863,1250.1343601021,267653396897.1343601021,4862.489441601072
4864,1250.3537932178,267653396897.3537932178,4863.344206048414
4865,1250.6272518861,267653396897.6272518861,4864.4094178635705
4866,1250.8883825693,267653396897.8883825693,4865.426608105789
4867,1251.1936186023,267653396898.1936186023,4866.615603250044
4868,1251.5325180034,267653396898.5325180034,4867.93572832944
4869,1251.6404742125,267653396898.6404742125,4868.356253413424
4870,1252.0502660859,267653396899.0502660859,4869.952528082699
4871,1252.1976490837,267653396899.1976490837,4870.526633528271
4872,1252.3855401141,267653396899.3855401141,4871.258531137472
4873,1252.5432032751,267653396899.5432032751,4871.872681213446
4874,1252.8690762026,267653396899.8690762026,4873.142063876541
4875,1253.2675242507,267653396900.2675242507,4874.6941506002895
4876,1253.5122600063,267653396900.5122600063,4875.647477185536
4877,1253.6046858751,267653396900.6046858751,4876.007506465588
4878,1253.8446264755,267653396900.8446264755,4876.942154337864
4879,1254.3310194712,267653396901.3310194712,4878.836815673892
4880,1254.5967060287,267653396901.5967060287,4879.871752550959
4881,1254.9796490125,267653396901.9796490125,4881.363441929143
4882,1255.2415267563,267653396902.2415267563,4882.383542219094
4883,1255.3457871685,267653396902.3457871685,4882.789670953719
4884,1255.6569281765,267653396902.6569281765,4884.001667925554
4885,1255.7692577094,267653396902.7692577094,4884.439228549907
4886,1256.2708366252,267653396903.2708366252,4886.393044059452
4887,1256.4248739460,267653396903.4248739460,4886.993070290515
4888,1256.6287729468,267653396903.6287729468,4887.787324230612
4889,1256.8148159468,267653396903.8148159468,4888.5120231511455
4890,1257.1542059660,267653396904.1542059660,4889.834059350056
4891,1257.3692507753,267653396904.3692507753,4890.671729894854
4892,1257.6089464212,267653396904.6089464212,4891.605423588464
4893,1257.7819511035,267653396904.7819511035,4892.279333956014
4894,1258.1663563329,267653396905.1663563329,4893.776719263677
4895,1258.2748988194,267653396905.2748988194,4894.199528091735
4896,1258.5559673313,267653396905.5559673313,4895.294382760655
4897,1258.8790790955,267653396905.8790790955,4896.5530097809
4898,1259.2395428777,267653396906.2395428777,4897.957135245721
4899,1259.3197267066,267653396906.3197267066,4898.269477737768
4900,1259.5444855278,267653396906.5444855278,4899.1449875667
4901,1259.7273617053,267653396906.7273617053,4899.85735066784
4902,1260.0702846500,267653396907.0702846500,4901.193148778225
4903,1260.3099498188,267653396907.3099498188,4902.126723753467
4904,1260.7295757757,267653396907.7295757757,4903.761305425409
4905,1261.0129655862,267653396908.0129655862,4904.865202318921
4906,1261.2132421227,267653396908.2132421227,4905.645345564351
4907,1261.4672442418,267653396908.4672442418,4906.634767695391
4908,1261.6835810441,267653396908.6835810441,4907.47747097957
4909,1261.8969755595,267653396908.8969755595,4908.308713084665
4910,1262.0849180151,267653396909.0849180151,4909.040811012003
4911,1262.5050651920,267653396909.5050651920,4910.677423007965
4912,1262.7530044199,267653396909.7530044199,4911.64322817568
4913,1263.2111727030,267653396910.2111727030,4913.4279449357045
4914,1263.3236633380,267653396910.3236633380,4913.8661331059375
4915,1263.6170785052,267653396910.6170785052,4915.009082074392
4916,1263.8580218031,267653396910.8580218031,4915.947635784544
4917,1264.1600094793,267653396911.1600094793,4917.123977506387
4918,1264.2920488926,267653396911.2920488926,4917.638314623539
4919,1264.6362896138,267653396911.6362896138,4918.979245908551
4920,1264.7027042303,267653396911.7027042303,4919.237952771401
4921,1264.9615189937,267653396911.9615189937,4920.246121741232
4922,1265.3390516793,267653396912.3390516793,4921.716736221329
4923,1265.5817586713,267653396912.5817586713,4922.662160102413
4924,1265.7526355472,267653396912.7526355472,4923.327781961386
4925,1265.8957460638,267653396912.8957460638,4923.885244681816
4926,1266.3843962010,267653396913.3843962010,4925.788698329347
4927,1266.6306960765,267653396913.6306960765,4926.748117678114
4928,1266.9512589568,267653396913.9512589568,4927.996815953871
4929,1267.2122290298,267653396914.2122290298,4929.013380566325
4930,1267.4163097915,267653396914.4163097915,4929.808342525152
4931,1267.7068090212,267653396914.7068090212,4930.939932954136
4932,1267.9732481906,267653396914.9732481906,4931.977801503086
4933,1268.1535107768,267653396915.1535107768,4932.679983803047
4934,1268.4398810856,267653396915.4398810856,4933.795490721666
4935,1268.5190596457,267653396915.5190596457,4934.1039173597765
4936,1268.7731529175,267653396915.7731529175,4935.093694560684
4937,1269.0589978147,267653396916.0589978147,4936.207154827617
4938,1269.3752102395,267653396916.3752102395,4937.438906642586
4939,1269.6374217950,267653396916.6374217950,4938.460307239343
4940,1269.8118086082,267653396916.8118086082,4939.139601463159
4941,1270.1017378029,267653396917.1017378029,4940.268971417581
4942,1270.2133116346,267653396917.2133116346,4940.703588336212
4943,1270.5899779740,267653396917.5899779740,4942.170828111774
4944,1270.8580128415,267653396917.8580128415,4943.214912431759
4945,1271.2366982960,267653396918.2366982960,4944.6900173273925
4946,1271.5354895300,267653396918.5354895300,4945.85390785133
4947,1271.9529624594,267653396918.9529624594,4947.480102770186
4948,1272.0857552031,267653396919.0857552031,4947.997374358014
4949,1272.1846647791,267653396919.1846647791,4948.382659818675
4950,1272.5042262869,267653396919.5042262869,4949.627457417871
4951,1272.6247651665,267653396919.6247651665,4950.096996158531
4952,1273.0983657502,267653396920.0983657502,4951.941826825484
4953,1273.4909714849,267653396920.4909714849,4953.471155809283
4954,1273.5907462554,267653396920.5907462554,4953.859811488228
4955,1273.9265897808,267653396920.9265897808,4955.16803292266
4956,1274.0971973796,267653396921.0971973796,4955.832605858408
4957,1274.3456368805,267653396921.3456368805,4956.80035975466
4958,1274.7235356798,267653396921.7235356798,4958.27240036852
4959,1274.8460769060,267653396921.8460769060,4958.7497389104055
4960,1275.0550533320,267653396922.0550533320,4959.563771098338
4961,1275.2777965811,267653396922.2777965811,4960.431429608356
4962,1275.4278478576,267653396922.4278478576,4961.015928880592
4963,1275.8268526615,267653396922.8268526615,4962.57018435204
4964,1276.1027929670,267653396923.1027929670,4963.6450629635865
4965,1276.3739992190,267653396923.3739992190,4964.701500873461
4966,1276.6793914158,267653396923.6793914158,4965.891104327291
4967,1276.7216446319,267653396923.7216446319,4966.0556945569515
4968,1276.9573326686,267653396923.9573326686,4966.973777289329
4969,1277.3314755017,267653396924.3314755017,4968.431187174536
4970,1277.4746040870,267653396924.4746040870,4968.98872027852
4971,1277.9143197277,267653396924.9143197277,4970.7015579029285
4972,1278.0906082329,267653396925.0906082329,4971.388259845067
4973,1278.3387659973,267653396925.3387659973,4972.354916284617
4974,1278.6093130461,267653396925.6093130461,4973.408786380344
4975,1279.0399976187,267653396926.0399976187,4975.086445012244
4976,1279.2235374474,267653396926.2235374474,4975.801393253963
4977,1279.4778474096,267653396926.4778474096,4976.7920145355365
4978,1279.6131634905,267653396926.6131634905,4977.3191153550215
4979,1279.8719405009,267653396926.8719405009,4978.327137264452
4980,1280.1251657437,267653396927.1251657437,4979.3135332057645
4981,1280.5031398320,267653396927.5031398320,4980.785867095142
4982,1280.6805389806,267653396927.6805389806,4981.476895360082
4983,1281.0182339854,267653396928.0182339854,4982.792328918179
4984,1281.2529999963,267653396928.2529999963,4983.706820055591
4985,1281.5118165616,267653396928.5118165616,4984.71499604442
4986,1281.7740365849,267653396928.7740365849,4985.736429626057
4987,1282.0740016197,267653396929.0740016197,4986.904892491728
4988,1282.1097416794,267653396929.1097416794,4987.0441118264225
4989,1282.4086100642,267653396929.4086100642,4988.208302878205
4990,1282.8113468486,267653396929.8113468486,4989.777095646085
4991,1283.1756993109,267653396930.1756993109,4991.19636880403
4992,1283.3956709783,267653396930.3956709783,4992.053231088089
4993,1283.6574032670,267653396930.6574032670,4993.072764782398
4994,1283.7557649491,267653396930.7557649491,4993.455916015392
4995,1284.1395533315,267653396931.1395533315,4994.950898500299
4996,1284.3772906664,267653396931.3772906664,4995.87696392589
4997,1284.6362588352,267653396931.6362588352,4996.885730460415
4998,1284.9413447311,267653396931.9413447311,4998.074140771093
4999,1285.0921789103,267653396932.0921789103,4998.6616897078775
5000,1285.2562634929,267653396932.2562634929,4999.300853341483
5001,1285.4000896404,267653396932.4000896404,4999.861103680589
5002,1285.7538546608,267653396932.7538546608,5001.2391352561235
5003,1286.0940132806,267653396933.0940132806,5002.564165408186
5004,1286.3949569241,267653396933.3949569241,5003.736440277903
5005,1286.7173404967,267653396933.7173404967,5004.992230751406
5006,1287.0091459915,267653396934.0091459915,5006.128909514317
5007,1287.0594657212,267653396934.0594657212,5006.324921478192
5008,1287.3000468700,267653396934.3000468700,5007.262064498014
5009,1287.5146091794,267653396934.5146091794,5008.0978555463735
5010,1287.7635674609,267653396934.7635674609,5009.067630264378
5011,1288.1107946458,267653396935.1107946458,5010.4201948117025
5012,1288.2209947363,267653396935.2209947363,5010.849460554721
5013,1288.4725363295,267653396935.4725363295,5011.829298124864
5014,1288.8558734606,267653396935.8558734606,5013.322522836946
5015,1289.0262208692,267653396936.0262208692,5013.986082245946
5016,1289.3617367705,267653396936.3617367705,5015.293027476322
5017,1289.9130038290,267653396936.9130038290,5017.440394709824
5018,1290.1494729479,267653396937.1494729479,5018.361520015303
5019,1290.3070340540,267653396937.3070340540,5018.975272553744
5020,1290.5790701476,267653396937.5790701476,5020.034942970685
5021,1290.8144394815,267653396937.8144394815,5020.951784250415
5022,1291.0277986313,267653396938.0277986313,5021.782888594823
5023,1291.4483026277,267653396938.4483026277,5023.420890520574
5024,1291.6041245980,267653396938.6041245980,5024.027868550774
5025,1291.7659359315,267653396938.7659359315,5024.658177128457
5026,1291.9928813052,267653396938.9928813052,5025.54220430143
5027,1292.2494961228,267653396939.2494961228,5026.541803755903
5028,1292.6279011893,267653396939.6279011893,5028.015816447691
5029,1292.6920843832,267653396939.6920843832,5028.265831182649
5030,1292.9168174821,267653396939.9168174821,5029.1412408147335
5031,1293.3119465621,267653396940.3119465621,5030.6803990617445
5032,1293.4874580763,267653396940.4874580763,5031.36407436736
5033,1293.8587371761,267653396940.8587371761,5032.810329065699
5034,1294.1232932770,267653396941.1232932770,5033.840862441014
5035,1294.2247973781,267653396941.2247973781,5034.236254433711
5036,1294.4833668471,267653396941.4833668471,5035.243467900857
5037,1294.8064383323,267653396941.8064383323,5036.5019380211015
5038,1295.1064614522,267653396942.1064614522,5037.67062714742
5039,1295.3622391298,267653396942.3622391298,5038.666965665152
5040,1295.6279351088,267653396942.6279351088,5039.70193924208
5041,1295.9508809693,267653396942.9508809693,5040.959920012635
5042,1296.1220106218,267653396943.1220106218,5041.626526519941
5043,1296.2856507242,267653396943.2856507242,5042.263958756391
5044,1296.5314110945,267653396943.5314110945,5043.221276554251
5045,1296.8973352013,267653396943.8973352013,5044.646671786518
5046,1297.0586995098,267653396944.0586995098,5045.27523905421
5047,1297.3613340853,267653396944.3613340853,5046.454100662452
5048,1297.6367175909,267653396944.6367175909,5047.526810354524
5049,1297.8465768669,267653396944.8465768669,5048.344281534745
5050,1298.0605994352,267653396945.0605994352,5049.177970113287
5051,1298.3471439943,267653396945.3471439943,5050.29415579437
5052,1298.6335149319,267653396945.6335149319,5051.409665162378
5053,1299.0417254116,267653396946.0417254116,5052.999779780991
5054,1299.2381469152,267653396946.2381469152,5053.7649064002635
5055,1299.4983479990,267653396946.4983479990,5054.7784755458515
5056,1299.6976956724,267653396946.6976956724,5055.555000562782
5057,1299.9682427805,267653396946.9682427805,5056.608870889506
5058,1300.3605864507,267653396947.3605864507,5058.137179045543
5059,1300.4450528739,267653396947.4450528739,5058.4662036566
5060,1300.7420319223,267653396947.7420319223,5059.623035119207
5061,1301.0632885321,267653396948.0632885321,5060.874435700459
5062,1301.3320494884,267653396948.3320494884,5061.921348376094
5063,1301.5153010478,267653396948.5153010478,5062.6351737137
5064,1301.8373935937,267653396948.8373935937,5063.889830542105
5065,1302.1428526031,267653396949.1428526031,5065.07969425308
5066,1302.2907058869,267653396949.2907058869,5065.655631617925
5067,1302.5341435804,267653396949.5341435804,5066.60390182265
5068,1302.9679241187,267653396949.9679241187,5068.293620263315
5069,1303.1305313681,267653396950.1305313681,5068.927029196259
5070,1303.3859935943,267653396950.3859935943,5069.9221389266195
5071,1303.6283508613,267653396950.6283508613,5070.8662005133465
5072,1303.8563044817,267653396950.8563044817,5071.754155140163
5073,1303.9898623641,267653396950.9898623641,5072.274407195895
5074,1304.1238689941,267653396951.1238689941,5072.796407271716
5075,1304.3504950247,267653396951.3504950247,5073.679190497861
5076,1304.6307041098,267653396951.6307041098,5074.770697415601
5077,1305.0118620217,267653396952.0118620217,5076.255433349275
5078,1305.3148712093,267653396952.3148712093,5077.435754195353
5079,1305.6343402628,267653396952.6343402628,5078.680191654526
5080,1305.7679567038,267653396952.7679567038,5079.200671815343
5081,1306.1165360402,267653396953.1165360402,5080.558503439274
5082,1306.3707553303,267653396953.3707553303,5081.548771523081
5083,1306.6335008454,267653396953.6335008454,5082.572252068811
5084,1306.7772095383,267653396953.7772095383,5083.132044883465
5085,1307.1807788042,267653396954.1807788042,5084.704080441697
5086,1307.5179916008,267653396954.5179916008,5086.017635639624
5087,1307.7389133768,267653396954.7389133768,5086.878198910431
5088,1307.8636621375,267653396954.8636621375,5087.364136528175
5089,1308.1926971354,267653396955.1926971354,5088.645836499673
5090,1308.5316801445,267653396955.5316801445,5089.966287259851
5091,1308.8013784756,267653396955.8013784756,5091.016851319876
5092,1308.9545721868,267653396955.9545721868,5091.613591412973
5093,1309.2925965976,267653396956.2925965976,5092.930308116222
5094,1309.3721205140,267653396956.3721205140,5093.240080031167
5095,1309.8258221126,267653396956.8258221126,5095.007397580079
5096,1310.0943783351,267653396957.0943783351,5096.053512749957
5097,1310.3747049336,267653396957.3747049336,5097.145477421196
5098,1310.5229967299,267653396957.5229967299,5097.723122937036
5099,1310.7486887042,267653396957.7486887042,5098.602267705447
5100,1311.0033300671,267653396958.0033300671,5099.594179902188
5101,1311.1692426388,267653396958.1692426388,5100.240464156983
5102,1311.3639840488,267653396958.3639840488,5100.999046256881
5103,1311.8135515611,267653396958.8135515611,5102.750260174487
5104,1312.0310183912,267653396959.0310183912,5103.597365290114
5105,1312.2119691105,267653396959.2119691105,5104.302228095742
5106,1312.6385744364,267653396959.6385744364,5105.963996714696
5107,1312.7697453439,267653396959.7697453439,5106.474950714962
5108,1313.1172752897,267653396960.1172752897,5107.828694615975
5109,1313.4242083348,267653396960.4242083348,5109.024300182763
5110,1313.5543671787,267653396960.5543671787,5109.5313118611
5111,1313.9368735107,267653396960.9368735107,5111.021300336345
5112,1314.0289565360,267653396961.0289565360,5111.379994127753
5113,1314.2965611636,267653396961.2965611636,5112.422402521259
5114,1314.5585145769,267653396961.5585145769,5113.44279756891
5115,1314.7990374446,267653396961.7990374446,5114.3797135646055
5116,1314.9536823643,267653396961.9536823643,5114.982106594031
5117,1315.2892415603,267653396962.2892415603,5116.289220471567
5118,1315.6527057602,267653396962.6527057602,5117.705033554146
5119,1315.7852149533,267653396962.7852149533,5118.221200618756
5120,1316.0427684478,267653396963.0427684478,5119.22445652973
5121,1316.3861628907,267653396963.3861628907,5120.562091281314
5122,1316.6499671374,267653396963.6499671374,5121.589695936244
5123,1316.7362160628,267653396963.7362160628,5121.925663981992
5124,1316.9928565632,267653396963.9928565632,5122.925363479457
5125,1317.3995692253,267653396964.3995692253,5124.50964360391
5126,1317.7151446942,267653396964.7151446942,5125.73891426532
5127,1318.2130937442,267653396965.2130937442,5127.67859024893
5128,1318.3786398156,267653396965.3786398156,5128.323446864031
5129,1318.5469570270,267653396965.5469570270,5128.979097984524
5130,1318.8598769054,267653396965.8598769054,5130.198024244001
5131,1319.0951207595,267653396966.0951207595,5131.114376738478
5132,1319.3067250188,267653396966.3067250188,5131.938645204888
5133,1319.5605554259,267653396966.5605554259,5132.927398460994
5134,1319.7300760166,267653396966.7300760166,5133.5877371412425
5135,1319.9385808789,267653396966.9385808789,5134.399932432848
5136,1320.2078872145,267653396967.2078872145,5135.4489695409575
5137,1320.5194967145,267653396967.5194967145,5136.66279144385
5138,1320.8162636991,267653396967.8162636991,5137.818796847932
5139,1320.9716892703,267653396967.9716892703,5138.42423077274
5140,1321.3175877703,267653396968.3175877703,5139.771619653625
5141,1321.4684271861,267653396968.4684271861,5140.359188988698
5142,1321.7370535835,267653396968.7370535835,5141.405577512988
5143,1321.9921178414,267653396968.9921178414,5142.399137025405
5144,1322.3247409454,267653396969.3247409454,5143.694813855039
5145,1322.5116414808,267653396969.5116414808,5144.42285315914
5146,1322.6547416692,267653396969.6547416692,5144.980275647826
5147,1323.0673630334,267653396970.0673630334,5146.587572118145
5148,1323.3358195149,267653396970.3358195149,5147.633298763894
5149,1323.6167906107,267653396970.6167906107,5148.727773964946
5150,1323.8127971497,267653396970.8127971497,5149.4912841600735
5151,1323.9986668811,267653396970.9986668811,5150.2153081422
5152,1324.1698891399,267653396971.1698891399,5150.882275381628
5153,1324.3704369200,267653396971.3704369200,5151.663475210459
5154,1324.8476618431,267653396971.8476618431,5153.5224238762285
5155,1325.2892533127,267653396972.2892533127,5155.2425684736545
5156,1325.5217268630,267653396972.5217268630,5156.148129720015
5157,1325.6308753091,267653396972.6308753091,5156.573298960822
5158,1325.9169728359,267653396972.9169728359,5157.687743303481
5159,1326.2043250645,267653396973.2043250645,5158.807075123981
5160,1326.5183556376,267653396973.5183556376,5160.030327906093
5161,1326.7137452223,267653396973.7137452223,5160.791434860491
5162,1326.9200941164,267653396973.9200941164,5161.595231944009
5163,1327.1810142595,267653396974.1810142595,5162.611602063024
5164,1327.4316378292,267653396974.4316378292,5163.587863628489
5165,1327.7554279982,267653396974.7554279982,5164.849133259467
5166,1327.8797766471,267653396974.8797766471,5165.333512309625
5167,1328.0735994318,267653396975.0735994318,5166.08851606063
5168,1328.4907191742,267653396975.4907191742,5167.713335199504
5169,1328.6985622372,267653396975.6985622372,5168.522952564297
5170,1328.9912274945,267653396975.9912274945,5169.662980386065
5171,1329.4125041351,267653396976.4125041351,5171.303992016129
5172,1329.6266117742,267653396976.6266117742,5172.138011973533
5173,1329.7762699976,267653396976.7762699976,5172.720980174154
5174,1330.0464562990,267653396977.0464562990,5173.77344503964
5175,1330.4050544706,267653396977.4050544706,5175.170303335123
5176,1330.4841109064,267653396977.4841109064,5175.478254258759
5177,1330.7564855338,267653396977.7564855338,5176.539243376649
5178,1330.8718678257,267653396977.8718678257,5176.988695505402
5179,1331.4156855609,267653396978.4156855609,5179.107045164731
5180,1331.5646154508,267653396978.5646154508,5179.6871762658575
5181,1331.7593813951,267653396978.7593813951,5180.445853934958
5182,1332.0574470031,267653396979.0574470031,5181.606917906019
5183,1332.2414974531,267653396979.2414974531,5182.323855186326
5184,1332.5364511758,267653396979.5364511758,5183.47279733653
5185,1332.6175004451,267653396979.6175004451,5183.788511004727
5186,1332.9441951081,267653396979.9441951081,5185.061094598965
5187,1333.2673916622,267653396980.2673916622,5186.320051903884
5188,1333.6058027811,267653396980.6058027811,5187.6382749628865
5189,1333.7764080837,267653396980.7764080837,5188.302838954183
5190,1334.0301998279,267653396981.0301998279,5189.291441605528
5191,1334.2002282670,267653396981.2002282670,5189.953758522999
5192,1334.5436581334,267653396981.5436581334,5191.2915312608175
5193,1334.8758088509,267653396981.8758088509,5192.585367989043
5194,1335.2031165606,267653396982.2031165606,5193.86033960262
5195,1335.5291583449,267653396982.5291583449,5195.130380018726
5196,1335.8096684257,267653396982.8096684257,5196.223059414118
5197,1336.0408329659,267653396983.0408329659,5197.123521633876
5198,1336.1093436129,267653396983.1093436129,5197.390393227683
5199,1336.4306538941,267653396983.4306538941,5198.642002876767
5200,1336.7701509813,267653396983.7701509813,5199.96445614091
5201,1337.0853939696,267653396984.0853939696,5201.192431680594
5202,1337.2546773408,267653396984.2546773408,5201.851846312557
5203,1337.4928555231,267653396984.4928555231,5202.779628984356
5204,1337.7573008543,267653396984.7573008543,5203.809730875118
5205,1338.0223053665,267653396985.0223053665,5204.842010960529
5206,1338.3124781383,267653396985.3124781383,5205.972329728202
5207,1338.5372887868,267653396985.5372887868,5206.848041441593
5208,1338.7016976813,267653396985.7016976813,5207.488468377149
5209,1338.9664539661,267653396985.9664539661,5208.5197815348665
5210,1339.1295499816,267653396986.1295499816,5209.155094373175
5211,1339.4126822180,267653396986.4126822180,5210.257987930524
5212,1339.6715322462,267653396986.6715322462,5211.266294268407
5213,1340.0497312983,267653396987.0497312983,5212.739504466087
5214,1340.1627500875,267653396987.1627500875,5213.179749971343
5215,1340.3801638183,267653396987.3801638183,5214.026648247665
5216,1340.6591957640,267653396987.6591957640,5215.11356981873
5217,1341.1491774394,267653396988.1491774394,5217.022210247275
5218,1341.3350075505,267653396988.3350075505,5217.746079895252
5219,1341.5644837036,267653396988.5644837036,5218.6399652897135
5220,1341.8769931736,267653396988.8769931736,5219.857292872951
5221,1342.1255527880,267653396989.1255527880,5220.82551465096
5222,1342.3570540486,267653396989.3570540486,5221.72728850787
5223,1342.6178680884,267653396989.6178680884,5222.743245319496
5224,1342.7744511347,267653396989.7744511347,5223.353187992045
5225,1342.9743121476,267653396989.9743121476,5224.131712635848
5226,1343.3326861788,267653396990.3326861788,5225.52769783046
5227,1343.3829190937,267653396990.3829190937,5225.723371622023
5228,1343.7657440747,267653396990.7657440747,5227.2146013403535
5229,1343.9729450005,267653396990.9729450005,5228.021717368706
5230,1344.4175610702,267653396991.4175610702,5229.753643782317
5231,1344.8015461287,267653396991.8015461287,5231.249392385595
5232,1345.0151608173,267653396992.0151608173,5232.081492138021
5233,1345.2351104929,267653396992.2351104929,5232.938268756765
5234,1345.4220165223,267653396992.4220165223,5233.666329461812
5235,1345.6979391349,267653396992.6979391349,5234.741139153682
5236,1345.9787973990,267653396992.9787973990,5235.835174838006
5237,1346.1566190604,267653396993.1566190604,5236.527848929833
5238,1346.4066079106,267653396993.4066079106,5237.50163805325
5239,1346.7179274655,267653396993.7179274655,5238.714330524237
5240,1346.9784560738,267653396993.9784560738,5239.729175485916
5241,1347.3516220686,267653396994.3516220686,5241.182780263386
5242,1347.5085416668,267653396994.5085416668,5241.794033916723
5243,1347.7691059683,267653396994.7691059683,5242.809017915202
5244,1348.0702381838,267653396995.0702381838,5243.982027335141
5245,1348.3329039291,267653396995.3329039291,5245.005197151165
5246,1348.3871531231,267653396995.3871531231,5245.216515676087
5247,1348.6708723801,267653396995.6708723801,5246.321695872522
5248,1349.0451902235,267653396996.0451902235,5247.779787480656
5249,1349.2881414144,267653396996.2881414144,5248.726162597106
5250,1349.5194195116,267653396996.5194195116,5249.627067158881
5251,1349.8383990414,267653396996.8383990414,5250.869597761599
5252,1349.9373663674,267653396996.9373663674,5251.255108177585
5253,1350.2246392961,267653396997.2246392961,5252.3741310987925
5254,1350.4062341405,267653396997.4062341405,5253.081502984393
5255,1350.7081396131,267653396997.7081396131,5254.2575244960835
5256,1350.9289416403,267653396997.9289416403,5255.117621305776
5257,1351.1091996820,267653396998.1091996820,5255.819785903419
5258,1351.4866608344,267653396998.4866608344,5257.2901217380995
5259,1351.6477706405,267653396998.6477706405,5257.917697634906
5260,1352.0412163872,267653396999.0412163872,5259.450298742854
5261,1352.4203345796,267653396999.4203345796,5260.927089295526
5262,1352.4939203144,267653396999.4939203144,5261.213730032221
5263,1352.9714344277,267653396999.9714344277,5263.073805189324
5264,1353.2848239314,267653397000.2848239314,5264.294560794432
5265,1353.3452629081,267653397000.3452629081,5264.529990566975
5266,1353.6005901962,267653397000.6005901962,5265.524574668884
5267,1353.9430098410,267653397000.9430098410,5266.858412259976
5268,1354.3405146811,267653397001.3405146811,5268.406824877121
5269,1354.5028342469,267653397001.5028342469,5269.0391131874485
5270,1354.8141977800,267653397001.8141977800,5270.251976968049
5271,1354.8599693100,267653397001.8599693100,5270.430272192179
5272,1355.2444164394,267653397002.2444164394,5271.9278207142
5273,1355.4066934229,267653397002.4066934229,5272.559943152408
5274,1355.6811016140,267653397002.6811016140,5273.628853672441
5275,1355.8578866380,267653397002.8578866380,5274.317489719276
5276,1356.1627782034,267653397003.1627782034,5275.505143048497
5277,1356.3899505871,267653397003.3899505871,5276.390054500392
5278,1356.6449806657,267653397003.6449806657,5277.3834808731535
5279,1356.8373514191,267653397003.8373514191,5278.132828482756
5280,1357.2437009660,267653397004.2437009660,5279.715694153606
5281,1357.6359009622,267653397004.6359009622,5281.243442651983
5282,1357.8783755907,267653397004.8783755907,5282.1879614005165
5283,1358.0610157390,267653397005.0610157390,5282.899405089991
5284,1358.1016087704,267653397005.1016087704,5283.057528352018
5285,1358.5365479859,267653397005.5365479859,5284.751760223011
5286,1358.7634525818,267653397005.7634525818,5285.6356285529955
5287,1358.9465335362,267653397005.9465335362,5286.348789327794
5288,1359.1383227652,267653397006.1383227652,5287.0958717078265
5289,1359.5213565744,267653397006.5213565744,5288.58791488096
5290,1359.8053397787,267653397006.8053397787,5289.694123239291
5291,1359.9430576287,267653397006.9430576287,5290.230579742544
5292,1360.2422634003,267653397007.2422634003,5291.39608502734
5293,1360.5396180914,267653397007.5396180914,5292.55437974232
5294,1360.6673495227,267653397007.6673495227,5293.051935846998
5295,1361.2150392985,267653397008.2150392985,5295.185368383109
5296,1361.2817917989,267653397008.2817917989,5295.44539141533
5297,1361.5107313285,267653397008.5107313285,5296.3371864840565
5298,1361.8273654915,267653397008.8273654915,5297.570581108598
5299,1361.9671809633,267653397008.9671809633,5298.115208541444
5300,1362.2570834578,267653397009.2570834578,5299.244474489786
5301,1362.5080489967,267653397009.5080489967,5300.222068138215
5302,1362.9040834325,267653397009.9040834325,5301.764753045053
5303,1363.2160797584,267653397010.2160797584,5302.980081762574
5304,1363.3605190122,267653397010.3605190122,5303.542720353185
5305,1363.6829770048,267653397010.6829770048,5304.798800717178
5306,1363.8819373495,267653397010.8819373495,5305.573816960924
5307,1364.2419410740,267653397011.2419410740,5306.976150349105
5308,1364.5968605764,267653397011.5968605764,5308.358679013283
5309,1364.8373629754,267653397011.8373629754,5309.29551527664
5310,1365.0195792191,267653397012.0195792191,5310.005307717716
5311,1365.2477538154,267653397012.2477538154,5310.894123118642
5312,1365.6729299597,267653397012.6729299597,5312.5503246033295
5313,1365.7870079372,267653397012.7870079372,5312.994695996783
5314,1365.8324827839,267653397012.8324827839,5313.171835541488
5315,1366.1036774894,267653397013.1036774894,5314.228228473946
5316,1366.4174821528,267653397013.4174821528,5315.450601263183
5317,1366.5507276875,267653397013.5507276875,5315.969636621485
5318,1366.9920160051,267653397013.9920160051,5317.688600341775
5319,1367.2205766840,267653397014.2205766840,5318.578919661921
5320,1367.4362558212,267653397014.4362558212,5319.4190611233735
5321,1367.7037655996,267653397014.7037655996,5320.461100047933
5322,1367.9220047237,267653397014.9220047237,5321.311213503725
5323,1368.1712406814,267653397015.1712406814,5322.282069862235
5324,1368.5088220173,267653397015.5088220173,5323.597060642447
5325,1368.6328660667,267653397015.6328660667,5324.0802531769705
5326,1368.9347650589,267653397015.9347650589,5325.256249445366
5327,1369.2334559113,267653397016.2334559113,5326.419748949841
5328,1369.5622221353,267653397016.5622221353,5327.700401958256
5329,1369.6577006396,267653397016.6577006396,5328.072322261635
5330,1370.1637905033,267653397017.1637905033,5330.043709402901
5331,1370.2990339756,267653397017.2990339756,5330.570527387918
5332,1370.5343456240,267653397017.5343456240,5331.487143963588
5333,1370.7286268175,267653397017.7286268175,5332.243933368251
5334,1371.1278615829,267653397018.1278615829,5333.799084615704
5335,1371.2527085534,267653397018.2527085534,5334.285404793053
5336,1371.7188328089,267653397018.7188328089,5336.101112692845
5337,1372.0401386398,267653397019.0401386398,5337.352705006549
5338,1372.1311348419,267653397019.1311348419,5337.707165262703
5339,1372.4231352362,267653397019.4231352362,5338.844603223541
5340,1372.5896400287,267653397019.5896400287,5339.493194373922
5341,1372.8193455576,267653397019.8193455576,5340.387973262874
5342,1373.2330820482,267653397020.2330820482,5341.999613518773
5343,1373.4041992523,267653397020.4041992523,5342.6661715354585
5344,1373.6501464534,267653397020.6501464534,5343.624217100992
5345,1373.9887957412,267653397020.9887957412,5344.943367906517
5346,1374.2504516914,267653397021.2504516914,5345.962604237174
5347,1374.4375560394,267653397021.4375560394,5346.69143745866
5348,1374.6190194945,267653397021.6190194945,5347.398297539553
5349,1374.7939918677,267653397021.7939918677,5348.079872712946
5350,1375.1512418023,267653397022.1512418023,5349.471479180105
5351,1375.4060222727,267653397022.4060222727,5350.463933246504
5352,1375.6875208175,267653397022.6875208175,5351.560463035596
5353,1376.0756113874,267653397023.0756113874,5353.072203961514
5354,1376.2499756832,267653397023.2499756832,5353.751410472633
5355,1376.6073605189,267653397023.6073605189,5355.143542424125
5356,1376.8049569645,267653397023.8049569645,5355.913245830488
5357,1377.0595793046,267653397024.0595793046,5356.905083927151
5358,1377.2368917267,267653397024.2368917267,5357.5957743637455
5359,1377.3656881584,267653397024.3656881584,5358.09747899667
5360,1377.5972101193,267653397024.5972101193,5358.999333488089
5361,1378.1213603733,267653397025.1213603733,5361.041071813519
5362,1378.2638875453,267653397025.2638875453,5361.596262214109
5363,1378.4097180285,267653397025.4097180285,5362.16432010265
5364,1378.5716847928,267653397025.5716847928,5362.795234134635
5365,1378.8567985348,267653397025.8567985348,5363.905846310639
5366,1379.1577584713,267653397026.1577584713,5365.078184646988
5367,1379.3198524462,267653397026.3198524462,5365.709594206269
5368,1379.8404254935,267653397026.8404254935,5367.737398130329
5369,1380.0007515105,267653397027.0007515105,5368.36192090977
5370,1380.2634806995,267653397027.2634806995,5369.385337859961
5371,1380.6289869228,267653397027.6289869228,5370.809105298018
5372,1381.0653956514,267653397028.0653956514,5372.509061407808
5373,1381.2812242355,267653397028.2812242355,5373.3497850142885
5374,1381.4587328324,267653397028.4587328324,5374.04123961651
5375,1381.6794260994,267653397028.6794260994,5374.900912769313
5376,1381.8668356977,267653397028.8668356977,5375.6309350415195
5377,1382.2840308974,267653397029.2840308974,5377.256048111509
5378,1382.4226006995,267653397029.4226006995,5377.795823249527
5379,1382.6064957937,267653397029.6064957937,5378.512155367696
5380,1382.7739187891,267653397029.7739187891,5379.164323221586
5381,1383.1635724828,267653397030.1635724828,5380.682153030885
5382,1383.4695972102,267653397030.4695972102,5381.874220400297
5383,1383.7739826525,267653397030.7739826525,5383.059902212916
5384,1384.0645866109,267653397031.0645866109,5384.191900594791
5385,1384.1555715195,267653397031.1555715195,5384.546316859034
5386,1384.4221641164,267653397031.4221641164,5385.58478305878
5387,1384.7052201864,267653397031.7052201864,5386.687379922856
5388,1384.8157837685,267653397031.8157837685,5387.118061585696
5389,1385.2277863940,267653397032.2277863940,5388.722947864472
5390,1385.3684399722,267653397032.3684399722,5389.2708399985095
5391,1385.6452898428,267653397032.6452898428,5390.349261666497
5392,1385.7868752214,267653397032.7868752214,5390.900783470794
5393,1386.0340852528,267653397033.0340852528,5391.863748177362
5394,1386.4666421822,267653397033.4666421822,5393.548700257319
5395,1386.7736593454,267653397033.7736593454,5394.744633491897
5396,1386.9958345595,267653397033.9958345595,5395.610079318027
5397,1387.3882747747,267653397034.3882747747,5397.138763548742
5398,1387.5454891928,267653397034.5454891928,5397.751165622948
5399,1387.7285177920,267653397034.7285177920,5398.464122456957
5400,1387.8782463895,267653397034.8782463895,5399.047364787942
5401,1388.1684043933,267653397035.1684043933,5400.177626029386
5402,1388.4510793150,267653397035.4510793150,5401.278738194971
5403,1388.8182375511,267653397035.8182375511,5402.708940768418
5404,1389.1211079255,267653397036.1211079255,5403.888720891258
5405,1389.3486441665,267653397036.3486441665,5404.775049687494
5406,1389.6372895055,267653397036.6372895055,5405.899418600028
5407,1389.8623851154,267653397036.8623851154,5406.7762403321785
5408,1390.1329351985,267653397037.1329351985,5407.830122247525
5409,1390.2255938969,267653397037.2255938969,5408.191058475762
5410,1390.4835753286,267653397037.4835753286,5409.195981343455
5411,1390.8128744016,267653397037.8128744016,5410.478709974688
5412,1391.0972486941,267653397038.0972486941,5411.58644175071
5413,1391.4979861527,267653397038.4979861527,5413.147446484403
5414,1391.6535325436,267653397038.6535325436,5413.753351041846
5415,1391.8413916917,267653397038.8413916917,5414.485124458976
5416,1392.3231190908,267653397039.3231190908,5416.361611755602
5417,1392.4248474707,267653397039.4248474707,5416.757877388292
5418,1392.5614079782,267653397039.5614079782,5417.28982566033
5419,1393.0101470523,267653397040.0101470523,5419.037812537601
5420,1393.2867925068,267653397040.2867925068,5420.115437937378
5421,1393.4799218428,267653397040.4799218428,5420.867740476712
5422,1393.6744187663,267653397040.6744187663,5421.625370220967
5423,1394.0222872312,267653397041.0222872312,5422.980432765678
5424,1394.2202463704,267653397041.2202463704,5423.751548983386
5425,1394.4381015098,267653397041.4381015098,5424.600166691976
5426,1394.6545374383,267653397041.6545374383,5425.443256105454
5427,1394.7965642084,267653397041.7965642084,5425.9964972754005
5428,1395.0920681445,267653397042.0920681445,5427.147582688502
5429,1395.3647361167,267653397042.3647361167,5428.209714481267
5430,1395.7472762684,267653397042.7472762684,5429.699834695429
5431,1395.8871471856,267653397042.8871471856,5430.24467810642
5432,1396.1428155460,267653397043.1428155460,5431.2405907975735
5433,1396.4576290598,267653397043.4576290598,5432.466893392269
5434,1396.7682521084,267653397043.7682521084,5433.676872741225
5435,1397.0516268475,267653397044.0516268475,5434.78071092668
5436,1397.1968767725,267653397044.1968767725,5435.34650734932
5437,1397.3338661874,267653397044.3338661874,5435.880126357316
5438,1397.5188406781,267653397044.5188406781,5436.600663081295
5439,1397.9773885287,267653397044.9773885287,5438.386858382112
5440,1398.4161754317,267653397045.4161754317,5440.096078266521
5441,1398.5657770963,267653397045.5657770963,5440.678826151944
5442,1398.6971506658,267653397045.6971506658,5441.19056958763
5443,1399.2191676617,267653397046.2191676617,5443.223998168318
5444,1399.3539016789,267653397046.3539016789,5443.74883165749
5445,1399.7943792687,267653397046.7943792687,5445.464637325287
5446,1400.1267035540,267653397047.1267035540,5446.759150157423
5447,1400.2694022400,267653397047.2694022400,5447.315008661682
5448,1400.4330150297,267653397047.4330150297,5447.952334506157
5449,1400.5705110750,267653397047.5705110750,5448.487927006862
5450,1400.7922801425,267653397047.7922801425,5449.351790757868
5451,1400.9893510826,267653397047.9893510826,5450.119447146779
5452,1401.5328773685,267653397048.5328773685,5452.236661514864
5453,1401.6250738939,267653397048.6250738939,5452.595797426647
5454,1401.8581372091,267653397048.8581372091,5453.503656002057
5455,1402.0733344217,267653397049.0733344217,5454.341920208054
5456,1402.2443769335,267653397049.2443769335,5455.008187273568
5457,1402.6167962286,267653397049.6167962286,5456.458883409143
5458,1402.8513964189,267653397049.8513964189,5457.3727286205785
5459,1403.0959407738,267653397050.0959407738,5458.325309636915
5460,1403.4862997094,267653397050.4862997094,5459.845886596307
5461,1403.7404483208,267653397050.7404483208,5460.8358793632515
5462,1404.0308461814,267653397051.0308461814,5461.967074926141
5463,1404.1918694655,267653397051.1918694655,5462.594313791192
5464,1404.4936124736,267653397051.4936124736,5463.769702450015
5465,1404.6553637629,267653397051.6553637629,5464.399777135723
5466,1404.9780466872,267653397051.9780466872,5465.656733682972
5467,1405.1106739523,267653397052.1106739523,5466.1733606770185
5468,1405.5287778685,267653397052.5287778685,5467.802013497859
5469,1405.6421171185,267653397052.6421171185,5468.243507303759
5470,1406.0098656612,267653397053.0098656612,5469.676009316348
5471,1406.1440039199,267653397053.1440039199,5470.198522129431
5472,1406.3075351017,267653397053.3075351017,5470.835530084187
5473,1406.7799580211,267653397053.7799580211,5472.675773359839
5474,1406.8901438570,267653397053.8901438570,5473.104983576491
5475,1407.3627318884,267653397054.3627318884,5474.945870017907
5476,1407.4619037281,267653397054.4619037281,5475.332177082292
5477,1407.7751076481,267653397054.7751076481,5476.552209777615
5478,1408.1330869183,267653397055.1330869183,5477.946657247787
5479,1408.2396745612,267653397055.2396745612,5478.3618513145
5480,1408.5928141703,267653397055.5928141703,5479.737446706523
5481,1408.8861056532,267653397055.8861056532,5480.87991388381
5482,1409.0992593080,267653397056.0992593080,5481.71021775735
5483,1409.3090297079,267653397056.3090297079,5482.527342735827
5484,1409.7367027272,267653397056.7367027272,5484.1932703731745
5485,1410.0023207640,267653397057.0023207640,5485.227940339513
5486,1410.1489594167,267653397057.1489594167,5485.799146315136
5487,1410.4332205661,267653397057.4332205661,5486.906437361423
5488,1410.6286564120,267653397057.6286564120,5487.667724518481
5489,1410.8625940484,267653397057.8625940484,5488.578988863686
5490,1411.1544190331,267653397058.1544190331,5489.715743546215
5491,1411.3430181428,267653397058.3430181428,5490.450399358131
5492,1411.8219651209,267653397058.8219651209,5492.316055996811
5493,1411.9802775050,267653397058.9802775050,5492.932735011162
5494,1412.1283228098,267653397059.1283228098,5493.509420361222
5495,1412.4371946542,267653397059.4371946542,5494.712578191535
5496,1412.5694942875,267653397059.5694942875,5495.22792895153
5497,1412.7941646024,267653397059.7941646024,5496.103094019217
5498,1413.2583221375,267653397060.2583221375,5497.911140893608
5499,1413.4770518545,267653397060.4770518545,5498.763165370757
5500,1413.6414227663,267653397060.6414227663,5499.403444351161
5501,1413.8090006366,267653397060.8090006366,5500.056215493932
5502,1413.9489509789,267653397060.9489509789,5500.6013682919165
5503,1414.1853686966,267653397061.1853686966,5501.522293372765
5504,1414.6613547199,267653397061.6613547199,5503.3764161147255
5505,1414.8925422730,267653397061.8925422730,5504.276967977339
5506,1415.1245659621,267653397062.1245659621,5505.1807768657845
5507,1415.6985993765,267653397062.6985993765,5507.416826573516
5508,1415.7437960034,267653397062.7437960034,5507.592882360227
5509,1416.1304790674,267653397063.1304790674,5509.099140585885
5510,1416.1888328911,267653397063.1888328911,5509.326447998931
5511,1416.6825878979,267653397063.6825878979,5511.24978679934
5512,1416.8874165231,267653397063.8874165231,5512.047661933478
5513,1417.0202037435,267653397064.0202037435,5512.564912006239
5514,1417.2836582982,267653397064.2836582982,5513.59115449537
5515,1417.4592537092,267653397064.4592537092,5514.275156606738
5516,1417.8722213963,267653397064.8722213963,5515.88380211914
5517,1418.0493087023,267653397065.0493087023,5516.573615654191
5518,1418.3570222975,267653397065.3570222975,5517.772261721392
5519,1418.6378039195,267653397065.6378039195,5518.86599885944
5520,1418.9230117830,267653397065.9230117830,5519.976977669775
5521,1419.1474491992,267653397066.1474491992,5520.851235520118
5522,1419.3012757139,267653397066.3012757139,5521.450440591823
5523,1419.6257974950,267653397066.6257974950,5522.714560093543
5524,1419.7860291262,267653397066.7860291262,5523.338715209128
5525,1420.1514988948,267653397067.1514988948,5524.7623406441
5526,1420.2896744726,267653397067.2896744726,5525.3005801482905
5527,1420.7244812738,267653397067.7244812738,5526.994296221876
5528,1421.0046867565,267653397068.0046867565,5528.085789107097
5529,1421.0824570268,267653397068.0824570268,5528.388729991395
5530,1421.3446457130,267653397068.3446457130,5529.4100415047
5531,1421.6393557250,267653397068.6393557250,5530.558034321264
5532,1421.8417688044,267653397068.8417688044,5531.346500106844
5533,1422.1448946511,267653397069.1448946511,5532.527275378661
5534,1422.4079953715,267653397069.4079953715,5533.55213956635
5535,1422.7563696367,267653397069.7563696367,5534.909172370263
5536,1422.8987079297,267653397069.8987079297,5535.463627024779
5537,1423.2097524126,267653397070.2097524126,5536.675247999507
5538,1423.5761334833,267653397070.5761334833,5538.102423257091
5539,1423.7039637061,267653397070.7039637061,5538.600364187289
5540,1423.9055209171,267653397070.9055209171,5539.385496082825
5541,1424.0128523749,267653397071.0128523749,5539.803587554199
5542,1424.3684709223,267653397071.3684709223,5541.188839229505
5543,1424.5659748233,267653397071.5659748233,5541.958182144097
5544,1424.8235141460,267653397071.8235141460,5542.9613828512465
5545,1425.0316109676,267653397072.0316109676,5543.771988689595
5546,1425.6588903641,267653397072.6588903641,5546.215449080622
5547,1425.8134606416,267653397072.8134606416,5546.817551354041
5548,1425.9881047450,267653397072.9881047450,5547.497847808166
5549,1426.2963855152,267653397073.2963855152,5548.698703209287
5550,1426.4343494541,267653397073.4343494541,5549.236118310075
5551,1426.9658380054,267653397073.9658380054,5551.306441726773
5552,1427.2337892525,267653397074.2337892525,5552.350200317711
5553,1427.3492120303,267653397074.3492120303,5552.79981015242
5554,1427.6230445647,267653397074.6230445647,5553.866478299524
5555,1427.9419773139,267653397074.9419773139,5555.108826676372
5556,1428.1961111821,267653397075.1961111821,5556.0987620136875
5557,1428.3909275518,267653397075.3909275518,5556.857636106384
5558,1428.6500855109,267653397075.6500855109,5557.867141936822
5559,1428.8832376414,267653397075.8832376414,5558.775346477159
5560,1429.2664423098,267653397076.2664423098,5560.268055203313
5561,1429.3539918230,267653397076.3539918230,5560.609089468031
5562,1429.4519001971,267653397076.4519001971,5560.990474916682
5563,1429.7376134483,267653397076.7376134483,5562.103422379
5564,1430.1790739411,267653397077.1790739411,5563.823056778567
5565,1430.3711708211,267653397077.3711708211,5564.571337560846
5566,1430.4243416042,267653397077.4243416042,5564.7784553192
5567,1430.8076909593,267653397077.8076909593,5566.27172764783
5568,1431.0690404480,267653397078.0690404480,5567.2897702097525
5569,1431.5010781415,267653397078.5010781415,5568.972699694427
5570,1431.6578297101,267653397078.6578297101,5569.583298816992
5571,1431.9317868757,267653397078.9317868757,5570.650452443777
5572,1432.1499982054,267653397079.1499982054,5571.500457631211
5573,1432.3331241527,267653397079.3331241527,5572.213793668222
5574,1432.5717730167,267653397079.5717730167,5573.143409800685
5575,1433.0184215345,267653397080.0184215345,5574.883253270829
5576,1433.1245258078,267653397080.1245258078,5575.296564453333
5577,1433.3637801931,267653397080.3637801931,5576.228539291216
5578,1433.7083115973,267653397080.7083115973,5577.570602882538
5579,1434.0071102902,267653397081.0071102902,5578.734522461384
5580,1434.2480432425,267653397081.2480432425,5579.673035872032
5581,1434.3253945558,267653397081.3253945558,5579.974344780467
5582,1434.7402473714,267653397081.7402473714,5581.590333490892
5583,1435.1070548911,267653397082.1070548911,5583.019169908157
5584,1435.2532398415,267653397082.2532398415,5583.588608563499
5585,1435.7221143384,267653397082.7221143384,5585.415029561754
5586,1435.9267373132,267653397082.9267373132,5586.212103619675
5587,1436.0415203181,267653397083.0415203181,5586.659221327672
5588,1436.4404904824,267653397083.4404904824,5588.213341866477
5589,1436.5184899274,267653397083.5184899274,5588.517175461911
5590,1436.7482800803,267653397083.7482800803,5589.412283989296
5591,1436.8672762659,267653397083.8672762659,5589.875813427406
5592,1437.2740113639,267653397084.2740113639,5591.460180947128
5593,1437.3661140640,267653397084.3661140640,5591.8189513783855
5594,1437.8529841523,267653397084.8529841523,5593.71547114769
5595,1438.2755722313,267653397085.2755722313,5595.361591263415
5596,1438.4859937266,267653397085.4859937266,5596.181252473485
5597,1438.7025417537,267653397085.7025417537,5597.024778548034
5598,1438.9377122077,267653397085.9377122077,5597.940845124899
5599,1439.1228488068,267653397086.1228488068,5598.662013314633
5600,1439.4177690729,267653397086.4177690729,5599.810825140351
5601,1439.6361722497,267653397086.6361722497,5600.661577635593
5602,1439.9783615881,267653397086.9783615881,5601.994518107223
5603,1440.1211755018,267653397087.1211755018,5602.550825461428
5604,1440.3385007742,267653397087.3385007742,5603.397379163083
5605,1440.4551553572,267653397087.4551553572,5603.851787285817
5606,1440.8972669619,267653397087.8972669619,5605.573957981249
5607,1441.1424018634,267653397088.1424018634,5606.528839371611
5608,1441.2728837961,267653397088.2728837961,5607.037109587525
5609,1441.5703074812,267653397088.5703074812,5608.195673056933
5610,1441.8711468902,267653397088.8711468902,5609.36754189888
5611,1442.0138522054,267653397089.0138522054,5609.923426226065
5612,1442.4970192938,267653397089.4970192938,5611.805521587947
5613,1442.5619009618,267653397089.5619009618,5612.058257110183
5614,1442.9014839026,267653397089.9014839026,5613.38104480247
5615,1443.1108635065,267653397090.1108635065,5614.1966475014815
5616,1443.4286952738,267653397090.4286952738,5615.434707190263
5617,1443.6835938140,267653397090.6835938140,5616.427621177533
5618,1444.0970001113,267653397091.0970001113,5618.037975221509
5619,1444.3671145084,267653397091.3671145084,5619.090159996021
5620,1444.5927175812,267653397091.5927175812,5619.96895846375
5621,1444.8606348083,267653397091.8606348083,5621.012584535557
5622,1445.1378285602,267653397092.1378285602,5622.092345734775
5623,1445.2830230983,267653397092.2830230983,5622.657926407154
5624,1445.6878544839,267653397092.6878544839,5624.234878338432
5625,1445.8704933232,267653397092.8704933232,5624.946316928929
5626,1446.0103647620,267653397093.0103647620,5625.491162371729
5627,1446.3111367493,267653397093.3111367493,5626.66276858389
5628,1446.5202440505,267653397093.5202440505,5627.477310573966
5629,1446.8629485038,267653397093.8629485038,5628.812257588234
5630,1447.1620328383,267653397094.1620328383,5629.9772898354395
5631,1447.4409866493,267653397094.4409866493,5631.063907046064
5632,1447.5739237578,267653397094.5739237578,5631.581740982474
5633,1447.7350418573,267653397094.7350418573,5632.209349184822
5634,1448.0128149212,267653397095.0128149212,5633.291366995582
5635,1448.3200591774,267653397095.3200591774,5634.488184832398
5636,1448.5692492904,267653397095.5692492904,5635.458862610674
5637,1448.7411016986,267653397095.7411016986,5636.128284490117
5638,1449.1111245373,267653397096.1111245373,5637.56964563666
5639,1449.3150866975,267653397096.3150866975,5638.3641456035
5640,1449.6013539820,267653397096.6013539820,5639.47925120848
5641,1449.9262526420,267653397096.9262526420,5640.744838777975
5642,1450.0341502008,267653397097.0341502008,5641.165135399685
5643,1450.4231304991,267653397097.4231304991,5642.680342111547
5644,1450.6711420339,267653397097.6711420339,5643.646428938542
5645,1450.9813407659,267653397097.9813407659,5644.854755434233
5646,1451.1439837582,267653397098.1439837582,5645.488303597591
5647,1451.4378127795,267653397098.4378127795,5646.632864664461
5648,1451.7115424181,267653397098.7115424181,5647.699131998449
5649,1451.8507310677,267653397098.8507310677,5648.241317751843
5650,1452.2148014188,267653397099.2148014188,5649.6594919935405
5651,1452.3737925006,267653397099.3737925006,5650.278814759558
5652,1452.7224964873,267653397099.7224964873,5651.637131937601
5653,1452.8756360411,267653397099.8756360411,5652.233661069754
5654,1453.0932324894,267653397100.0932324894,5653.0812710910905
5655,1453.4452829511,267653397100.4452829511,5654.452623894339
5656,1453.7960947234,267653397100.7960947234,5655.819151593332
5657,1454.0117099790,267653397101.0117099790,5656.659044214868
5658,1454.2455584980,267653397101.2455584980,5657.569961418379
5659,1454.5708183429,267653397101.5708183429,5658.836955922332
5660,1454.9350761710,267653397101.9350761710,5660.255860448854
5661,1455.2113662698,267653397102.2113662698,5661.332101620843
5662,1455.2920423708,267653397102.2920423708,5661.646361675289
5663,1455.6885246061,267653397102.6885246061,5663.190790909074
5664,1455.9799951878,267653397102.9799951878,5664.326165074894
5665,1456.0867036076,267653397103.0867036076,5664.741829607519
5666,1456.1696307116,267653397103.1696307116,5665.064858061982
5667,1456.5144862357,267653397103.5144862357,5666.40818420735
5668,1456.7555249018,267653397103.7555249018,5667.347109408162
5669,1457.1285800328,267653397104.1285800328,5668.800282334546
5670,1457.3919025559,267653397104.3919025559,5669.826010517001
5671,1457.6319467502,267653397104.6319467502,5670.761061921756
5672,1457.8153852874,267653397104.8153852874,5671.475615599653
5673,1458.2095049529,267653397105.2095049529,5673.010841843895
5674,1458.3933391758,267653397105.3933391758,5673.726936848258
5675,1458.5882300582,267653397105.5882300582,5674.48610119253
5676,1458.7770353256,267653397105.7770353256,5675.221560056771
5677,1459.0215939481,267653397106.0215939481,5676.1741966501295
5678,1459.2033269283,267653397106.2033269283,5676.882106620299
5679,1459.6304184835,267653397106.6304184835,5678.545769262978
5680,1459.7979524802,267653397106.7979524802,5679.198369503593
5681,1460.0216467479,267653397107.0216467479,5680.06973254513
5682,1460.3066897053,267653397107.3066897053,5681.180068991756
5683,1460.6349452874,267653397107.6349452874,5682.458732881364
5684,1460.9225940836,267653397107.9225940836,5683.5792199306225
5685,1461.0697281695,267653397108.0697281695,5684.1523557821665
5686,1461.2579897084,267653397108.2579897084,5684.885696644348
5687,1461.8035866789,267653397108.8035866789,5687.0109770127565
5688,1462.1067053270,267653397109.1067053270,5688.1917242436575
5689,1462.4261471109,267653397109.4261471109,5689.436055478763
5690,1462.6314287333,267653397109.6314287333,5690.2356951865895
5691,1462.8214412581,267653397109.8214412581,5690.9758567170675
5692,1462.9955581721,267653397109.9955581721,5691.654099594393
5693,1463.1971604556,267653397110.1971604556,5692.439407062205
5694,1463.5834072087,267653397110.5834072087,5693.943965712838
5695,1463.8699248507,267653397110.8699248507,5695.060046542956
5696,1464.0687204599,267653397111.0687204599,5695.834421087542
5697,1464.1785507672,267653397111.1785507672,5696.262246402897
5698,1464.5688406600,267653397111.5688406600,5697.782554417798
5699,1464.7131825134,267653397111.7131825134,5698.344813601697
5700,1465.0378917533,267653397112.0378917533,5699.609663317354
5701,1465.2085217757,267653397112.2085217757,5700.274323600449
5702,1465.6523543646,267653397112.6523543646,5702.003198097654
5703,1465.8159429137,267653397112.8159429137,5702.640429516992
5704,1466.0309263942,267653397113.0309263942,5703.477861165889
5705,1466.2905886799,267653397113.2905886799,5704.489331514981
5706,1466.4182022375,267653397113.4182022375,5704.986428462681
5707,1466.7794300020,267653397113.7794300020,5706.393529890889
5708,1467.2409721255,267653397114.2409721255,5708.191388873445
5709,1467.4839096249,267653397114.4839096249,5709.137710657
5710,1467.7633332658,267653397114.7633332658,5710.226158010237
5711,1467.8878709512,267653397114.8878709512,5710.711273419996
5712,1468.1407022861,267653397115.1407022861,5711.69613495999
5713,1468.2653924489,267653397115.2653924489,5712.181844319573
5714,1468.5214915844,267653397115.5214915844,5713.179435022004
5715,1468.7184335630,267653397115.7184335630,5713.946589063295
5716,1469.0576937076,267653397116.0576937076,5715.268119357793
5717,1469.2622271193,267653397116.2622271193,5716.064844537868
5718,1469.5661843545,267653397116.5661843545,5717.248858342445
5719,1469.9040138368,267653397116.9040138368,5718.564815734849
5720,1470.1869507228,267653397117.1869507228,5719.666948337902
5721,1470.3766279890,267653397117.3766279890,5720.405803925424
5722,1470.7023847375,267653397117.7023847375,5721.67473403299
5723,1470.9028108551,267653397117.9028108551,5722.455459946226
5724,1471.1407646573,267653397118.1407646573,5723.382368583459
5725,1471.4444165983,267653397118.4444165983,5724.5651931663115
5726,1471.8578849758,267653397118.8578849758,5726.175789033174
5727,1472.0374680522,267653397119.0374680522,5726.875324418097
5728,1472.1163168219,267653397119.1163168219,5727.182466413705
5729,1472.4343233259,267653397119.4343233259,5728.421206759641
5730,1472.8426006538,267653397119.8426006538,5730.01158177411
5731,1473.2208008585,267653397120.2208008585,5731.484796461577
5732,1473.2643425059,267653397120.2643425059,5731.6544055566255
5733,1473.5240247629,267653397120.5240247629,5732.665953700526
5734,1473.9631957240,267653397120.9631957240,5734.376669618079
5735,1474.0914246653,267653397121.0914246653,5734.876163688505
5736,1474.3815016003,267653397121.3815016003,5736.006109140218
5737,1474.5719354682,267653397121.5719354682,5736.747911941208
5738,1474.8877548190,267653397121.8877548190,5737.978132603183
5739,1475.0538184548,267653397122.0538184548,5738.625005302549
5740,1475.3840002344,267653397122.3840002344,5739.911172367495
5741,1475.4533499143,267653397122.4533499143,5740.18131227152
5742,1475.7334623314,267653397122.7334623314,5741.272442635506
5743,1475.9678978510,267653397122.9678978510,5742.185646400197
5744,1476.1833123390,267653397123.1833123390,5743.024756965636
5745,1476.5668724226,267653397123.5668724226,5744.518850151372
5746,1476.7870578314,267653397123.7870578314,5745.376545028792
5747,1476.9576423294,267653397123.9576423294,5746.041027979316
5748,1477.1458296589,267653397124.1458296589,5746.774079771381
5749,1477.6365299442,267653397124.6365299442,5748.685519422828
5750,1477.9032498066,267653397124.9032498066,5749.724481363738
5751,1478.2359282858,267653397125.2359282858,5751.020373898093
5752,1478.3691079234,267653397125.3691079234,5751.539152565438
5753,1478.6206484503,267653397125.6206484503,5752.518985982018
5754,1478.8801887821,267653397125.8801887821,5753.5299812804
5755,1479.0512382663,267653397126.0512382663,5754.196275505722
5756,1479.4350030439,267653397126.4350030439,5755.691166042183
5757,1479.5920075349,267653397126.5920075349,5756.302750381021
5758,1479.8121634415,267653397126.8121634415,5757.16033033763
5759,1480.3247696605,267653397127.3247696605,5759.157100834668
5760,1480.5194256568,267653397127.5194256568,5759.915350220018
5761,1480.8268167902,267653397127.8268167902,5761.112740192036
5762,1481.0535860205,267653397128.0535860205,5761.996081228323
5763,1481.1222231146,267653397128.1222231146,5762.263445375346
5764,1481.5540673071,267653397128.5540673071,5763.94562110974
5765,1481.7365793300,267653397128.7365793300,5764.656565708487
5766,1481.9459294600,267653397128.9459294600,5765.47205359693
5767,1482.3239294004,267653397129.3239294004,5766.9444881888185
5768,1482.5176400084,267653397129.5176400084,5767.699054974552
5769,1482.7895307150,267653397129.7895307150,5768.75815906115
5770,1482.8823838848,267653397129.8823838848,5769.119852819713
5771,1483.2934341342,267653397130.2934341342,5770.721029279109
5772,1483.5510058631,267653397130.5510058631,5771.724356219118
5773,1483.8543044504,267653397130.8543044504,5772.905804372626
5774,1484.0126860326,267653397131.0126860326,5773.522752936435
5775,1484.3801034081,267653397131.3801034081,5774.953964943439
5776,1484.5213845001,267653397131.5213845001,5775.504301450955
5777,1484.7776193434,267653397131.7776193434,5776.5024207800825
5778,1485.2023276208,267653397132.2023276208,5778.156799768724
5779,1485.2809834095,267653397132.2809834095,5778.463190039612
5780,1485.5385151409,267653397132.5385151409,5779.46636117615
5781,1485.7759044652,267653397132.7759044652,5780.391070985562
5782,1486.1519482957,267653397133.1519482957,5781.855885883439
5783,1486.2930606394,267653397133.2930606394,5782.405565060602
5784,1486.5902190930,267653397133.5902190930,5783.56309536574
5785,1486.8190003658,267653397133.8190003658,5784.454273971988
5786,1487.1576739283,267653397134.1576739283,5785.773519335508
5787,1487.2973297127,267653397134.2973297127,5786.317524733209
5788,1487.5528437176,267653397134.5528437176,5787.312836158732
5789,1487.6783215545,267653397134.6783215545,5787.801613769046
5790,1487.9463248467,267653397134.9463248467,5788.845575092844
5791,1488.3475814518,267653397135.3475814518,5790.408602073612
5792,1488.4873944787,267653397135.4873944787,5790.953219982775
5793,1488.6389461803,267653397135.6389461803,5791.543563906268
5794,1489.2337423088,267653397136.2337423088,5793.860491241758
5795,1489.6101305582,267653397136.6101305582,5795.326647764987
5796,1489.8461523484,267653397136.8461523484,5796.246030577489
5797,1490.2046679803,267653397137.2046679803,5797.642567353619
5798,1490.2766078782,267653397137.2766078782,5797.922797012102
5799,1490.5669381620,267653397137.5669381620,5799.053729341055
5800,1490.6898238480,267653397137.6898238480,5799.532409667627
5801,1490.9681382347,267653397137.9681382347,5800.616536109457
5802,1491.3623520181,267653397138.3623520181,5802.152128974007
5803,1491.5927762808,267653397138.5927762808,5803.049707568468
5804,1491.9349824424,267653397138.9349824424,5804.382713572028
5805,1491.9873350033,267653397138.9873350033,5804.586644084719
5806,1492.1710589490,267653397139.1710589490,5805.302309522976
5807,1492.4233919339,267653397139.4233919339,5806.285229825156
5808,1492.5971754386,267653397139.5971754386,5806.962173963162
5809,1492.8622404631,267653397139.8622404631,5807.994689763988
5810,1493.4546723668,267653397140.4546723668,5810.302407663164
5811,1493.6799224831,267653397140.6799224831,5811.179831248778
5812,1493.8204354773,267653397140.8204354773,5811.72717576172
5813,1493.9740987293,267653397140.9740987293,5812.325744871303
5814,1494.2948449549,267653397141.2948449549,5813.575157337592
5815,1494.4733468239,267653397141.4733468239,5814.270481062656
5816,1494.7782585553,267653397141.7782585553,5815.458212945132
5817,1494.8863421399,267653397141.8863421399,5815.8792341987655
5818,1495.3203440138,267653397142.3203440138,5817.569814814731
5819,1495.5140483552,267653397142.5140483552,5818.32435718999
5820,1495.7613476795,267653397142.7613476795,5819.287669721906
5821,1496.0934025645,267653397143.0934025645,5820.58113315093
5822,1496.3164571669,267653397143.3164571669,5821.450004484897
5823,1496.6402361619,267653397143.6402361619,5822.711230589488
5824,1496.8950458994,267653397143.8950458994,5823.703798660925
5825,1497.1098499382,267653397144.1098499382,5824.540531325149
5826,1497.3843001527,267653397144.3843001527,5825.609605540225
5827,1497.6605071650,267653397144.6605071650,5826.685523062867
5828,1497.9009488900,267653397144.9009488900,5827.622122980977
5829,1498.0913647484,267653397145.0913647484,5828.363855629021
5830,1498.3566223801,267653397145.3566223801,5829.3971216984955
5831,1498.7554824618,267653397145.7554824618,5830.950813429237
5832,1498.9581223368,267653397145.9581223368,5831.7401626585815
5833,1499.1089855076,267653397146.1089855076,5832.32782452724
5834,1499.4331950747,267653397146.4331950747,5833.5907278523455
5835,1499.8070578236,267653397146.8070578236,5835.0470467171535
5836,1499.9642037119,267653397146.9642037119,5835.659181845169
5837,1500.2179011552,267653397147.2179011552,5836.647417163393
5838,1500.4319177360,267653397147.4319177360,5837.481082418672
5839,1500.6914350488,267653397147.6914350488,5838.4919880504485
5840,1501.0342914867,267653397148.0342914867,5839.827527094934
5841,1501.3520496306,267653397148.3520496306,5841.065299996271
5842,1501.5075631275,267653397148.5075631275,5841.671076420733
5843,1501.8739808394,267653397148.8739808394,5843.098394407908
5844,1502.2152458864,267653397149.2152458864,5844.427734459325
5845,1502.2730922137,267653397149.2730922137,5844.65306500631
5846,1502.5740810354,267653397149.5740810354,5845.825515860073
5847,1502.8181747216,267653397149.8181747216,5846.776341373017
5848,1502.9945606946,267653397149.9945606946,5847.463422984446
5849,1503.2364291051,267653397150.2364291051,5848.4055803137035
5850,1503.4287350417,267653397150.4287350417,5849.154675440483
5851,1503.8117432073,267653397150.8117432073,5850.646618723359
5852,1503.9178427001,267653397150.9178427001,5851.059911284241
5853,1504.3222860581,267653397151.3222860581,5852.635351719895
5854,1504.4795157252,267653397151.4795157252,5853.247813194002
5855,1504.8836886764,267653397151.8836886764,5854.822200305877
5856,1504.9868357510,267653397151.9868357510,5855.2239922229155
5857,1505.1625358520,267653397152.1625358520,5855.908402136414
5858,1505.4530471536,267653397152.4530471536,5857.040039589477
5859,1505.6261425123,267653397152.6261425123,5857.714303171573
5860,1506.1171518635,267653397153.1171518635,5859.626946736769
5861,1506.3722529153,267653397153.3722529153,5860.620649573605
5862,1506.6354859984,267653397153.6354859984,5861.646029357732
5863,1506.9435739592,267653397153.9435739592,5862.846133702586
5864,1507.1989411818,267653397154.1989411818,5863.840873362582
5865,1507.3971056603,267653397154.3971056603,5864.612789444684
5866,1507.7187789801,267653397154.7187789801,5865.865813249032
5867,1507.9196713403,267653397154.9196713403,5866.648355331163
5868,1508.2400822720,267653397155.2400822720,5867.896461716992
5869,1508.3548656764,267653397155.3548656764,5868.343580981178
5870,1508.7508458163,267653397155.7508458163,5869.88605438759
5871,1509.1250637396,267653397156.1250637396,5871.343756773975
5872,1509.3070455369,267653397156.3070455369,5872.052635968918
5873,1509.5998502701,267653397156.5998502701,5873.193207095407
5874,1509.8123123050,267653397156.8123123050,5874.02081688106
5875,1510.0585279664,267653397157.0585279664,5874.979908188133
5876,1510.1930159923,267653397157.1930159923,5875.503783459969
5877,1510.5052701708,267653397157.5052701708,5876.720116598542
5878,1510.5537353787,267653397157.5537353787,5876.908904587609
5879,1510.9359832293,267653397157.9359832293,5878.397886192488
5880,1511.1508121974,267653397158.1508121974,5879.23471596457
5881,1511.4705267352,267653397158.4705267352,5880.480109666195
5882,1511.6181626638,267653397158.6181626638,5881.055200360778
5883,1511.8926108714,267653397158.8926108714,5882.124266758319
5884,1512.4547179762,267653397159.4547179762,5884.3138595518585
5885,1512.5254982190,267653397159.5254982190,5884.589571970784
5886,1512.7929684549,267653397159.7929684549,5885.631456864271
5887,1513.0751680103,267653397160.0751680103,5886.730717321162
5888,1513.2856106936,267653397160.2856106936,5887.550461065498
5889,1513.7116402557,267653397160.7116402557,5889.209986894372
5890,1513.9050681497,267653397160.9050681497,5889.963452415721
5891,1513.9840238704,267653397160.9840238704,5890.271011020793
5892,1514.2321660845,267653397161.2321660845,5891.237606886824
5893,1514.4896503344,267653397161.4896503344,5892.240593067245
5894,1514.8038493800,267653397161.8038493800,5893.464502105413
5895,1514.9986804263,267653397161.9986804263,5894.223433368323
5896,1515.1945948346,267653397162.1945948346,5894.986584683972
5897,1515.5101811329,267653397162.5101811329,5896.215897529509
5898,1515.8369042233,267653397162.8369042233,5897.488591857892
5899,1516.0364974786,267653397163.0364974786,5898.266073497445
5900,1516.3798099856,267653397163.3798099856,5899.603389081682
5901,1516.7620899034,267653397163.7620899034,5901.092495598897
5902,1516.8420393225,267653397163.8420393225,5901.403924987379
5903,1517.1789702601,267653397164.1789702601,5902.716382251466
5904,1517.4759218126,267653397164.4759218126,5903.873106608501
5905,1517.7520254710,267653397164.7520254710,5904.9486215335755
5906,1517.9731082941,267653397164.9731082941,5905.809812136045
5907,1518.1850001049,267653397165.1850001049,5906.63520071053
5908,1518.5191162506,267653397165.5191162506,5907.936693430659
5909,1518.8434711728,267653397165.8434711728,5909.200162961883
5910,1518.9659036716,267653397165.9659036716,5909.677077974659
5911,1519.2046203823,267653397166.2046203823,5910.606958392436
5912,1519.5659108999,267653397166.5659108999,5912.014304264702
5913,1519.8007502545,267653397166.8007502545,5912.92908110008
5914,1520.0123403936,267653397167.0123403936,5913.753294563674
5915,1520.3039003641,267653397167.3039003641,5914.889016928399
5916,1520.4464532781,267653397167.4464532781,5915.444307602591
5917,1520.7387614670,267653397167.7387614670,5916.582944525062
5918,1520.9502698181,267653397167.9502698181,5917.406839397388
5919,1521.3628773778,267653397168.3628773778,5919.01408209467
5920,1521.4832057634,267653397168.4832057634,5919.4828008917075
5921,1521.6377991429,267653397168.6377991429,5920.084993155054
5922,1521.9189184535,267653397168.9189184535,5921.180045701729
5923,1522.3170507750,267653397169.3170507750,5922.730902566174
5924,1522.5415515190,267653397169.5415515190,5923.605407099225
5925,1522.7107885151,267653397169.7107885151,5924.264641084878
5926,1522.8350827559,267653397169.8350827559,5924.748808197534
5927,1523.1550104891,267653397170.1550104891,5925.995032365647
5928,1523.5033278072,267653397170.5033278072,5927.35184334182
5929,1523.8417330672,267653397170.8417330672,5928.6700435785115
5930,1524.0263084143,267653397171.0263084143,5929.389025506376
5931,1524.2760322364,267653397171.2760322364,5930.361782257852
5932,1524.4301774206,267653397171.4301774206,5930.9622286525
5933,1524.8899671640,267653397171.8899671640,5932.753261535908
5934,1525.2492919214,267653397172.2492919214,5934.152950123058
5935,1525.5200164213,267653397172.5200164213,5935.207511449458
5936,1525.7531969128,267653397172.7531969128,5936.115826465269
5937,1525.9821385966,267653397172.9821385966,5937.007629925338
5938,1526.1514386134,267653397173.1514386134,5937.667109397429
5939,1526.5537050178,267653397173.5537050178,5939.234069879937
5940,1526.6429738225,267653397173.6429738225,5939.581801352801
5941,1526.8568718370,267653397173.8568718370,5940.415004753191
5942,1527.0900282445,267653397174.0900282445,5941.323225953868
5943,1527.5100225823,267653397174.5100225823,5942.9592425911305
5944,1527.6434926716,267653397174.6434926716,5943.4791526637655
5945,1527.7172340838,267653397174.7172340838,5943.766399815349
5946,1528.2709233875,267653397175.2709233875,5945.923202493863
5947,1528.5494755312,267653397175.5494755312,5947.008255077728
5948,1528.7972020897,267653397175.7972020897,5947.97323182794
5949,1528.8686239575,267653397175.8686239575,5948.25144358812
5950,1529.2736507083,267653397176.2736507083,5949.829156531387
5951,1529.5611104925,267653397176.5611104925,5950.9489073165005
5952,1529.8001748727,267653397176.8001748727,5951.88014202179
5953,1529.9161048347,267653397176.9161048347,5952.331727506448
5954,1530.3476437358,267653397177.3476437358,5954.012714030038
5955,1530.4899399165,267653397177.4899399165,5954.567004643249
5956,1530.6773891857,267653397177.6773891857,5955.297181446728
5957,1531.0086913918,267653397178.0086913918,5956.587712942893
5958,1531.1594034075,267653397178.1594034075,5957.174786012525
5959,1531.5065860936,267653397178.5065860936,5958.5271772223805
5960,1531.8029016668,267653397178.8029016668,5959.68142423003
5961,1532.0144057234,267653397179.0144057234,5960.505302373861
5962,1532.3271284398,267653397179.3271284398,5961.723460622281
5963,1532.4956206177,267653397179.4956206177,5962.379793295091
5964,1532.8015105320,267653397179.8015105320,5963.571335522987
5965,1532.8293673710,267653397179.8293673710,5963.679847109844
5966,1533.2295169256,267653397180.2295169256,5965.238561763352
5967,1533.6827698171,267653397180.6827698171,5967.004131449997
5968,1533.8532582120,267653397180.8532582120,5967.668240047217
5969,1533.9355814419,267653397180.9355814419,5967.988916212651
5970,1534.2806694090,267653397181.2806694090,5969.333147800278
5971,1534.3464724764,267653397181.3464724764,5969.589472477447
5972,1534.8791832222,267653397181.8791832222,5971.6645567453525
5973,1535.1156945363,267653397182.1156945363,5972.585846415103
5974,1535.4351361648,267653397182.4351361648,5973.830177044889
5975,1535.8644359467,267653397182.8644359467,5975.502441459788
5976,1536.1775555041,267653397183.1775555041,5976.72214553495
5977,1536.2850028844,267653397183.2850028844,5977.140688562749
5978,1536.4949581079,267653397183.4949581079,5977.958533490197
5979,1536.7861912259,267653397183.7861912259,5979.092982656503
5980,1536.8751673260,267653397183.8751673260,5979.439573948293
5981,1537.2217613342,267653397184.2217613342,5980.7896720633335
5982,1537.3991742031,267653397184.3991742031,5981.4807537734005
5983,1537.7196920161,267653397184.7196920161,5982.729276497194
5984,1537.9595556800,267653397184.9595556800,5983.663624676437
5985,1538.1904636938,267653397185.1904636938,5984.563087641184
5986,1538.5290783512,267653397185.5290783512,5985.882103549899
5987,1538.7721694341,267653397185.7721694341,5986.829023591913
5988,1539.0051445946,267653397186.0051445946,5987.736538775675
5989,1539.1817696751,267653397186.1817696751,5988.424551789779
5990,1539.3038503161,267653397186.3038503161,5988.900096200236
5991,1539.5980821531,267653397186.5980821531,5990.046226367291
5992,1539.7674831877,267653397186.7674831877,5990.706099337072
5993,1540.1675200045,267653397187.1675200045,5992.264374839623
5994,1540.6826713275,267653397187.6826713275,5994.27105935721
5995,1540.7866866685,267653397187.7866866685,5994.6762334586
5996,1540.9940470817,267653397187.9940470817,5995.483970743066
5997,1541.2070471432,267653397188.2070471432,5996.313676319997
5998,1541.4485783379,267653397188.4485783379,5997.254520082363
5999,1541.9288056583,267653397188.9288056583,5999.125164077136
6000,1542.0899908531,267653397189.0899908531,5999.753033637842
6001,1542.2353516214,267653397189.2353516214,6000.319261831752
6002,1542.4680998460,267653397189.4680998460,6001.225893025245
6003,1542.8209638182,267653397189.8209638182,6002.6004147205485
6004,1542.9612148806,267653397189.9612148806,6003.146738922638
6005,1543.2458891968,267653397190.2458891968,6004.255639390071
6006,1543.5823853760,267653397190.5823853760,6005.566403126629
6007,1543.9810924883,267653397190.9810924883,6007.119498991055
6008,1544.1581969085,267653397191.1581969085,6007.809379191579
6009,1544.4821722014,267653397191.4821722014,6009.071369941322
6010,1544.6613930155,267653397191.6613930155,6009.769494194968
6011,1544.9080454727,267653397191.9080454727,6010.730286965926
6012,1545.1438027160,267653397192.1438027160,6011.648639280901
6013,1545.3778081024,267653397192.3778081024,6012.560167534748
6014,1545.7006009328,267653397192.7006009328,6013.817552202578
6015,1545.9547329234,267653397192.9547329234,6014.807480226039
6016,1546.1624830756,267653397193.1624830756,6015.616735672611
6017,1546.4720716603,267653397193.4720716603,6016.822685443101
6018,1546.5416305574,267653397193.5416305574,6017.093640317212
6019,1546.9434067839,267653397193.9434067839,6018.658691394938
6020,1547.2171913647,267653397194.2171913647,6019.725172746954
6021,1547.4628291841,267653397194.4628291841,6020.682013168625
6022,1547.7635137620,267653397194.7635137620,6021.853278892328
6023,1547.9883286391,267653397194.9883286391,6022.72900707754
6024,1548.3290943719,267653397195.3290943719,6024.056402135273
6025,1548.5462221398,267653397195.5462221398,6024.902186491695
6026,1548.7495551450,267653397195.7495551450,6025.694235692062
6027,1549.1061111171,267653397196.1061111171,6027.083138946159
6028,1549.2089442851,267653397196.2089442851,6027.483708093334
6029,1549.5513450408,267653397196.5513450408,6028.817472105184
6030,1549.7162915955,267653397196.7162915955,6029.459993404787
6031,1549.8303110513,267653397196.8303110513,6029.904136836906
6032,1550.0006818193,267653397197.0006818193,6030.5677872385095
6033,1550.3148228722,267653397197.3148228722,6031.791470375967
6034,1550.7198053942,267653397197.7198053942,6033.369011033456
6035,1550.9068361256,267653397197.9068361256,6034.097557493996
6036,1551.1918371864,267653397198.1918371864,6035.207730739546
6037,1551.4452322501,267653397198.4452322501,6036.194788189383
6038,1551.8449781476,267653397198.8449781476,6037.751930465194
6039,1552.0616037105,267653397199.0616037105,6038.595758567302
6040,1552.3419975788,267653397199.3419975788,6039.687985276667
6041,1552.6299890164,267653397199.6299890164,6040.809807027343
6042,1552.8580302629,267653397199.8580302629,6041.6981029867875
6043,1553.0490813072,267653397200.0490813072,6042.44230989367
6044,1553.5307247737,267653397200.5307247737,6044.318470245149
6045,1553.8766923531,267653397200.8766923531,6045.666128213156
6046,1553.9997144758,267653397200.9997144758,6046.1453400057335
6047,1554.1764655199,267653397201.1764655199,6046.8338436896565
6048,1554.3548166968,267653397201.3548166968,6047.528580419235
6049,1554.4360640365,267653397201.4360640365,6047.845065637059
6050,1555.0250712732,267653397202.0250712732,6050.139443327389
6051,1555.2347938731,267653397202.2347938731,6050.9563821091
6052,1555.4525512673,267653397202.4525512673,6051.804619067878
6053,1555.7154932533,267653397202.7154932533,6052.828864932682
6054,1555.9670990926,267653397202.9670990926,6053.80895276264
6055,1556.1379022540,267653397203.1379022540,6054.474287479323
6056,1556.4605360231,267653397203.4605360231,6055.731052550866
6057,1556.5559121855,267653397203.5559121855,6056.102574198759
6058,1556.8708078128,267653397203.8708078128,6057.329196652682
6059,1557.1688665485,267653397204.1688665485,6058.490233853906
6060,1557.3547294596,267653397204.3547294596,6059.2142312687365
6061,1557.7117037548,267653397204.7117037548,6060.60476402945
6062,1558.0361687272,267653397205.0361687272,6061.868662242551
6063,1558.2045190606,267653397205.2045190606,6062.524442384195
6064,1558.4449236921,267653397205.4449236921,6063.460897810883
6065,1558.6779978124,267653397205.6779978124,6064.368798475747
6066,1558.9751461947,267653397205.9751461947,6065.526289549858
6067,1559.2210698931,267653397206.2210698931,6066.4842435646415
6068,1559.4585835883,267653397206.4585835883,6067.409437839789
6069,1559.7600127337,267653397206.7600127337,6068.583603899778
6070,1560.0673766927,267653397207.0673766927,6069.7808880185485
6071,1560.2758487068,267653397207.2758487068,6070.592955355597
6072,1560.4796515413,267653397207.4796515413,6071.386834696236
6073,1560.7468865145,267653397207.7468865145,6072.427803163826
6074,1561.0533789727,267653397208.0533789727,6073.621692499191
6075,1561.2332422459,267653397208.2332422459,6074.322319343188
6076,1561.4798035518,267653397208.4798035518,6075.282757049736
6077,1561.8059651423,267653397208.8059651423,6076.553264150598
6078,1562.1963808349,267653397209.1963808349,6078.074062197284
6079,1562.2997612369,267653397209.2997612369,6078.476763001599
6080,1562.5768817723,267653397209.5768817723,6079.556238998391
6081,1562.7940503438,267653397209.7940503438,6080.402182298311
6082,1563.0300654130,267653397210.0300654130,6081.3215389303095
6083,1563.4070098921,267653397210.4070098921,6082.789862151916
6084,1563.6799744620,267653397210.6799744620,6083.853149290694
6085,1563.8770530155,267653397210.8770530155,6084.62083533633
6086,1564.3049787871,267653397211.3049787871,6086.28774752739
6087,1564.6409505927,267653397211.6409505927,6087.59646865562
6088,1564.8137429992,267653397211.8137429992,6088.269552138862
6089,1564.9827714205,267653397211.9827714205,6088.927973656798
6090,1565.1710709127,267653397212.1710709127,6089.661462359628
6091,1565.4510240234,267653397212.4510240234,6090.751972172594
6092,1565.5936006431,267653397212.5936006431,6091.30735518832
6093,1565.9721005572,267653397212.9721005572,6092.7817373428925
6094,1566.1356756677,267653397213.1356756677,6093.418916414456
6095,1566.3306826154,267653397213.3306826154,6094.178532871412
6096,1566.6345510750,267653397213.6345510750,6095.3622008657285
6097,1566.8922834050,267653397213.8922834050,6096.3661534000685
6098,1567.2154379183,267653397214.2154379183,6097.624946942234
6099,1567.3320993700,267653397214.3320993700,6098.07938182083
6100,1567.8555214300,267653397214.8555214300,6100.118283590224
6101,1567.9723823012,267653397214.9723823012,6100.573495273626
6102,1568.1461002854,267653397215.1461002854,6101.250184187656
6103,1568.5070974833,267653397215.5070974833,6102.656387482841
6104,1568.6548557693,267653397215.6548557693,6103.231954799908
6105,1568.8481229318,267653397215.8481229318,6103.984794218993
6106,1569.0563674793,267653397216.0563674793,6104.795975498521
6107,1569.4029274978,267653397216.4029274978,6106.145941212463
6108,1569.6495942102,267653397216.6495942102,6107.106789512137
6109,1570.0853775191,267653397217.0853775191,6108.804309405717
6110,1570.3068679093,267653397217.3068679093,6109.667087616636
6111,1570.6370284106,267653397217.6370284106,6110.953171795596
6112,1570.9320678162,267653397217.9320678162,6112.102447709031
6113,1571.0198909232,267653397218.0198909232,6112.444547711954
6114,1571.5169265890,267653397218.5169265890,6114.380665762561
6115,1571.6294095128,267653397218.6294095128,6114.818823895144
6116,1571.8686738443,267653397218.8686738443,6115.750837476781
6117,1572.2424539628,267653397219.2424539628,6117.2068344689105
6118,1572.4945795851,267653397219.4945795851,6118.1889470253
6119,1572.6719901226,267653397219.6719901226,6118.880019653798
6120,1572.8347800163,267653397219.8347800163,6119.51414004663
6121,1573.0227263996,267653397220.0227263996,6120.246253273692
6122,1573.3358080766,267653397220.3358080766,6121.465809792193
6123,1573.6318530540,267653397220.6318530540,6122.6190027398525
6124,1573.9045787863,267653397220.9045787863,6123.68135952731
6125,1574.1452478800,267653397221.1452478800,6124.618845121599
6126,1574.2742728490,267653397221.2742728490,6125.121439982791
6127,1574.5447785478,267653397221.5447785478,6126.175149006662
6128,1574.8796526189,267653397221.8796526189,6127.47959409652
6129,1575.2499225828,267653397222.2499225828,6128.921917877351
6130,1575.5280678244,267653397222.5280678244,6130.005385443175
6131,1575.8309550442,267653397222.8309550442,6131.185231184445
6132,1576.0136715634,267653397223.0136715634,6131.896972363819
6133,1576.1659355491,267653397223.1659355491,6132.490090869102
6134,1576.4004131709,267653397223.4004131709,6133.403458635778
6135,1576.5433835257,267653397223.5433835257,6133.96037537974
6136,1577.0058749353,267653397224.0058749353,6135.761932145161
6137,1577.2168699772,267653397224.2168699772,6136.5838275086535
6138,1577.4771597223,267653397224.4771597223,6137.597742019326
6139,1577.7534498519,267653397224.7534498519,6138.6739833113115
6140,1578.0191253417,267653397225.0191253417,6139.708877076084
6141,1578.1673502957,267653397225.1673502957,6140.286262219116
6142,1578.2948758517,267653397225.2948758517,6140.783016371533
6143,1578.6291305039,267653397225.6291305039,6142.085048620231
6144,1578.9631032652,267653397225.9631032652,6143.385982810786
6145,1579.1017786430,267653397226.1017786430,6143.926169201035
6146,1579.3720767517,267653397226.3720767517,6144.979069592916
6147,1579.9255063935,267653397226.9255063935,6147.134860802599
6148,1580.0474881540,267653397227.0474881540,6147.610020040858
6149,1580.3630319746,267653397227.3630319746,6148.839167421738
6150,1580.7336295160,267653397227.7336295160,6150.282767225107
6151,1580.8400077788,267653397227.8400077788,6150.6971456872
6152,1581.1951668214,267653397228.1951668214,6152.080607439603
6153,1581.4520370207,267653397228.4520370207,6153.081201690175
6154,1581.6388477975,267653397228.6388477975,6153.808891354917
6155,1581.7692980093,267653397228.7692980093,6154.3170380074625
6156,1582.0436440295,267653397229.0436440295,6155.385706351347
6157,1582.4098676701,267653397229.4098676701,6156.81226836674
6158,1582.7867160795,267653397229.7867160795,6158.280217365145
6159,1582.9600937589,267653397229.9600937589,6158.955580679604
6160,1583.2967714142,267653397230.2967714142,6160.267051325507
6161,1583.3604971298,267653397230.3604971298,6160.515284031429
6162,1583.6429330192,267653397230.6429330192,6161.615465087304
6163,1583.9453595950,267653397230.9453595950,6162.79351646808
6164,1584.1915768861,267653397231.1915768861,6163.752614123384
6165,1584.3831729574,267653397231.3831729574,6164.4989440904155
6166,1584.6289453148,267653397231.6289453148,6165.45630858203
6167,1584.8435942368,267653397231.8435942368,6166.292437015106
6168,1585.1081032280,267653397232.1081032280,6167.322786882629
6169,1585.3501200872,267653397232.3501200872,6168.265522468606
6170,1585.6381539444,267653397232.6381539444,6169.387509457637
6171,1585.7434296912,267653397232.7434296912,6169.797593255834
6172,1586.0622730083,267653397233.0622730083,6171.03959326515
6173,1586.3921606536,267653397233.3921606536,6172.32461457989
6174,1586.6081075217,267653397233.6081075217,6173.165798941636
6175,1586.9869893100,267653397233.9869893100,6174.641668622326
6176,1587.3831171290,267653397234.3831171290,6176.184717287618
6177,1587.5009791823,267653397234.5009791823,6176.643828905913
6178,1587.8416251874,267653397234.8416251874,6177.970757584726
6179,1587.9766389746,267653397234.9766389746,6178.496680870449
6180,1588.2728309913,267653397235.2728309913,6179.650446584741
6181,1588.4361725927,267653397235.4361725927,6180.286716061253
6182,1588.8297439596,267653397235.8297439596,6181.819806501418
6183,1589.0778919036,267653397236.0778919036,6182.786424687312
6184,1589.1397660373,267653397236.1397660373,6183.0274448703
6185,1589.5850168434,267653397236.5850168434,6184.761843791859
6186,1589.9152040830,267653397236.9152040830,6186.048032125331
6187,1590.0613640197,267653397237.0613640197,6186.6173733440655
6188,1590.3278991453,267653397237.3278991453,6187.655615674152
6189,1590.6548591481,267653397237.6548591481,6188.929232854582
6190,1590.8262325916,267653397237.8262325916,6189.5967890083675
6191,1591.2084648036,267653397238.2084648036,6191.085709695754
6192,1591.4021795740,267653397238.4021795740,6191.840292695423
6193,1591.5562369068,267653397238.5562369068,6192.440396879864
6194,1591.7702244451,267653397238.7702244451,6193.273949005026
6195,1592.1282052420,267653397239.1282052420,6194.668402422238
6196,1592.4383608797,267653397239.4383608797,6195.876561051426
6197,1592.6649085903,267653397239.6649085903,6196.759039195346
6198,1592.9420088468,267653397239.9420088468,6197.838436199132
6199,1593.0060260644,267653397240.0060260644,6198.087804401604
6200,1593.4918359022,267653397240.4918359022,6199.980194145138
6201,1593.7811626333,267653397240.7811626333,6201.107217304946
6202,1593.9206796450,267653397240.9206796450,6201.650682137163
6203,1594.1498911606,267653397241.1498911606,6202.543536681208
6204,1594.4728170419,267653397241.4728170419,6203.801439626239
6205,1594.5775029420,267653397241.5775029420,6204.20922577676
6206,1594.9928421551,267653397241.9928421551,6205.827109166105
6207,1595.0544739821,267653397242.0544739821,6206.067185484482
6208,1595.3968900501,267653397242.3968900501,6207.401009142806
6209,1595.5511281686,267653397242.5511281686,6208.00181754725
6210,1595.9715424087,267653397242.9715424087,6209.639469842648
6211,1596.2268107276,267653397243.2268107276,6210.633824240087
6212,1596.5166964699,267653397243.5166964699,6211.763024933119
6213,1596.6695134931,267653397243.6695134931,6212.358297702091
6214,1596.8047791396,267653397243.8047791396,6212.885202062957
6215,1596.8755136764,267653397243.8755136764,6213.160736441924
6216,1597.4196485643,267653397244.4196485643,6215.280321515837
6217,1597.8136027490,267653397244.8136027490,6216.81490315775
6218,1598.0338416184,267653397245.0338416184,6217.672806281877
6219,1598.3486574481,267653397245.3486574481,6218.899117897806
6220,1598.5595477978,267653397245.5595477978,6219.72060545061
6221,1598.9309982763,267653397245.9309982763,6221.167527725645
6222,1599.1373337723,267653397246.1373337723,6221.971272619174
6223,1599.3734543512,267653397246.3734543512,6222.8910402463
6224,1599.7827198960,267653397246.7827198960,6224.485264691957
6225,1599.9802000454,267653397246.9802000454,6225.254515086244
6226,1600.2137891588,267653397247.2137891588,6226.164421819301
6227,1600.4334237615,267653397247.4334237615,6227.01997112509
6228,1600.5586486065,267653397247.5586486065,6227.507763248417
6229,1600.7987960680,267653397247.7987960680,6228.443216913038
6230,1601.0469521253,267653397248.0469521253,6229.409866702917
6231,1601.3026553636,267653397248.3026553636,6230.405915255039
6232,1601.5417285674,267653397248.5417285674,6231.337184331174
6233,1601.8490155821,267653397248.8490155821,6232.5341687264945
6234,1602.0854912249,267653397249.0854912249,6233.455319444762
6235,1602.3351557738,267653397249.3351557738,6234.427845307561
6236,1602.6070779769,267653397249.6070779769,6235.487072083446
6237,1602.8660938214,267653397249.8660938214,6236.496024330614
6238,1603.1782233189,267653397250.1782233189,6237.711871795538
6239,1603.4005081791,267653397250.4005081791,6238.577744729463
6240,1603.5671762794,267653397250.5671762794,6239.226972017676
6241,1603.8556617344,267653397250.8556617344,6240.35071812927
6242,1604.2726727051,267653397251.2726727051,6241.975113566522
6243,1604.5432075028,267653397251.5432075028,6243.028935940221
6244,1604.6772379662,267653397251.6772379662,6243.55102885503
6245,1604.8710546099,267653397251.8710546099,6244.3060086848445
6246,1605.1271427120,267653397252.1271427120,6245.303556408559
6247,1605.2938565520,267653397252.2938565520,6245.952961868009
6248,1605.5991985808,267653397252.5991985808,6247.142369900972
6249,1605.8239851586,267653397252.8239851586,6248.017987851073
6250,1606.2700664727,267653397253.2700664727,6249.755621875548
6251,1606.5926759091,267653397253.5926759091,6251.012292163198
6252,1606.7641932665,267653397253.7641932665,6251.68040890915
6253,1607.1214990603,267653397254.1214990603,6253.0722329663895
6254,1607.3677746859,267653397254.3677746859,6254.0315578538375
6255,1607.5652647533,267653397254.5652647533,6254.800846882011
6256,1607.7484556629,267653397254.7484556629,6255.51443596865
6257,1607.9477804132,267653397254.9477804132,6256.290871692572
6258,1608.1987526324,267653397255.1987526324,6257.268491363013
6259,1608.4975353495,267653397255.4975353495,6258.432348710873
6260,1608.7161184476,267653397255.7161184476,6259.283802059015
6261,1609.1933820440,267653397256.1933820440,6261.142901370139
6262,1609.3912692093,267653397256.3912692093,6261.913737225764
6263,1609.6880847973,267653397256.6880847973,6263.069931956189
6264,1609.7907869798,267653397256.7907869798,6263.469990871591
6265,1610.1777145596,267653397257.1777145596,6264.977201567079
6266,1610.3745419527,267653397257.3745419527,6265.743909260024
6267,1610.7932913252,267653397257.7932913252,6267.375076346349
6268,1610.9403472284,267653397257.9403472284,6267.94790765047
6269,1611.0750095069,267653397258.0750095069,6268.472461693734
6270,1611.3699752875,267653397258.3699752875,6269.621450813488
6271,1611.5696847229,267653397258.5696847229,6270.399385012907
6272,1611.9579302678,267653397258.9579302678,6271.911729617682
6273,1612.2381568428,267653397259.2381568428,6273.0033046644085
6274,1612.3544620124,267653397259.3544620124,6273.456351706576
6275,1612.5569351504,267653397259.5569351504,6274.245051440259
6276,1612.8764648589,267653397259.8764648589,6275.489725170745
6277,1612.9762680107,267653397259.9762680107,6275.878491404246
6278,1613.2513481256,267653397260.2513481256,6276.950019289407
6279,1613.6042723103,267653397260.6042723103,6278.324775532297
6280,1613.9319505911,267653397260.9319505911,6279.601190642733
6281,1614.0500101043,267653397261.0500101043,6280.061071432547
6282,1614.4140535855,267653397261.4140535855,6281.479141007146
6283,1614.6048633263,267653397261.6048633263,6282.22240795722
6284,1614.7070894145,267653397261.7070894145,6282.620612328106
6285,1615.2859595383,267653397262.2859595383,6284.87550261621
6286,1615.5928543278,267653397262.5928543278,6286.070959164857
6287,1615.7163210116,267653397262.7163210116,6286.5519026697275
6288,1615.9920357909,267653397262.9920357909,6287.625902782307
6289,1616.2046299279,267653397263.2046299279,6288.454027149276
6290,1616.7056955311,267653397263.7056955311,6290.405843136845
6291,1616.9040435042,267653397263.9040435042,6291.17847399102
6292,1617.0441669040,267653397264.0441669040,6291.724300905132
6293,1617.3720962313,267653397264.3720962313,6293.001693924587
6294,1617.5123134729,267653397264.5123134729,6293.547886383499
6295,1617.8571627108,267653397264.8571627108,6294.891188042075
6296,1618.0283790059,267653397265.0283790059,6295.558132050952
6297,1618.3675643672,267653397265.3675643672,6296.879371039832
6298,1618.6224369942,267653397265.6224369942,6297.872184086657
6299,1618.7436248123,267653397265.7436248123,6298.344250657094
6300,1619.0244803747,267653397266.0244803747,6299.438275817451
6301,1619.5198095582,267653397266.5198095582,6301.367746555994
6302,1619.6176706183,267653397266.6176706183,6301.748947701001
6303,1619.8241196124,267653397266.8241196124,6302.553134707111
6304,1620.0913974482,267653397267.0913974482,6303.594270138691
6305,1620.2963227181,267653397267.2963227181,6304.392521735874
6306,1620.5488984681,267653397267.5488984681,6305.376387688304
6307,1620.7594480994,267653397267.7594480994,6306.196548030431
6308,1620.9591337278,267653397267.9591337278,6306.974389493724
6309,1621.2369273699,267653397268.2369273699,6308.056487463397
6310,1621.6548233770,267653397268.6548233770,6309.684330409691
6311,1622.0746162830,267653397269.0746162830,6311.319562403599
6312,1622.2493547783,267653397269.2493547783,6312.000226545365
6313,1622.4318457565,267653397269.4318457565,6312.71108916807
6314,1622.7669856632,267653397269.7669856632,6314.016569775385
6315,1622.8869620860,267653397269.8869620860,6314.483917561098
6316,1623.1321269959,267653397270.1321269959,6315.438915844114
6317,1623.3465441821,267653397270.3465441821,6316.274141589729
6318,1623.5763338579,267653397270.5763338579,6317.169248258678
6319,1623.8313950322,267653397270.8313950322,6318.1627957595
6320,1624.1124383120,267653397271.1124383120,6319.257552141119
6321,1624.4498286798,267653397271.4498286798,6320.571799037571
6322,1624.6725231491,267653397271.6725231491,6321.439267534206
6323,1624.7880134217,267653397271.7880134217,6321.889140283462
6324,1625.1353441387,267653397272.1353441387,6323.242108122575
6325,1625.3891877911,267653397272.3891877911,6324.230912973544
6326,1625.9528046204,267653397272.9528046204,6326.426386642594
6327,1626.1062950846,267653397273.1062950846,6327.024282686649
6328,1626.2205278916,267653397273.2205278916,6327.4692571921505
6329,1626.5939804255,267653397273.5939804255,6328.923978134098
6330,1626.8829202253,267653397273.8829202253,6330.049494068726
6331,1627.2087523175,267653397274.2087523175,6331.318717664914
6332,1627.3699850736,267653397274.3699850736,6331.946772492599
6333,1627.5999613774,267653397274.5999613774,6332.842606139237
6334,1627.8298437067,267653397274.8298437067,6333.738073724165
6335,1628.0419264913,267653397275.0419264913,6334.564206204677
6336,1628.3038468147,267653397275.3038468147,6335.58447235629
6337,1628.7058851444,267653397275.7058851444,6337.150544412551
6338,1628.8126551088,267653397275.8126551088,6337.566448681728
6339,1629.1496605992,267653397276.1496605992,6338.879196353612
6340,1629.2477899217,267653397276.2477899217,6339.261442469255
6341,1629.5383367207,267653397276.5383367207,6340.393218196434
6342,1629.8805924873,267653397276.8805924873,6341.726417427877
6343,1630.2453691313,267653397277.2453691313,6343.147342913692
6344,1630.4079586662,267653397277.4079586662,6343.780682842842
6345,1630.5132402226,267653397277.5132402226,6344.1907892713525
6346,1630.7318044302,267653397277.7318044302,6345.042169034762
6347,1630.9383428994,267653397277.9383428994,6345.846704575934
6348,1631.3639688530,267653397278.3639688530,6347.50465821645
6349,1631.5520884713,267653397278.5520884713,6348.237446251049
6350,1631.7977769911,267653397278.7977769911,6349.194484167533
6351,1632.1161224198,267653397279.1161224198,6350.434544737126
6352,1632.3130629094,267653397279.3130629094,6351.2016929782885
6353,1632.7265353051,267653397279.7265353051,6352.812304497406
6354,1632.8977796479,267653397279.8977796479,6353.479357761338
6355,1633.0356996060,267653397280.0356996060,6354.016601542404
6356,1633.4000342496,267653397280.4000342496,6355.435805290703
6357,1633.7848102554,267653397280.7848102554,6356.934634894968
6358,1634.0140724129,267653397281.0140724129,6357.827686705941
6359,1634.2731752130,267653397281.2731752130,6358.836977673892
6360,1634.5127513543,267653397281.5127513543,6359.770205857675
6361,1634.8685263749,267653397281.8685263749,6361.15606704781
6362,1634.9922277479,267653397281.9922277479,6361.637924744616
6363,1635.2960337494,267653397282.2960337494,6362.82134944402
6364,1635.6075144665,267653397282.6075144665,6364.034669695049
6365,1635.8765642981,267653397282.8765642981,6365.082707635425
6366,1636.0492904312,267653397283.0492904312,6365.755532961896
6367,1636.2259656890,267653397283.2259656890,6366.443741433163
6368,1636.5668296431,267653397283.5668296431,6367.771519095313
6369,1636.6688593071,267653397283.6688593071,6368.168958329078
6370,1636.9451456352,267653397283.9451456352,6369.245184812976
6371,1637.1580603363,267653397284.1580603363,6370.074557882974
6372,1637.5641669483,267653397284.5641669483,6371.656477242234
6373,1637.8015819797,267653397284.8015819797,6372.58128718931
6374,1638.1659903098,267653397285.1659903098,6374.000777970861
6375,1638.3750752470,267653397285.3750752470,6374.815232845795
6376,1638.7999622605,267653397285.7999622605,6376.470308070609
6377,1639.0020264306,267653397286.0020264306,6377.257414739273
6378,1639.0750530001,267653397286.0750530001,6377.541877342489
6379,1639.2446613233,267653397286.2446613233,6378.202557769829
6380,1639.6529832441,267653397286.6529832441,6379.793106488411
6381,1639.7821070579,267653397286.7821070579,6380.296086382744
6382,1640.1149047600,267653397287.1149047600,6381.592443329696
6383,1640.3111635700,267653397287.3111635700,6382.3569362037115
6384,1640.5757742403,267653397287.5757742403,6383.387682144914
6385,1640.7370882245,267653397287.7370882245,6384.016053382872
6386,1640.9795737913,267653397287.9795737913,6384.960614739736
6387,1641.5058067941,267653397288.5058067941,6387.010466059595
6388,1641.6001343551,267653397288.6001343551,6387.377903058768
6389,1641.8209179287,267653397288.8209179287,6388.237927985633
6390,1642.0966962414,267653397289.0966962414,6389.312175581791
6391,1642.4172655840,267653397289.4172655840,6390.560899030412
6392,1642.5603652414,267653397289.5603652414,6391.118319450705
6393,1642.8681109051,267653397289.8681109051,6392.317090435345
6394,1643.1641124770,267653397290.1641124770,6393.47011430426
6395,1643.5142156094,267653397290.5142156094,6394.833881616873
6396,1643.6982759546,267653397290.6982759546,6395.550857442286
6397,1644.0350576585,267653397291.0350576585,6396.862733391857
6398,1644.1891177601,267653397291.1891177601,6397.462848361693
6399,1644.5912151931,267653397291.5912151931,6399.029150644829
6400,1644.8941204728,267653397291.8941204728,6400.209066735386
6401,1645.0394789740,267653397292.0394789740,6400.775286098201
6402,1645.3712343687,267653397292.3712343687,6402.067582913638
6403,1645.6322488942,267653397292.6322488942,6403.084320683318
6404,1645.8842290573,267653397292.8842290573,6404.0658666281
6405,1646.1437380386,267653397293.1437380386,6405.076739805956
6406,1646.3509372729,267653397293.3509372729,6405.883849245394
6407,1646.5496216721,267653397293.5496216721,6406.657790590329
6408,1646.8646623141,267653397293.8646623141,6407.884977924413
6409,1647.0360545222,267653397294.0360545222,6408.552607172518
6410,1647.2504066086,267653397294.2504066086,6409.387579332918
6411,1647.4894314968,267653397294.4894314968,6410.318660203842
6412,1647.6728685530,267653397294.6728685530,6411.033208112777
6413,1647.9065109428,267653397294.9065109428,6411.943322375011
6414,1648.2982415400,267653397295.2982415400,6413.4692424093455
6415,1648.5303911765,267653397295.5303911765,6414.373541904536
6416,1648.9379456889,267653397295.9379456889,6415.961101313986
6417,1649.1196752474,267653397296.1196752474,6416.668997955525
6418,1649.3436182225,267653397296.3436182225,6417.541329794539
6419,1649.4633168221,267653397296.4633168221,6418.007595367146
6420,1649.7420433868,267653397296.7420433868,6419.093327378424
6421,1650.1887921168,267653397297.1887921168,6420.8335612082365
6422,1650.3626899098,267653397297.3626899098,6421.510950536928
6423,1650.6845314142,267653397297.6845314142,6422.764629475859
6424,1650.8727486265,267653397297.8727486265,6423.497797671318
6425,1651.0732410458,267653397298.0732410458,6424.278781851591
6426,1651.4340464344,267653397298.4340464344,6425.68423798623
6427,1651.7109284957,267653397298.7109284957,6426.762785047668
6428,1652.0209857752,267653397299.0209857752,6427.970560539197
6429,1652.1249074814,267653397299.1249074814,6428.375369902128
6430,1652.3333937706,267653397299.3333937706,6429.187492845417
6431,1652.6713832484,267653397299.6713832484,6430.504073473164
6432,1652.8395720993,267653397299.8395720993,6431.159224587155
6433,1653.3817084563,267653397300.3817084563,6433.271024723271
6434,1653.4471436235,267653397300.4471436235,6433.525916307677
6435,1653.8080543822,267653397300.8080543822,6434.931782893652
6436,1654.1581175045,267653397301.1581175045,6436.295394353715
6437,1654.3119387548,267653397301.3119387548,6436.894578918866
6438,1654.5026209734,267653397301.5026209734,6437.637349127864
6439,1654.6875341884,267653397301.6875341884,6438.357647162786
6440,1654.8877118059,267653397301.8877118059,6439.137405086093
6441,1655.3130085042,267653397302.3130085042,6440.794076168493
6442,1655.5803917389,267653397302.5803917389,6441.8356221635995
6443,1655.9517203676,267653397302.9517203676,6443.282069793439
6444,1656.1417389931,267653397303.1417389931,6444.02225508818
6445,1656.2549462072,267653397303.2549462072,6444.463234570664
6446,1656.5248619476,267653397303.5248619476,6445.514645511762
6447,1656.8185532992,267653397303.8185532992,6446.6586703097255
6448,1657.0363740257,267653397304.0363740257,6447.507153968739
6449,1657.2334810616,267653397304.2334810616,6448.27495096274
6450,1657.6379380184,267653397304.6379380184,6449.850444370248
6451,1657.9371781662,267653397304.9371781662,6451.016083561747
6452,1658.0440445202,267653397305.0440445202,6451.432363300248
6453,1658.4957103313,267653397305.4957103313,6453.191750784678
6454,1658.5772690527,267653397305.5772690527,6453.509448937053
6455,1658.8218070949,267653397305.8218070949,6454.462005363376
6456,1658.8822929002,267653397305.8822929002,6454.697617548792
6457,1659.2001834038,267653397306.2001834038,6455.935906034898
6458,1659.5644052803,267653397306.5644052803,6457.354670518111
6459,1659.7868723045,267653397306.7868723045,6458.221253040978
6460,1659.9140431848,267653397306.9140431848,6458.716625614428
6461,1660.2472526340,267653397307.2472526340,6460.014586452307
6462,1660.4710591161,267653397307.4710591161,6460.886386606015
6463,1660.8354158006,267653397307.8354158006,6462.305676210904
6464,1661.3153317499,267653397308.3153317499,6464.175107312454
6465,1661.6452540400,267653397308.6452540400,6465.460263580145
6466,1661.7957482404,267653397308.7957482404,6466.046488187269
6467,1662.0978131115,267653397309.0978131115,6467.22313060881
6468,1662.3915215746,267653397309.3915215746,6468.367222061716
6469,1662.4936590616,267653397309.4936590616,6468.765081301674
6470,1662.7889040395,267653397309.7889040395,6469.915157987119
6471,1663.0112456785,267653397310.0112456785,6470.7812520932275
6472,1663.2398280742,267653397310.2398280742,6471.671656007521
6473,1663.3271432191,267653397310.3271432191,6472.011777330329
6474,1663.7075527012,267653397310.7075527012,6473.493597882865
6475,1664.1611594643,267653397311.1611594643,6475.260546016284
6476,1664.3682155535,267653397311.3682155535,6476.06709785829
6477,1664.5554879389,267653397311.5554879389,6476.796585640972
6478,1664.7446691790,267653397311.7446691790,6477.533509043057
6479,1664.8584116843,267653397311.8584116843,6477.976573661531
6480,1665.3797629598,267653397312.3797629598,6480.007409041507
6481,1665.5156226884,267653397312.5156226884,6480.536627548338
6482,1665.6925619217,267653397312.6925619217,6481.225864291352
6483,1665.9621209597,267653397312.9621209597,6482.275885758812
6484,1666.3815536064,267653397313.3815536064,6483.909714423792
6485,1666.5126020068,267653397313.5126020068,6484.420191218476
6486,1666.7350169476,267653397313.7350169476,6485.286570859303
6487,1667.1513583698,267653397314.1513583698,6486.908358184063
6488,1667.2127620965,267653397314.2127620965,6487.14754597645
6489,1667.6607929947,267653397314.6607929947,6488.892774274807
6490,1667.8233016541,267653397314.8233016541,6489.525799167181
6491,1668.0934463236,267653397315.0934463236,6490.578101862723
6492,1668.2280416604,267653397315.2280416604,6491.102395145963
6493,1668.4971408778,267653397315.4971408778,6492.150625460344
6494,1669.0315261071,267653397316.0315261071,6494.232232394476
6495,1669.1564538293,267653397316.1564538293,6494.718867126387
6496,1669.4101154312,267653397316.4101154312,6495.706962830547
6497,1669.4983695238,267653397316.4983695238,6496.050741664709
6498,1669.7535079802,267653397316.7535079802,6497.044590204838
6499,1669.9719030456,267653397316.9719030456,6497.895311103528
6500,1670.4671491778,267653397317.4671491778,6499.824458329847
6501,1670.7549392753,267653397317.7549392753,6500.945495794367
6502,1671.1067483705,267653397318.1067483705,6502.315908395439
6503,1671.1424671449,267653397318.1424671449,6502.455044816868
6504,1671.3807015299,267653397318.3807015299,6503.38304641679
6505,1671.6301299912,267653397318.6301299912,6504.354652640437
6506,1671.8728641277,267653397318.8728641277,6505.30018225837
6507,1672.2210629116,267653397319.2210629116,6506.656531504724
6508,1672.5836129845,267653397319.5836129845,6508.068783760849
6509,1672.8845622284,267653397319.8845622284,6509.241080446043
6510,1673.0374663206,267653397320.0374663206,6509.836692377529
6511,1673.3686446677,267653397320.3686446677,6511.126741402016
6512,1673.5056263999,267653397320.5056263999,6511.660330483381
6513,1673.8301545812,267653397320.8301545812,6512.924474916042
6514,1674.1022903847,267653397321.1022903847,6513.984533736032
6515,1674.3558193480,267653397321.3558193480,6514.972112769046
6516,1674.5902977394,267653397321.5902977394,6515.885483533583
6517,1674.7734673038,267653397321.7734673038,6516.598989473628
6518,1675.0766822037,267653397322.0766822037,6517.780111637112
6519,1675.2466163347,267653397322.2466163347,6518.442061193426
6520,1675.3717716031,267653397322.3717716031,6518.929582292925
6521,1675.7738505274,267653397322.7738505274,6520.495812478571
6522,1675.9542648717,267653397322.9542648717,6521.19858592649
6523,1676.2780078048,267653397323.2780078048,6522.4596715581065
6524,1676.4279703884,267653397323.4279703884,6523.0438253422435
6525,1676.6730546674,267653397323.6730546674,6523.998509541285
6526,1676.9806899275,267653397323.9806899275,6525.1968504674505
6527,1677.4224046043,267653397324.4224046043,6526.9174749977
6528,1677.5034067205,267653397324.5034067205,6527.233004989018
6529,1677.8277310197,267653397324.8277310197,6528.496355233574
6530,1678.2284323628,267653397325.2284323628,6530.057219285537
6531,1678.3543739922,267653397325.3543739922,6530.547803520807
6532,1678.5616560477,267653397325.5616560477,6531.355235576172
6533,1678.6708359622,267653397325.6708359622,6531.7805273968115
6534,1679.1145067350,267653397326.1145067350,6533.508771566928
6535,1679.3990390533,267653397326.3990390533,6534.617118905672
6536,1679.5799238909,267653397326.5799238909,6535.321725080363
6537,1680.0523235181,267653397327.0523235181,6537.161877625281
6538,1680.3218439705,267653397327.3218439705,6538.21174878909
6539,1680.6352622425,267653397327.6352622425,6539.432616456287
6540,1680.7877931001,267653397327.7877931001,6540.026774515756
6541,1680.9320211783,267653397327.9320211783,6540.588590507698
6542,1681.2497808090,267653397328.2497808090,6541.826369200647
6543,1681.4985636894,267653397328.4985636894,6542.795460673504
6544,1681.7779253732,267653397328.7779253732,6543.883666683411
6545,1682.0558044570,267653397329.0558044570,6544.966097476731
6546,1682.1116578905,267653397329.1116578905,6545.183665044273
6547,1682.3745937667,267653397329.3745937667,6546.207887109408
6548,1682.8221951143,267653397329.8221951143,6547.951442166335
6549,1682.9412068951,267653397329.9412068951,6548.415032352917
6550,1683.1140993538,267653397330.1140993538,6549.088505572529
6551,1683.4266185583,267653397330.4266185583,6550.305871074922
6552,1683.6836913747,267653397330.6836913747,6551.307254586022
6553,1684.2139908494,267653397331.2139908494,6553.3729461567855
6554,1684.3307973780,267653397331.3307973780,6553.827946157823
6555,1684.5126012984,267653397331.5126012984,6554.536132463522
6556,1684.7835389066,267653397331.7835389066,6555.59152391715
6557,1685.0769454906,267653397332.0769454906,6556.734439451278
6558,1685.3553158150,267653397332.3553158150,6557.8187837889545
6559,1685.6484881871,267653397332.6484881871,6558.960786990392
6560,1685.8426944681,267653397332.8426944681,6559.717284586166
6561,1686.0014205820,267653397333.0014205820,6560.335575214737
6562,1686.2827121920,267653397333.2827121920,6561.4312989245
6563,1686.4775296540,267653397333.4775296540,6562.190177272095
6564,1686.6627639365,267653397333.6627639365,6562.9117259709565
6565,1686.9464241558,267653397333.9464241558,6564.016676196111
6566,1687.3225334933,267653397334.3225334933,6565.481746265431
6567,1687.5466801797,267653397334.5466801797,6566.3548716272335
6568,1687.8085600079,267653397334.8085600079,6567.374980036679
6569,1688.0256162553,267653397335.0256162553,6568.220485797154
6570,1688.4144977359,267653397335.4144977359,6569.735307581498
6571,1688.5469853866,267653397335.5469853866,6570.251390731375
6572,1688.9273915759,267653397335.9273915759,6571.733198457374
6573,1689.1622325260,267653397336.1622325260,6572.647981507774
6574,1689.3615601617,267653397336.3615601617,6573.424428471291
6575,1689.7794359205,267653397336.7794359205,6575.052192543787
6576,1690.1064555669,267653397337.1064555669,6576.326042055754
6577,1690.2560026743,267653397337.2560026743,6576.908577422894
6578,1690.7213478735,267653397337.7213478735,6578.721250641224
6579,1690.7657309558,267653397337.7657309558,6578.894137403075
6580,1690.9995482275,267653397337.9995482275,6579.804932888065
6581,1691.2345412949,267653397338.2345412949,6580.720308485582
6582,1691.4029808523,267653397338.4029808523,6581.376436184184
6583,1691.7536909880,267653397338.7536909880,6582.742567975107
6584,1691.9667533116,267653397338.9667533116,6583.572516083498
6585,1692.1205786126,267653397339.1205786126,6584.171716427466
6586,1692.5673118099,267653397339.5673118099,6585.911889752294
6587,1692.7629909720,267653397339.7629909720,6586.674124706333
6588,1693.1351180803,267653397340.1351180803,6588.123682677899
6589,1693.3024677680,267653397340.3024677680,6588.775564974119
6590,1693.4763804911,267653397340.4763804911,6589.453012460485
6591,1693.6815262094,267653397340.6815262094,6590.252122776992
6592,1693.9482708828,267653397340.9482708828,6591.291181364973
6593,1694.3051695426,267653397341.3051695426,6592.6814195008565
6594,1694.4448509457,267653397341.4448509457,6593.22552469187
6595,1694.6453221969,267653397341.6453221969,6594.006426415409
6596,1694.7914375226,267653397341.7914375226,6594.575593859576
6597,1695.3261774156,267653397342.3261774156,6596.658582325947
6598,1695.4270992540,267653397342.4270992540,6597.051706213175
6599,1695.8029782576,267653397342.8029782576,6598.515879055895
6600,1696.2018917106,267653397343.2018917106,6600.069778685522
6601,1696.4272341903,267653397343.4272341903,6600.947562057107
6602,1696.5324613925,267653397343.5324613925,6601.357456758064
6603,1696.7576079098,267653397343.7576079098,6602.234476791389
6604,1697.1216272611,267653397344.1216272611,6603.652452372078
6605,1697.4625797115,267653397344.4625797115,6604.9805747565515
6606,1697.7058434737,267653397344.7058434737,6605.928167441484
6607,1697.9103179914,267653397344.9103179914,6606.72466321001
6608,1698.2265862309,267653397345.2265862309,6607.956632441746
6609,1698.4193167777,267653397345.4193167777,6608.707381565492
6610,1698.6140949696,267653397345.6140949696,6609.466106943081
6611,1698.9814558557,267653397345.9814558557,6610.897098905266
6612,1699.0868150357,267653397346.0868150357,6611.307507703336
6613,1699.2609926248,267653397346.2609926248,6611.985986930237
6614,1699.6491971973,267653397346.6491971973,6613.498171934004
6615,1699.9827045777,267653397346.9827045777,6614.797293312298
6616,1700.2511340533,267653397347.2511340533,6615.84291476121
6617,1700.6731897348,267653397347.6731897348,6617.486961012929
6618,1700.7424606351,267653397347.7424606351,6617.756794044406
6619,1701.0313811405,267653397348.0313811405,6618.882234820987
6620,1701.3232172532,267653397348.3232172532,6620.019032850801
6621,1701.3632636332,267653397348.3632636332,6620.1750267251155
6622,1701.6826686117,267653397348.6826686117,6621.41921459108
6623,1701.9970309684,267653397348.9970309684,6622.643759779946
6624,1702.3023444317,267653397349.3023444317,6623.8330565408705
6625,1702.5503454860,267653397349.5503454860,6624.799102542895
6626,1702.8144359516,267653397349.8144359516,6625.827822115017
6627,1702.9653362072,267653397349.9653362072,6626.415628441237
6628,1703.2036116357,267653397350.2036116357,6627.3437899191495
6629,1703.4470924044,267653397350.4470924044,6628.292227916061
6630,1703.7877406301,267653397350.7877406301,6629.619165244868
6631,1704.1053700303,267653397351.1053700303,6630.856436647018
6632,1704.1976861977,267653397351.1976861977,6631.216038603915
6633,1704.5402220537,267653397351.5402220537,6632.550328876078
6634,1704.7852828153,267653397351.7852828153,6633.504921467085
6635,1704.9904571579,267653397351.9904571579,6634.304143284694
6636,1705.1313344797,267653397352.1313344797,6634.852906973965
6637,1705.3686563504,267653397352.3686563504,6635.777354029361
6638,1705.7614987747,267653397352.7614987747,6637.307604997412
6639,1705.9790095343,267653397352.9790095343,6638.154881232999
6640,1706.3524083424,267653397353.3524083424,6639.609392895233
6641,1706.6320474564,267653397353.6320474564,6640.698679587388
6642,1706.8677686995,267653397353.8677686995,6641.616891669719
6643,1707.1469369577,267653397354.1469369577,6642.704344223045
6644,1707.5430316499,267653397354.5430316499,6644.24726384854
6645,1707.7930501051,267653397354.7930501051,6645.221168293261
6646,1707.9322104009,267653397354.9322104009,6645.763243599262
6647,1708.2056241227,267653397355.2056241227,6646.828280333033
6648,1708.4777921594,267653397355.4777921594,6647.888464711987
6649,1708.8127100354,267653397355.8127100354,6649.193080436423
6650,1709.0244266545,267653397356.0244266545,6650.017786581407
6651,1709.3400093832,267653397356.3400093832,6651.247085522208
6652,1709.3944496913,267653397356.3944496913,6651.459148499672
6653,1709.7500293121,267653397356.7500293121,6652.844248543077
6654,1709.9911815870,267653397356.9911815870,6653.783616287717
6655,1710.1465947823,267653397357.1465947823,6654.389002004344
6656,1710.3787205926,267653397357.3787205926,6655.293208688626
6657,1710.6918904589,267653397357.6918904589,6656.5131087335985
6658,1710.9118278825,267653397357.9118278825,6657.369837626805
6659,1711.0923485713,267653397358.0923485713,6658.0730253216725
6660,1711.4351798022,267653397358.4351798022,6659.408466176612
6661,1711.6763307965,267653397358.6763307965,6660.347828932893
6662,1711.9845210259,267653397358.9845210259,6661.548331647752
6663,1712.1753231885,267653397359.1753231885,6662.291569078245
6664,1712.5072052342,267653397359.5072052342,6663.584359241163
6665,1712.8551982924,267653397359.8551982924,6664.939907117988
6666,1713.1197008663,267653397360.1197008663,6665.970231988028
6667,1713.2958063718,267653397360.2958063718,6666.65622108595
6668,1713.5042142417,267653397360.5042142417,6667.468038560177
6669,1713.8201540203,267653397360.8201540203,6668.698728328246
6670,1713.9878658144,267653397360.9878658144,6669.352021148473
6671,1714.2630634896,267653397361.2630634896,6670.42400696984
6672,1714.4390511626,267653397361.4390511626,6671.109537071263
6673,1714.7282955359,267653397361.7282955359,6672.2362394202655
6674,1714.9841835909,267653397361.9841835909,6673.233007894482
6675,1715.2442755323,267653397362.2442755323,6674.246151894446
6676,1715.5642794612,267653397362.5642794612,6675.4926728700075
6677,1715.9016439696,267653397362.9016439696,6676.806819035575
6678,1716.2767436946,267653397363.2767436946,6678.2679563308175
6679,1716.4188490428,267653397363.4188490428,6678.82150358844
6680,1716.6138971490,267653397363.6138971490,6679.581280371361
6681,1716.9382861728,267653397363.9382861728,6680.844882739615
6682,1717.2575558557,267653397364.2575558557,6682.088543584543
6683,1717.3208483368,267653397364.3208483368,6682.335088699028
6684,1717.6224177768,267653397364.6224177768,6683.5098012528415
6685,1718.0215302218,267653397365.0215302218,6685.064476022025
6686,1718.0619258693,267653397365.0619258693,6685.221830408589
6687,1718.4143967171,267653397365.4143967171,6686.594820754573
6688,1718.7433115288,267653397365.7433115288,6687.876052561216
6689,1718.9202442035,267653397365.9202442035,6688.565263756323
6690,1719.1094064532,267653397366.1094064532,6689.302113184534
6691,1719.7091231891,267653397366.7091231891,6691.638207910823
6692,1719.9003817917,267653397366.9003817917,6692.3832233258445
6693,1720.1673959637,267653397367.1673959637,6693.423331699872
6694,1720.2579847598,267653397367.2579847598,6693.776204975139
6695,1720.4477443157,267653397367.4477443157,6694.515381108245
6696,1720.6715219335,267653397367.6715219335,6695.387068825979
6697,1720.7859902282,267653397367.7859902282,6695.832960633843
6698,1721.1327636369,267653397368.1327636369,6697.183757573111
6699,1721.4821407395,267653397368.4821407395,6698.544696759918
6700,1721.7531482032,267653397368.7531482032,6699.600360323791
6701,1721.8708958550,267653397368.8708958550,6700.059026310476
6702,1722.2509098642,267653397369.2509098642,6701.5393063654865
6703,1722.4839615592,267653397369.4839615592,6702.447119676424
6704,1722.6457400064,267653397369.6457400064,6703.077300151152
6705,1722.8952788540,267653397369.8952788540,6704.049336365896
6706,1723.1774272210,267653397370.1774272210,6705.1483974271005
6707,1723.3720948765,267653397370.3720948765,6705.906692228913
6708,1723.7151325824,267653397370.7151325824,6707.2429373721625
6709,1724.0571650974,267653397371.0571650974,6708.57526696492
6710,1724.5499970255,267653397371.5499970255,6710.495010069061
6711,1724.6138853128,267653397371.6138853128,6710.743876045445
6712,1724.8106197015,267653397371.8106197015,6711.510221455554
6713,1725.2602522651,267653397372.2602522651,6713.261688769565
6714,1725.4637634498,267653397372.4637634498,6714.054432037944
6715,1725.6256054450,267653397372.6256054450,6714.684860053117
6716,1725.7735776315,267653397372.7735776315,6715.26126058328
6717,1726.2582410905,267653397373.2582410905,6717.149184802865
6718,1726.4356633635,267653397373.4356633635,6717.840303145027
6719,1726.7457417560,267653397373.7457417560,6719.048160878678
6720,1726.9739027330,267653397373.9739027330,6719.936923227981
6721,1727.0912937322,267653397374.0912937322,6720.3941999350145
6722,1727.4605621003,267653397374.4605621003,6721.832622169489
6723,1727.6103958756,267653397374.6103958756,6722.4162742027665
6724,1727.8835726070,267653397374.8835726070,6723.4803877806735
6725,1728.2658776406,267653397375.2658776406,6724.969592132271
6726,1728.3584943833,267653397375.3584943833,6725.33036492922
6727,1728.6134806238,267653397375.6134806238,6726.323620538163
6728,1728.9803528923,267653397375.9803528923,6727.752709173449
6729,1729.1983773665,267653397376.1983773665,6728.601986497046
6730,1729.4054076769,267653397376.4054076769,6729.408437922121
6731,1729.7868372515,267653397376.7868372515,6730.894232071818
6732,1729.9670546804,267653397376.9670546804,6731.596238469234
6733,1730.2055748042,267653397377.2055748042,6732.525353116147
6734,1730.4545632932,267653397377.4545632932,6733.495245502405
6735,1730.6974441986,267653397377.6974441986,6734.441346833679
6736,1731.0392177850,267653397378.0392177850,6735.772667814037
6737,1731.1951507012,267653397378.1951507012,6736.380078015194
6738,1731.3369486409,267653397378.3369486409,6736.932427815196
6739,1731.7697964869,267653397378.7697964869,6738.618513111466
6740,1732.0837132668,267653397379.0837132668,6739.841322631562
6741,1732.3473302524,267653397379.3473302524,6740.868197842737
6742,1732.5405846179,267653397379.5405846179,6741.620987413299
6743,1732.8040413223,267653397379.8040413223,6742.64723827627
6744,1732.9769595819,267653397379.9769595819,6743.320811998914
6745,1733.2031450266,267653397380.2031450266,6744.201878997545
6746,1733.4275875383,267653397380.4275875383,6745.076156696585
6747,1733.7023957633,267653397380.7023957633,6746.146625480821
6748,1733.8784225991,267653397380.8784225991,6746.832308134285
6749,1734.3185694502,267653397381.3185694502,6748.546825465716
6750,1734.6179834109,267653397381.6179834109,6749.713141715872
6751,1734.8720263972,267653397381.8720263972,6750.702723038222
6752,1735.3115503962,267653397382.3115503962,6752.414814155044
6753,1735.4299162242,267653397382.4299162242,6752.8758881421645
6754,1735.7453776524,267653397382.7453776524,6754.104714577467
6755,1735.9788049956,267653397382.9788049956,6755.013991162194
6756,1736.2769162608,267653397383.2769162608,6756.175232983198
6757,1736.4841070380,267653397383.4841070380,6756.98230947945
6758,1736.7032486005,267653397383.7032486005,6757.835938230864
6759,1737.0189456543,267653397384.0189456543,6759.065682505688
6760,1737.1404082284,267653397384.1404082284,6759.538819341483
6761,1737.3922726791,267653397384.3922726791,6760.51991454827
6762,1737.7435989644,267653397384.7435989644,6761.888446445361
6763,1737.8758865990,267653397384.8758865990,6762.403750466483
6764,1738.1195463506,267653397385.1195463506,6763.3528856609
6765,1738.3978165867,267653397385.3978165867,6764.436840121605
6766,1738.7100507718,267653397385.7100507718,6765.653095379325
6767,1738.8701911326,267653397385.8701911326,6766.276894966593
6768,1739.1685184057,267653397386.1685184057,6767.438978209699
6769,1739.4772800731,267653397386.4772800731,6768.641706864275
6770,1739.7557410961,267653397386.7557410961,6769.726404502958
6771,1739.9033685920,267653397386.9033685920,6770.30146234941
6772,1740.1645023943,267653397387.1645023943,6771.318664741629
6773,1740.3912202662,267653397387.3912202662,6772.201805720024
6774,1740.7569215653,267653397387.7569215653,6773.62633304282
6775,1740.8467046491,267653397387.8467046491,6773.976067802616
6776,1741.1478164920,267653397388.1478164920,6775.1489978646205
6777,1741.3394046090,267653397388.3394046090,6775.895296847045
6778,1741.8760483447,267653397388.8760483447,6777.985701409438
6779,1742.0725914916,267653397389.0725914916,6778.751301869585
6780,1742.2165130602,267653397389.2165130602,6779.311923905424
6781,1742.6880772618,267653397389.6880772618,6781.148822191772
6782,1742.8305349428,267653397389.8305349428,6781.703741902
6783,1742.9878591946,267653397389.9878591946,6782.31657181477
6784,1743.4079271584,267653397390.4079271584,6783.95287524967
6785,1743.7243888473,267653397390.7243888473,6785.185598030709
6786,1743.8690329344,267653397390.8690329344,6785.749034514698
6787,1744.1995246845,267653397391.1995246845,6787.036409017153
6788,1744.3751502945,267653397391.3751502945,6787.720528763633
6789,1744.5987727173,267653397391.5987727173,6788.591611945598
6790,1744.8296459452,267653397391.8296459452,6789.490939407806
6791,1745.1923346665,267653397392.1923346665,6790.90373174525
6792,1745.4451566515,267653397392.4451566515,6791.888556864337
6793,1745.5429057131,267653397392.5429057131,6792.26932173821
6794,1745.8316641390,267653397392.8316641390,6793.394131161624
6795,1746.1223790624,267653397393.1223790624,6794.52656178888
6796,1746.3481625280,267653397393.3481625280,6795.406062946176
6797,1746.7182380466,267653397393.7182380466,6796.8476292983905
6798,1746.9323601815,267653397393.9323601815,6797.681705721776
6799,1747.0916427982,267653397394.0916427982,6798.302164112529
6800,1747.5373479099,267653397394.5373479099,6800.038332704463
6801,1747.7239916782,267653397394.7239916782,6800.765371815966
6802,1748.0986262037,267653397395.0986262037,6802.224697005544
6803,1748.2533564399,267653397395.2533564399,6802.82742237095
6804,1748.4696799305,267653397395.4696799305,6803.670073801724
6805,1748.7336844230,267653397395.7336844230,6804.698458480239
6806,1748.8446617191,267653397395.8446617191,6805.130751695751
6807,1749.2414194287,267653397396.2414194287,6806.676253992972
6808,1749.4844274899,267653397396.4844274899,6807.622850638079
6809,1749.7346829909,267653397396.7346829909,6808.5976784544755
6810,1749.8668902911,267653397396.8668902911,6809.112669546582
6811,1749.9154091736,267653397396.9154091736,6809.301666615947
6812,1750.4054768015,267653397397.4054768015,6811.210641857983
6813,1750.5550268819,267653397397.5550268819,6811.793188805945
6814,1751.0109997230,267653397398.0109997230,6813.569353594528
6815,1751.4019511034,267653397398.4019511034,6815.092238322136
6816,1751.4292087184,267653397398.4292087184,6815.198415733639
6817,1751.8187110368,267653397398.8187110368,6816.7156558862425
6818,1751.9120188339,267653397398.9120188339,6817.079120568283
6819,1752.4273616216,267653397399.4273616216,6819.086550904168
6820,1752.5890070725,267653397399.5890070725,6819.716213314391
6821,1752.9568260822,267653397399.9568260822,6821.148989819292
6822,1753.1541924495,267653397400.1541924495,6821.917796994744
6823,1753.3255828564,267653397400.3255828564,6822.5854192265915
6824,1753.6603311557,267653397400.6603311557,6823.8893743937915
6825,1753.9419157810,267653397400.9419157810,6824.986239494919
6826,1754.0987851238,267653397401.0987851238,6825.597297386915
6827,1754.4358939126,267653397401.4358939126,6826.910447440204
6828,1754.8039850440,267653397401.8039850440,6828.344283948987
6829,1754.9262182082,267653397401.9262182082,6828.82042248769
6830,1755.1535802288,267653397402.1535802288,6829.706072637986
6831,1755.3493554966,267653397402.3493554966,6830.468681955469
6832,1755.7036446863,267653397402.7036446863,6831.84875534362
6833,1756.0324225193,267653397403.0324225193,6833.129453572999
6834,1756.1866246577,267653397403.1866246577,6833.730121823086
6835,1756.3555239954,267653397403.3555239954,6834.388040517792
6836,1756.5491430572,267653397403.5491430572,6835.142250700878
6837,1756.8114633756,267653397403.8114633756,6836.164074965122
6838,1757.2149760489,267653397404.2149760489,6837.7358900765985
6839,1757.2557021507,267653397404.2557021507,6837.894531691785
6840,1757.4254832978,267653397404.4254832978,6838.555885325298
6841,1757.8005529525,267653397404.8005529525,6840.016905486802
6842,1758.3291816498,267653397405.3291816498,6842.076088827886
6843,1758.5606888851,267653397405.5606888851,6842.977885958283
6844,1758.7235138309,267653397405.7235138309,6843.612142890638
6845,1759.0309197639,267653397406.0309197639,6844.809590512035
6846,1759.3184690879,267653397406.3184690879,6845.929690084278
6847,1759.4357803530,267653397406.4357803530,6846.386656200664
6848,1759.5824132270,267653397406.5824132270,6846.957839666372
6849,1760.0588797576,267653397407.0588797576,6848.813834143039
6850,1760.1680014980,267653397407.1680014980,6849.238899356353
6851,1760.4800304406,267653397407.4800304406,6850.454355126764
6852,1760.7205326743,267653397407.7205326743,6851.391190746281
6853,1761.0564961984,267653397408.0564961984,6852.699879615372
6854,1761.3265659982,267653397408.3265659982,6853.751890668724
6855,1761.5107665999,267653397408.5107665999,6854.469412839533
6856,1761.8148842135,267653397408.8148842135,6855.654051370991
6857,1762.2337070697,267653397409.2337070697,6857.285504700631
6858,1762.3395563625,267653397409.3395563625,6857.697822649907
6859,1762.5838087071,267653397409.5838087071,6858.649266189749
6860,1762.8087199250,267653397409.8087199250,6859.52536965422
6861,1763.0346380364,267653397410.0346380364,6860.405395301372
6862,1763.2866264925,267653397410.2866264925,6861.386973550146
6863,1763.5659770033,267653397410.5659770033,6862.475136037542
6864,1764.0079272901,267653397411.0079272901,6864.196678346568
6865,1764.3307953890,267653397411.3307953890,6865.454356210103
6866,1764.5436378426,267653397411.5436378426,6866.283447852246
6867,1764.6642476646,267653397411.6642476646,6866.753262937016
6868,1764.9303267110,267653397411.9303267110,6867.789728688039
6869,1765.0342759563,267653397412.0342759563,6868.194645324865
6870,1765.3215375132,267653397412.3215375132,6869.313623949227
6871,1765.7050203562,267653397412.7050203562,6870.807416257385
6872,1765.7598461792,267653397412.7598461792,6871.0209809426915
6873,1766.3222124486,267653397413.3222124486,6873.211583268015
6874,1766.4723259163,267653397413.4723259163,6873.796324795555
6875,1766.6709109346,267653397413.6709109346,6874.56987901908
6876,1766.8964820220,267653397413.8964820220,6875.448552893157
6877,1767.1543223244,267653397414.1543223244,6876.452926015681
6878,1767.3849907609,267653397414.3849907609,6877.351455747763
6879,1767.6226263656,267653397414.6226263656,6878.277124900699
6880,1767.9067741843,267653397414.9067741843,6879.383974486546
6881,1768.1403078756,267653397415.1403078756,6880.293665332246
6882,1768.2689360631,267653397415.2689360631,6880.794714598484
6883,1768.6838732980,267653397415.6838732980,6882.411032150041
6884,1768.9824665890,267653397415.9824665890,6883.574151620717
6885,1769.1278506448,267653397416.1278506448,6884.140470527149
6886,1769.3951480121,267653397416.3951480121,6885.181682040395
6887,1769.6644295716,267653397416.6644295716,6886.230622637484
6888,1769.8341813649,267653397416.8341813649,6886.891861928254
6889,1770.3848714159,267653397417.3848714159,6889.036981527161
6890,1770.6939333234,267653397417.6939333234,6890.240879716077
6891,1771.0536902180,267653397418.0536902180,6891.642251620376
6892,1771.1691843022,267653397418.1691843022,6892.092139217083
6893,1771.5239973650,267653397418.5239973650,6893.474253263957
6894,1771.6149116544,267653397418.6149116544,6893.828394443116
6895,1771.9590992714,267653397418.9590992714,6895.169118869836
6896,1772.1134011265,267653397419.1134011265,6895.7701755494
6897,1772.3179130729,267653397419.3179130729,6896.56681711508
6898,1772.5632763131,267653397419.5632763131,6897.5225879601285
6899,1772.7847613896,267653397419.7847613896,6898.3853454724585
6900,1773.1026839991,267653397420.1026839991,6899.62375902167
6901,1773.1620844185,267653397420.1620844185,6899.855143270589
6902,1773.5945554419,267653397420.5945554419,6901.539760718408
6903,1774.0032820078,267653397421.0032820078,6903.13188566331
6904,1774.1111237746,267653397421.1111237746,6903.551964956777
6905,1774.3518442979,267653397421.3518442979,6904.48965088637
6906,1774.6160474826,267653397421.6160474826,6905.518809536621
6907,1774.7827994925,267653397421.7827994925,6906.168363680453
6908,1775.2731126568,267653397422.2731126568,6908.078295367855
6909,1775.4656605963,267653397422.4656605963,6908.828333175876
6910,1775.6835489473,267653397422.6835489473,6909.677080254663
6911,1775.8502416371,267653397422.8502416371,6910.326403327117
6912,1776.1502742489,267653397423.1502742489,6911.495129427606
6913,1776.3215564882,267653397423.3215564882,6912.1623303109345
6914,1776.6862458729,267653397423.6862458729,6913.582915892994
6915,1776.8891686198,267653397423.8891686198,6914.373367001832
6916,1777.2053276024,267653397424.2053276024,6915.6049106418795
6917,1777.4965952474,267653397424.4965952474,6916.739494302294
6918,1777.7448185701,267653397424.7448185701,6917.706406113144
6919,1777.8120365328,267653397424.8120365328,6917.968242274746
6920,1778.1324957450,267653397425.1324957450,6919.216536729118
6921,1778.4808257237,267653397425.4808257237,6920.573397022563
6922,1778.6691947238,267653397425.6691947238,6921.307156481641
6923,1779.0721367877,267653397426.0721367877,6922.876748881081
6924,1779.2768451598,267653397426.2768451598,6923.674155589728
6925,1779.4555227203,267653397426.4555227203,6924.370163691232
6926,1779.8419015882,267653397426.8419015882,6925.875236972711
6927,1779.9038354603,267653397426.9038354603,6926.116489856501
6928,1780.3608448238,267653397427.3608448238,6927.896692242123
6929,1780.5587511286,267653397427.5587511286,6928.667602652441
6930,1780.8371514866,267653397427.8371514866,6929.752063980923
6931,1781.0752981396,267653397428.0752981396,6930.679723835749
6932,1781.3474780634,267653397428.3474780634,6931.739954518895
6933,1781.6577617983,267653397428.6577617983,6932.948612129012
6934,1781.9070350267,267653397428.9070350267,6933.919613669267
6935,1782.2217138992,267653397429.2217138992,6935.14539179171
6936,1782.4715471380,267653397429.4715471380,6936.118574757402
6937,1782.7961558841,267653397429.7961558841,6937.383033016585
6938,1782.8335092255,267653397429.8335092255,6937.5285366162525
6939,1782.9872700795,267653397429.9872700795,6938.127485917881
6940,1783.3636759521,267653397430.3636759521,6939.59371108936
6941,1783.7033233596,267653397430.7033233596,6940.916749900801
6942,1783.9143067892,267653397430.9143067892,6941.738600030577
6943,1784.1034885670,267653397431.1034885670,6942.475525527194
6944,1784.4372990372,267653397431.4372990372,6943.775827540363
6945,1784.6628492423,267653397431.6628492423,6944.654420070989
6946,1784.8692909758,267653397431.8692909758,6945.458578794684
6947,1784.9067329460,267653397431.9067329460,6945.604427632796
6948,1785.3078311535,267653397432.3078311535,6947.1668376026755
6949,1785.4316546348,267653397432.4316546348,6947.649170951644
6950,1785.8075525560,267653397432.8075525560,6949.113417484683
6951,1786.2443966435,267653397433.2443966435,6950.815069461259
6952,1786.4163037215,267653397433.4163037215,6951.484704297661
6953,1786.6316508201,267653397433.6316508201,6952.323552359173
6954,1786.9929716815,267653397433.9929716815,6953.731016430618
6955,1787.0943389431,267653397434.0943389431,6954.125875388304
6956,1787.4807664862,267653397434.4807664862,6955.631138275763
6957,1787.7872248997,267653397434.7872248997,6956.824894995821
6958,1788.1166756275,267653397435.1166756275,6958.108214372658
6959,1788.2831647558,267653397435.2831647558,6958.7567445058485
6960,1788.5687143355,267653397435.5687143355,6959.869054413688
6961,1788.7741951231,267653397435.7741951231,6960.669469935777
6962,1788.9371117143,267653397435.9371117143,6961.3040838572315
6963,1789.2247140362,267653397436.2247140362,6962.424389873801
6964,1789.5932758938,267653397436.5932758938,6963.8600600165855
6965,1789.8909902969,267653397436.8909902969,6965.019755928667
6966,1790.1197383642,267653397437.1197383642,6965.910805188568
6967,1790.3316409886,267653397437.3316409886,6966.736235885629
6968,1790.7106488907,267653397437.7106488907,6968.212596821261
6969,1790.9899835542,267653397437.9899835542,6969.3006975781955
6970,1791.1091382744,267653397438.1091382744,6969.764844560949
6971,1791.3103270198,267653397438.3103270198,6970.548541161341
6972,1791.4528905533,267653397438.4528905533,6971.103873202015
6973,1791.6537839550,267653397438.6537839550,6971.886419341166
6974,1792.0292846451,267653397439.0292846451,6973.349118527898
6975,1792.2910556549,267653397439.2910556549,6974.368803053758
6976,1792.6852135560,267653397439.6852135560,6975.904178238366
6977,1792.8997876254,267653397439.8997876254,6976.740015095874
6978,1793.0914782163,267653397440.0914782163,6977.486713247983
6979,1793.4229690682,267653397440.4229690682,6978.777979581885
6980,1793.6892327275,267653397440.6892327275,6979.815164461122
6981,1793.9109003278,267653397440.9109003278,6980.678632963929
6982,1794.2627731869,267653397441.2627731869,6982.049293946473
6983,1794.3752109559,267653397441.3752109559,6982.487276186214
6984,1794.7368270813,267653397441.7368270813,6983.895890408444
6985,1794.8238674457,267653397441.8238674457,6984.234941370472
6986,1795.0404622369,267653397442.0404622369,6985.078649606679
6987,1795.5248172407,267653397442.5248172407,6986.965372291421
6988,1795.6333710875,267653397442.6333710875,6987.388225371635
6989,1795.7431560099,267653397442.7431560099,6987.815873897839
6990,1796.0870213125,267653397443.0870213125,6989.15534280354
6991,1796.3799595432,267653397443.3799595432,6990.296433946925
6992,1796.5130348493,267653397443.5130348493,6990.814806208651
6993,1796.8618184141,267653397443.8618184141,6992.173433369743
6994,1797.2005271831,267653397444.2005271831,6993.49281587427
6995,1797.4108119297,267653397444.4108119297,6994.311944403041
6996,1797.8629296057,267653397444.8629296057,6996.07309205051
6997,1798.1156589702,267653397445.1156589702,6997.057556382171
6998,1798.3925800875,267653397445.3925800875,6998.136255579651
6999,1798.7145135167,267653397445.7145135167,6999.390292596061
7000,1798.8549146651,267653397445.8549146651,6999.937201432704
7001,1798.9825153966,267653397445.9825153966,7000.4342484185345
7002,1799.2846730329,267653397446.2846730329,7001.611252191187
7003,1799.6812482135,267653397446.6812482135,7003.15604347769
7004,1799.8673155044,267653397446.8673155044,7003.88083701936
7005,1800.2086071469,267653397447.2086071469,7005.210280669093
7006,1800.2929676855,267653397447.2929676855,7005.538892824691
7007,1800.5555036727,267653397447.5555036727,7006.561557190138
7008,1800.9389723232,267653397447.9389723232,7008.055294213829
7009,1801.1587603255,267653397448.1587603255,7008.911441061742
7010,1801.3297234867,267653397448.3297234867,7009.577399030506
7011,1801.4557929084,267653397448.4557929084,7010.068481058994
7012,1801.8268080811,267653397448.8268080811,7011.513707674235
7013,1801.9809050151,267653397448.9809050151,7012.113966118447
7014,1802.2794706720,267653397449.2794706720,7013.276977945185
7015,1802.6867046113,267653397449.6867046113,7014.863288616587
7016,1802.8950647416,267653397449.8950647416,7015.674920129319
7017,1802.9961561311,267653397449.9961561311,7016.068704474077
7018,1803.3707991916,267653397450.3707991916,7017.528062910311
7019,1803.6536141654,267653397450.6536141654,7018.629720625143
7020,1803.8803047456,267653397450.8803047456,7019.512755293364
7021,1804.0492830736,267653397451.0492830736,7020.170981681377
7022,1804.3149629824,267653397451.3149629824,7021.20589265965
7023,1804.5158993720,267653397451.5158993720,7021.9886062508685
7024,1804.9663460601,267653397451.9663460601,7023.743244848672
7025,1805.1441309376,267653397452.1441309376,7024.43577565511
7026,1805.4042658662,267653397452.4042658662,7025.449087104426
7027,1805.6935058677,267653397452.6935058677,7026.575772423839
7028,1805.9304041395,267653397452.9304041395,7027.498569421651
7029,1806.4039604147,267653397453.4039604147,7029.343227492516
7030,1806.5972547098,267653397453.5972547098,7030.096172602066
7031,1806.8448697389,267653397453.8448697389,7031.060714908476
7032,1806.9775011142,267653397453.9775011142,7031.577357913141
7033,1807.1488861186,267653397454.1488861186,7032.244959100472
7034,1807.5851293001,267653397454.5851293001,7033.944270349751
7035,1807.7348833465,267653397454.7348833465,7034.527611812642
7036,1807.9524670793,267653397454.9524670793,7035.375172302953
7037,1808.3957649295,267653397455.3957649295,7037.101963816429
7038,1808.5168377080,267653397455.5168377080,7037.573582269649
7039,1808.6732332005,267653397455.6732332005,7038.182794358255
7040,1808.8982657087,267653397455.8982657087,7039.059370288503
7041,1809.3760790563,267653397456.3760790563,7040.920611062147
7042,1809.5906793225,267653397456.5906793225,7041.7565499648435
7043,1809.9534158368,267653397456.9534158368,7043.16952847182
7044,1810.1239235232,267653397457.1239235232,7043.833712215831
7045,1810.3860092268,267653397457.3860092268,7044.854622577963
7046,1810.6757990330,267653397457.6757990330,7045.983449568242
7047,1811.0463063706,267653397458.0463063706,7047.426697998072
7048,1811.1030569440,267653397458.1030569440,7047.647760221785
7049,1811.3841018725,267653397458.3841018725,7048.742523025666
7050,1811.5452115938,267653397458.5452115938,7049.370098592192
7051,1811.6997177531,267653397458.6997177531,7049.971951104085
7052,1812.0503382978,267653397459.0503382978,7051.337733908503
7053,1812.1851773451,267653397459.1851773451,7051.8629765246305
7054,1812.6260702944,267653397459.6260702944,7053.5804001549495
7055,1812.8929587500,267653397459.8929587500,7054.620018822099
7056,1813.0714919602,267653397460.0714919602,7055.315464631521
7057,1813.4392795372,267653397460.4392795372,7056.748118695688
7058,1813.6541492776,267653397460.6541492776,7057.585107289381
7059,1813.8201727845,267653397460.8201727845,7058.231823673463
7060,1814.0484385672,267653397461.0484385672,7059.1209942755895
7061,1814.3461881656,267653397461.3461881656,7060.280827284991
7062,1814.5791352052,267653397461.5791352052,7061.188232928599
7063,1814.8513512968,267653397461.8513512968,7062.248604497274
7064,1814.9682562971,267653397461.9682562971,7062.70398807811
7065,1815.4921972058,267653397462.4921972058,7064.744910934603
7066,1815.9226378608,267653397462.9226378608,7066.421619427041
7067,1816.0856854699,267653397463.0856854699,7067.056743706484
7068,1816.2435166912,267653397463.2435166912,7067.671548432876
7069,1816.5414643810,267653397463.5414643810,7068.832153073695
7070,1816.9369557247,267653397463.9369557247,7070.372722457569
7071,1817.1227085000,267653397464.1227085000,7071.096290857118
7072,1817.3009747647,267653397464.3009747647,7071.790696825667
7073,1817.4566797865,267653397464.4566797865,7072.3972193028885
7074,1817.9807900285,267653397464.9807900285,7074.438801768502
7075,1818.1190218643,267653397465.1190218643,7074.9772604162135
7076,1818.3518396684,267653397465.3518396684,7075.884162644874
7077,1818.4876027707,267653397465.4876027707,7076.413004760371
7078,1818.7317323681,267653397465.7317323681,7077.363970159344
7079,1819.0388767774,267653397466.0388767774,7078.560399059579
7080,1819.3458906154,267653397466.3458906154,7079.756319341484
7081,1819.4931695887,267653397466.4931695887,7080.330019577327
7082,1819.7392494338,267653397466.7392494338,7081.288581835108
7083,1820.1169265174,267653397467.1169265174,7082.759758793222
7084,1820.2214302956,267653397467.2214302956,7083.166835518816
7085,1820.5143010160,267653397467.5143010160,7084.307663687293
7086,1820.8044664360,267653397467.8044664360,7085.43795381736
7087,1820.9395558126,267653397467.9395558126,7085.964171548777
7088,1821.4240105510,267653397468.4240105510,7087.851282732728
7089,1821.6757409702,267653397468.6757409702,7088.831855842575
7090,1821.8150635856,267653397468.8150635856,7089.374563437029
7091,1822.1786095292,267653397469.1786095292,7090.790694938422
7092,1822.4959981459,267653397469.4959981459,7092.02702840935
7093,1822.6176050084,267653397469.6176050084,7092.5007272961175
7094,1823.0020774037,267653397470.0020774037,7093.998374237269
7095,1823.0964254787,267653397470.0964254787,7094.365891145257
7096,1823.2979242003,267653397470.2979242003,7095.1507952053125
7097,1823.5317977971,267653397470.5317977971,7096.061810095187
7098,1823.6900178363,267653397470.6900178363,7096.678129395697
7099,1824.2262891515,267653397471.2262891515,7098.767083257288
7100,1824.4548262518,267653397471.4548262518,7099.657310731062
7101,1824.7862616165,267653397471.7862616165,7100.948360924004
7102,1824.9770074538,267653397471.9770074538,7101.691378948866
7103,1825.1445925176,267653397472.1445925176,7102.344178112737
7104,1825.3228709916,267653397472.3228709916,7103.038631640541
7105,1825.8484551616,267653397472.8484551616,7105.085955542441
7106,1826.0928890886,267653397473.0928890886,7106.038106405704
7107,1826.4144916625,267653397473.4144916625,7107.29085463147
7108,1826.6221152096,267653397473.6221152096,7108.099616909404
7109,1826.7695803721,267653397473.7695803721,7108.674042413666
7110,1826.9173853400,267653397473.9173853400,7109.2497915721715
7111,1827.3189246942,267653397474.3189246942,7110.813919954135
7112,1827.5904989205,267653397474.5904989205,7111.87179124551
7113,1827.7746722171,267653397474.7746722171,7112.589207053945
7114,1828.1053709213,267653397475.1053709213,7113.877387710978
7115,1828.3187165309,267653397475.3187165309,7114.708439311904
7116,1828.4361395453,267653397475.4361395453,7115.1658407287205
7117,1828.8627865755,267653397475.8627865755,7116.827771799825
7118,1829.1939869546,267653397476.1939869546,7118.117906646258
7119,1829.5010203719,267653397476.5010203719,7119.313903196004
7120,1829.5613019119,267653397476.5613019119,7119.548719700629
7121,1829.8273324397,267653397476.8273324397,7120.584996455693
7122,1830.0003327553,267653397477.0003327553,7121.258889813562
7123,1830.3220748510,267653397477.3220748510,7122.512181522813
7124,1830.5651557939,267653397477.5651557939,7123.459062066221
7125,1830.7832035482,267653397477.7832035482,7124.308430073508
7126,1830.9745858057,267653397477.9745858057,7125.053927165211
7127,1831.2102880245,267653397478.2102880245,7125.972065141628
7128,1831.3945835653,267653397478.3945835653,7126.68995713159
7129,1831.7612785257,267653397478.7612785257,7128.118355093298
7130,1832.0192093995,267653397479.0192093995,7129.123081021344
7131,1832.2766882025,267653397479.2766882025,7130.12604598434
7132,1832.7855617502,267653397479.7855617502,7132.10827649416
7133,1833.0100060113,267653397480.0100060113,7132.982561007704
7134,1833.1455189047,267653397480.1455189047,7133.510428476912
7135,1833.5886312589,267653397480.5886312589,7135.23649742222
7136,1833.6828653197,267653397480.6828653197,7135.6035702072495
7137,1833.9216074147,267653397480.9216074147,7136.533549505301
7138,1834.2450006485,267653397481.2450006485,7137.793272942697
7139,1834.4950322334,267653397481.4950322334,7138.767228531953
7140,1834.9220354517,267653397481.9220354517,7140.430547073331
7141,1835.1384085386,267653397482.1384085386,7141.273391698082
7142,1835.2585029761,267653397482.2585029761,7141.741199190038
7143,1835.5205947821,267653397482.5205947821,7142.762133323037
7144,1835.6689862908,267653397482.6689862908,7143.340167251649
7145,1835.9368139400,267653397482.9368139400,7144.383444388017
7146,1836.2968387661,267653397483.2968387661,7145.785859973999
7147,1836.4042353597,267653397483.4042353597,7146.2042051708495
7148,1836.7241596515,267653397483.7241596515,7147.450415933632
7149,1837.2394276634,267653397484.2394276634,7149.457554993109
7150,1837.2762374113,267653397484.2762374113,7149.600941116589
7151,1837.4857658136,267653397484.4857658136,7150.417123434554
7152,1837.7272067008,267653397484.7272067008,7151.357615419428
7153,1838.0236706998,267653397485.0236706998,7152.512440594636
7154,1838.3400866066,267653397485.3400866066,7153.744985039296
7155,1838.4944839751,267653397485.4944839751,7154.346413775099
7156,1838.8295333922,267653397485.8295333922,7155.651541895583
7157,1839.0501103853,267653397486.0501103853,7156.510762123209
7158,1839.3627059929,267653397486.3627059929,7157.728425240935
7159,1839.6997589541,267653397486.6997589541,7159.041357827305
7160,1839.8048751111,267653397486.8048751111,7159.450819970547
7161,1840.1386763526,267653397487.1386763526,7160.751086034893
7162,1840.2247354558,267653397487.2247354558,7161.086314660515
7163,1840.5798746516,267653397487.5798746516,7162.469699103134
7164,1840.7942524527,267653397487.7942524527,7163.304771430808
7165,1841.0113363540,267653397488.0113363540,7164.150384912375
7166,1841.3466041164,267653397488.3466041164,7165.456363559905
7167,1841.5115652146,267653397488.5115652146,7166.098941511273
7168,1841.9309289755,267653397488.9309289755,7167.732501843357
7169,1842.1248826912,267653397489.1248826912,7168.488015613903
7170,1842.4168370256,267653397489.4168370256,7169.625274156302
7171,1842.6832063136,267653397489.6832063136,7170.662870494213
7172,1842.9327113413,267653397489.9327113413,7171.634774969297
7173,1843.1219651458,267653397490.1219651458,7172.3719810337025
7174,1843.4067964239,267653397490.4067964239,7173.481492919619
7175,1843.5517850721,267653397490.5517850721,7174.046271582883
7176,1843.9384408547,267653397490.9384408547,7175.5524235385765
7177,1844.3060471235,267653397491.3060471235,7176.98437134744
7178,1844.6406204442,267653397491.6406204442,7178.287644915229
7179,1844.9077302438,267653397491.9077302438,7179.328125790356
7180,1845.1282927734,267653397492.1282927734,7180.187289677874
7181,1845.4548988522,267653397492.4548988522,7181.459528207501
7182,1845.5454311756,267653397492.5454311756,7181.81218150296
7183,1845.7708228268,267653397492.7708228268,7182.690156413795
7184,1846.0300709233,267653397493.0300709233,7183.700013359236
7185,1846.2740043262,267653397493.2740043262,7184.650214515847
7186,1846.6853118168,267653397493.6853118168,7186.252393014753
7187,1846.7579941665,267653397493.7579941665,7186.535514768187
7188,1846.9362792193,267653397493.9362792193,7187.229993922592
7189,1847.1534977541,267653397494.1534977541,7188.076131846102
7190,1847.3093392858,267653397494.3093392858,7188.683186074465
7191,1847.8027354327,267653397494.8027354327,7190.605126997187
7192,1848.1584238910,267653397495.1584238910,7191.990650998623
7193,1848.2181861594,267653397495.2181861594,7192.223444768892
7194,1848.5100845562,267653397495.5100845562,7193.3604854158675
7195,1848.8509908213,267653397495.8509908213,7194.688427893377
7196,1848.9666430961,267653397495.9666430961,7195.138931694715
7197,1849.2102006563,267653397496.2102006563,7196.087668819899
7198,1849.5654279629,267653397496.5654279629,7197.471396483182
7199,1849.8067035145,267653397496.8067035145,7198.411244431298
7200,1850.2217027767,267653397497.2217027767,7200.027803599693
7201,1850.3828871900,267653397497.3828871900,7200.655670116228
7202,1850.5134603201,267653397497.5134603201,7201.164295576163
7203,1850.8198087446,267653397497.8198087446,7202.357623852756
7204,1851.0394933099,267653397498.0394933099,7203.213367779403
7205,1851.3832066377,267653397498.3832066377,7204.5522446930845
7206,1851.5552969834,267653397498.5552969834,7205.222593417703
7207,1852.0362913917,267653397499.0362913917,7207.096225473245
7208,1852.3355954586,267653397499.3355954586,7208.2621136507805
7209,1852.5976660142,267653397499.5976660142,7209.282965006457
7210,1852.7997633900,267653397499.7997633900,7210.070201022314
7211,1852.9632553613,267653397499.9632553613,7210.707056239268
7212,1853.1842024660,267653397500.1842024660,7211.567718173797
7213,1853.4638198867,267653397500.4638198867,7212.656920363409
7214,1853.7080956135,267653397500.7080956135,7213.6084549846555
7215,1853.9276230772,267653397500.9276230772,7214.463586948692
7216,1854.2242866157,267653397501.2242866157,7215.619189396148
7217,1854.4773601068,267653397501.4773601068,7216.604994214563
7218,1854.7469796955,267653397501.7469796955,7217.655251547026
7219,1854.8197849842,267653397501.8197849842,7217.938852188462
7220,1855.3510754592,267653397502.3510754592,7220.008404032698
7221,1855.5872329820,267653397502.5872329820,7220.92831556855
7222,1855.7724134765,267653397502.7724134765,7221.649654745408
7223,1856.0839717596,267653397503.0839717596,7222.863277141662
7224,1856.3214817719,267653397503.3214817719,7223.78845707074
7225,1856.4482585216,267653397503.4482585216,7224.282294375367
7226,1856.8577637814,267653397503.8577637814,7225.877452590171
7227,1857.1463629497,267653397504.1463629497,7227.001641652661
7228,1857.3015397639,267653397504.3015397639,7227.606106586859
7229,1857.5375759312,267653397504.5375759312,7228.525545402964
7230,1857.8448516127,267653397504.8448516127,7229.722485651775
7231,1857.9823174889,267653397504.9823174889,7230.25796063391
7232,1858.3442916252,267653397505.3442916252,7231.667969426832
7233,1858.4341796974,267653397505.4341796974,7232.018113151123
7234,1858.8226835212,267653397505.8226835212,7233.531463837559
7235,1859.0387381194,267653397506.0387381194,7234.373067843655
7236,1859.2502519691,267653397506.2502519691,7235.196984134886
7237,1859.4014922277,267653397506.4014922277,7235.786114885082
7238,1859.7114591048,267653397506.7114591048,7236.993538229449
7239,1859.9225295740,267653397506.9225295740,7237.815727407218
7240,1860.4060742774,267653397507.4060742774,7239.6992937043415
7241,1860.5699193472,267653397507.5699193472,7240.337524356554
7242,1860.9305373507,267653397507.9305373507,7241.742250564395
7243,1861.3212349146,267653397508.3212349146,7243.264146592945
7244,1861.5474465009,267653397508.5474465009,7244.145315421757
7245,1861.8863032662,267653397508.8863032662,7245.465274420757
7246,1861.9750327155,267653397508.9750327155,7245.810904926248
7247,1862.2012315449,267653397509.2012315449,7246.692024062723
7248,1862.5205256903,267653397509.5205256903,7247.935780197194
7249,1862.7843238426,267653397509.7843238426,7248.963361112509
7250,1862.9792854707,267653397509.9792854707,7249.722801034691
7251,1863.2796280456,267653397510.2796280456,7250.892734543828
7252,1863.4216844086,267653397510.4216844086,7251.446090987932
7253,1863.6011987753,267653397510.6011987753,7252.145358725927
7254,1864.0256085885,267653397511.0256085885,7253.798575098046
7255,1864.4015291768,267653397511.4015291768,7255.2629099269425
7256,1864.5654171744,267653397511.5654171744,7255.901307797112
7257,1864.8441140928,267653397511.8441140928,7256.986924326297
7258,1865.0228417647,267653397512.0228417647,7257.683127628262
7259,1865.1116789702,267653397512.1116789702,7258.0291778797355
7260,1865.5029393758,267653397512.5029393758,7259.55326636257
7261,1865.6818675347,267653397512.6818675347,7260.250250627605
7262,1865.8966477254,267653397512.8966477254,7261.086890395652
7263,1866.2586870777,267653397513.2586870777,7262.497153226431
7264,1866.4197993359,267653397513.4197993359,7263.1247386750265
7265,1866.7666220026,267653397513.7666220026,7264.4757274905005
7266,1866.9988589035,267653397513.9988589035,7265.380366909376
7267,1867.3246904201,267653397514.3246904201,7266.649588263459
7268,1867.5401419638,267653397514.5401419638,7267.488843173136
7269,1867.6268745688,267653397514.6268745688,7267.826695310677
7270,1868.1240422165,267653397515.1240422165,7269.763327474455
7271,1868.4480176645,267653397515.4480176645,7271.025318828425
7272,1868.6975982332,267653397515.6975982332,7271.997517560652
7273,1868.9433985214,267653397515.9433985214,7272.954990851998
7274,1869.1048205310,267653397516.1048205310,7273.583782884584
7275,1869.2249646814,267653397516.2249646814,7274.051784024705
7276,1869.6316336775,267653397516.6316336775,7275.635894055802
7277,1869.8044558435,267653397516.8044558435,7276.309093462155
7278,1870.0146169780,267653397517.0146169780,7277.127740480986
7279,1870.4235360410,267653397517.4235360410,7278.720615265683
7280,1870.6673745292,267653397517.6673745292,7279.670446698198
7281,1870.9145748143,267653397517.9145748143,7280.63337343978
7282,1871.1963919474,267653397518.1963919474,7281.731144235588
7283,1871.4882091084,267653397518.4882091084,7282.867868442301
7284,1871.7402070221,267653397518.7402070221,7283.849483531566
7285,1871.9811654491,267653397518.9811654491,7284.788096174647
7286,1872.1648459313,267653397519.1648459313,7285.5035923082605
7287,1872.5933748611,267653397519.5933748611,7287.172853999764
7288,1872.7051779724,267653397519.7051779724,7287.60836403819
7289,1872.9662010216,267653397519.9662010216,7288.625135010531
7290,1873.2358935507,267653397520.2358935507,7289.675676469941
7291,1873.6009394976,267653397520.6009394976,7291.097650979535
7292,1873.7511181895,267653397520.7511181895,7291.682646576882
7293,1874.1247797619,267653397521.1247797619,7293.138181792872
7294,1874.3242944822,267653397521.3242944822,7293.915357512708
7295,1874.4783283676,267653397521.4783283676,7294.51537036181
7296,1874.6618681873,267653397521.6618681873,7295.230318568536
7297,1875.0551099363,267653397522.0551099363,7296.762125038201
7298,1875.2654694100,267653397522.2654694100,7297.581544653713
7299,1875.4753852720,267653397522.4753852720,7298.399236255163
7300,1875.6150913337,267653397522.6150913337,7298.943437499582
7301,1875.9660942469,267653397522.9660942469,7300.310709755587
7302,1876.2795837919,267653397523.2795837919,7301.531855054692
7303,1876.5861031707,267653397523.5861031707,7302.725849254742
7304,1876.7624179673,267653397523.7624179673,7303.412653610628
7305,1876.9909033668,267653397523.9909033668,7304.302679692721
7306,1877.1581188760,267653397524.1581188760,7304.954039319394
7307,1877.4107978340,267653397524.4107978340,7305.938307301104
7308,1877.8801086948,267653397524.8801086948,7307.7664280809695
7309,1878.0553436249,267653397525.0553436249,7308.449026000241
7310,1878.1634431760,267653397525.1634431760,7308.8701094486905
7311,1878.5074314720,267653397525.5074314720,7310.210057454317
7312,1878.9281664587,267653397525.9281664587,7311.848959163712
7313,1879.2179693948,267653397526.2179693948,7312.977837299299
7314,1879.4946056986,267653397526.4946056986,7314.055427054157
7315,1879.7294189955,267653397526.7294189955,7314.970102386238
7316,1880.0673894062,267653397527.0673894062,7316.28660874138
7317,1880.2995407942,267653397527.2995407942,7317.190915059274
7318,1880.4509222580,267653397527.4509222580,7317.780595850355
7319,1880.7176065507,267653397527.7176065507,7318.8194192356
7320,1880.8630599677,267653397527.8630599677,7319.38600832682
7321,1881.3726243985,267653397528.3726243985,7321.370930054474
7322,1881.5099556442,267653397528.5099556442,7321.905880606356
7323,1881.7496483131,267653397528.7496483131,7322.839562703656
7324,1881.9786723885,267653397528.9786723885,7323.731687106264
7325,1882.2151382297,267653397529.2151382297,7324.652799644102
7326,1882.3789643432,267653397529.3789643432,7325.290956455268
7327,1882.5359739941,267653397529.5359739941,7325.902560893658
7328,1882.7466190418,267653397529.7466190418,7326.723092914204
7329,1883.2270202387,267653397530.2270202387,7328.594414215459
7330,1883.3480456503,267653397530.3480456503,7329.065848158967
7331,1883.7893967025,267653397530.7893967025,7330.785056251377
7332,1884.1367204211,267653397531.1367204211,7332.137996829463
7333,1884.3806755598,267653397531.3806755598,7333.088282654199
7334,1884.5617615535,267653397531.5617615535,7333.793672398348
7335,1884.9471965457,267653397531.9471965457,7335.29506897231
7336,1885.0060082351,267653397532.0060082351,7335.524159923472
7337,1885.2243992842,267653397532.2243992842,7336.374865177377
7338,1885.3960101224,267653397532.3960101224,7337.0433460619415
7339,1885.5978754298,267653397532.5978754298,7337.829678094751
7340,1886.0114755018,267653397533.0114755018,7339.440786955281
7341,1886.3287516456,267653397533.3287516456,7340.676682307134
7342,1886.5174053709,267653397533.5174053709,7341.411550864901
7343,1886.7248959278,267653397533.7248959278,7342.219795102097
7344,1886.9992364240,267653397533.9992364240,7343.288441928227
7345,1887.3896681670,267653397534.3896681670,7344.8093024965965
7346,1887.4680677091,267653397534.4680677091,7345.114694602377
7347,1887.8388941097,267653397534.8388941097,7346.559185887972
7348,1888.1103113770,267653397535.1103113770,7347.61644577222
7349,1888.3807364474,267653397535.3807364474,7348.669840721897
7350,1888.7338706844,267653397535.7338706844,7350.0454151879185
7351,1888.8743170668,267653397535.8743170668,7350.5925002259355
7352,1889.2537120955,267653397536.2537120955,7352.070369147535
7353,1889.3363962119,267653397536.3363962119,7352.392451085077
7354,1889.6314457458,267653397536.6314457458,7353.541766451641
7355,1889.7707830539,267653397536.7707830539,7354.084531279019
7356,1890.3812943029,267653397537.3812943029,7356.462674198485
7357,1890.5497380320,267653397537.5497380320,7357.118818147256
7358,1890.7690643397,267653397537.7690643397,7357.973166542251
7359,1890.9969610157,267653397537.9969610157,7358.860899351904
7360,1891.2721718338,267653397538.2721718338,7359.932936369235
7361,1891.4538248240,267653397538.4538248240,7360.640534751988
7362,1891.7958407270,267653397538.7958407270,7361.972799635553
7363,1891.9477353272,267653397538.9477353272,7362.564479262362
7364,1892.2971633241,267653397539.2971633241,7363.925616699309
7365,1892.4542711651,267653397539.4542711651,7364.537603620564
7366,1892.6983106119,267653397539.6983106119,7365.488217853192
7367,1893.0694481070,267653397540.0694481070,7366.933920954595
7368,1893.1951459721,267653397540.1951459721,7367.423555647435
7369,1893.4288960359,267653397540.4288960359,7368.334089335491
7370,1893.5388150832,267653397540.5388150832,7368.762260322478
7371,1893.9327740391,267653397540.9327740391,7370.29686054986
7372,1894.1876160645,267653397541.1876160645,7371.289554393389
7373,1894.4327424252,267653397541.4327424252,7372.2444025145805
7374,1894.6996206895,267653397541.6996206895,7373.283981483264
7375,1894.9685301811,267653397541.9685301811,7374.331472753039
7376,1895.1874235521,267653397542.1874235521,7375.184134716622
7377,1895.5020860034,267653397542.5020860034,7376.40984887309
7378,1895.7825326160,267653397542.7825326160,7377.502281038976
7379,1895.9935428609,267653397542.9935428609,7378.324235623215
7380,1896.3886143558,267653397543.3886143558,7379.863169557388
7381,1896.5686392967,267653397543.5686392967,7380.564426150498
7382,1896.9891611338,267653397543.9891611338,7382.202497571819
7383,1897.1320022508,267653397544.1320022508,7382.758910891899
7384,1897.4562619304,267653397544.4562619304,7384.022009421817
7385,1897.7161750737,267653397544.7161750737,7385.034456944165
7386,1897.9079821048,267653397544.9079821048,7385.7816086693165
7387,1898.0833618207,267653397545.0833618207,7386.464770577094
7388,1898.3932418237,267653397545.3932418237,7387.671855518161
7389,1898.5765625786,267653397545.5765625786,7388.3859503951535
7390,1898.8691250432,267653397545.8691250432,7389.52557780551
7391,1899.2557224578,267653397546.2557224578,7391.031502398582
7392,1899.4470164454,267653397546.4470164454,7391.776655649883
7393,1899.7540072031,267653397546.7540072031,7392.972486026412
7394,1899.8275855019,267653397546.8275855019,7393.259097797456
7395,1900.1645880009,267653397547.1645880009,7394.571833816904
7396,1900.4745264377,267653397547.4745264377,7395.779146376918
7397,1900.7715910025,267653397547.7715910025,7396.936310954249
7398,1901.0126343153,267653397548.0126343153,7397.875254255556
7399,1901.1313154821,267653397548.1313154821,7398.337556591446
7400,1901.4350248938,267653397548.4350248938,7399.520605041731
7401,1901.7050372841,267653397548.7050372841,7400.572392466145
7402,1901.9881793657,267653397548.9881793657,7401.675324373893
7403,1902.1510515316,267653397549.1510515316,7402.309765244145
7404,1902.3530874574,267653397549.3530874574,7403.096761891966
7405,1902.7813565754,267653397549.7813565754,7404.765011530721
7406,1903.0961785533,267653397550.0961785533,7405.9913470959755
7407,1903.3235437814,267653397550.3235437814,7406.877009740563
7408,1903.5259510706,267653397550.5259510706,7407.665452971461
7409,1903.7178414342,267653397550.7178414342,7408.412929304219
7410,1904.0578921794,267653397551.0578921794,7409.737539249217
7411,1904.2336998955,267653397551.2336998955,7410.422368359109
7412,1904.4314577881,267653397551.4314577881,7411.192700654912
7413,1904.7744889965,267653397551.7744889965,7412.528920488291
7414,1904.8668512699,267653397551.8668512699,7412.888702043295
7415,1905.1372577055,267653397552.1372577055,7413.942024404276
7416,1905.3918273338,267653397552.3918273338,7414.933657171151
7417,1905.6696757579,267653397552.6696757579,7416.015968534852
7418,1906.1292414098,267653397553.1292414098,7417.806128507971
7419,1906.3319251684,267653397553.3319251684,7418.595648678477
7420,1906.6213605863,267653397553.6213605863,7419.723095209317
7421,1906.9304723935,267653397553.9304723935,7420.927187774068
7422,1907.1094105501,267653397554.1094105501,7421.62421098345
7423,1907.5560166196,267653397554.5560166196,7423.363889103575
7424,1907.7781307422,267653397554.7781307422,7424.229096958207
7425,1908.0223875631,267653397555.0223875631,7425.180557934737
7426,1908.3059783890,267653397555.3059783890,7426.285237849721
7427,1908.5412777992,267653397555.5412777992,7427.2018067536355
7428,1908.6719778058,267653397555.6719778058,7427.71092643944
7429,1908.8120432667,267653397555.8120432667,7428.256527662427
7430,1909.1420004875,267653397556.1420004875,7429.541819996779
7431,1909.4838298951,267653397556.4838298951,7430.8733584191805
7432,1909.6171927422,267653397556.6171927422,7431.392850748062
7433,1909.8950626808,267653397556.8950626808,7432.475245917846
7434,1910.1898554467,267653397557.1898554467,7433.623561088263
7435,1910.4099748155,267653397557.4099748155,7434.4809987181325
7436,1910.7451025522,267653397557.7451025522,7435.786431919335
7437,1910.9428185149,267653397557.9428185149,7436.556600884333
7438,1911.2362400873,267653397558.2362400873,7437.69957480327
7439,1911.4471627139,267653397558.4471627139,7438.521188085298
7440,1911.6376156060,267653397558.6376156060,7439.263064991878
7441,1911.8583141562,267653397558.8583141562,7440.122758724559
7442,1911.9617375903,267653397558.9617375903,7440.525627153135
7443,1912.4849555148,267653397559.4849555148,7442.563733747453
7444,1912.7792513465,267653397559.7792513465,7443.710113195063
7445,1913.0442928549,267653397560.0442928549,7444.742537392981
7446,1913.4447543741,267653397560.4447543741,7446.302467251714
7447,1913.4658394120,267653397560.4658394120,7446.384600437091
7448,1913.6136443552,267653397560.6136443552,7446.96034949939
7449,1913.9125222666,267653397560.9125222666,7448.124577660537
7450,1914.3709773554,267653397561.3709773554,7449.910411623651
7451,1914.4769364628,267653397561.4769364628,7450.323157337068
7452,1914.7195625273,267653397561.7195625273,7451.268265978909
7453,1915.0477709239,267653397562.0477709239,7452.546746065501
7454,1915.3489252187,267653397562.3489252187,7453.719841491706
7455,1915.6458914230,267653397562.6458914230,7454.87662292241
7456,1916.0117101367,267653397563.0117101367,7456.301607613884
7457,1916.2561833892,267653397563.2561833892,7457.253911662969
7458,1916.4114663140,267653397563.4114663140,7457.858789932998
7459,1916.6265428186,267653397563.6265428186,7458.696583941541
7460,1916.8434892382,267653397563.8434892382,7459.5416618864965
7461,1916.9838658257,267653397563.9838658257,7460.088475050333
7462,1917.3374199750,267653397564.3374199750,7461.465685213433
7463,1917.5499987952,267653397564.5499987952,7462.293749916445
7464,1917.9706403872,267653397564.9706403872,7463.932287822653
7465,1918.1014525998,267653397565.1014525998,7464.441844587881
7466,1918.3343691931,267653397565.3343691931,7465.349131633111
7467,1918.8012960871,267653397565.8012960871,7467.1679660750615
7468,1919.0684861018,267653397566.0684861018,7468.208759414504
7469,1919.2335173011,267653397566.2335173011,7468.851610432812
7470,1919.5215406558,267653397566.5215406558,7469.973556511195
7471,1919.7040405622,267653397566.7040405622,7470.684453912219
7472,1920.0040186135,267653397567.0040186135,7471.85296748157
7473,1920.1605477199,267653397567.1605477199,7472.46270004045
7474,1920.5481420105,267653397567.5481420105,7473.972507794738
7475,1920.7135358206,267653397567.7135358206,7474.616771301854
7476,1920.9069421854,267653397567.9069421854,7475.370152959907
7477,1921.2075841392,267653397568.2075841392,7476.541252648731
7478,1921.3127064373,267653397568.3127064373,7476.95073871359
7479,1921.6745372429,267653397568.6745372429,7478.360189186118
7480,1921.8612068957,267653397568.8612068957,7479.087329126316
7481,1922.0093775583,267653397569.0093775583,7479.664502786447
7482,1922.3812083568,267653397569.3812083568,7481.112906533544
7483,1922.7510442716,267653397569.7510442716,7482.5535395498755
7484,1922.9971107029,267653397569.9971107029,7483.51204955649
7485,1923.3361567121,267653397570.3361567121,7484.832745722985
7486,1923.4219571558,267653397570.4219571558,7485.166966784444
7487,1923.7889897516,267653397570.7889897516,7486.59667994755
7488,1923.9265937660,267653397570.9265937660,7487.132693023596
7489,1924.3992090646,267653397571.3992090646,7488.973685679905
7490,1924.6641562357,267653397571.6641562357,7490.005742402889
7491,1924.8774264631,267653397571.8774264631,7490.836500365265
7492,1925.1253592243,267653397572.1253592243,7491.802280343146
7493,1925.2968764976,267653397572.2968764976,7492.470396761532
7494,1925.6185018459,267653397572.6185018459,7493.723233701126
7495,1926.0080254787,267653397573.0080254787,7495.240556880397
7496,1926.2629444828,267653397573.2629444828,7496.233550581389
7497,1926.4454612515,267653397573.4454612515,7496.944513666641
7498,1926.7956759753,267653397573.7956759753,7498.308715664666
7499,1926.8925333741,267653397573.8925333741,7498.686007217496
7500,1927.2074077114,267653397574.2074077114,7499.912546739909
7501,1927.3566315242,267653397574.3566315242,7500.493822767844
7502,1927.6403464443,267653397574.6403464443,7501.598986070718
7503,1927.7932577261,267653397574.7932577261,7502.194626008093
7504,1927.9643124054,267653397574.9643124054,7502.860940470092
7505,1928.5244019949,267653397575.5244019949,7505.042674375447
7506,1928.6903440295,267653397575.6903440295,7505.689073398028
7507,1928.9260986253,267653397575.9260986253,7506.60741540017
7508,1929.1569972742,267653397576.1569972742,7507.506841885593
7509,1929.1982365904,267653397576.1982365904,7507.667482640347
7510,1929.6906426561,267653397576.6906426561,7509.585566869871
7511,1929.7994847533,267653397576.7994847533,7510.009542780588
7512,1930.2540205188,267653397577.2540205188,7511.780109685204
7513,1930.5814337258,267653397577.5814337258,7513.055492245717
7514,1930.7759563382,267653397577.7759563382,7513.813222056782
7515,1931.0094804784,267653397578.0094804784,7514.722875697816
7516,1931.1555369035,267653397578.1555369035,7515.291813704716
7517,1931.5348614172,267653397578.5348614172,7516.769407947114
7518,1931.6432157265,267653397578.6432157265,7517.191483762882
7519,1931.9603814132,267653397578.9603814132,7518.426948847864
7520,1932.1604224547,267653397579.1604224547,7519.206174762584
7521,1932.5362784919,267653397579.5362784919,7520.670258143645
7522,1932.7503387092,267653397579.7503387092,7521.504093377555
7523,1933.0809241516,267653397580.0809241516,7522.791832842496
7524,1933.1815023324,267653397580.1815023324,7523.183618069903
7525,1933.4515418899,267653397580.4515418899,7524.235511319537
7526,1933.8196072515,267653397580.8196072515,7525.669247446479
7527,1934.1074704670,267653397581.1074704670,7526.790569729798
7528,1934.2124019991,267653397581.2124019991,7527.199312698094
7529,1934.6535315209,267653397581.6535315209,7528.917657856454
7530,1934.8156138109,267653397581.8156138109,7529.549021899244
7531,1935.2321716710,267653397582.2321716710,7531.1716523211635
7532,1935.4732720683,267653397582.4732720683,7532.110817985454
7533,1935.6765004272,267653397582.6765004272,7532.902459553972
7534,1935.8793765224,267653397582.8793765224,7533.692728939053
7535,1936.2761356067,267653397583.2761356067,7535.238236591228
7536,1936.4242782291,267653397583.4242782291,7535.815301025523
7537,1936.6769768071,267653397583.6769768071,7536.799645433621
7538,1936.8608588126,267653397583.8608588126,7537.515926567043
7539,1937.1842675855,267653397584.1842675855,7538.775710534383
7540,1937.3852443545,267653397584.3852443545,7539.558581416714
7541,1937.5739243708,267653397584.5739243708,7540.293552386614
7542,1938.0881666746,267653397585.0881666746,7542.29669597436
7543,1938.1519246089,267653397585.1519246089,7542.545054182771
7544,1938.3047977836,267653397585.3047977836,7543.140545680409
7545,1938.5485956192,267653397585.5485956192,7544.090218757633
7546,1938.9769050754,267653397585.9769050754,7545.758625527006
7547,1939.2746293730,267653397586.2746293730,7546.918359981459
7548,1939.4600161874,267653397586.4600161874,7547.640502842468
7549,1939.6307537289,267653397586.6307537289,7548.3055819480105
7550,1939.9111340782,267653397586.9111340782,7549.39775599647
7551,1940.1589833296,267653397587.1589833296,7550.363210676104
7552,1940.3412772672,267653397587.3412772672,7551.073305760639
7553,1940.5259116379,267653397587.5259116379,7551.792517604964
7554,1940.7107847273,267653397587.7107847273,7552.512659337454
7555,1941.1782259793,267653397588.1782259793,7554.333497373674
7556,1941.3518239073,267653397588.3518239073,7555.009718629199
7557,1941.8713506217,267653397588.8713506217,7557.033446741265
7558,1942.1371695735,267653397589.1371695735,7558.068899337959
7559,1942.4086138184,267653397589.4086138184,7559.126264308878
7560,1942.5592332898,267653397589.5592332898,7559.712976887939
7561,1942.9997104352,267653397589.9997104352,7561.428780824794
7562,1943.1712720534,267653397590.1712720534,7562.0970699812115
7563,1943.3857877635,267653397590.3857877635,7562.932679509993
7564,1943.6073770033,267653397590.6073770033,7563.795842772796
7565,1943.8197617814,267653397590.8197617814,7564.623151617756
7566,1944.0621974820,267653397591.0621974820,7565.567518729348
7567,1944.3007221298,267653397591.3007221298,7566.496650998765
7568,1944.6749296184,267653397591.6749296184,7567.954312738644
7569,1944.7502938304,267653397591.7502938304,7568.247881231353
7570,1945.1871513743,267653397592.1871513743,7569.9495856250915
7571,1945.3991237399,267653397592.3991237399,7570.775287987176
7572,1945.5536634677,267653397592.5536634677,7571.377271259473
7573,1945.7319280552,267653397592.7319280552,7572.071670694787
7574,1946.2316542218,267653397593.2316542218,7574.018269134584
7575,1946.3284476873,267653397593.3284476873,7574.3953116461
7576,1946.6596553530,267653397593.6596553530,7575.685474876269
7577,1946.9385108170,267653397593.9385108170,7576.771708992935
7578,1947.1265867911,267653397594.1265867911,7577.504327018997
7579,1947.4401772554,267653397594.4401772554,7578.725865432115
7580,1947.6704757071,267653397594.6704757071,7579.622953951248
7581,1947.9272888585,267653397594.9272888585,7580.623325981466
7582,1948.2353361698,267653397595.2353361698,7581.823271983174
7583,1948.4698125796,267653397595.4698125796,7582.736635028763
7584,1948.6268085524,267653397595.6268085524,7583.348186186443
7585,1948.9632007616,267653397595.9632007616,7584.658544925598
7586,1949.1312020373,267653397596.1312020373,7585.3129653722735
7587,1949.2382985009,267653397596.2382985009,7585.730141463672
7588,1949.6503663864,267653397596.6503663864,7587.335281951838
7589,1950.0774382476,267653397597.0774382476,7588.998867880007
7590,1950.2022421939,267653397597.2022421939,7589.485020463933
7591,1950.3762037416,267653397597.3762037416,7590.162658138266
7592,1950.6919165274,267653397597.6919165274,7591.392463694465
7593,1950.9600626294,267653397597.9600626294,7592.436981309667
7594,1951.1885048267,267653397598.1885048267,7593.326839104936
7595,1951.4315852932,267653397598.4315852932,7594.273717792626
7596,1951.6710522802,267653397598.6710522802,7595.206520784411
7597,1952.1185781085,267653397599.1185781085,7596.949781668798
7598,1952.2940808206,267653397599.2940808206,7597.633422687396
7599,1952.6806713484,267653397599.6806713484,7599.13932045412
7600,1953.0074034226,267653397600.0074034226,7600.412049777457
7601,1953.2210278111,267653397600.2210278111,7601.2441873142725
7602,1953.3356972943,267653397600.3356972943,7601.690862817796
7603,1953.5404485687,267653397600.5404485687,7602.48843664509
7604,1953.6167955863,267653397600.6167955863,7602.785833490155
7605,1954.2327672788,267653397601.2327672788,7605.18524664024
7606,1954.4737546749,267653397601.4737546749,7606.123972127542
7607,1954.8127989169,267653397601.8127989169,7607.444661410217
7608,1954.9872013579,267653397601.9872013579,7608.124016509546
7609,1955.2118542331,267653397602.2118542331,7608.999113643915
7610,1955.4270816025,267653397602.4270816025,7609.837495320678
7611,1955.6246746819,267653397602.6246746819,7610.607185614649
7612,1955.7650506077,267653397602.7650506077,7611.153996200948
7613,1955.9887147563,267653397602.9887147563,7612.025241918711
7614,1956.3704845975,267653397603.3704845975,7613.51236151923
7615,1956.5370374348,267653397603.5370374348,7614.16113982003
7616,1956.8117253020,267653397603.8117253020,7615.231139770927
7617,1957.1022380675,267653397604.1022380675,7616.3627829264415
7618,1957.2133511779,267653397604.2133511779,7616.795605183514
7619,1957.5631661777,267653397604.5631661777,7618.1582501245675
7620,1957.9607199823,267653397604.9607199823,7619.706853474751
7621,1958.2269290472,267653397605.2269290472,7620.743825690797
7622,1958.4829720399,267653397605.4829720399,7621.741197698557
7623,1958.6822673862,267653397605.6822673862,7622.517518884231
7624,1958.9851972417,267653397605.9851972417,7623.6975307057
7625,1959.1053979797,267653397606.1053979797,7624.165752273216
7626,1959.5252823216,267653397606.5252823216,7625.801340440232
7627,1959.6983506629,267653397606.6983506629,7626.47549878068
7628,1959.8994741457,267653397606.8994741457,7627.258941161715
7629,1960.2236623870,267653397607.2236623870,7628.521761415875
7630,1960.5896443640,267653397607.5896443640,7629.947382071825
7631,1960.8256195212,267653397607.8256195212,7630.866583233459
7632,1960.9311430026,267653397607.9311430026,7631.277632039755
7633,1961.1897417428,267653397608.1897417428,7632.284959527993
7634,1961.6928897028,267653397608.6928897028,7634.244886983041
7635,1961.9774753853,267653397608.9774753853,7635.353442193015
7636,1962.2119882895,267653397609.2119882895,7636.266947396345
7637,1962.2841863561,267653397609.2841863561,7636.548182707188
7638,1962.5574535029,267653397609.5574535029,7637.612648482974
7639,1962.6735170790,267653397609.6735170790,7638.064754438704
7640,1963.1457021369,267653397610.1457021369,7639.9040711654225
7641,1963.3742783593,267653397610.3742783593,7640.794451032715
7642,1963.6830213559,267653397610.6830213559,7641.9971069584
7643,1963.7547972957,267653397610.7547972957,7642.276697945962
7644,1963.9345282225,267653397610.9345282225,7642.976809257069
7645,1964.2355591828,267653397611.2355591828,7644.149424254678
7646,1964.7032962177,267653397611.7032962177,7645.971414462973
7647,1965.0381914698,267653397612.0381914698,7647.275942059899
7648,1965.1626010562,267653397612.1626010562,7647.760558481789
7649,1965.5332936868,267653397612.5332936868,7649.204528689077
7650,1965.6436417708,267653397612.6436417708,7649.634370915694
7651,1965.9204037479,267653397612.9204037479,7650.712450209569
7652,1966.0202854838,267653397613.0202854838,7651.101522554111
7653,1966.4852980182,267653397613.4852980182,7652.912899933268
7654,1966.6875600377,267653397613.6875600377,7653.70077729072
7655,1966.8137932918,267653397613.8137932918,7654.192497500519
7656,1967.0413997037,267653397614.0413997037,7655.07909963566
7657,1967.3796481583,267653397614.3796481583,7656.396689063627
7658,1967.6079565877,267653397614.6079565877,7657.286025788753
7659,1967.8943473003,267653397614.8943473003,7658.401612187029
7660,1968.0669944357,267653397615.0669944357,7659.074129791406
7661,1968.3698037149,267653397615.3698037149,7660.253671928372
7662,1968.6488413753,267653397615.6488413753,7661.340615760184
7663,1968.7904149177,267653397615.7904149177,7661.892091458622
7664,1969.0941854632,267653397616.0941854632,7663.075378045258
7665,1969.4910785235,267653397616.4910785235,7664.621407578204
7666,1969.7860949493,267653397616.7860949493,7665.7705939778
7667,1970.0862600175,267653397617.0862600175,7666.939836039742
7668,1970.3860265994,267653397617.3860265994,7668.107525865957
7669,1970.6389654155,267653397617.6389654155,7669.092806080792
7670,1970.9731316260,267653397617.9731316260,7670.39449381994
7671,1971.1261157038,267653397618.1261157038,7670.990417321778
7672,1971.3934584396,267653397618.3934584396,7672.031805560346
7673,1971.6679526560,267653397618.6679526560,7673.10105117743
7674,1971.8429647550,267653397618.8429647550,7673.782781095994
7675,1972.1266802520,267653397619.1266802520,7674.887946646092
7676,1972.1938007797,267653397619.1938007797,7675.149403266202
7677,1972.4969173017,267653397619.4969173017,7676.330142215333
7678,1972.9463967042,267653397619.9463967042,7678.081012916349
7679,1973.0984319841,267653397620.0984319841,7678.673240537052
7680,1973.2603436764,267653397620.2603436764,7679.303940045469
7681,1973.5635191842,267653397620.5635191842,7680.484908763769
7682,1973.8267119431,267653397620.8267119431,7681.510131471895
7683,1974.0654930946,267653397621.0654930946,7682.440262907932
7684,1974.4182922452,267653397621.4182922452,7683.814532101789
7685,1974.6416540138,267653397621.6416540138,7684.684599949602
7686,1974.8328210100,267653397621.8328210100,7685.4292585274725
7687,1975.1205462999,267653397622.1205462999,7686.550043545041
7688,1975.3197700982,267653397622.3197700982,7687.32608602763
7689,1975.5074232952,267653397622.5074232952,7688.057057197281
7690,1975.8925838482,267653397622.8925838482,7689.557384739955
7691,1976.1313078083,267653397623.1313078083,7690.4872933966035
7692,1976.3223069462,267653397623.3223069462,7691.231298110965
7693,1976.5712555700,267653397623.5712555700,7692.201035209141
7694,1976.9709033714,267653397623.9709033714,7693.75779536835
7695,1977.2792374529,267653397624.2792374529,7694.958858434691
7696,1977.3738095863,267653397624.3738095863,7695.327248124145
7697,1977.6840663427,267653397624.6840663427,7696.535800644131
7698,1977.8975239187,267653397624.8975239187,7697.367288391178
7699,1978.2865951410,267653397625.2865951410,7698.882849282168
7700,1978.5160955586,267653397625.5160955586,7699.776829194956
7701,1978.7459119969,267653397625.7459119969,7700.672040112729
7702,1979.0116255055,267653397626.0116255055,7701.707081973345
7703,1979.2453306526,267653397626.2453306526,7702.617440696033
7704,1979.4872671964,267653397626.4872671964,7703.559863427062
7705,1979.7723529556,267653397626.7723529556,7704.670366600921
7706,1979.9810766238,267653397626.9810766238,7705.483414213843
7707,1980.1025081257,267653397627.1025081257,7705.956430013177
7708,1980.5838945828,267653397627.5838945828,7707.831589228294
7709,1980.7248953996,267653397627.7248953996,7708.380833971394
7710,1981.1378832342,267653397628.1378832342,7709.9895579651
7711,1981.5054651603,267653397628.5054651603,7711.421410951139
7712,1981.6655689966,267653397628.6655689966,7712.045068263441
7713,1981.8430984273,267653397628.8430984273,7712.736604020257
7714,1982.2610563116,267653397629.2610563116,7714.364687998768
7715,1982.3959533639,267653397629.3959533639,7714.890156563539
7716,1982.6526561257,267653397629.6526561257,7715.890098589817
7717,1982.8098446514,267653397629.8098446514,7716.502399804631
7718,1982.9994385804,267653397629.9994385804,7717.2409307662965
7719,1983.2224991468,267653397630.2224991468,7718.109825332077
7720,1983.6243121653,267653397630.6243121653,7719.675019726897
7721,1983.8078522632,267653397630.8078522632,7720.389969017316
7722,1984.2592014824,267653397631.2592014824,7722.148123271837
7723,1984.3512773023,267653397631.3512773023,7722.50678899587
7724,1984.6207417083,267653397631.6207417083,7723.556441840491
7725,1984.8418386871,267653397631.8418386871,7724.417687584149
7726,1984.9532203839,267653397631.9532203839,7724.851556073945
7727,1985.3525055872,267653397632.3525055872,7726.406903793819
7728,1985.5803010982,267653397632.5803010982,7727.294242532403
7729,1985.7450994612,267653397632.7450994612,7727.93618657644
7730,1985.9601004505,267653397632.9601004505,7728.773686427962
7731,1986.4945264681,267653397633.4945264681,7730.855452246094
7732,1986.6688325856,267653397633.6688325856,7731.534432133585
7733,1986.8458377818,267653397633.8458377818,7732.223925823911
7734,1987.2058299472,267653397634.2058299472,7733.626214185713
7735,1987.4701648013,267653397634.4701648013,7734.6558857317905
7736,1987.7545109920,267653397634.7545109920,7735.763508042121
7737,1987.9238082585,267653397634.9238082585,7736.422976800933
7738,1988.3455189719,267653397635.3455189719,7738.065679288058
7739,1988.5760044076,267653397635.5760044076,7738.963496171623
7740,1988.8911426153,267653397635.8911426153,7740.191063556391
7741,1989.0427084755,267653397636.0427084755,7740.781462632352
7742,1989.4666852647,267653397636.4666852647,7742.432992233028
7743,1989.5132047373,267653397636.5132047373,7742.6142009405885
7744,1989.8169347783,267653397636.8169347783,7743.797329748826
7745,1990.0991402046,267653397637.0991402046,7744.89661307489
7746,1990.2608320824,267653397637.2608320824,7745.526456333243
7747,1990.5789824670,267653397637.5789824670,7746.765757141727
7748,1990.7570335258,267653397637.7570335258,7747.459324812246
7749,1991.1408990444,267653397638.1408990444,7748.954607768286
7750,1991.3482079469,267653397638.3482079469,7749.76214440162
7751,1991.4152536854,267653397638.4152536854,7750.023309693101
7752,1991.7533958113,267653397638.7533958113,7751.340484935673
7753,1991.9567459276,267653397638.9567459276,7752.132600789478
7754,1992.2494941269,267653397639.2494941269,7753.272951697841
7755,1992.5507675114,267653397639.5507675114,7754.446511017767
7756,1992.8813565882,267653397639.8813565882,7755.734264639907
7757,1993.1486568414,267653397640.1486568414,7756.775487394722
7758,1993.3977829547,267653397640.3977829547,7757.7459158731135
7759,1993.6717599132,267653397640.6717599132,7758.813146599871
7760,1993.8254885145,267653397640.8254885145,7759.411970266603
7761,1994.1950014421,267653397641.1950014421,7760.851345141147
7762,1994.4582818758,267653397641.4582818758,7761.876909371575
7763,1994.7091649811,267653397641.7091649811,7762.854181914005
7764,1994.8986742094,267653397641.8986742094,7763.592382938475
7765,1995.1110719797,267653397642.1110719797,7764.419742392351
7766,1995.2365269793,267653397642.2365269793,7764.908431043877
7767,1995.5486820664,267653397642.5486820664,7766.124378188815
7768,1995.7223591280,267653397642.7223591280,7766.800907695849
7769,1995.9366551488,267653397642.9366551488,7767.635661462267
7770,1996.5068681399,267653397643.5068681399,7769.856829359855
7771,1996.5424433059,267653397643.5424433059,7769.99540637915
7772,1997.1907417827,267653397644.1907417827,7772.520743029136
7773,1997.4245544942,267653397644.4245544942,7773.431520750684
7774,1997.5515562660,267653397644.5515562660,7773.926234590709
7775,1997.7478817833,267653397644.7478817833,7774.690987311727
7776,1997.8187897570,267653397644.8187897570,7774.967197284709
7777,1998.2197173024,267653397645.2197173024,7776.528942469405
7778,1998.5928952455,267653397645.5928952455,7777.982593789593
7779,1998.8850651284,267653397645.8850651284,7779.120691964606
7780,1999.0121405498,267653397646.0121405498,7779.615692694143
7781,1999.3507330963,267653397646.3507330963,7780.934622473694
7782,1999.5996346446,267653397646.5996346446,7781.904176197255
7783,1999.8310555078,267653397646.8310555078,7782.8056368798325
7784,2000.1571314290,267653397647.1571314290,7784.075810270567
7785,2000.2852524575,267653397647.2852524575,7784.574883985041
7786,2000.5958813858,267653397647.5958813858,7785.784886237483
7787,2000.7195698752,267653397647.7195698752,7786.266693748438
7788,2001.2127807744,267653397648.2127807744,7788.18791307024
7789,2001.4001611596,267653397648.4001611596,7788.917821547844
7790,2001.5387219781,267653397648.5387219781,7789.457561691825
7791,2001.7985304634,267653397648.7985304634,7790.469601536719
7792,2002.1616802556,267653397649.1616802556,7791.884189897631
7793,2002.2753064278,267653397649.2753064278,7792.326801360287
7794,2002.4124596032,267653397649.4124596032,7792.861058269557
7795,2002.7241447020,267653397649.7241447020,7794.075174654868
7796,2002.9033877425,267653397649.9033877425,7794.773385487731
7797,2003.3124686962,267653397650.3124686962,7796.3668908901955
7798,2003.6291857909,267653397650.6291857909,7797.600608561215
7799,2003.7596066333,267653397650.7596066333,7798.108640810282
7800,2004.0818958378,267653397651.0818958378,7799.36406368901
7801,2004.3084670807,267653397651.3084670807,7800.246633499066
7802,2004.7534222350,267653397651.7534222350,7801.979880759342
7803,2004.9194342869,267653397651.9194342869,7802.626552522435
7804,2005.1910733506,267653397652.1910733506,7803.684676376924
7805,2005.3155839131,267653397652.3155839131,7804.1696861340715
7806,2005.8411383041,267653397652.8411383041,7806.216894036989
7807,2006.0247659777,267653397653.0247659777,7806.9321844636825
7808,2006.2497133770,267653397653.2497133770,7807.808428866686
7809,2006.3936144189,267653397653.3936144189,7808.368970944272
7810,2006.9416949873,267653397653.9416949873,7810.503925746819
7811,2007.0805702904,267653397654.0805702904,7811.044890912167
7812,2007.2254634759,267653397654.2254634759,7811.609297716704
7813,2007.4673338958,267653397654.4673338958,7812.55146287331
7814,2007.5946267747,267653397654.5946267747,7813.04731067162
7815,2008.1169637735,267653397655.1169637735,7815.081985769464
7816,2008.2142522596,267653397655.2142522596,7815.460956549687
7817,2008.5716327243,267653397655.5716327243,7816.853071474825
7818,2008.7080877471,267653397655.7080877471,7817.384608849173
7819,2008.9643350535,267653397655.9643350535,7818.38277672627
7820,2009.2452823479,267653397656.2452823479,7819.477159213125
7821,2009.5960098063,267653397656.5960098063,7820.84335848175
7822,2009.8815286446,267653397656.8815286446,7821.955548641722
7823,2010.0376549988,267653397657.0376549988,7822.563712347793
7824,2010.3861513335,267653397657.3861513335,7823.92122065284
7825,2010.6268824498,267653397657.6268824498,7824.858947845701
7826,2010.9572476592,267653397657.9572476592,7826.145829430396
7827,2011.0965622472,267653397658.0965622472,7826.688505755491
7828,2011.2497107065,267653397658.2497107065,7827.285069577558
7829,2011.4605849728,267653397658.4605849728,7828.10649448026
7830,2011.6654767844,267653397658.6654767844,7828.904615746364
7831,2012.0505448996,267653397659.0505448996,7830.40458321329
7832,2012.3397184670,267653397659.3397184670,7831.5310097499805
7833,2012.6925845983,267653397659.6925845983,7832.905539855791
7834,2012.9237294393,267653397659.9237294393,7833.805925340754
7835,2013.1338576499,267653397660.1338576499,7834.62444411014
7836,2013.3212410546,267653397660.3212410546,7835.354364349695
7837,2013.4222029878,267653397660.4222029878,7835.747644419428
7838,2013.9447916851,267653397660.9447916851,7837.783299966049
7839,2013.9914613408,267653397660.9914613408,7837.965093686378
7840,2014.3809067740,267653397661.3809067740,7839.4821122524045
7841,2014.5811060914,267653397661.5811060914,7840.261954704031
7842,2014.8165521769,267653397661.8165521769,7841.179094956689
7843,2015.0025848825,267653397662.0025848825,7841.903753777219
7844,2015.5800475344,267653397662.5800475344,7844.153161497631
7845,2015.7017355714,267653397662.7017355714,7844.627176585895
7846,2016.0248024344,267653397663.0248024344,7845.885628701283
7847,2016.3826895519,267653397663.3826895519,7847.279717206387
7848,2016.7365970360,267653397663.7365970360,7848.658303725233
7849,2016.9101023268,267653397663.9101023268,7849.33416412828
7850,2017.0594453482,267653397664.0594453482,7849.915904513085
7851,2017.2317823974,267653397664.2317823974,7850.58721422932
7852,2017.6334657365,267653397664.6334657365,7852.151903480062
7853,2017.8071076728,267653397664.8071076728,7852.828296162455
7854,2017.9611891994,267653397664.9611891994,7853.428494589776
7855,2018.2367128517,267653397665.2367128517,7854.501750199643
7856,2018.5498214958,267653397665.5498214958,7855.721411763986
7857,2018.7698566756,267653397665.7698566756,7856.578521449913
7858,2018.9866900582,267653397665.9866900582,7857.42315907844
7859,2019.3007122450,267653397666.3007122450,7858.646379193273
7860,2019.4763444845,267653397666.4763444845,7859.330524763874
7861,2019.6225575158,267653397666.6225575158,7859.900072803645
7862,2019.9854084028,267653397666.9854084028,7861.313496830102
7863,2020.2435626835,267653397667.2435626835,7862.319093001826
7864,2020.7447834734,267653397667.7447834734,7864.271513492958
7865,2020.7781965916,267653397667.7781965916,7864.401668622116
7866,2021.0000778393,267653397668.0000778393,7865.265969352127
7867,2021.3748975277,267653397668.3748975277,7866.726015812406
7868,2021.5726974862,267653397668.5726974862,7867.496511968796
7869,2021.7127473442,267653397668.7127473442,7868.042052413345
7870,2022.1634278420,267653397669.1634278420,7869.797601777197
7871,2022.2834530254,267653397669.2834530254,7870.265139501577
7872,2022.5498727205,267653397669.5498727205,7871.3029321918175
7873,2022.7612323867,267653397669.7612323867,7872.126247887421
7874,2023.2000924820,267653397670.2000924820,7873.835752880172
7875,2023.4964809048,267653397670.4964809048,7874.990283661156
7876,2023.5997533094,267653397670.5997533094,7875.392563779963
7877,2023.9880883722,267653397670.9880883722,7876.905257086614
7878,2024.1930444170,267653397671.1930444170,7877.703628562244
7879,2024.3668748969,267653397671.3668748969,7878.380755684222
7880,2024.7689709429,267653397671.7689709429,7879.947052564626
7881,2024.8898603018,267653397671.8898603018,7880.417956537949
7882,2025.2055396108,267653397672.2055396108,7881.647631690971
7883,2025.5598477485,267653397672.5598477485,7883.027778887896
7884,2025.7784307437,267653397672.7784307437,7883.8792318352625
7885,2025.9984703477,267653397672.9984703477,7884.736358754911
7886,2026.1843700463,267653397673.1843700463,7885.4604994692545
7887,2026.4892894853,267653397673.4892894853,7886.648261375473
7888,2026.8537634907,267653397673.8537634907,7888.0680079840895
7889,2027.0214277301,267653397674.0214277301,7888.721115563088
7890,2027.1227545385,267653397674.1227545385,7889.115816942216
7891,2027.4193223900,267653397674.4193223900,7890.27104665724
7892,2027.7867082562,267653397674.7867082562,7891.702135925234
7893,2028.2443076817,267653397675.2443076817,7893.484636797266
7894,2028.3549240746,267653397675.3549240746,7893.915524175653
7895,2028.5451670068,267653397675.5451670068,7894.656583219104
7896,2028.7876992527,267653397675.7876992527,7895.601326406533
7897,2029.1462186282,267653397676.1462186282,7896.997877765336
7898,2029.3966894940,267653397676.3966894940,7897.973544498787
7899,2029.5936169926,267653397676.5936169926,7898.740642135762
7900,2029.7417918852,267653397676.7417918852,7899.317832273149
7901,2029.9866270843,267653397676.9866270843,7900.27154622378
7902,2030.2102837559,267653397677.2102837559,7901.142762816168
7903,2030.3210090320,267653397677.3210090320,7901.574074330575
7904,2030.8658366340,267653397677.8658366340,7903.696357754798
7905,2031.0627379505,267653397678.0627379505,7904.463353403847
7906,2031.2146181345,267653397678.2146181345,7905.054976874809
7907,2031.5051559988,267653397678.5051559988,7906.18671779845
7908,2031.6827190080,267653397678.6827190080,7906.878384354618
7909,2031.9487507793,267653397678.9487507793,7907.914665953556
7910,2032.3604240282,267653397679.3604240282,7909.518269201868
7911,2032.5285693618,267653397679.5285693618,7910.173250801643
7912,2033.1909263793,267653397680.1909263793,7912.753350110118
7913,2033.3634588414,267653397680.3634588414,7913.425421024131
7914,2033.5165811043,267653397680.5165811043,7914.021882802571
7915,2033.6898870442,267653397680.6898870442,7914.696966668034
7916,2034.0218336785,267653397681.0218336785,7915.990008424941
7917,2034.0867808034,267653397681.0867808034,7916.242998923441
7918,2034.5321103868,267653397681.5321103868,7917.977704708715
7919,2034.8015546047,267653397681.8015546047,7919.027278914028
7920,2034.9187767020,267653397681.9187767020,7919.4838976924075
7921,2035.1707603960,267653397682.1707603960,7920.46545739127
7922,2035.5997948916,267653397682.5997948916,7922.136688428555
7923,2035.7122558177,267653397682.7122558177,7922.574760872864
7924,2036.0732132134,267653397683.0732132134,7923.980809125436
7925,2036.2890284878,267653397683.2890284878,7924.821480886324
7926,2036.5245243636,267653397683.5245243636,7925.738815088646
7927,2036.8874379177,267653397683.8874379177,7927.152483224155
7928,2037.0108091909,267653397684.0108091909,7927.633055073262
7929,2037.1934770817,267653397684.1934770817,7928.3446068290095
7930,2037.3916811114,267653397684.3916811114,7929.1166769761585
7931,2037.5745551502,267653397684.5745551502,7929.829031746441
7932,2037.8235799201,267653397684.8235799201,7930.79906545883
7933,2038.3926977123,267653397685.3926977123,7933.015967195056
7934,2038.5341404747,267653397685.5341404747,7933.5669334622135
7935,2038.8318030336,267653397685.8318030336,7934.726427424059
7936,2039.0228262666,267653397686.0228262666,7935.4705259968
7937,2039.2337051228,267653397686.2337051228,7936.291968778682
7938,2039.6348700918,267653397686.6348700918,7937.854638806711
7939,2039.9043347565,267653397686.9043347565,7938.904292659064
7940,2040.1451978809,267653397687.1451978809,7939.84253406707
7941,2040.2917226324,267653397687.2917226324,7940.41329635996
7942,2040.5518458059,267653397687.5518458059,7941.426562019316
7943,2040.6441795056,267653397687.6441795056,7941.78623227033
7944,2041.1602261847,267653397688.1602261847,7943.796404495747
7945,2041.3291212697,267653397688.3291212697,7944.454306624812
7946,2041.5355427702,267653397688.5355427702,7945.258386534322
7947,2041.9057686652,267653397688.9057686652,7946.700538652338
7948,2042.0783229996,267653397689.0783229996,7947.372694766183
7949,2042.3887031388,267653397689.3887031388,7948.581727902932
7950,2042.6314123046,267653397689.6314123046,7949.527160251796
7951,2042.9186128646,267653397689.9186128646,7950.6459012731375
7952,2043.1112487366,267653397690.1112487366,7951.3962816073135
7953,2043.4612597356,267653397690.4612597356,7952.759690029992
7954,2043.6912799884,267653397690.6912799884,7953.655694872556
7955,2044.0544493441,267653397691.0544493441,7955.070359439769
7956,2044.2749204981,267653397691.2749204981,7955.929167389177
7957,2044.6419651132,267653397691.6419651132,7957.3589273714515
7958,2044.6743775496,267653397691.6743775496,7957.485184514551
7959,2045.0588838822,267653397692.0588838822,7958.982963652745
7960,2045.2956948476,267653397692.2956948476,7959.905420563332
7961,2045.4853777429,267653397692.4853777429,7960.644298078122
7962,2045.9212377334,267653397692.9212377334,7962.342116671979
7963,2046.0033051623,267653397693.0033051623,7962.661796408072
7964,2046.2905007426,267653397693.2905007426,7963.780518031838
7965,2046.4540408553,267653397693.4540408553,7964.417560775461
7966,2046.6646651209,267653397693.6646651209,7965.2380118428855
7967,2047.0834126537,267653397694.0834126537,7966.869171763079
7968,2047.2396391414,267653397694.2396391414,7967.4777255222025
7969,2047.2767179430,267653397694.2767179430,7967.622159698696
7970,2047.7799802464,267653397694.7799802464,7969.582532559072
7971,2047.9801335349,267653397694.9801335349,7970.362195712938
7972,2048.3813828692,267653397695.3813828692,7971.925194371673
7973,2048.4994974391,267653397695.4994974391,7972.385289625544
7974,2048.8097234124,267653397695.8097234124,7973.593722235204
7975,2048.9128038395,267653397695.9128038395,7973.995254538255
7976,2049.2287408389,267653397696.2287408389,7975.225933480486
7977,2049.3885290914,267653397696.3885290914,7975.84836148968
7978,2049.8838061567,267653397696.8838061567,7977.777629210751
7979,2050.0056592470,267653397697.0056592470,7978.252287236125
7980,2050.3392984621,267653397697.3392984621,7979.55192215418
7981,2050.4384180223,267653397697.4384180223,7979.938025572687
7982,2050.9167405303,267653397697.9167405303,7981.801249694296
7983,2051.0826056326,267653397698.0826056326,7982.447349040175
7984,2051.5633196251,267653397698.5633196251,7984.319888783633
7985,2051.7735536629,267653397698.7735536629,7985.138819784915
7986,2051.9478204334,267653397698.9478204334,7985.817646402855
7987,2052.2560530890,267653397699.2560530890,7987.018314381836
7988,2052.5684695627,267653397699.5684695627,7988.235279713907
7989,2052.8357480257,267653397699.8357480257,7989.276417588707
7990,2053.0183283174,267653397700.0183283174,7989.987628117035
7991,2053.2422889492,267653397700.2422889492,7990.86002873478
7992,2053.3706865117,267653397700.3706865117,7991.360179640506
7993,2053.6621974744,267653397700.6621974744,7992.495711103759
7994,2053.7843869303,267653397700.7843869303,7992.971679384222
7995,2054.0699314213,267653397701.0699314213,7994.083969469938
7996,2054.2717283250,267653397701.2717283250,7994.8700350477675
7997,2054.8886456590,267653397701.8886456590,7997.273131783803
7998,2055.0702754161,267653397702.0702754161,7997.980639665977
7999,2055.1590200691,267653397702.1590200691,7998.32632939491
8000,2055.5898146478,267653397702.5898146478,8000.004416537095
8001,2055.8473116676,267653397702.8473116676,8001.007452460576
8002,2055.9474853351,267653397702.9474853351,8001.397661975107
8003,2056.2065577659,267653397703.2065577659,8002.406834644671
8004,2056.5196593633,267653397703.5196593633,8003.626468759799
8005,2056.8208373946,267653397703.8208373946,8004.799656647534
8006,2057.0861248065,267653397704.0861248065,8005.83303872081
8007,2057.3415180639,267653397704.3415180639,8006.827879795033
8008,2057.4756139619,267653397704.4756139619,8007.350227599253
8009,2057.7496734991,267653397704.7496734991,8008.417779997328
8010,2057.9342524038,267653397704.9342524038,8009.136775783278
8011,2058.1955710106,267653397705.1955710106,8010.1546980501
8012,2058.4142368276,267653397705.4142368276,8011.006473615731
8013,2058.8625062186,267653397705.8625062186,8012.752630922405
8014,2059.0402250151,267653397706.0402250151,8013.444904321553
8015,2059.2545479490,267653397706.2545479490,8014.279762923392
8016,2059.5459494523,267653397706.5459494523,8015.414868006136
8017,2059.7110551987,267653397706.7110551987,8016.05800941003
8018,2060.1334945556,267653397707.1334945556,8017.703550204221
8019,2060.3371287582,267653397707.3371287582,8018.496772667984
8020,2060.7127199805,267653397707.7127199805,8019.95982450759
8021,2060.7901227563,267653397707.7901227563,8020.261333879485
8022,2061.1661626740,267653397708.1661626740,8021.726133535844
8023,2061.5797167271,267653397708.5797167271,8023.337063137606
8024,2061.7278409724,267653397708.7278409724,8023.9140559870375
8025,2061.9493544715,267653397708.9493544715,8024.776924214818
8026,2062.1509429495,267653397709.1509429495,8025.56217790572
8027,2062.4685002832,267653397709.4685002832,8026.799168585122
8028,2062.9033345255,267653397709.9033345255,8028.492991551019
8029,2063.0657446317,267653397710.0657446317,8029.125632546172
8030,2063.2591484518,267653397710.2591484518,8029.8790042917935
8031,2063.4087647364,267653397710.4087647364,8030.461809127005
8032,2063.7854105382,267653397710.7854105382,8031.928968902011
8033,2063.9815815609,267653397710.9815815609,8032.693119815553
8034,2064.0941181872,267653397711.0941181872,8033.13148713714
8035,2064.4224953744,267653397711.4224953744,8034.4106247188865
8036,2064.8811686577,267653397711.8811686577,8036.197308621671
8037,2065.0186080181,267653397712.0186080181,8036.732680316027
8038,2065.1902078371,267653397712.1902078371,8037.401118277187
8039,2065.4280980109,267653397712.4280980109,8038.327779060875
8040,2065.7110058911,267653397712.7110058911,8039.42979867686
8041,2065.9080431860,267653397712.9080431860,8040.197324006684
8042,2066.0997764030,267653397713.0997764030,8040.94418820156
8043,2066.3557535054,267653397713.3557535054,8041.941303544859
8044,2066.7449629565,267653397713.7449629565,8043.457402882691
8045,2066.8385273806,267653397713.8385273806,8043.821867211657
8046,2067.1935782122,267653397714.1935782122,8045.204907446586
8047,2067.6316862624,267653397714.6316862624,8046.91148297534
8048,2068.0559656445,267653397715.0559656445,8048.564191275304
8049,2068.1653509352,267653397715.1653509352,8048.990283104088
8050,2068.3081649175,267653397715.3081649175,8049.546590725566
8051,2068.5951190316,267653397715.5951190316,8050.664371758749
8052,2068.7314876270,267653397715.7314876270,8051.195572469839
8053,2069.0685905174,267653397716.0685905174,8052.508699546976
8054,2069.1811840786,267653397716.1811840786,8052.9472886488
8055,2069.7301220159,267653397716.7301220159,8055.0855831863555
8056,2069.9731989366,267653397716.9731989366,8056.032448062
8057,2070.1047104699,267653397717.1047104699,8056.5447289122985
8058,2070.3150831339,267653397717.3150831339,8057.364199908408
8059,2070.7042837766,267653397717.7042837766,8058.880264934615
8060,2071.0186646169,267653397718.0186646169,8060.104882123276
8061,2071.1117627775,267653397718.1117627775,8060.46753020194
8062,2071.5089151807,267653397718.5089151807,8062.014569961145
8063,2071.7154686243,267653397718.7154686243,8062.819163832604
8064,2071.7697975943,267653397718.7697975943,8063.030793111414
8065,2072.2863537434,267653397719.2863537434,8065.042949890729
8066,2072.4871658185,267653397719.4871658185,8065.825179235951
8067,2072.7022154294,267653397719.7022154294,8066.662868484671
8068,2072.9633639603,267653397719.9633639603,8067.680128249702
8069,2073.2338194380,267653397720.2338194380,8068.733641645884
8070,2073.4904250434,267653397720.4904250434,8069.7332052159145
8071,2073.6197787017,267653397720.6197787017,8070.237080430509
8072,2074.0363503629,267653397721.0363503629,8071.859764612305
8073,2074.1321030311,267653397721.1321030311,8072.23275287465
8074,2074.4521706435,267653397721.4521706435,8073.479521918542
8075,2074.8527563029,267653397721.8527563029,8075.039935344386
8076,2075.1255380439,267653397722.1255380439,8076.1025103043075
8077,2075.2638026045,267653397722.2638026045,8076.641096425942
8078,2075.5111266145,267653397722.5111266145,8077.604505116897
8079,2075.7623691761,267653397722.7623691761,8078.583177860329
8080,2075.9544494949,267653397722.9544494949,8079.331394131338
8081,2076.1892079445,267653397723.1892079445,8080.245855815101
8082,2076.3060588501,267653397723.3060588501,8080.7010286792365
8083,2076.7061495425,267653397723.7061495425,8082.259514045167
8084,2076.9891106048,267653397723.9891106048,8083.361740822995
8085,2077.1429421798,267653397724.1429421798,8083.960965606299
8086,2077.4406643320,267653397724.4406643320,8085.120691703734
8087,2077.7052231858,267653397724.7052231858,8086.1512358026275
8088,2077.9393758928,267653397724.9393758928,8087.063337918934
8089,2078.4114396615,267653397725.4114396615,8088.902182184199
8090,2078.7913175233,267653397725.7913175233,8090.381931900207
8091,2078.9840207891,267653397725.9840207891,8091.132574755493
8092,2079.0979104440,267653397726.0979104440,8091.5762125702795
8093,2079.4955842045,267653397726.4955842045,8093.125283188335
8094,2079.7450221156,267653397726.7450221156,8094.096926222132
8095,2079.9950088829,267653397726.9950088829,8095.070707232075
8096,2080.1371535419,267653397727.1371535419,8095.624407618275
8097,2080.4599136079,267653397727.4599136079,8096.881664658049
8098,2080.7963428718,267653397727.7963428718,8098.192167737524
8099,2081.0031209533,267653397728.0031209533,8098.997636647786
8100,2081.2174760298,267653397728.2174760298,8099.832620455668
8101,2081.3502160372,267653397728.3502160372,8100.349686618257
8102,2081.6675071536,267653397728.6675071536,8101.585640293368
8103,2081.9242832129,267653397728.9242832129,8102.585867837628
8104,2082.1002025460,267653397729.1002025460,8103.271131732613
8105,2082.3617843585,267653397729.3617843585,8104.290079272556
8106,2082.6818932214,267653397729.6818932214,8105.537009000769
8107,2082.9799181560,267653397729.9799181560,8106.697914535639
8108,2083.0976925887,267653397730.0976925887,8107.156684842798
8109,2083.4099309405,267653397730.4099309405,8108.372956331255
8110,2083.7696174565,267653397730.7696174565,8109.774054087733
8111,2083.9595443996,267653397730.9595443996,8110.513882249298
8112,2084.2772850559,267653397731.2772850559,8111.751587030769
8113,2084.4089425953,267653397731.4089425953,8112.2644366230425
8114,2084.7786158392,267653397731.7786158392,8113.704435982535
8115,2085.0048875514,267653397732.0048875514,8114.5858390216135
8116,2085.2344444580,267653397732.2344444580,8115.480038977726
8117,2085.5295917059,267653397732.5295917059,8116.629734972622
8118,2085.7658579116,267653397732.7658579116,8117.550069864292
8119,2085.9344050172,267653397732.9344050172,8118.206616498686
8120,2086.0125892558,267653397733.0125892558,8118.511169926245
8121,2086.5278292017,267653397733.5278292017,8120.51819965946
8122,2086.8672628986,267653397733.8672628986,8121.840405997603
8123,2087.2216067715,267653397734.2216067715,8123.220692394945
8124,2087.3472410262,267653397734.3472410262,8123.710079304286
8125,2087.5831848359,267653397734.5831848359,8124.629158357074
8126,2087.7768187374,267653397734.7768187374,8125.383426345729
8127,2088.0947250396,267653397735.0947250396,8126.621776372682
8128,2088.4775661072,267653397735.4775661072,8128.113068753802
8129,2088.6620231378,267653397735.6620231378,8128.83158979989
8130,2088.8526013337,267653397735.8526013337,8129.57395480617
8131,2089.0048684250,267653397736.0048684250,8130.167085408837
8132,2089.4110781767,267653397736.4110781767,8131.749406531397
8133,2089.5389206719,267653397736.5389206719,8132.247395266697
8134,2089.8034213397,267653397736.8034213397,8133.277712711907
8135,2090.2622736975,267653397737.2622736975,8135.065094169011
8136,2090.5817585802,267653397737.5817585802,8136.309593288294
8137,2090.7297814899,267653397737.7297814899,8136.886191402104
8138,2091.0745584643,267653397738.0745584643,8138.229211570581
8139,2091.3401778195,267653397738.3401778195,8139.263886672631
8140,2091.4245464912,267653397738.4245464912,8139.592530509355
8141,2091.6630318792,267653397738.6630318792,8140.521509848909
8142,2092.0953423723,267653397739.0953423723,8142.20550197828
8143,2092.2961191395,267653397739.2961191395,8142.987593787574
8144,2092.3281562947,267653397739.3281562947,8143.112389086475
8145,2092.5540012068,267653397739.5540012068,8143.992129598225
8146,2092.8890646592,267653397739.8890646592,8145.297312390888
8147,2093.1115249781,267653397740.1115249781,8146.163868794455
8148,2093.4437469435,267653397740.4437469435,8147.457983056929
8149,2093.5999070209,267653397740.5999070209,8148.066278126008
8150,2093.9294530527,267653397740.9294530527,8149.349968743456
8151,2094.1886917203,267653397741.1886917203,8150.359788960256
8152,2094.4620939884,267653397741.4620939884,8151.424781078147
8153,2094.6805084063,267653397741.6805084063,8152.275577361271
8154,2095.0425056245,267653397742.0425056245,8153.685676065867
8155,2095.1948250010,267653397742.1948250010,8154.279010336652
8156,2095.4997283733,267653397742.4997283733,8155.466709657783
8157,2095.7427050144,267653397742.7427050144,8156.413183911275
8158,2095.8286369660,267653397742.8286369660,8156.74791723944
8159,2096.2709922479,267653397743.2709922479,8158.471037138206
8160,2096.7817135502,267653397743.7817135502,8160.460465262443
8161,2096.9236352911,267653397743.9236352911,8161.013297309032
8162,2097.2168591494,267653397744.2168591494,8162.155501066291
8163,2097.5042532826,267653397744.5042532826,8163.274996119179
8164,2097.6416790046,267653397744.6416790046,8163.8103146874655
8165,2097.8301892078,267653397744.8301892078,8164.5446241792815
8166,2098.1527262853,267653397745.1527262853,8165.801012605217
8167,2098.2692490413,267653397745.2692490413,8166.254907218298
8168,2098.7181573881,267653397745.7181573881,8168.003553468821
8169,2099.0293278942,267653397746.0293278942,8169.215665345653
8170,2099.1339117696,267653397746.1339117696,8169.623054076308
8171,2099.4337452506,267653397746.4337452506,8170.791004496632
8172,2099.6549607890,267653397746.6549607890,8171.652712069098
8173,2099.8990282803,267653397746.8990282803,8172.603435544343
8174,2100.1662450211,267653397747.1662450211,8173.644332990799
8175,2100.3551216678,267653397747.3551216678,8174.380069901056
8176,2100.4823971711,267653397747.4823971711,8174.875850015674
8177,2100.9415209932,267653397747.9415209932,8176.664288915873
8178,2101.0736029489,267653397748.0736029489,8177.178791749788
8179,2101.4259912513,267653397748.4259912513,8178.551460554261
8180,2101.7002484799,267653397748.7002484799,8179.619783025628
8181,2102.0892078282,267653397749.0892078282,8181.1349081304725
8182,2102.2121903934,267653397749.2121903934,8181.613965833564
8183,2102.5621777813,267653397749.5621777813,8182.977282283224
8184,2102.6156502182,267653397749.6156502182,8183.1855750827635
8185,2102.9157038825,267653397749.9157038825,8184.3543831897505
8186,2103.2211116307,267653397750.2211116307,8185.544047221569
8187,2103.5239185459,267653397750.5239185459,8186.723580149998
8188,2103.7646796688,267653397750.7646796688,8187.661424228489
8189,2103.9722023777,267653397750.9722023777,8188.469793708368
8190,2104.1799004418,267653397751.1799004418,8189.27884625466
8191,2104.5365161445,267653397751.5365161445,8190.667982179286
8192,2104.7553437191,267653397751.7553437191,8191.520387844191
8193,2104.8624131511,267653397751.8624131511,8191.937458638591
8194,2105.0833948286,267653397752.0833948286,8192.798255245625
8195,2105.3720681193,267653397752.3720681193,8193.922733039384
8196,2105.8931968313,267653397752.8931968313,8195.952701461169
8197,2106.0620226803,267653397753.0620226803,8196.610333893155
8198,2106.2338489220,267653397753.2338489220,8197.279653845508
8199,2106.7256898969,267653397753.7256898969,8199.195536859812
8200,2107.0323280809,267653397754.0323280809,8200.38999384539
8201,2107.2581519322,267653397754.2581519322,8201.269652318371
8202,2107.3521367998,267653397754.3521367998,8201.635754413614
8203,2107.7912685292,267653397754.7912685292,8203.346317510905
8204,2107.9670070693,267653397754.9670070693,8204.030877157455
8205,2108.1481418907,267653397755.1481418907,8204.736457101642
8206,2108.3351328810,267653397755.3351328810,8205.464848757536
8207,2108.6188071775,267653397755.6188071775,8206.569853818104
8208,2108.8336083738,267653397755.8336083738,8207.40657540993
8209,2109.2174993090,267653397756.2174993090,8208.901957372047
8210,2109.3668868309,267653397756.3668868309,8209.483871101002
8211,2109.6026401618,267653397756.6026401618,8210.402208175967
8212,2110.0635986142,267653397757.0635986142,8212.197793567022
8213,2110.2871771604,267653397757.2871771604,8213.06870583519
8214,2110.4982800417,267653397757.4982800417,8213.891021268822
8215,2110.6019138329,267653397757.6019138329,8214.29470910778
8216,2110.7850509248,267653397757.7850509248,8215.008088556762
8217,2111.2054987981,267653397758.2054987981,8216.64587186471
8218,2111.3564775120,267653397758.3564775120,8217.233983811953
8219,2111.5433268969,267653397758.5433268969,8217.961823868054
8220,2111.8865396418,267653397758.8865396418,8219.29875084609
8221,2112.1568516206,267653397759.1568516206,8220.351705266676
8222,2112.3372329215,267653397759.3372329215,8221.054349999687
8223,2112.6152860725,267653397759.6152860725,8222.137458842302
8224,2112.9315325784,267653397759.9315325784,8223.369343414568
8225,2113.2642321984,267653397760.2642321984,8224.665318299447
8226,2113.4908803766,267653397760.4908803766,8225.548187797916
8227,2113.7169686364,267653397760.7169686364,8226.42887622932
8228,2113.9970347767,267653397760.9970347767,8227.519826329995
8229,2114.2726112595,267653397761.2726112595,8228.59328773212
8230,2114.7736321322,267653397761.7736321322,8230.544929479769
8231,2114.9151714525,267653397761.9151714525,8231.096271871838
8232,2115.1770823203,267653397762.1770823203,8232.116501190842
8233,2115.3245766600,267653397762.3245766600,8232.691040349957
8234,2115.5851224629,267653397762.5851224629,8233.7059522904
8235,2115.6921996491,267653397762.6921996491,8234.12305328997
8236,2116.0470252192,267653397763.0470252192,8235.50521605698
8237,2116.4046015900,267653397763.4046015900,8236.898094101092
8238,2116.6083182659,267653397763.6083182659,8237.691637825601
8239,2116.8387514660,267653397763.8387514660,8238.589251234273
8240,2117.2365600780,267653397764.2365600780,8240.13884714346
8241,2117.4137771118,267653397764.4137771118,8240.829166011205
8242,2117.5837909817,267653397764.5837909817,8241.49142617691
8243,2117.7109078063,267653397764.7109078063,8241.986588185591
8244,2118.0505628573,267653397765.0505628573,8243.309656771056
8245,2118.3376666147,267653397765.3376666147,8244.428020714318
8246,2118.8145276650,267653397765.8145276650,8246.285551975598
8247,2119.0145843684,267653397766.0145843684,8247.064838898612
8248,2119.2030071998,267653397766.2030071998,8247.798808048417
8249,2119.4381371957,267653397766.4381371957,8248.714717027719
8250,2119.7096513143,267653397766.7096513143,8249.7723541798
8251,2119.9272658970,267653397766.9272658970,8250.6200348407
8252,2120.1188238635,267653397767.1188238635,8251.366216377013
8253,2120.4964987387,267653397767.4964987387,8252.83738473275
8254,2120.6063128062,267653397767.6063128062,8253.265146788763
8255,2120.8727851737,267653397767.8727851737,8254.30314465541
8256,2121.2147061409,267653397768.2147061409,8255.635039732731
8257,2121.4013280826,267653397768.4013280826,8256.361993822462
8258,2121.5608224670,267653397768.5608224670,8256.983277118372
8259,2121.9378399553,267653397768.9378399553,8258.451884735048
8260,2122.0675986028,267653397769.0675986028,8258.957337516316
8261,2122.4821271767,267653397769.4821271767,8260.572063198417
8262,2122.6628213197,267653397769.6628213197,8261.275926554717
8263,2122.8788320664,267653397769.8788320664,8262.117359744774
8264,2123.3844491216,267653397770.3844491216,8264.086905141026
8265,2123.5485223937,267653397770.5485223937,8264.726024716581
8266,2123.6175938892,267653397770.6175938892,8264.995081000532
8267,2124.0837511628,267653397771.0837511628,8266.810917516936
8268,2124.3372301410,267653397771.3372301410,8267.798301841547
8269,2124.4229597721,267653397771.4229597721,8268.132247064554
8270,2124.9111057933,267653397771.9111057933,8270.033737014044
8271,2125.1296388380,267653397772.1296388380,8270.884995387732
8272,2125.4507749539,267653397772.4507749539,8272.13592660561
8273,2125.7396194656,267653397772.7396194656,8273.261071361709
8274,2125.8870752313,267653397772.8870752313,8273.835460262357
8275,2126.1854019579,267653397773.1854019579,8274.997541376732
8276,2126.5579053600,267653397773.5579053600,8276.448565137007
8277,2126.7679935017,267653397773.7679935017,8277.266927824809
8278,2126.8393348830,267653397773.8393348830,8277.544826063518
8279,2127.0403386987,267653397774.0403386987,8278.327802301701
8280,2127.3105173603,267653397774.3105173603,8279.380237407771
8281,2127.6114284214,267653397774.6114284214,8280.552385358431
8282,2127.9450868029,267653397774.9450868029,8281.852094935959
8283,2128.0482963831,267653397775.0482963831,8282.254130332989
8284,2128.2164210465,267653397775.2164210465,8282.90903141552
8285,2128.5864229405,267653397775.5864229405,8284.35031097569
8286,2128.8355966517,267653397775.8355966517,8285.32092486364
8287,2129.0030680325,267653397776.0030680325,8285.973281194714
8288,2129.4378872181,267653397776.4378872181,8287.66704550981
8289,2129.6333837572,267653397776.6333837572,8288.428569087007
8290,2129.9601042542,267653397776.9601042542,8289.70125331336
8291,2130.2073833529,267653397777.2073833529,8290.66448705998
8292,2130.5591004476,267653397777.5591004476,8292.03454128882
8293,2130.7027319065,267653397777.7027319065,8292.59403325161
8294,2130.8417330896,267653397777.8417330896,8293.135488761136
8295,2131.1858318384,267653397778.1858318384,8294.475867016945
8296,2131.5316285098,267653397778.5316285098,8295.822859241973
8297,2131.6521558021,267653397778.6521558021,8296.292352846334
8298,2131.9281714602,267653397778.9281714602,8297.367524981282
8299,2132.0867013620,267653397779.0867013620,8297.985051298972
8300,2132.4960191658,267653397779.4960191658,8299.579479310822
8301,2132.7915648755,267653397779.7915648755,8300.730727446018
8302,2132.9570482201,267653397779.9570482201,8301.375339719598
8303,2133.4291529694,267653397780.4291529694,8303.214343617848
8304,2133.6808271466,267653397780.6808271466,8304.194697646579
8305,2133.8503647708,267653397780.8503647708,8304.855102678019
8306,2134.1067468619,267653397781.1067468619,8305.85379558605
8307,2134.3045204753,267653397781.3045204753,8306.62418911959
8308,2134.4978517806,267653397781.4978517806,8307.377278396127
8309,2134.7589241710,267653397781.7589241710,8308.394241568776
8310,2135.0740865204,267653397782.0740865204,8309.621902993465
8311,2135.2425010923,267653397782.2425010923,8310.277933365338
8312,2135.6974471866,267653397782.6974471866,8312.050098636186
8313,2135.8968310924,267653397782.8968310924,8312.826764790378
8314,2136.2341870830,267653397783.2341870830,8314.140877776386
8315,2136.4139881621,267653397783.4139881621,8314.841262353886
8316,2136.6928672753,267653397783.6928672753,8315.927588592027
8317,2136.8049886608,267653397783.8049886608,8316.364338413581
8318,2137.1481892737,267653397784.1481892737,8317.701218133476
8319,2137.3860746212,267653397784.3860746212,8318.627860117142
8320,2137.6751471876,267653397784.6751471876,8319.753893221607
8321,2137.9606458299,267653397784.9606458299,8320.86600471151
8322,2138.1183552131,267653397785.1183552131,8321.4803348383
8323,2138.2423203494,267653397785.2423203494,8321.963219980296
8324,2138.7048133120,267653397785.7048133120,8323.76478279532
8325,2139.0346328509,267653397786.0346328509,8325.04953881325
8326,2139.1660240304,267653397786.1660240304,8325.561350845759
8327,2139.3861699192,267653397786.3861699192,8326.418891779815
8328,2139.6222007271,267653397786.6222007271,8327.338309719327
8329,2139.7419967434,267653397786.7419967434,8327.804954762187
8330,2140.0229240221,267653397787.0229240221,8328.899259281301
8331,2140.1947086510,267653397787.1947086510,8329.568417138058
8332,2140.4531697847,267653397787.4531697847,8330.575208603566
8333,2141.0330121956,267653397788.0330121956,8332.833886271175
8334,2141.2612303492,267653397788.2612303492,8333.722871342274
8335,2141.5520474617,267653397788.5520474617,8334.855700029888
8336,2141.7446926370,267653397788.7446926370,8335.606116603502
8337,2142.0269922071,267653397789.0269922071,8336.70576665078
8338,2142.3992279996,267653397789.3992279996,8338.155747983295
8339,2142.7785496845,267653397789.7785496845,8339.63333120663
8340,2142.8771630562,267653397789.8771630562,8340.01746285378
8341,2143.0571546331,267653397790.0571546331,8340.71858948312
8342,2143.3720791793,267653397790.3720791793,8341.945324585819
8343,2143.6239942276,267653397790.6239942276,8342.926616887027
8344,2143.8188525966,267653397790.8188525966,8343.685654580948
8345,2144.0818247811,267653397791.0818247811,8344.710018078975
8346,2144.3341954100,267653397791.3341954100,8345.693085017063
8347,2144.4551986017,267653397791.4551986017,8346.164432406742
8348,2144.8227674862,267653397791.8227674862,8347.596234591478
8349,2145.0719854927,267653397792.0719854927,8348.56702102425
8350,2145.3703964640,267653397792.3703964640,8349.729430299556
8351,2145.5546961617,267653397792.5546961617,8350.44733848205
8352,2145.9194215027,267653397792.9194215027,8351.86806412585
8353,2146.1006573013,267653397793.1006573013,8352.574037409582
8354,2146.4476283812,267653397793.4476283812,8353.925604343538
8355,2146.6599281806,267653397793.6599281806,8354.752582168425
8356,2146.7726768495,267653397793.7726768495,8355.191775465966
8357,2147.1073357435,267653397794.1073357435,8356.495382370078
8358,2147.2934018883,267653397794.2934018883,8357.220171447349
8359,2147.5523262533,267653397794.5523262533,8358.228767351738
8360,2147.8393724907,267653397794.8393724907,8359.346907235611
8361,2148.0235155507,267653397795.0235155507,8360.064205262539
8362,2148.5246809633,267653397795.5246809633,8362.016410040838
8363,2148.7394449306,267653397795.7394449306,8362.852986613421
8364,2149.0108920770,267653397796.0108920770,8363.910362886672
8365,2149.1832064253,267653397796.1832064253,8364.58158417542
8366,2149.3678356695,267653397796.3678356695,8365.300776050357
8367,2149.6534043698,267653397796.6534043698,8366.413160439308
8368,2149.9418342202,267653397796.9418342202,8367.536689952714
8369,2150.1900237551,267653397797.1900237551,8368.503470148982
8370,2150.3249284544,267653397797.3249284544,8369.028968501358
8371,2150.6865061051,267653397797.6865061051,8370.437432852
8372,2151.0496166300,267653397798.0496166300,8371.851868253845
8373,2151.1531767171,267653397798.1531767171,8372.255268990997
8374,2151.4479897515,267653397798.4479897515,8373.403663113957
8375,2151.8387420625,267653397798.8387420625,8374.925772400607
8376,2152.0794536943,267653397799.0794536943,8375.863423694926
8377,2152.1740671683,267653397799.1740671683,8376.231974419677
8378,2152.5737090455,267653397799.5737090455,8377.788711502215
8379,2152.7892883496,267653397799.7892883496,8378.628464080875
8380,2153.2798772665,267653397800.2798772665,8380.539469915826
8381,2153.4508587940,267653397800.4508587940,8381.20549942743
8382,2153.6291905448,267653397800.6291905448,8381.900160485997
8383,2153.7959819348,267653397800.7959819348,8382.54986802836
8384,2154.1177392289,267653397801.1177392289,8383.80321894046
8385,2154.3821141564,267653397801.3821141564,8384.83304658569
8386,2154.6779986231,267653397801.6779986231,8385.98561429127
8387,2154.9050781612,267653397801.9050781612,8386.870164079002
8388,2155.1124415495,267653397802.1124415495,8387.67791295254
8389,2155.3754146776,267653397802.3754146776,8388.702280126201
8390,2155.5145823189,267653397802.5145823189,8389.244384045387
8391,2155.8231941821,267653397802.8231941821,8390.446529163211
8392,2156.0277936292,267653397803.0277936292,8391.243511573059
8393,2156.3594401312,267653397803.3594401312,8392.535384215571
8394,2156.5167465165,267653397803.5167465165,8393.148144532464
8395,2156.9141732571,267653397803.9141732571,8394.696252926455
8396,2157.0331898932,267653397804.0331898932,8395.159862026067
8397,2157.3047745217,267653397804.3047745217,8396.2177738375
8398,2157.5921098198,267653397804.5921098198,8397.337039708253
8399,2157.8451343961,267653397804.8451343961,8398.322653987416
8400,2158.1268746582,267653397805.1268746582,8399.420125345341
8401,2158.2747488379,267653397805.2747488379,8399.996144106693
8402,2158.6789581099,267653397805.6789581099,8401.570672700234
8403,2158.8782718092,267653397805.8782718092,8402.347065376927
8404,2159.3272468934,267653397806.3272468934,8404.095971591678
8405,2159.5186221078,267653397806.5186221078,8404.841441248218
8406,2159.6549001124,267653397806.6549001124,8405.372289078234
8407,2159.9924106437,267653397806.9924106437,8406.687004051306
8408,2160.1304288080,267653397807.1304288080,8407.224630377994
8409,2160.5481738782,267653397807.5481738782,8408.851885375352
8410,2160.8078272011,267653397807.8078272011,8409.863320811484
8411,2161.1393752583,267653397808.1393752583,8411.154809978994
8412,2161.4076838321,267653397808.4076838321,8412.199960475544
8413,2161.6761555266,267653397808.6761555266,8413.245746381084
8414,2161.7923031434,267653397808.7923031434,8413.698179703108
8415,2162.1419868048,267653397809.1419868048,8415.060313037764
8416,2162.3202901989,267653397809.3202901989,8415.754863637623
8417,2162.4360401978,267653397809.4360401978,8416.205748106624
8418,2162.7757673618,267653397809.7757673618,8417.529097596045
8419,2162.9912281456,267653397809.9912281456,8418.368388499002
8420,2163.2294983687,267653397810.2294983687,8419.296529700227
8421,2163.6316791730,267653397810.6316791730,8420.863156742233
8422,2163.7535411597,267653397810.7535411597,8421.33784942203
8423,2163.9975362848,267653397810.9975362848,8422.288291007038
8424,2164.1906261546,267653397811.1906261546,8423.040439812581
8425,2164.5484366869,267653397811.5484366869,8424.43422999307
8426,2165.1022794606,267653397812.1022794606,8426.591630488123
8427,2165.2590180038,267653397812.2590180038,8427.202178872523
8428,2165.4403751526,267653397812.4403751526,8427.908624855358
8429,2165.7305512740,267653397812.7305512740,8429.038956670971
8430,2165.8834065875,267653397812.8834065875,8429.634378593359
8431,2166.0980470201,267653397813.0980470201,8430.470473957492
8432,2166.2258354567,267653397813.2258354567,8430.9682521167
8433,2166.5772596640,267653397813.5772596640,8432.337165452405
8434,2166.8515643069,267653397813.8515643069,8433.405672618139
8435,2167.0165330981,267653397814.0165330981,8434.048280536314
8436,2167.3505557613,267653397814.3505557613,8435.349409111364
8437,2167.4684904677,267653397814.4684904677,8435.808803737516
8438,2167.8848856379,267653397814.8848856379,8437.43080042861
8439,2168.1954653475,267653397815.1954653475,8438.640610957993
8440,2168.3993345737,267653397815.3993345737,8439.434748916301
8441,2168.6139342260,267653397815.6139342260,8440.2706854277
8442,2168.8851091168,267653397815.8851091168,8441.327001175488
8443,2169.3135830391,267653397816.3135830391,8442.99604859469
8444,2169.4393998191,267653397816.4393998191,8443.486146500356
8445,2169.6872585657,267653397816.6872585657,8444.451638166964
8446,2170.1172811276,267653397817.1172811276,8446.126718048805
8447,2170.4105031167,267653397817.4105031167,8447.268914524926
8448,2170.6259187607,267653397817.6259187607,8448.108029593455
8449,2170.8670493207,267653397817.8670493207,8449.047312751456
8450,2171.0284452197,267653397818.0284452197,8449.676003074661
8451,2171.2642256485,267653397818.2642256485,8450.594445704903
8452,2171.5220097054,267653397818.5220097054,8451.598599732693
8453,2171.8092531827,267653397818.8092531827,8452.717507931113
8454,2172.1288942014,267653397819.1288942014,8453.96261525169
8455,2172.4310432376,267653397819.4310432376,8455.13958552418
8456,2172.6457857967,267653397819.6457857967,8455.976078704756
8457,2172.8485914355,267653397819.8485914355,8456.766073638923
8458,2173.0360361110,267653397820.0360361110,8457.496232548494
8459,2173.3172930224,267653397820.3172930224,8458.591821095833
8460,2173.5657257730,267653397820.5657257730,8459.55954869757
8461,2173.7598294648,267653397820.7598294648,8460.31564667459
8462,2173.9965999980,267653397820.9965999980,8461.237946088426
8463,2174.2021396609,267653397821.2021396609,8462.038590949298
8464,2174.5529723821,267653397821.5529723821,8463.405200251324
8465,2174.8332630240,267653397821.8332630240,8464.497024859877
8466,2175.1254699416,267653397822.1254699416,8465.635267297306
8467,2175.2887589930,267653397822.2887589930,8466.271332074271
8468,2175.5418518139,267653397822.5418518139,8467.25721218869
8469,2175.7056360170,267653397822.7056360170,8467.895205745037
8470,2176.2344867030,267653397823.2344867030,8469.955253805545
8471,2176.3703335127,267653397823.3703335127,8470.484421989036
8472,2176.6168711592,267653397823.6168711592,8471.444767534498
8473,2176.7565993412,267653397823.7565993412,8471.989054944816
8474,2177.2610337172,267653397824.2610337172,8473.953993415053
8475,2177.5118738284,267653397824.5118738284,8474.931098481293
8476,2177.7344916654,267653397824.7344916654,8475.798268469887
8477,2177.9888596457,267653397824.9888596457,8476.789115751255
8478,2178.1701517080,267653397825.1701517080,8477.495308200681
8479,2178.5193953389,267653397825.5193953389,8478.855727471237
8480,2178.9250615499,267653397825.9250615499,8480.435931323302
8481,2178.9514922275,267653397825.9514922275,8480.538887540564
8482,2179.2443506640,267653397826.2443506640,8481.679667859256
8483,2179.3722353926,267653397826.3722353926,8482.177821107603
8484,2179.5017856887,267653397826.5017856887,8482.68246229137
8485,2180.0323351347,267653397827.0323351347,8484.749127583049
8486,2180.3435174703,267653397827.3435174703,8485.961285539704
8487,2180.5271146393,267653397827.5271146393,8486.676457140926
8488,2180.8937069728,267653397827.8937069728,8488.104455337045
8489,2181.1306960071,267653397828.1306960071,8489.02760588482
8490,2181.2746377615,267653397828.2746377615,8489.588306551053
8491,2181.6891240376,267653397828.6891240376,8491.20286746927
8492,2181.7505227775,267653397828.7505227775,8491.442035836442
8493,2182.0615777463,267653397829.0615777463,8492.653697657353
8494,2182.3045311549,267653397829.3045311549,8493.600081412598
8495,2182.5827904686,267653397829.5827904686,8494.683993327022
8496,2182.7703455977,267653397829.7703455977,8495.414582489842
8497,2183.1126436305,267653397830.1126436305,8496.747946362204
8498,2183.4069022470,267653397830.4069022470,8497.894180844367
8499,2183.5641795931,267653397830.5641795931,8498.506828043988
8500,2183.8001434709,267653397830.8001434709,8499.425985268666
8501,2184.0411188447,267653397831.0411188447,8500.364663925173
8502,2184.2353689165,267653397831.2353689165,8501.121332100633
8503,2184.5801637605,267653397831.5801637605,8502.464421877123
8504,2184.8340476470,267653397831.8340476470,8503.453383453281
8505,2185.2394017701,267653397832.2394017701,8505.03237161992
8506,2185.3614148506,267653397832.3614148506,8505.507652859966
8507,2185.6087451744,267653397832.6087451744,8506.471086145271
8508,2185.7492454235,267653397832.7492454235,8507.018381011898
8509,2186.0155222648,267653397833.0155222648,8508.055617239439
8510,2186.1409246740,267653397833.1409246740,8508.544101034006
8511,2186.6029494984,267653397833.6029494984,8510.343840296164
8512,2186.7129517390,267653397833.7129517390,8510.772335348545
8513,2187.2318846157,267653397834.2318846157,8512.793750266748
8514,2187.5932518814,267653397834.5932518814,8514.201395098351
8515,2187.7783998317,267653397834.7783998317,8514.92260750484
8516,2188.1874526285,267653397835.1874526285,8516.516003226925
8517,2188.3975232165,267653397835.3975232165,8517.334297537278
8518,2188.5552257395,267653397835.5552257395,8517.948600941329
8519,2188.9247710935,267653397835.9247710935,8519.388102127452
8520,2189.0198044880,267653397836.0198044880,8519.75828858122
8521,2189.2204035782,267653397836.2204035782,8520.53968827994
8522,2189.4425471920,267653397836.4425471920,8521.405011012572
8523,2189.8166976057,267653397836.8166976057,8522.862450426921
8524,2190.1587974021,267653397837.1587974021,8524.195042103045
8525,2190.2349976847,267653397837.2349976847,8524.49186736684
8526,2190.4839413923,267653397837.4839413923,8525.461585314826
8527,2190.7738432568,267653397837.7738432568,8526.590848809252
8528,2190.9062502824,267653397837.9062502824,8527.10661789778
8529,2191.3676697309,267653397838.3676697309,8528.9039990209
8530,2191.4645949591,267653397838.4645949591,8529.281554791656
8531,2191.7691540205,267653397838.7691540205,8530.467912908149
8532,2192.0170666207,267653397839.0170666207,8531.433614352316
8533,2192.2506663952,267653397839.2506663952,8532.34356261396
8534,2192.4903167710,267653397839.4903167710,8533.277079965716
8535,2192.7380184940,267653397839.7380184940,8534.241959973551
8536,2193.1233784070,267653397840.1233784070,8535.743064089309
8537,2193.4596177392,267653397840.4596177392,8537.052827322113
8538,2193.6928712827,267653397840.6928712827,8537.961426899681
8539,2193.8291221586,267653397840.8291221586,8538.492169054454
8540,2194.0591473692,267653397841.0591473692,8539.388193209305
8541,2194.2867318946,267653397841.2867318946,8540.274710089334
8542,2194.5139019245,267653397841.5139019245,8541.159612372512
8543,2194.9746949494,267653397841.9746949494,8542.954553368852
8544,2195.1157134241,267653397842.1157134241,8543.503866895322
8545,2195.2080865619,267653397842.2080865619,8543.863690770768
8546,2195.6361445135,267653397842.6361445135,8545.531117846736
8547,2195.8002399564,267653397842.8002399564,8546.170323784885
8548,2196.1657446476,267653397843.1657446476,8547.594085255085
8549,2196.4711344065,267653397843.4711344065,8548.783679212656
8550,2196.7896208528,267653397843.7896208528,8550.024289092475
8551,2196.9998453313,267653397843.9998453313,8550.843182857145
8552,2197.2496089148,267653397844.2496089148,8551.816094492502
8553,2197.4669776219,267653397844.4669776219,8552.662817386758
8554,2197.7920507207,267653397844.7920507207,8553.929084453126
8555,2197.9902393663,267653397844.9902393663,8554.701094674145
8556,2198.1154363209,267653397845.1154363209,8555.188778155198
8557,2198.5478240062,267653397845.5478240062,8556.873070973706
8558,2198.7040270911,267653397845.7040270911,8557.481533571208
8559,2198.9593130841,267653397845.9593130841,8558.475956815195
8560,2199.4159982106,267653397846.4159982106,8560.254896190747
8561,2199.5961710965,267653397846.5961710965,8560.956729078518
8562,2199.8217817733,267653397846.8217817733,8561.83555716644
8563,2199.9852685272,267653397846.9852685272,8562.472392059932
8564,2200.3772141632,267653397847.3772141632,8563.99914974153
8565,2200.6773038791,267653397847.6773038791,8565.168098281423
8566,2200.8395865710,267653397847.8395865710,8565.800242955816
8567,2201.1078134422,267653397848.1078134422,8566.845075193763
8568,2201.3274708313,267653397848.3274708313,8567.700713260183
8569,2201.4105569437,267653397848.4105569437,8568.024361104908
8570,2201.7937047130,267653397848.7937047130,8569.516848190457
8571,2202.0707495819,267653397849.0707495819,8570.596029441349
8572,2202.2678272638,267653397849.2678272638,8571.36371209189
8573,2202.4218054122,267653397849.4218054122,8571.963507827002
8574,2202.5933083639,267653397849.5933083639,8572.631568458057
8575,2202.8979323840,267653397849.8979323840,8573.818179610138
8576,2203.2262727603,267653397850.2262727603,8575.0971738013
8577,2203.6726038971,267653397850.6726038971,8576.835780967847
8578,2203.8840902248,267653397850.8840902248,8577.659590051844
8579,2203.9493761754,267653397850.9493761754,8577.91390038834
8580,2204.4583739266,267653397851.4583739266,8579.896614711919
8581,2204.6378641335,267653397851.6378641335,8580.595788339551
8582,2204.9414196564,267653397851.9414196564,8581.778237342196
8583,2205.2124664977,267653397852.2124664977,8582.834054294904
8584,2205.5509648027,267653397852.5509648027,8584.152616972733
8585,2205.6888315136,267653397852.6888315136,8584.689653338417
8586,2205.8741566778,267653397852.8741566778,8585.41155605157
8587,2206.1787566580,267653397853.1787566580,8586.598073560303
8588,2206.4496722838,267653397853.4496722838,8587.653379385307
8589,2206.9680247486,267653397853.9680247486,8589.672533407498
8590,2207.0105773550,267653397854.0105773550,8589.838289861267
8591,2207.2200859180,267653397854.2200859180,8590.654394898655
8592,2207.6141103981,267653397854.6141103981,8592.189250364505
8593,2207.7159354275,267653397854.7159354275,8592.585892478965
8594,2207.9478480475,267653397854.9478480475,8593.489268716696
8595,2208.1655789281,267653397855.1655789281,8594.337402396332
8596,2208.5832080434,267653397855.5832080434,8595.964205711076
8597,2208.8010936422,267653397855.8010936422,8596.812942069193
8598,2208.9145817531,267653397855.9145817531,8597.255015737508
8599,2209.1092087818,267653397856.1092087818,8598.013152284575
8600,2209.4856542707,267653397856.4856542707,8599.47953177472
8601,2209.7596128350,267653397856.7596128350,8600.54669085003
8602,2210.0889864316,267653397857.0889864316,8601.829709775455
8603,2210.3443904813,267653397857.3443904813,8602.824592889274
8604,2210.5567424532,267653397857.5567424532,8603.651773943286
8605,2210.7595733494,267653397857.7595733494,8604.44186726337
8606,2211.0083233455,267653397858.0083233455,8605.410830641096
8607,2211.2710652727,267653397858.2710652727,8606.434297210913
8608,2211.5922754352,267653397858.5922754352,8607.685516864767
8609,2211.7506711349,267653397858.7506711349,8608.302520420968
8610,2212.2529127467,267653397859.2529127467,8610.258917350557
8611,2212.3789049926,267653397859.3789049926,8610.749698753847
8612,2212.4665732111,267653397859.4665732111,8611.091195414949
8613,2212.8738371405,267653397859.8738371405,8612.677622907793
8614,2213.0364740703,267653397860.0364740703,8613.311147455786
8615,2213.2211441960,267653397860.2211441960,8614.030498577671
8616,2213.5227415696,267653397860.5227415696,8615.20531994217
8617,2213.6743069326,267653397860.6743069326,8615.795717081393
8618,2214.2315717941,267653397861.2315717941,8617.966447738494
8619,2214.3844144282,267653397861.3844144282,8618.561820270435
8620,2214.5852335759,267653397861.5852335759,8619.344077165786
8621,2214.8644383261,267653397861.8644383261,8620.431671867587
8622,2215.2614791059,267653397862.2614791059,8621.978276816824
8623,2215.3933498194,267653397862.3933498194,8622.49195679262
8624,2215.7218865151,267653397862.7218865151,8623.771715712679
8625,2216.1344650875,267653397863.1344650875,8625.378845495025
8626,2216.1400220558,267653397863.1400220558,8625.400491721592
8627,2216.6551601690,267653397863.6551601690,8627.407124782852
8628,2216.7959127328,267653397863.7959127328,8627.955402498557
8629,2217.2119457455,267653397864.2119457455,8629.575988466608
8630,2217.3686446903,267653397864.3686446903,8630.186382602167
8631,2217.6068076762,267653397864.6068076762,8631.114106079094
8632,2217.7199529932,267653397864.7199529932,8631.554844451972
8633,2217.8704976317,267653397864.8704976317,8632.141265532202
8634,2218.1601307287,267653397865.1601307287,8633.269482088466
8635,2218.4359417317,267653397865.4359417317,8634.343857024232
8636,2218.5487834446,267653397865.5487834446,8634.783412758883
8637,2219.0022638260,267653397866.0022638260,8636.549868593997
8638,2219.4238890247,267653397866.4238890247,8638.192237973184
8639,2219.5717769720,267653397866.5717769720,8638.768310363888
8640,2219.8480251730,267653397866.8480251730,8639.844388330237
8641,2219.9643639189,267653397866.9643639189,8640.297566163223
8642,2220.1881849074,267653397867.1881849074,8641.169422824223
8643,2220.4714899620,267653397867.4714899620,8642.272989565678
8644,2220.7077937418,267653397867.7077937418,8643.193470820894
8645,2220.9642175072,267653397867.9642175072,8644.1923260641
8646,2221.3065693911,267653397868.3065693911,8645.525899704287
8647,2221.5415146313,267653397868.5415146313,8646.44108899914
8648,2221.7133497278,267653397868.7133497278,8647.110443443873
8649,2221.9891400095,267653397868.9891400095,8648.184737663334
8650,2222.2990285237,267653397869.2990285237,8649.391855758395
8651,2222.5617518410,267653397869.5617518410,8650.415249836507
8652,2222.9194657963,267653397869.9194657963,8651.808663817703
8653,2223.1631615030,267653397870.1631615030,8652.757939069177
8654,2223.5925651623,267653397870.5925651623,8654.430608121029
8655,2223.7034561883,267653397870.7034561883,8654.862565286045
8656,2224.0307799753,267653397871.0307799753,8656.137599526186
8657,2224.1502273822,267653397871.1502273822,8656.602886620318
8658,2224.4024896481,267653397871.4024896481,8657.58553144875
8659,2224.6824499983,267653397871.6824499983,8658.67606946207
8660,2225.0039505319,267653397872.0039505319,8659.928420207247
8661,2225.2354312764,267653397872.2354312764,8660.830114147295
8662,2225.4338724778,267653397872.4338724778,8661.603108156556
8663,2225.7161889365,267653397872.7161889365,8662.702823990525
8664,2225.8857814502,267653397872.8857814502,8663.3634428347
8665,2226.0615034939,267653397873.0615034939,8664.047938222337
8666,2226.4655278906,267653397873.4655278906,8665.62174666555
8667,2226.5951038450,267653397873.5951038450,8666.126487796873
8668,2227.0886496123,267653397874.0886496123,8668.049011540572
8669,2227.3723536503,267653397874.3723536503,8669.154132454123
8670,2227.5597642893,267653397874.5597642893,8669.884158780294
8671,2227.8683111162,267653397874.8683111162,8671.086050560267
8672,2228.1351524489,267653397875.1351524489,8672.125485668226
8673,2228.1621983760,267653397875.1621983760,8672.230838485462
8674,2228.4567437467,267653397875.4567437467,8673.378189969937
8675,2228.6917033328,267653397875.6917033328,8674.293435146808
8676,2229.0939110468,267653397876.0939110468,8675.860167010997
8677,2229.2748698926,267653397876.2748698926,8676.565061472123
8678,2229.5322383507,267653397876.5322383507,8677.567596605357
8679,2229.8106205308,267653397876.8106205308,8678.65198712499
8680,2229.9840025454,267653397876.9840025454,8679.327367326552
8681,2230.1890984081,267653397877.1890984081,8680.126283439098
8682,2230.5415757261,267653397877.5415757261,8681.499298988756
8683,2230.7108081727,267653397877.7108081727,8682.158515252675
8684,2230.9774893719,267653397877.9774893719,8683.197326587773
8685,2231.1783254078,267653397878.1783254078,8683.979649268242
8686,2231.5070191546,267653397878.5070191546,8685.260019954198
8687,2231.7358522414,267653397878.7358522414,8686.151400393188
8688,2232.0175417507,267653397879.0175417507,8687.24867405221
8689,2232.4417363779,267653397879.4417363779,8688.901052203893
8690,2232.7145289320,267653397879.7145289320,8689.963669284434
8691,2233.0444774583,267653397880.0444774583,8691.248927750901
8692,2233.1292103465,267653397880.1292103465,8691.57899033117
8693,2233.4301087199,267653397880.4301087199,8692.75108885907
8694,2233.6603519538,267653397880.6603519538,8693.647962286675
8695,2234.0369774793,267653397881.0369774793,8695.115043078835
8696,2234.2632530477,267653397881.2632530477,8695.996461139106
8697,2234.5280207845,267653397881.5280207845,8697.027818906286
8698,2234.7322121056,267653397881.7322121056,8697.823211530602
8699,2234.9251594106,267653397881.9251594106,8698.574804999176
8700,2235.2202610128,267653397882.2202610128,8699.724323189024
8701,2235.4747484985,267653397882.4747484985,8700.715635983397
8702,2235.8538770099,267653397882.8538770099,8702.192466732182
8703,2236.0620635719,267653397883.0620635719,8703.003422139122
8704,2236.2778338856,267653397883.2778338856,8703.843918763261
8705,2236.4296731600,267653397883.4296731600,8704.43538287784
8706,2236.7296099127,267653397883.7296099127,8705.603735575563
8707,2236.9533984241,267653397883.9533984241,8706.475465727537
8708,2237.1417974270,267653397884.1417974270,8707.20934205748
8709,2237.4534220215,267653397884.4534220215,8708.423222758605
8710,2237.5256680624,267653397884.5256680624,8708.704644945201
8711,2237.8439747805,267653397884.8439747805,8709.944554724338
8712,2238.1782013337,267653397885.1782013337,8711.246477518282
8713,2238.4720715796,267653397885.4720715796,8712.39119916872
8714,2238.7805375987,267653397885.7805375987,8713.59277617563
8715,2239.2240525308,267653397886.2240525308,8715.320413294905
8716,2239.3974111040,267653397886.3974111040,8715.995702184473
8717,2239.5223086661,267653397886.5223086661,8716.482219432877
8718,2239.7149803397,267653397886.7149803397,8717.23273922613
8719,2240.0670644198,267653397887.0670644198,8718.604222984313
8720,2240.2614391647,267653397887.2614391647,8719.361376802672
8721,2240.7070861405,267653397887.7070861405,8721.097318936208
8722,2240.7554297316,267653397887.7554297316,8721.2856331877
8723,2240.9812063454,267653397887.9812063454,8722.165107655039
8724,2241.2423632510,267653397888.2423632510,8723.182400042317
8725,2241.6189879746,267653397888.6189879746,8724.649477710813
8726,2241.8767923041,267653397888.8767923041,8725.653710707085
8727,2242.1793282492,267653397889.1793282492,8726.83218811752
8728,2242.3550485329,267653397889.3550485329,8727.516676649377
8729,2242.6950179899,267653397889.6950179899,8728.84096995006
8730,2242.8179890810,267653397889.8179890810,8729.319982957755
8731,2243.2870066578,267653397890.2870066578,8731.146961299693
8732,2243.6548205921,267653397890.6548205921,8732.579718034342
8733,2243.6695366898,267653397890.6695366898,8732.637042094475
8734,2243.9270060104,267653397890.9270060104,8733.639970120454
8735,2244.0793679853,267653397891.0793679853,8734.23347032609
8736,2244.5083201740,267653397891.5083201740,8735.904380750873
8737,2244.6372904073,267653397891.6372904073,8736.40676239849
8738,2244.9044673181,267653397891.9044673181,8737.447504693966
8739,2245.2653073730,267653397892.2653073730,8738.85309586542
8740,2245.6294326145,267653397892.6294326145,8740.271483923521
8741,2245.8434566427,267653397892.8434566427,8741.105178188976
8742,2245.8984962840,267653397892.8984962840,8741.319575767186
8743,2246.2132517968,267653397893.2132517968,8742.545652428991
8744,2246.4942474253,267653397893.4942474253,8743.640223193166
8745,2246.7817286262,267653397893.7817286262,8744.760057403522
8746,2246.9895425134,267653397893.9895425134,8745.569561119051
8747,2247.2777577562,267653397894.2777577562,8746.692254665006
8748,2247.5678563103,267653397894.5678563103,8747.822284330387
8749,2247.6856644033,267653397894.6856644033,8748.28118575554
8750,2247.8327819579,267653397894.8327819579,8748.85425721228
8751,2248.0824580081,267653397895.0824580081,8749.826827876537
8752,2248.4233700423,267653397895.4233700423,8751.154792826677
8753,2248.8178946060,267653397895.8178946060,8752.691596283299
8754,2249.0574909250,267653397896.0574909250,8753.624903065975
8755,2249.2023715459,267653397896.2023715459,8754.189260927267
8756,2249.4758738660,267653397896.4758738660,8755.254642780761
8757,2249.6352417427,267653397896.6352417427,8755.875433287416
8758,2249.9070058849,267653397896.9070058849,8756.934044364005
8759,2250.3089780683,267653397897.3089780683,8758.499858758734
8760,2250.6792855703,267653397897.6792855703,8759.942328763009
8761,2250.9367274388,267653397897.9367274388,8760.945149853995
8762,2251.3789895721,267653397898.3789895721,8762.667906908246
8763,2251.4975701186,267653397898.4975701186,8763.129817294865
8764,2251.7663452243,267653397898.7663452243,8764.176785087238
8765,2252.0349318376,267653397899.0349318376,8765.223018639468
8766,2252.0919256833,267653397899.0919256833,8765.445028489139
8767,2252.5007402929,267653397899.5007402929,8767.037496393441
8768,2252.6988321556,267653397899.6988321556,8767.80912961311
8769,2252.8854746561,267653397899.8854746561,8768.53616378617
8770,2253.1417578070,267653397900.1417578070,8769.53447128947
8771,2253.3453830664,267653397900.3453830664,8770.327658916538
8772,2253.7720622105,267653397900.7720622105,8771.989715081996
8773,2253.8934008170,267653397900.8934008170,8772.462369023091
8774,2254.1249593697,267653397901.1249593697,8773.364366051774
8775,2254.3294423475,267653397901.3294423475,8774.16089477525
8776,2254.7365235140,267653397901.7365235140,8775.746610346258
8777,2254.9939043975,267653397901.9939043975,8776.749193880529
8778,2255.1751918426,267653397902.1751918426,8777.455368344445
8779,2255.3524741243,267653397902.3524741243,8778.145941374321
8780,2255.8521388419,267653397902.8521388419,8780.092300450064
8781,2255.9641725596,267653397902.9641725596,8780.528708776596
8782,2256.3109355931,267653397903.3109355931,8781.879465301143
8783,2256.5529298144,267653397903.5529298144,8782.82211270512
8784,2256.6936014012,267653397903.6936014012,8783.370074988674
8785,2257.0721119892,267653397904.0721119892,8784.844498721766
8786,2257.1182774330,267653397904.1182774330,8785.024328370251
8787,2257.4302435673,267653397904.4302435673,8786.239539481685
8788,2257.6455861583,267653397904.6455861583,8787.078369984667
8789,2257.9125824617,267653397904.9125824617,8788.118408754683
8790,2258.2999150918,267653397905.2999150918,8789.627197254995
8791,2258.5174355356,267653397905.5174355356,8790.47451121381
8792,2258.8261620165,267653397905.8261620165,8791.677102805445
8793,2259.1486046454,267653397906.1486046454,8792.933123322924
8794,2259.4001053662,267653397906.4001053662,8793.912801681716
8795,2259.5272288458,267653397906.5272288458,8794.407989613832
8796,2259.8915145057,267653397906.8915145057,8795.82700255458
8797,2259.9951573700,267653397906.9951573700,8796.230725736268
8798,2260.1819964986,267653397907.1819964986,8796.95852584071
8799,2260.5868677268,267653397907.5868677268,8798.535632972267
8800,2260.8168008030,267653397907.8168008030,8799.431298233214
8801,2261.1174039590,267653397908.1174039590,8800.602246791856
8802,2261.5253963833,267653397908.5253963833,8802.191512012914
8803,2261.7444471988,267653397908.7444471988,8803.044787274865
8804,2261.9534158684,267653397908.9534158684,8803.85878924918
8805,2262.2900252192,267653397909.2900252192,8805.169993826636
8806,2262.5296266552,267653397909.5296266552,8806.103320541717
8807,2262.7384054803,267653397909.7384054803,8806.916583009015
8808,2262.9419299102,267653397909.9419299102,8807.709377871886
8809,2263.1780808115,267653397910.1780808115,8808.629263614866
8810,2263.5589953179,267653397910.5589953179,8810.113051403958
8811,2263.7111729961,267653397910.7111729961,8810.70583371309
8812,2263.9622718341,267653397910.9622718341,8811.683946605666
8813,2264.2140880845,267653397911.2140880845,8812.664854056447
8814,2264.4135972446,267653397911.4135972446,8813.442008117514
8815,2264.6162880003,267653397911.6162880003,8814.23155554408
8816,2264.9086265174,267653397911.9086265174,8815.370310605034
8817,2265.0948177565,267653397912.0948177565,8816.095586965925
8818,2265.4184761758,267653397912.4184761758,8817.356343388496
8819,2265.7089821777,267653397912.7089821777,8818.487960197608
8820,2265.9163222495,267653397912.9163222495,8819.295618245693
8821,2266.2350065820,267653397913.2350065820,8820.536998957621
8822,2266.3756320023,267653397913.3756320023,8821.084781407413
8823,2266.6197543191,267653397913.6197543191,8822.03571844611
8824,2267.0058413779,267653397914.0058413779,8823.539655034894
8825,2267.2265016076,267653397914.2265016076,8824.39919949662
8826,2267.5357651810,267653397914.5357651810,8825.603883240903
8827,2267.6759662588,267653397914.6759662588,8826.15001273653
8828,2268.1760874952,267653397915.1760874952,8828.098150103755
8829,2268.3238595050,267653397915.3238595050,8828.673770879617
8830,2268.5733649016,267653397915.5733649016,8829.64567679175
8831,2268.8641465084,267653397915.8641465084,8830.77836717296
8832,2269.1253696897,267653397916.1253696897,8831.79591772598
8833,2269.2983462901,267653397916.2983462901,8832.46971870536
8834,2269.7128445822,267653397916.7128445822,8834.084326429887
8835,2269.9783932569,267653397916.9783932569,8835.118726208077
8836,2270.1490899122,267653397917.1490899122,8835.783646048403
8837,2270.4389780204,267653397917.4389780204,8836.912855957511
8838,2270.5758020638,267653397917.5758020638,8837.445830788976
8839,2270.8201588443,267653397917.8201588443,8838.39768114121
8840,2271.2538316057,267653397918.2538316057,8840.08697975551
8841,2271.4356986834,267653397918.4356986834,8840.795412079811
8842,2271.7314164288,267653397918.7314164288,8841.947330350893
8843,2271.9166503392,267653397918.9166503392,8842.668877600367
8844,2272.0346221210,267653397919.0346221210,8843.128416647454
8845,2272.3241158355,267653397919.3241158355,8844.256090262863
8846,2272.7149564653,267653397919.7149564653,8845.778543580433
8847,2272.9172996086,267653397919.9172996086,8846.566736941912
8848,2273.1470954694,267653397920.1470954694,8847.461867703565
8849,2273.4292092322,267653397920.4292092322,8848.560793970077
8850,2273.5708954470,267653397920.5708954470,8849.112708564744
8851,2274.0246467022,267653397921.0246467022,8850.88021954277
8852,2274.3110677347,267653397921.3110677347,8851.995924047122
8853,2274.5481585410,267653397921.5481585410,8852.919471030456
8854,2274.7776913045,267653397921.7776913045,8853.813576941247
8855,2274.9600000344,267653397921.9600000344,8854.523729646713
8856,2275.3501853798,267653397922.3501853798,8856.043630415155
8857,2275.4492160654,267653397922.4492160654,8856.42938763776
8858,2275.7208369037,267653397922.7208369037,8857.48744049834
8859,2275.9044354484,267653397922.9044354484,8858.202617458377
8860,2276.0601338896,267653397923.0601338896,8858.80911430203
8861,2276.3708018658,267653397923.3708018658,8860.019268658987
8862,2276.5689005874,267653397923.5689005874,8860.79092859634
8863,2277.0282316886,267653397924.0282316886,8862.58017491713
8864,2277.2745126400,267653397924.2745126400,8863.539520550426
8865,2277.3254704413,267653397924.3254704413,8863.738018013919
8866,2277.7009964882,267653397924.7009964882,8865.200815973869
8867,2278.1502241354,267653397925.1502241354,8866.950706004938
8868,2278.5499153107,267653397925.5499153107,8868.507635119882
8869,2278.8013648539,267653397925.8013648539,8869.487114125026
8870,2278.8862609393,267653397925.8862609393,8869.817812412284
8871,2279.0338759523,267653397926.0338759523,8870.392821633768
8872,2279.5273513034,267653397926.5273513034,8872.315071083129
8873,2279.7183664241,267653397926.7183664241,8873.059138055809
8874,2279.8275549460,267653397926.8275549460,8873.484463405153
8875,2280.1184764112,267653397927.1184764112,8874.617698581018
8876,2280.4793061928,267653397927.4793061928,8876.02324973458
8877,2280.6193944236,267653397927.6193944236,8876.56893965388
8878,2280.9786009986,267653397927.9786009986,8877.968167881718
8879,2281.0977705452,267653397928.0977705452,8878.43237261823
8880,2281.5531387462,267653397928.5531387462,8880.206182134101
8881,2281.7601410062,267653397928.7601410062,8881.012524293674
8882,2281.8422446865,267653397928.8422446865,8881.332345240953
8883,2282.0646112329,267653397929.0646112329,8882.198536369691
8884,2282.3487343459,267653397929.3487343459,8883.305289718766
8885,2282.7035374909,267653397929.7035374909,8884.68736513264
8886,2282.8604046834,267653397929.8604046834,8885.298414648556
8887,2283.2617317967,267653397930.2617317967,8886.861716282236
8888,2283.3996824254,267653397930.3996824254,8887.399079535471
8889,2283.6412861960,267653397930.6412861960,8888.34020600504
8890,2283.9385430596,267653397930.9385430596,8889.498119649765
8891,2284.0081423820,267653397931.0081423820,8889.769231993798
8892,2284.1977786537,267653397931.1977786537,8890.507927894298
8893,2284.7712353366,267653397931.7712353366,8892.741731042684
8894,2285.0837021687,267653397932.0837021687,8893.958892537396
8895,2285.2576867388,267653397932.2576867388,8894.636619891613
8896,2285.4636915271,267653397932.4636915271,8895.439076569528
8897,2285.8682339700,267653397932.8682339700,8897.014902973775
8898,2286.0625828863,267653397933.0625828863,8897.771956181214
8899,2286.2439876748,267653397933.2439876748,8898.478587736425
8900,2286.4273174136,267653397933.4273174136,8899.192717608717
8901,2286.6283790162,267653397933.6283790162,8899.975918945976
8902,2287.1474013409,267653397934.1474013409,8901.997682293706
8903,2287.4576969201,267653397934.4576969201,8903.206386041376
8904,2287.7656857440,267653397934.7656857440,8904.40610421541
8905,2287.8335476676,267653397934.8335476676,8904.67044881739
8906,2288.0472623555,267653397935.0472623555,8905.50293810023
8907,2288.3907205466,267653397935.3907205466,8906.840821172304
8908,2288.5035086929,267653397935.5035086929,8907.280168247364
8909,2288.8270419264,267653397935.8270419264,8908.540437029907
8910,2289.0791669844,267653397936.0791669844,8909.52254738827
8911,2289.2456632286,267653397936.2456632286,8910.17110524029
8912,2289.5673719796,267653397936.5673719796,8911.424267061011
8913,2289.8950400547,267653397936.8950400547,8912.700642417009
8914,2290.2593686672,267653397937.2593686672,8914.119822672325
8915,2290.6106347773,267653397937.6106347773,8915.488120167254
8916,2290.6839318534,267653397937.6839318534,8915.773636483033
8917,2290.9837029709,267653397937.9837029709,8916.941343976965
8918,2291.1734840599,267653397938.1734840599,8917.680603988669
8919,2291.4859219134,267653397938.4859219134,8918.897652602167
8920,2291.7413636529,267653397938.7413636529,8919.892682530215
8921,2291.8897332787,267653397938.8897332787,8920.470631217746
8922,2292.0946341062,267653397939.0946341062,8921.26878760379
8923,2292.2867661337,267653397939.2867661337,8922.017205297287
8924,2292.6803543224,267653397939.6803543224,8923.550361264082
8925,2292.8516145365,267653397939.8516145365,8924.217476352036
8926,2293.1783639256,267653397940.1783639256,8925.490273122692
8927,2293.3826865476,267653397940.3826865476,8926.286177207377
8928,2293.7235199738,267653397940.7235199738,8927.613835953409
8929,2293.8808789805,267653397940.8808789805,8928.226801248044
8930,2294.3479289785,267653397941.3479289785,8930.04611522083
8931,2294.3817414561,267653397941.3817414561,8930.177825986735
8932,2294.5953240028,267653397941.5953240028,8931.009800535967
8933,2294.8346186940,267653397941.8346186940,8931.941932378762
8934,2295.1522734059,267653397942.1522734059,8933.179302378454
8935,2295.4425999452,267653397942.4425999452,8934.310220121482
8936,2295.8056581346,267653397942.8056581346,8935.724451659302
8937,2296.1459694269,267653397943.1459694269,8937.050076521373
8938,2296.3079465651,267653397943.3079465651,8937.681030963213
8939,2296.5154872546,267653397943.5154872546,8938.489470483491
8940,2296.8616256080,267653397943.8616256080,8939.837793672774
8941,2297.2175087106,267653397944.2175087106,8941.224075878132
8942,2297.3749791334,267653397944.3749791334,8941.837475175267
8943,2297.7244455363,267653397944.7244455363,8943.198762216352
8944,2297.9999210410,267653397944.9999210410,8944.271830275462
8945,2298.2601749614,267653397945.2601749614,8945.28560523721
8946,2298.4751078477,267653397945.4751078477,8946.122839805097
8947,2298.6571905795,267653397945.6571905795,8946.832112173335
8948,2298.8192218901,267653397945.8192218901,8947.463277634562
8949,2299.0046789427,267653397946.0046789427,8948.185694096594
8950,2299.3950577124,267653397946.3950577124,8949.706348316562
8951,2299.5777566516,267653397946.5777566516,8950.41802101611
8952,2299.6973113642,267653397946.6973113642,8950.883726101383
8953,2300.1310740016,267653397947.1310740016,8952.57337481239
8954,2300.2503473953,267653397947.2503473953,8953.037984067649
8955,2300.6535002040,267653397947.6535002040,8954.608397387803
8956,2300.9469003085,267653397947.9469003085,8955.751287682247
8957,2301.1644820544,267653397948.1644820544,8956.598840432991
8958,2301.4685190885,267653397948.4685190885,8957.783165080784
8959,2301.5789232774,267653397948.5789232774,8958.213225854535
8960,2301.9558771272,267653397948.9558771272,8959.681585578279
8961,2302.2030707982,267653397949.2030707982,8960.64448655582
8962,2302.4232316509,267653397949.4232316509,8961.50208577923
8963,2302.6534245165,267653397949.6534245165,8962.398763005685
8964,2303.0372507808,267653397950.0372507808,8963.893893053335
8965,2303.1334870474,267653397950.1334870474,8964.268765091156
8966,2303.4220481433,267653397950.4220481433,8965.392805849153
8967,2303.7559755300,267653397950.7559755300,8966.6935632908
8968,2304.0566624178,267653397951.0566624178,8967.864838012461
8969,2304.0998746739,267653397951.0998746739,8968.033164019645
8970,2304.4214282738,267653397951.4214282738,8969.2857214756
8971,2304.5320689524,267653397951.5320689524,8969.716703454827
8972,2305.0687306516,267653397952.0687306516,8971.807177991164
8973,2305.3525753748,267653397952.3525753748,8972.912846920042
8974,2305.6681407080,267653397952.6681407080,8974.142078099738
8975,2305.7776831704,267653397952.7776831704,8974.56878216421
8976,2306.0539349732,267653397953.0539349732,8975.644874160773
8977,2306.2524630705,267653397953.2524630705,8976.41820665827
8978,2306.6276022084,267653397953.6276022084,8977.879497479904
8979,2306.7732451663,267653397953.7732451663,8978.446824895558
8980,2307.2067072991,267653397954.2067072991,8980.135303041914
8981,2307.4695536266,267653397954.4695536266,8981.159176285388
8982,2307.6323236947,267653397954.6323236947,8981.793219451034
8983,2307.8872885351,267653397954.8872885351,8982.786391699607
8984,2308.0907272848,267653397955.0907272848,8983.578852809813
8985,2308.3757851330,267653397955.3757851330,8984.689247261165
8986,2308.6384696725,267653397955.6384696725,8985.712490286955
8987,2308.7947989324,267653397955.7947989324,8986.32144437776
8988,2309.3114433176,267653397956.3114433176,8988.333944865893
8989,2309.4747558588,267653397956.4747558588,8988.9701011434
8990,2309.6094847834,267653397956.6094847834,8989.494914795287
8991,2309.8754803606,267653397956.8754803606,8990.531055406298
8992,2310.1029795364,267653397957.1029795364,8991.417239821465
8993,2310.5504314584,267653397957.5504314584,8993.160212816503
8994,2310.6072205669,267653397957.6072205669,8993.381425147172
8995,2310.8885221237,267653397957.8885221237,8994.47718760311
8996,2311.0689684793,267653397958.0689684793,8995.180085745682
8997,2311.2636536699,267653397958.2636536699,8995.938448852568
8998,2311.6410427147,267653397958.6410427147,8997.40850380455
8999,2311.8524654348,267653397958.8524654348,8998.232065115953
9000,2311.9745182569,267653397958.9745182569,8998.707501162662
9001,2312.3136952639,267653397959.3136952639,9000.028707608926
9002,2312.4820504774,267653397959.4820504774,9000.684506760246
9003,2313.0150068619,267653397960.0150068619,9002.76054787225
9004,2313.2563945714,267653397960.2563945714,9003.700832712491
9005,2313.5996033582,267653397960.5996033582,9005.037744272462
9006,2313.7805449595,267653397960.7805449595,9005.742571560577
9007,2314.1544228012,267653397961.1544228012,9007.198949217005
9008,2314.2626980859,267653397961.2626980859,9007.620717205886
9009,2314.6864259423,267653397961.6864259423,9009.271277131184
9010,2314.9030894211,267653397961.9030894211,9010.115252928343
9011,2315.1370442555,267653397962.1370442555,9011.026584265563
9012,2315.2717925399,267653397962.2717925399,9011.551473330264
9013,2315.4703411320,267653397962.4703411320,9012.324885661776
9014,2315.8654077805,267653397962.8654077805,9013.86380071772
9015,2315.9629335498,267653397962.9629335498,9014.243695794381
9016,2316.2415534614,267653397963.2415534614,9015.329012356724
9017,2316.6723802418,267653397963.6723802418,9017.00722493523
9018,2316.9188107692,267653397963.9188107692,9017.967153216447
9019,2317.1980222394,267653397964.1980222394,9019.054774094884
9020,2317.3913211949,267653397964.3913211949,9019.80773735829
9021,2317.6256272928,267653397964.6256272928,9020.720436982838
9022,2317.7666139508,267653397964.7666139508,9021.269626572765
9023,2318.0027358844,267653397965.0027358844,9022.189399476994
9024,2318.3477276481,267653397965.3477276481,9023.533256320772
9025,2318.5513475796,267653397965.5513475796,9024.32642319392
9026,2318.9050474536,267653397965.9050474536,9025.70420100293
9027,2319.1648082915,267653397966.1648082915,9026.716055245517
9028,2319.3184635582,267653397966.3184635582,9027.314593249794
9029,2319.7343795095,267653397966.7343795095,9028.93472322506
9030,2319.8874971836,267653397966.8874971836,9029.531167128636
9031,2320.2380715142,267653397967.2380715142,9030.89676991398
9032,2320.3698422276,267653397967.3698422276,9031.410060356373
9033,2320.6508590747,267653397967.6508590747,9032.504713774013
9034,2320.9365543027,267653397967.9365543027,9033.617591030168
9035,2321.0909767519,267653397968.0909767519,9034.219117463625
9036,2321.3580062566,267653397968.3580062566,9035.259285563676
9037,2321.6896950904,267653397968.6896950904,9036.551323102562
9038,2321.9425335339,267653397968.9425335339,9037.536212333027
9039,2322.1725988571,267653397969.1725988571,9038.432392739718
9040,2322.3503600939,267653397969.3503600939,9039.124831457879
9041,2322.6280260503,267653397969.6280260503,9040.206432049701
9042,2323.0320181219,267653397970.0320181219,9041.780114576
9043,2323.1345325419,267653397970.1345325419,9042.179442094504
9044,2323.4354478828,267653397970.4354478828,9043.351606716433
9045,2323.7166842991,267653397970.7166842991,9044.447115428615
9046,2324.1507343020,267653397971.1507343020,9046.137883523143
9047,2324.4148770772,267653397971.4148770772,9047.16680685853
9048,2324.5209039406,267653397971.5209039406,9047.579816503965
9049,2324.7281479432,267653397971.7281479432,9048.3871003308
9050,2325.1757663651,267653397972.1757663651,9050.130721897935
9051,2325.5861553310,267653397972.5861553310,9051.729322439933
9052,2325.7316833103,267653397972.7316833103,9052.296201975973
9053,2325.8820448096,267653397972.8820448096,9052.88190966855
9054,2326.0618090111,267653397973.0618090111,9053.582150595641
9055,2326.3903597621,267653397973.3903597621,9054.861964265754
9056,2326.5252325130,267653397973.5252325130,9055.387338168575
9057,2326.7316147779,267653397973.7316147779,9056.191265242502
9058,2327.2396216804,267653397974.2396216804,9058.17011988323
9059,2327.4761174795,267653397974.4761174795,9059.091349117045
9060,2327.6624420786,267653397974.6624420786,9059.817144959181
9061,2327.7843787677,267653397974.7843787677,9060.292128629508
9062,2327.9917890587,267653397974.9917890587,9061.100060204573
9063,2328.1710182221,267653397975.1710182221,9061.798216981582
9064,2328.4406250477,267653397975.4406250477,9062.848424597632
9065,2328.8672675809,267653397975.8672675809,9064.510338151564
9066,2329.1152629716,267653397976.1152629716,9065.476362092088
9067,2329.3016535005,267653397976.3016535005,9066.202414752566
9068,2329.6919953056,267653397976.6919953056,9067.722924983218
9069,2330.0067459136,267653397977.0067459136,9068.948982539225
9070,2330.2754949400,267653397977.2754949400,9069.995848744125
9071,2330.3778005566,267653397977.3778005566,9070.394362904435
9072,2330.5226587701,267653397977.5226587701,9070.958633481512
9073,2330.9540141394,267653397977.9540141394,9072.63890508834
9074,2331.0296405918,267653397978.0296405918,9072.933495094021
9075,2331.3288857555,267653397978.3288857555,9074.099153824227
9076,2331.6507633978,267653397978.6507633978,9075.352973532343
9077,2331.9505420921,267653397978.9505420921,9076.520710540419
9078,2332.4613129912,267653397979.4613129912,9078.510331860642
9079,2332.5953663979,267653397979.5953663979,9079.032514147239
9080,2332.8761192192,267653397979.8761192192,9080.126139097203
9081,2333.0774416564,267653397980.0774416564,9080.910356471368
9082,2333.2147439422,267653397980.2147439422,9081.445194214913
9083,2333.6742336159,267653397980.6742336159,9083.23505822797
9084,2333.7799344724,267653397980.7799344724,9083.646797968877
9085,2334.0379601349,267653397981.0379601349,9084.651893130287
9086,2334.2711498519,267653397981.2711498519,9085.560244082579
9087,2334.5344680152,267653397981.5344680152,9086.585955282311
9088,2334.7219265313,267653397981.7219265313,9087.316168105608
9089,2335.0181208454,267653397982.0181208454,9088.469942769163
9090,2335.2716579023,267653397982.2716579023,9089.457553329521
9091,2335.5749568587,267653397982.5749568587,9090.639002920949
9092,2335.7839730478,267653397982.7839730478,9091.453189999418
9093,2336.1040838591,267653397983.1040838591,9092.700127317341
9094,2336.3554772139,267653397983.3554772139,9093.679387450122
9095,2336.7142811522,267653397983.7142811522,9095.077047275065
9096,2337.0013772821,267653397984.0013772821,9096.195381506732
9097,2337.1887419116,267653397984.1887419116,9096.925228610718
9098,2337.4321478173,267653397984.4321478173,9097.873374991615
9099,2337.7202167221,267653397984.7202167221,9098.99549850275
9100,2337.8034842858,267653397984.8034842858,9099.319853160216
9101,2338.0015855690,267653397985.0015855690,9100.091523075853
9102,2338.1891412749,267653397985.1891412749,9100.822114485516
9103,2338.7279683194,267653397985.7279683194,9102.921023756855
9104,2338.8429149583,267653397985.8429149583,9103.368778873379
9105,2339.1570878078,267653397986.1570878078,9104.59258586924
9106,2339.2447133702,267653397986.2447133702,9104.933916370754
9107,2339.4528821911,267653397986.4528821911,9105.744802670264
9108,2339.9192741070,267653397986.9192741070,9107.56155319597
9109,2340.0981578018,267653397987.0981578018,9108.258364258701
9110,2340.2923207522,267653397987.2923207522,9109.014693067556
9111,2340.6850881261,267653397987.6850881261,9110.544651689666
9112,2340.9869991342,267653397987.9869991342,9111.720694764133
9113,2341.1576951420,267653397988.1576951420,9112.38561208224
9114,2341.5112691664,267653397988.5112691664,9113.762899665506
9115,2341.6998386942,267653397988.6998386942,9114.497440246258
9116,2342.1002886948,267653397989.1002886948,9116.057325236343
9117,2342.3248757101,267653397989.3248757101,9116.932165824704
9118,2342.7716212732,267653397989.7716212732,9118.67238731858
9119,2342.8806985002,267653397989.8806985002,9119.09727913754
9120,2343.0982655754,267653397990.0982655754,9119.944774741069
9121,2343.2673959167,267653397990.2673959167,9120.603593271138
9122,2343.5871905437,267653397990.5871905437,9121.849298946803
9123,2343.7437444524,267653397990.7437444524,9122.45912811887
9124,2344.1380237050,267653397991.1380237050,9123.994976007772
9125,2344.2057943126,267653397991.2057943126,9124.25896490378
9126,2344.6379591970,267653397991.6379591970,9125.942389839247
9127,2344.7620402213,267653397991.7620402213,9126.425726403286
9128,2345.1868846185,267653397992.1868846185,9128.080635623717
9129,2345.3285201236,267653397992.3285201236,9128.632352687364
9130,2345.5046574018,267653397992.5046574018,9129.31846555051
9131,2345.8785939938,267653397992.8785939938,9130.775072058766
9132,2346.1576932068,267653397993.1576932068,9131.862255658343
9133,2346.2518976490,267653397993.2518976490,9132.229213069175
9134,2346.4424052342,267653397993.4424052342,9132.97130302349
9135,2346.6637969670,267653397993.6637969670,9133.83369693136
9136,2347.0170772646,267653397994.0170772646,9135.209840351747
9137,2347.3782709676,267653397994.3782709676,9136.616809099352
9138,2347.6284948254,267653397994.6284948254,9137.591513655125
9139,2347.9223390719,267653397994.9223390719,9138.736134029334
9140,2348.0305178414,267653397995.0305178414,9139.15752605964
9141,2348.4242425688,267653397995.4242425688,9140.691213889773
9142,2348.6421251652,267653397995.6421251652,9141.539938552567
9143,2348.9156759331,267653397995.9156759331,9142.605509126259
9144,2349.2619055739,267653397996.2619055739,9143.954187910122
9145,2349.4325725776,267653397996.4325725776,9144.61899224768
9146,2349.7156393423,267653397996.7156393423,9145.721630771308
9147,2349.8882569330,267653397996.8882569330,9146.394033289362
9148,2350.2493349754,267653397997.2493349754,9147.800551500737
9149,2350.4511094597,267653397997.4511094597,9148.586529747636
9150,2350.5582369691,267653397997.5582369691,9149.003826772703
9151,2350.8206334036,267653397997.8206334036,9150.025947534385
9152,2351.2858184765,267653397998.2858184765,9151.837997008082
9153,2351.5394946067,267653397998.5394946067,9152.826149304872
9154,2351.7800838121,267653397998.7800838121,9153.763323707964
9155,2352.1250146429,267653397999.1250146429,9155.10694319798
9156,2352.2794828932,267653397999.2794828932,9155.70864804185
9157,2352.4810231852,267653397999.4810231852,9156.493714032404
9158,2352.7586421123,267653397999.7586421123,9157.575131429578
9159,2353.1424280334,267653398000.1424280334,9159.070104327153
9160,2353.3928166065,267653398000.3928166065,9160.045450503412
9161,2353.6257897718,267653398000.6257897718,9160.952957915324
9162,2353.9806651466,267653398000.9806651466,9162.335314688136
9163,2354.0797194198,267653398001.0797194198,9162.721163792237
9164,2354.2369828087,267653398001.2369828087,9163.333756623972
9165,2354.4485061139,267653398001.4485061139,9164.157709747558
9166,2354.8917542539,267653398001.8917542539,9165.884307623535
9167,2355.0158876822,267653398002.0158876822,9166.367848318461
9168,2355.3004913809,267653398002.3004913809,9167.47647370755
9169,2355.5562413271,267653398002.5562413271,9168.47270420248
9170,2355.8746625036,267653398002.8746625036,9169.713059834905
9171,2356.1723031894,267653398003.1723031894,9170.87246859386
9172,2356.3779895092,267653398003.3779895092,9171.67368473181
9173,2356.6470132877,267653398003.6470132877,9172.721621186873
9174,2356.7579161253,267653398003.7579161253,9173.15362436198
9175,2357.0143825167,267653398004.0143825167,9174.152645647551
9176,2357.2721143986,267653398004.2721143986,9175.156596436516
9177,2357.4391509835,267653398004.4391509835,9175.807259094003
9178,2357.7670882983,267653398004.7670882983,9177.084683227553
9179,2358.0572953755,267653398005.0572953755,9178.215135626264
9180,2358.3613572699,267653398005.3613572699,9179.399557113145
9181,2358.4697137446,267653398005.4697137446,9179.82164136389
9182,2358.9636104789,267653398005.9636104789,9181.74553223999
9183,2359.3588875422,267653398006.3588875422,9183.285266931072
9184,2359.5257953238,267653398006.5257953238,9183.935427857172
9185,2359.7669611231,267653398006.7669611231,9184.87484828391
9186,2360.0261523501,267653398007.0261523501,9185.884483703949
9187,2360.2467556755,267653398007.2467556755,9186.743806504646
9188,2360.5535929778,267653398007.5535929778,9187.939039121802
9189,2360.8189888228,267653398007.8189888228,9188.972843577858
9190,2361.0733530117,267653398008.0733530117,9189.963676090498
9191,2361.3886525224,267653398008.3886525224,9191.191871803787
9192,2361.6592658219,267653398008.6592658219,9192.245999968043
9193,2361.7431143165,267653398008.7431143165,9192.572617543201
9194,2361.9603838480,267653398008.9603838480,9193.418954115763
9195,2362.2375165953,267653398009.2375165953,9194.498477682071
9196,2362.6438080002,267653398009.6438080002,9196.081116870875
9197,2362.7100335626,267653398009.7100335626,9196.33908730562
9198,2362.8748246439,267653398009.8748246439,9196.981002985069
9199,2363.2175620296,267653398010.2175620296,9198.316078282096
9200,2363.3477138809,267653398010.3477138809,9198.82306272203
9201,2363.9236467001,267653398010.9236467001,9201.066511239009
9202,2364.1353911009,267653398011.1353911009,9201.89132560297
9203,2364.2798880044,267653398011.2798880044,9202.454188758287
9204,2364.5601877849,267653398011.5601877849,9203.546048964736
9205,2364.8849839679,267653398011.8849839679,9204.811237352653
9206,2365.0825573216,267653398012.0825573216,9205.580850808556
9207,2365.4231347693,267653398012.4231347693,9206.907512433814
9208,2365.5970707665,267653398012.5970707665,9207.585050580554
9209,2365.8346425188,267653398012.8346425188,9208.510471007392
9210,2366.1617241756,267653398013.1617241756,9209.784562070476
9211,2366.2432151003,267653398013.2432151003,9210.101996132349
9212,2366.5533847424,267653398013.5533847424,9211.310209313442
9213,2366.8102342014,267653398013.8102342014,9212.310722773816
9214,2367.0712445783,267653398014.0712445783,9213.327444383442
9215,2367.3376142905,267653398014.3376142905,9214.365042373835
9216,2367.4920156882,267653398014.4920156882,9214.966486804751
9217,2367.8894190433,267653398014.8894190433,9216.514504104547
9218,2368.0893722187,267653398015.0893722187,9217.293387751844
9219,2368.5122661007,267653398015.5122661007,9218.940699071472
9220,2368.7028218800,267653398015.7028218800,9219.682976757724
9221,2369.0784504159,267653398016.0784504159,9221.146173946194
9222,2369.2398714098,267653398016.2398714098,9221.77496202234
9223,2369.4785009801,267653398016.4785009801,9222.704502999604
9224,2369.7173048798,267653398016.7173048798,9223.634723047448
9225,2370.0265176053,267653398017.0265176053,9224.83920872239
9226,2370.2028982884,267653398017.2028982884,9225.526269728001
9227,2370.2945701997,267653398017.2945701997,9225.883362094677
9228,2370.8917252739,267653398017.8917252739,9228.209478302959
9229,2371.0206473439,267653398018.0206473439,9228.711672338626
9230,2371.3532552947,267653398018.3532552947,9230.00729014175
9231,2371.7144100738,267653398018.7144100738,9231.414107267918
9232,2371.8579197698,267653398018.8579197698,9231.973124924023
9233,2372.2093263977,267653398019.2093263977,9233.341969782205
9234,2372.3679468399,267653398019.3679468399,9233.959848784674
9235,2372.5393779666,267653398019.5393779666,9234.627629633653
9236,2372.7007294445,267653398019.7007294445,9235.256146922024
9237,2373.0140041026,267653398020.0140041026,9236.476455165785
9238,2373.2755088738,267653398020.2755088738,9237.49510260447
9239,2373.4859659238,267653398020.4859659238,9238.314902311955
9240,2373.6787287211,267653398020.6787287211,9239.065777062126
9241,2374.0202214891,267653398021.0202214891,9240.396004162212
9242,2374.2522378538,267653398021.2522378538,9241.299784519833
9243,2374.5352562899,267653398021.5352562899,9242.402234787609
9244,2374.7583933340,267653398021.7583933340,9243.271427259337
9245,2375.0385212957,267653398022.0385212957,9244.362618174822
9246,2375.1945167971,267653398022.1945167971,9244.970272166061
9247,2375.5204239837,267653398022.5204239837,9246.23978827988
9248,2375.8076948360,267653398022.8076948360,9247.358803113
9249,2376.1508402671,267653398023.1508402671,9248.69546788161
9250,2376.4819073655,267653398023.4819073655,9249.985083555812
9251,2376.6031388045,267653398023.6031388045,9250.457320044112
9252,2376.9101682937,267653398023.9101682937,9251.65330129271
9253,2377.0984621724,267653398024.0984621724,9252.386768129196
9254,2377.4397462465,267653398024.4397462465,9253.716182297629
9255,2377.7894921342,267653398024.7894921342,9255.078558024317
9256,2377.9955204935,267653398024.9955204935,9255.881106519071
9257,2378.2127169977,267653398025.2127169977,9256.727158626189
9258,2378.4129751046,267653398025.4129751046,9257.507230082374
9259,2378.7074963830,267653398025.7074963830,9258.65448771941
9260,2379.0654052211,267653398026.0654052211,9260.0486608335
9261,2379.2872474835,267653398026.2872474835,9260.91280970294
9262,2379.6594632583,267653398026.6594632583,9262.362713059956
9263,2379.7150530113,267653398026.7150530113,9262.5792535049
9264,2379.9411231091,267653398026.9411231091,9263.459871189352
9265,2380.1063585893,267653398027.1063585893,9264.10351794927
9266,2380.4150611727,267653398027.4150611727,9265.306016452272
9267,2380.8228697208,267653398027.8228697208,9266.89456541484
9268,2380.9870568884,267653398027.9870568884,9267.534128651003
9269,2381.3357599865,267653398028.3357599865,9268.892442367847
9270,2381.6485449994,267653398028.6485449994,9270.110843281866
9271,2381.6869550929,267653398028.6869550929,9270.26046327994
9272,2382.0105403378,267653398029.0105403378,9271.52093466408
9273,2382.3302847714,267653398029.3302847714,9272.766444819885
9274,2382.4608586761,267653398029.4608586761,9273.275073297184
9275,2382.8743723304,267653398029.8743723304,9274.885845532357
9276,2382.9882192029,267653398029.9882192029,9275.329316695588
9277,2383.3629063444,267653398030.3629063444,9276.788846842002
9278,2383.5857244991,267653398030.5857244991,9277.656797134214
9279,2383.7559043201,267653398030.7559043201,9278.319703734282
9280,2384.1871961694,267653398031.1871961694,9279.999727909748
9281,2384.2832130333,267653398031.2832130333,9280.373745301606
9282,2384.5263858708,267653398031.5263858708,9281.320983804906
9283,2384.8646096756,267653398031.8646096756,9282.638477213844
9284,2385.0301758311,267653398032.0301758311,9283.283412063252
9285,2385.2280019668,267653398032.2280019668,9284.054010188524
9286,2385.6059038059,267653398032.6059038059,9285.526062643657
9287,2385.7148380457,267653398032.7148380457,9285.950397480257
9288,2386.0379868909,267653398033.0379868909,9287.209168943458
9289,2386.3532966956,267653398033.3532966956,9288.437404755281
9290,2386.4952011895,267653398033.4952011895,9288.990169619135
9291,2386.6591151782,267653398033.6591151782,9289.628668733274
9292,2387.4294599257,267653398034.4294599257,9292.629415910258
9293,2387.5990755516,267653398034.5990755516,9293.290124784102
9294,2387.9457832109,267653398034.9457832109,9294.640665607883
9295,2388.1317965001,267653398035.1317965001,9295.365248795164
9296,2388.3072972433,267653398035.3072972433,9296.048882144292
9297,2388.4596741142,267653398035.4596741142,9296.642440374779
9298,2388.7347272675,267653398035.7347272675,9297.713863235731
9299,2389.0312149056,267653398036.0312149056,9298.868780493138
9300,2389.2727801468,267653398036.2727801468,9299.809756877985
9301,2389.4555627387,267653398036.4555627387,9300.521755432432
9302,2389.7862039152,267653398036.7862039152,9301.809712000188
9303,2390.0322573676,267653398037.0322573676,9302.768171449768
9304,2390.2641782790,267653398037.2641782790,9303.671579985266
9305,2390.3176823120,267653398037.3176823120,9303.879995862058
9306,2390.7367597874,267653398037.7367597874,9305.51244101772
9307,2391.0617717356,267653398038.0617717356,9306.778469882345
9308,2391.3429378099,267653398038.3429378099,9307.873704589221
9309,2391.4805378424,267653398038.4805378424,9308.40970215449
9310,2391.7838398523,267653398038.7838398523,9309.591163640318
9311,2391.9685993675,267653398038.9685993675,9310.310862963845
9312,2392.3428721279,267653398039.3428721279,9311.768778959038
9313,2392.4335854420,267653398039.4335854420,9312.122137273072
9314,2392.6588378528,267653398039.6588378528,9312.999569796642
9315,2392.9241230713,267653398039.9241230713,9314.032943325952
9316,2393.3189858266,267653398040.3189858266,9315.57106415057
9317,2393.6280963727,267653398040.6280963727,9316.77515180301
9318,2393.8046429579,267653398040.8046429579,9317.46285905209
9319,2394.1055157033,267653398041.1055157033,9318.634857750492
9320,2394.3124678268,267653398041.3124678268,9319.441004611856
9321,2394.4410815216,267653398041.4410815216,9319.941997424288
9322,2394.8921051359,267653398041.8921051359,9321.698883340314
9323,2395.2283356132,267653398042.2283356132,9323.0086120804
9324,2395.4058352755,267653398042.4058352755,9323.70003187951
9325,2395.6486955253,267653398042.6486955253,9324.646052750499
9326,2395.9449387513,267653398042.9449387513,9325.800017942067
9327,2396.2646388429,267653398043.2646388429,9327.04535537114
9328,2396.4659235416,267653398043.4659235416,9327.829425741393
9329,2396.6683291648,267653398043.6683291648,9328.61786248273
9330,2396.8982615399,267653398043.8982615399,9329.51352501268
9331,2397.0989528224,267653398044.0989528224,9330.295283830874
9332,2397.4630839503,267653398044.4630839503,9331.713694818483
9333,2397.7402246537,267653398044.7402246537,9332.793249376433
9334,2397.8711829259,267653398044.8711829259,9333.303375092073
9335,2398.1773501004,267653398045.1773501004,9334.495997340162
9336,2398.6273242899,267653398045.6273242899,9336.248795400048
9337,2398.8211874837,267653398045.8211874837,9337.003956557965
9338,2398.9445523674,267653398045.9445523674,9337.484503517886
9339,2399.3361540092,267653398046.3361540092,9339.00992122853
9340,2399.4047150383,267653398046.4047150383,9339.276989077294
9341,2399.7753149406,267653398046.7753149406,9340.720598077329
9342,2399.9853281392,267653398046.9853281392,9341.538668837044
9343,2400.4085603592,267653398047.4085603592,9343.187298094917
9344,2400.6245234206,267653398047.6245234206,9344.028545535019
9345,2400.8890869073,267653398047.8890869073,9345.059107680638
9346,2401.1412049786,267653398048.1412049786,9346.041190823513
9347,2401.2370173242,267653398048.2370173242,9346.414411549056
9348,2401.3374608298,267653398048.3374608298,9346.805672172113
9349,2401.7002818657,267653398048.7002818657,9348.21897991876
9350,2401.8852997497,267653398048.8852997497,9348.939685674084
9351,2402.2174760212,267653398049.2174760212,9350.23362194379
9352,2402.3586067988,267653398049.3586067988,9350.783372927157
9353,2402.8482462158,267653398049.8482462158,9352.690680146521
9354,2402.9898310526,267653398049.9898310526,9353.242199840413
9355,2403.2619435557,267653398050.2619435557,9354.30216789777
9356,2403.5981700723,267653398050.5981700723,9355.611881209623
9357,2403.7827352286,267653398050.7827352286,9356.330823441054
9358,2404.0443445164,267653398051.0443445164,9357.349878006415
9359,2404.3851875758,267653398051.3851875758,9358.677574276962
9360,2404.6559260237,267653398051.6559260237,9359.73218993557
9361,2404.7480191147,267653398051.7480191147,9360.090922936262
9362,2405.2674267103,267653398052.2674267103,9362.11418704141
9363,2405.6258707098,267653398052.6258707098,9363.510444785883
9364,2405.7656522888,267653398052.7656522888,9364.054940195167
9365,2405.9191279556,267653398052.9191279556,9364.652778598533
9366,2406.0979173518,267653398053.0979173518,9365.349222337087
9367,2406.5046338662,267653398053.5046338662,9366.933517467784
9368,2406.7473426795,267653398053.7473426795,9367.878948443597
9369,2407.1307870500,267653398054.1307870500,9369.37259088881
9370,2407.2268005600,267653398054.2268005600,9369.74659521612
9371,2407.4910580551,267653398054.4910580551,9370.775965423412
9372,2407.8550718839,267653398054.8550718839,9372.193919492294
9373,2407.9314258322,267653398054.9314258322,9372.491343334745
9374,2408.1887183182,267653398055.1887183182,9373.493582531588
9375,2408.5238003203,267653398055.5238003203,9374.79883758152
9376,2408.7328662589,267653398055.7328662589,9375.61321845073
9377,2408.8433838169,267653398055.8433838169,9376.043720834568
9378,2409.0719905735,267653398056.0719905735,9376.934219642713
9379,2409.3921957350,267653398056.3921957350,9378.181524485835
9380,2409.6493630387,267653398056.6493630387,9379.183276056283
9381,2409.9159447121,267653398056.9159447121,9380.221699705551
9382,2410.3703198853,267653398057.3703198853,9381.991641050257
9383,2410.5806447488,267653398057.5806447488,9382.810925847678
9384,2410.7323965397,267653398057.7323965397,9383.402049185152
9385,2411.1049409096,267653398058.1049409096,9384.853232528598
9386,2411.4666106297,267653398058.4666106297,9386.262055520014
9387,2411.6018526754,267653398058.6018526754,9386.788867948037
9388,2411.8143747268,267653398058.8143747268,9387.61671151789
9389,2411.9138453865,267653398058.9138453865,9388.004182584913
9390,2412.3355656669,267653398059.3355656669,9389.646922338768
9391,2412.3986270701,267653398059.3986270701,9389.892567328552
9392,2412.7148079044,267653398059.7148079044,9391.124196088307
9393,2412.8682214674,267653398059.8682214674,9391.721792576865
9394,2413.4844379328,267653398060.4844379328,9394.122159198392
9395,2413.6006484588,267653398060.6006484588,9394.574837572542
9396,2413.9966497995,267653398060.9966497995,9396.117393563283
9397,2414.1148710481,267653398061.1148710481,9396.577904365946
9398,2414.3280038995,267653398061.3280038995,9397.408127203498
9399,2414.5611873587,267653398061.5611873587,9398.316453779604
9400,2414.8758582222,267653398061.8758582222,9399.542200704465
9401,2415.2462976110,267653398062.2462976110,9400.985184451414
9402,2415.4932978474,267653398062.4932978474,9401.94733193733
9403,2415.6281704338,267653398062.6281704338,9402.472705199376
9404,2416.0698678069,267653398063.0698678069,9404.193262326193
9405,2416.2629269961,267653398063.2629269961,9404.945291620696
9406,2416.5827864029,267653398063.5827864029,9406.191249635087
9407,2416.6921426197,267653398063.6921426197,9406.617228211451
9408,2416.9140819400,267653398063.9140819400,9407.481755153469
9409,2417.2137124456,267653398064.2137124456,9408.648914917638
9410,2417.6418664623,267653398064.6418664623,9410.316716198951
9411,2417.7520204330,267653398064.7520204330,9410.745802290194
9412,2417.9708272625,267653398064.9708272625,9411.598127146124
9413,2418.1468285455,267653398065.1468285455,9412.283710263066
9414,2418.4682577396,267653398065.4682577396,9413.53578311737
9415,2418.7649111004,267653398065.7649111004,9414.691345919424
9416,2418.9528180488,267653398065.9528180488,9415.423305534621
9417,2419.3137748455,267653398066.3137748455,9416.829351453973
9418,2419.4930392807,267653398066.4930392807,9417.527645626302
9419,2419.7685469571,267653398066.7685469571,9418.600839004828
9420,2419.9013765249,267653398066.9013765249,9419.118254034776
9421,2420.1097463120,267653398067.1097463120,9419.929923164009
9422,2420.4603692022,267653398067.4603692022,9421.29571510505
9423,2420.8017769993,267653398067.8017769993,9422.625611215433
9424,2420.9320919211,267653398067.9320919211,9423.133230868818
9425,2421.1227978448,267653398068.1227978448,9423.876093417095
9426,2421.4967485516,267653398068.4967485516,9425.332754907175
9427,2421.6884576591,267653398068.6884576591,9426.079525187626
9428,2421.9538598800,267653398068.9538598800,9427.113354479927
9429,2422.4240187912,267653398069.4240187912,9428.944778696297
9430,2422.6415767836,267653398069.6415767836,9429.792238919332
9431,2423.0575380677,267653398070.0575380677,9431.412545480849
9432,2423.2482709130,267653398070.2482709130,9432.155512897649
9433,2423.3612462754,267653398070.3612462754,9432.595589241251
9434,2423.8819288911,267653398070.8819288911,9434.623819970735
9435,2423.9686420503,267653398070.9686420503,9434.96159636049
9436,2424.1843958217,267653398071.1843958217,9435.802028546934
9437,2424.3756121659,267653398071.3756121659,9436.546879351612
9438,2424.6601223153,267653398071.6601223153,9437.655140335295
9439,2424.8403428419,267653398071.8403428419,9438.357158799352
9440,2425.2021018230,267653398072.2021018230,9439.766329491842
9441,2425.4458234999,267653398072.4458234999,9440.71570590585
9442,2425.6151664360,267653398072.6151664360,9441.375352562878
9443,2425.7030035774,267653398072.7030035774,9441.717507234469
9444,2426.3334072568,267653398073.3334072568,9444.173137739475
9445,2426.5168317932,267653398073.5168317932,9444.88763687974
9446,2426.6354199947,267653398073.6354199947,9445.349577085122
9447,2426.9790657603,267653398073.9790657603,9446.688190821842
9448,2427.3077369948,267653398074.3077369948,9447.968473814995
9449,2427.5191229023,267653398074.5191229023,9448.791891729179
9450,2427.6998897126,267653398074.6998897126,9449.496038148642
9451,2428.0154287845,267653398075.0154287845,9450.725167031926
9452,2428.3022056246,267653398075.3022056246,9451.8422575244
9453,2428.4704722615,267653398075.4704722615,9452.497711640626
9454,2428.6083737961,267653398075.6083737961,9453.03488365614
9455,2428.9215864855,267653398075.9215864855,9454.254950511362
9456,2429.2032479830,267653398076.2032479830,9455.352115055206
9457,2429.4707351277,267653398076.4707351277,9456.394065814198
9458,2429.8341165589,267653398076.8341165589,9457.809556485601
9459,2430.1609475492,267653398077.1609475492,9459.082671119902
9460,2430.2127188441,267653398077.2127188441,9459.284337409606
9461,2430.5179749035,267653398077.5179749035,9460.473410563518
9462,2430.8108168793,267653398077.8108168793,9461.614126762392
9463,2430.9627919758,267653398077.9627919758,9462.20611994892
9464,2431.0380805447,267653398078.0380805447,9462.499393786795
9465,2431.5130345139,267653398078.5130345139,9464.349496337518
9466,2431.7868637646,267653398078.7868637646,9465.41615169369
9467,2432.2039037647,267653398079.2039037647,9467.040660210245
9468,2432.3479451148,267653398079.3479451148,9467.60174883464
9469,2432.5749585711,267653398079.5749585711,9468.486041211976
9470,2432.8846499379,267653398079.8846499379,9469.69239135285
9471,2433.2331436089,267653398080.2331436089,9471.049889281994
9472,2433.3190461001,267653398080.3190461001,9471.38450785219
9473,2433.7768848287,267653398080.7768848287,9473.16794088893
9474,2434.0898576696,267653398081.0898576696,9474.387073455042
9475,2434.2644861738,267653398081.2644861738,9475.067309145235
9476,2434.4451148301,267653398081.4451148301,9475.770917409247
9477,2434.7120289189,267653398081.7120289189,9476.810635926273
9478,2435.0084437778,267653398082.0084437778,9477.96526968467
9479,2435.2570987194,267653398082.2570987194,9478.933862793765
9480,2435.4791894053,267653398082.4791894053,9479.79897935478
9481,2435.8092209279,267653398082.8092209279,9481.084561119282
9482,2435.8869645637,267653398082.8869645637,9481.387398253453
9483,2436.0068369282,267653398083.0068369282,9481.854340697784
9484,2436.5369440827,267653398083.5369440827,9483.919283118097
9485,2436.6474523363,267653398083.6474523363,9484.349749258226
9486,2436.9636176869,267653398083.9636176869,9485.581317703862
9487,2437.1024588155,267653398084.1024588155,9486.122149748282
9488,2437.2946595612,267653398084.2946595612,9486.870835121876
9489,2437.7904795945,267653398084.7904795945,9488.802217882721
9490,2437.9465284810,267653398084.9465284810,9489.410079826557
9491,2438.1306824729,267653398085.1306824729,9490.127420436878
9492,2438.4471386205,267653398085.4471386205,9491.360121632855
9493,2438.5676690523,267653398085.5676690523,9491.829627466628
9494,2439.0564524869,267653398086.0564524869,9493.73360035189
9495,2439.3408002069,267653398086.3408002069,9494.841228619427
9496,2439.6166929317,267653398086.6166929317,9495.915921888627
9497,2439.7581602839,267653398086.7581602839,9496.466983941209
9498,2440.1296594995,267653398087.1296594995,9497.914096063529
9499,2440.2241655000,267653398087.2241655000,9498.282228143524
9500,2440.5066716797,267653398087.5066716797,9499.382683003472
9501,2440.7970975875,267653398087.7970975875,9500.513987819648
9502,2441.1225278659,267653398088.1225278659,9501.781646218555
9503,2441.2712727263,267653398088.2712727263,9502.361056568776
9504,2441.6261800947,267653398088.6261800947,9503.743537967244
9505,2441.8111745138,267653398088.8111745138,9504.464152319037
9506,2442.2563439534,267653398089.2563439534,9506.198234291434
9507,2442.4939394127,267653398089.4939394127,9507.123747064878
9508,2442.6772865742,267653398089.6772865742,9507.837944804356
9509,2443.0425324815,267653398090.0425324815,9509.260698225862
9510,2443.1588763230,267653398090.1588763230,9509.71389590791
9511,2443.4055546418,267653398090.4055546418,9510.674789418472
9512,2443.6362049616,267653398090.6362049616,9511.573248580116
9513,2443.7942343193,267653398090.7942343193,9512.188825113275
9514,2444.0888052537,267653398091.0888052537,9513.33627617684
9515,2444.2649177681,267653398091.2649177681,9514.02229257682
9516,2444.6300732895,267653398091.6300732895,9515.444693915399
9517,2445.0894914330,267653398092.0894914330,9517.234279294737
9518,2445.1789722474,267653398092.1789722474,9517.58283661544
9519,2445.6196847398,267653398092.6196847398,9519.29955730671
9520,2445.8088879837,267653398092.8088879837,9520.03656642095
9521,2445.9861844059,267653398092.9861844059,9520.727194532761
9522,2446.2075883930,267653398093.2075883930,9521.58963617519
9523,2446.4290603937,267653398093.4290603937,9522.45234275305
9524,2446.6188271131,267653398093.6188271131,9523.191546790435
9525,2447.0922282191,267653398094.0922282191,9525.035600426205
9526,2447.2215508496,267653398094.2215508496,9525.5393547773
9527,2447.4923052659,267653398094.4923052659,9526.594032638106
9528,2447.6948453130,267653398094.6948453130,9527.382993004929
9529,2447.9153336946,267653398094.9153336946,9528.241868061581
9530,2448.1289703947,267653398095.1289703947,9529.074053556207
9531,2448.4010178299,267653398095.4010178299,9530.133768152613
9532,2448.5554891096,267653398095.5554891096,9530.735484797004
9533,2448.7043698565,267653398095.7043698565,9531.315424470016
9534,2449.3579617647,267653398096.3579617647,9533.861380783492
9535,2449.5059100597,267653398096.5059100597,9534.437688248436
9536,2449.8822891921,267653398096.8822891921,9535.903809258154
9537,2450.0806775286,267653398097.0806775286,9536.6765973412
9538,2450.4180456115,267653398097.4180456115,9537.990757430774
9539,2450.6371276321,267653398097.6371276321,9538.844154246917
9540,2451.0476953290,267653398098.0476953290,9540.443451005212
9541,2451.1574224005,267653398098.1574224005,9540.870874183101
9542,2451.3656446929,267653398098.3656446929,9541.681968771774
9543,2451.5466018229,267653398098.5466018229,9542.38685654932
9544,2451.9881763096,267653398098.9881763096,9544.106934993039
9545,2452.2941136665,267653398099.2941136665,9545.298662025694
9546,2452.5478056052,267653398099.5478056052,9546.286875901827
9547,2452.6387255988,267653398099.6387255988,9546.641039300766
9548,2452.7698289186,267653398099.7698289186,9547.15173002471
9549,2453.1741498023,267653398100.1741498023,9548.72669338275
9550,2453.4197976129,267653398100.4197976129,9549.68357272358
9551,2453.6341149804,267653398100.6341149804,9550.518409642502
9552,2453.8948796589,267653398100.8948796589,9551.534174175737
9553,2454.3048287948,267653398101.3048287948,9553.131061434673
9554,2454.3896187317,267653398101.3896187317,9553.46134623848
9555,2454.5840025205,267653398101.5840025205,9554.218535285843
9556,2454.8238611742,267653398101.8238611742,9555.152863948833
9557,2455.0827788489,267653398102.0827788489,9556.161433792344
9558,2455.3544013259,267653398102.3544013259,9557.219493036231
9559,2455.7949050315,267653398102.7949050315,9558.93540043397
9560,2456.0500802647,267653398103.0500802647,9559.929392231998
9561,2456.1958936669,267653398103.1958936669,9560.497383584498
9562,2456.4018864361,267653398103.4018864361,9561.299793444068
9563,2456.7179233205,267653398103.7179233205,9562.530861471434
9564,2456.8315736772,267653398103.8315736772,9562.973567140736
9565,2457.1148780703,267653398104.1148780703,9564.077131305468
9566,2457.5262497700,267653398104.5262497700,9565.67955992017
9567,2457.8791440120,267653398104.8791440120,9567.054199526534
9568,2458.0298001761,267653398105.0298001761,9567.641055035825
9569,2458.2448416682,267653398105.2448416682,9568.478712659187
9570,2458.4504223375,267653398105.4504223375,9569.279517253563
9571,2458.8628711007,267653398105.8628711007,9570.886141386269
9572,2459.1236183426,267653398106.1236183426,9571.90183799819
9573,2459.2376706590,267653398106.2376706590,9572.34610943326
9574,2459.6518526353,267653398106.6518526353,9573.959485003337
9575,2459.8203721186,267653398106.8203721186,9574.61592403979
9576,2459.9937795131,267653398106.9937795131,9575.291403104466
9577,2460.2838101845,267653398107.2838101845,9576.42116834435
9578,2460.5849374324,267653398107.5849374324,9577.594158414046
9579,2460.8396798836,267653398107.8396798836,9578.58646438327
9580,2461.0502903554,267653398108.0502903554,9579.40686171934
9581,2461.3975223879,267653398108.3975223879,9580.75944514991
9582,2461.7590086109,267653398108.7590086109,9582.167553359539
9583,2461.9604824229,267653398108.9604824229,9582.952360388554
9584,2462.1671181097,267653398109.1671181097,9583.757274624482
9585,2462.6193510520,267653398109.6193510520,9585.518871272434
9586,2462.7828055222,267653398109.7828055222,9586.155580410277
9587,2462.9817341584,267653398109.9817341584,9586.930473139077
9588,2463.1668875511,267653398110.1668875511,9587.65170674554
9589,2463.3157289919,267653398110.3157289919,9588.231493308314
9590,2463.6128257827,267653398110.6128257827,9589.388783416656
9591,2463.9113886818,267653398110.9113886818,9590.551784500969
9592,2464.1878437750,267653398111.1878437750,9591.628668380798
9593,2464.3281786248,267653398111.3281786248,9592.175318962556
9594,2464.6276466392,267653398111.6276466392,9593.341845769852
9595,2464.9524357197,267653398111.9524357197,9594.607006491206
9596,2465.1477110004,267653398112.1477110004,9595.367668193909
9597,2465.3881904664,267653398112.3881904664,9596.304415125816
9598,2465.7115926393,267653398112.7115926393,9597.564173384078
9599,2465.9732046792,267653398112.9732046792,9598.583238669786
9600,2466.1447555826,267653398113.1447555826,9599.251486088573
9601,2466.4388458843,267653398113.4388458843,9600.397064929059
9602,2466.6129822542,267653398113.6129822542,9601.075383593645
9603,2466.8935466414,267653398113.8935466414,9602.168274530586
9604,2467.0806803446,267653398114.0806803446,9602.897222100391
9605,2467.5730843756,267653398114.5730843756,9604.815298404244
9606,2467.7106756569,267653398114.7106756569,9605.351261880707
9607,2467.9883444556,267653398114.9883444556,9606.43287354425
9608,2468.2898063346,267653398115.2898063346,9607.607167112585
9609,2468.6813080021,267653398115.6813080021,9609.13219539033
9610,2468.9804157252,267653398115.9804157252,9610.297318744038
9611,2469.2229052244,267653398116.2229052244,9611.241895419018
9612,2469.4923243240,267653398116.4923243240,9612.291371780328
9613,2469.7014553963,267653398116.7014553963,9613.106006366816
9614,2469.8527857648,267653398116.8527857648,9613.695488124882
9615,2470.2087215584,267653398117.2087215584,9615.08197557912
9616,2470.3383491595,267653398117.3383491595,9615.586917891413
9617,2470.4671620408,267653398117.4671620408,9616.088686601046
9618,2470.7836795388,267653398117.7836795388,9617.321626777097
9619,2471.1480632351,267653398118.1480632351,9618.741021602042
9620,2471.4976419397,267653398118.4976419397,9620.102746095368
9621,2471.6416028196,267653398118.6416028196,9620.663521261764
9622,2471.8545763727,267653398118.8545763727,9621.493123579843
9623,2472.1421323457,267653398119.1421323457,9622.613249052258
9624,2472.2382777293,267653398119.2382777293,9622.987767070792
9625,2472.5498752571,267653398119.5498752571,9624.201542338227
9626,2472.8450368082,267653398119.8450368082,9625.351294048878
9627,2473.1454878984,267653398120.1454878984,9626.521650261051
9628,2473.5257535913,267653398120.5257535913,9628.002910707355
9629,2473.6593057406,267653398120.6593057406,9628.523140430863
9630,2473.9867634921,267653398120.9867634921,9629.79869650702
9631,2474.3253372388,267653398121.3253372388,9631.117553055235
9632,2474.4567426343,267653398121.4567426343,9631.629420463785
9633,2474.7684013856,267653398121.7684013856,9632.84343421697
9634,2474.8660400369,267653398121.8660400369,9633.223769006307
9635,2475.1460251662,267653398122.1460251662,9634.314403542445
9636,2475.3953004665,267653398122.3953004665,9635.285413153539
9637,2475.6638017266,267653398122.6638017266,9636.331314226905
9638,2475.9435160343,267653398122.9435160343,9637.42089382348
9639,2476.0690285500,267653398123.0690285500,9637.909806519245
9640,2476.4938692372,267653398123.4938692372,9639.564701288033
9641,2476.6504327606,267653398123.6504327606,9640.174567912543
9642,2476.9168972213,267653398123.9168972213,9641.21253497965
9643,2477.2760195153,267653398124.2760195153,9642.611434905202
9644,2477.6837484255,267653398124.6837484255,9644.199673651876
9645,2477.7872124325,267653398124.7872124325,9644.60270012533
9646,2478.0558167173,267653398125.0558167173,9645.649002513925
9647,2478.2939860228,267653398125.2939860228,9646.576750607817
9648,2478.6422992064,267653398125.6422992064,9647.933545478947
9649,2478.8463739980,267653398125.8463739980,9648.728484182408
9650,2479.2821305156,267653398126.2821305156,9650.425899715263
9651,2479.4949632783,267653398126.4949632783,9651.254953608242
9652,2479.6249589367,267653398126.6249589367,9651.76132962526
9653,2479.8134357718,267653398126.8134357718,9652.49550913735
9654,2480.0140632185,267653398127.0140632185,9653.277019294035
9655,2480.4469592728,267653398127.4469592728,9654.963292377746
9656,2480.5810132359,267653398127.5810132359,9655.485476831716
9657,2480.8332405600,267653398127.8332405600,9656.467985550336
9658,2481.2772507251,267653398128.2772507251,9658.197551765748
9659,2481.5319845904,267653398128.5319845904,9659.18982429006
9660,2481.7144705675,267653398128.7144705675,9659.900667431923
9661,2481.8951718805,267653398128.8951718805,9660.604558717778
9662,2482.1848802477,267653398129.1848802477,9661.733068476375
9663,2482.4644647840,267653398129.4644647840,9662.822142570494
9664,2482.5164501560,267653398129.5164501560,9663.024642761196
9665,2482.7741440230,267653398129.7741440230,9664.028445469592
9666,2483.0662989655,267653398130.0662989655,9665.166485446896
9667,2483.2243171360,267653398130.2243171360,9665.78201840222
9668,2483.5520316527,267653398130.5520316527,9667.058574663622
9669,2483.7536276130,267653398130.7536276130,9667.843857500604
9670,2484.1605975830,267653398131.1605975830,9669.42913992458
9671,2484.5349421690,267653398131.5349421690,9670.887335704225
9672,2484.7223790277,267653398131.7223790277,9671.617464164814
9673,2484.8558978863,267653398131.8558978863,9672.137564210052
9674,2485.3907381131,267653398132.3907381131,9674.220943509958
9675,2485.5039628621,267653398132.5039628621,9674.661991296723
9676,2485.7470516485,267653398132.7470516485,9675.608902393249
9677,2485.9167105134,267653398132.9167105134,9676.269779697286
9678,2486.3392776066,267653398133.3392776066,9677.915818066655
9679,2486.6455550608,267653398133.6455550608,9679.10886989061
9680,2486.7485102734,267653398133.7485102734,9679.50991444186
9681,2487.1335747903,267653398134.1335747903,9681.009867892328
9682,2487.2603790846,267653398134.2603790846,9681.503812492316
9683,2487.5879719775,267653398134.5879719775,9682.779894988855
9684,2487.9305016536,267653398134.9305016536,9684.114161188425
9685,2488.0150648429,267653398135.0150648429,9684.443562735456
9686,2488.3981443486,267653398135.3981443486,9685.935783911804
9687,2488.5548924994,267653398135.5548924994,9686.546369721007
9688,2488.6618799155,267653398135.6618799155,9686.963121036417
9689,2489.2062686380,267653398136.2062686380,9689.083694880208
9690,2489.4210046857,267653398136.4210046857,9689.920162696772
9691,2489.6596131022,267653398136.6596131022,9690.849621273015
9692,2489.8305812501,267653398136.8305812501,9691.515598666694
9693,2489.9627882223,267653398136.9627882223,9692.03058848119
9694,2490.5076305174,267653398137.5076305174,9694.152929140038
9695,2490.5888245141,267653398137.5888245141,9694.469206569305
9696,2490.9008214104,267653398137.9008214104,9695.684537508932
9697,2491.1630241026,267653398138.1630241026,9696.7059035804
9698,2491.3598224947,267653398138.3598224947,9697.472498304976
9699,2491.5887326669,267653398138.5887326669,9698.36417901709
9700,2492.0717549472,267653398139.0717549472,9700.245710303903
9701,2492.1926501870,267653398139.1926501870,9700.716637185307
9702,2492.4694540367,267653398139.4694540367,9701.794879586876
9703,2492.5526935849,267653398139.5526935849,9702.119125114725
9704,2492.8871126825,267653398139.8871126825,9703.42179793274
9705,2493.0600143585,267653398140.0600143585,9704.095307056863
9706,2493.2352910748,267653398140.2352910748,9704.778067747247
9707,2493.7756397930,267653398140.7756397930,9706.882904440188
9708,2493.9263323520,267653398140.9263323520,9707.469901719636
9709,2494.2620734935,267653398141.2620734935,9708.777724335212
9710,2494.3460242302,267653398141.3460242302,9709.10474017712
9711,2494.6766937605,267653398141.6766937605,9710.39280719231
9712,2494.7975559732,267653398141.7975559732,9710.863605422252
9713,2495.1397240833,267653398142.1397240833,9712.196463202858
9714,2495.4682562727,267653398142.4682562727,9713.476204569442
9715,2495.7205600708,267653398142.7205600708,9714.45901117955
9716,2496.0908362513,267653398143.0908362513,9715.901359176292
9717,2496.4308531305,267653398143.4308531305,9717.225837202157
9718,2496.5588220927,267653398143.5588220927,9717.724318568216
9719,2496.9530022457,267653398143.9530022457,9719.259780431488
9720,2497.1814784881,267653398144.1814784881,9720.149770843736
9721,2497.4046203860,267653398144.4046203860,9721.018982222637
9722,2497.6828454787,267653398144.6828454787,9722.102760835016
9723,2497.9299194695,267653398144.9299194695,9723.065195618687
9724,2498.1787238531,267653398145.1787238531,9724.03437085373
9725,2498.4333298138,267653398145.4333298138,9725.02614514739
9726,2498.6579053322,267653398145.6579053322,9725.900940951551
9727,2498.7087635615,267653398145.7087635615,9726.09905054923
9728,2498.9806528493,267653398145.9806528493,9727.158149109297
9729,2499.2978963901,267653398146.2978963901,9728.393917461814
9730,2499.5379605450,267653398146.5379605450,9729.329046619847
9731,2499.7789791264,267653398146.7789791264,9730.267893584269
9732,2500.1077860450,267653398147.1077860450,9731.54870511181
9733,2500.3143946538,267653398147.3143946538,9732.353513869994
9734,2500.5783688076,267653398147.5783688076,9733.381780369371
9735,2500.9415124735,267653398147.9415124735,9734.796344866429
9736,2501.0706344568,267653398148.0706344568,9735.299317630426
9737,2501.5284913161,267653398148.5284913161,9737.08282129225
9738,2501.6945650699,267653398148.6945650699,9737.729733404667
9739,2501.8634866788,267653398148.8634866788,9738.387738853127
9740,2502.0453185701,267653398149.0453185701,9739.096034114806
9741,2502.2116058725,267653398149.2116058725,9739.74377806954
9742,2502.6752851098,267653398149.6752851098,9741.549961816356
9743,2503.0195714640,267653398150.0195714640,9742.891070857226
9744,2503.2522715328,267653398150.2522715328,9743.797514468108
9745,2503.3990698243,267653398150.3990698243,9744.369342289667
9746,2503.5835831498,267653398150.5835831498,9745.088082623028
9747,2503.8506973790,267653398150.8506973790,9746.128580753013
9748,2504.3415868096,267653398151.3415868096,9748.040757188164
9749,2504.5272187541,267653398151.5272187541,9748.763854911922
9750,2504.8766497149,267653398151.8766497149,9750.125003894367
9751,2505.0406441127,267653398152.0406441127,9750.763816228513
9752,2505.3726975063,267653398152.3726975063,9752.057273848242
9753,2505.5510995807,267653398152.5510995807,9752.752208840491
9754,2505.8262600461,267653398152.8262600461,9753.82404971753
9755,2505.9601339699,267653398152.9601339699,9754.345532858975
9756,2506.2483456505,267653398153.2483456505,9755.468212529027
9757,2506.4159727453,267653398153.4159727453,9756.121175417591
9758,2506.8810045575,267653398153.8810045575,9757.932627890294
9759,2507.0058895259,267653398154.0058895259,9758.419096082096
9760,2507.3520092334,267653398154.3520092334,9759.767346639486
9761,2507.5840523662,267653398154.5840523662,9760.671231267714
9762,2507.8622286723,267653398154.8622286723,9761.754819840178
9763,2508.2447252603,267653398155.2447252603,9763.244770359597
9764,2508.5139788057,267653398155.5139788057,9764.293601832635
9765,2508.6165361671,267653398155.6165361671,9764.693096622084
9766,2508.8465664700,267653398155.8465664700,9765.589140613169
9767,2509.0515745829,267653398156.0515745829,9766.387714911301
9768,2509.5007064768,267653398156.5007064768,9768.137231951709
9769,2509.6155345984,267653398156.6155345984,9768.584525404223
9770,2509.7994518203,267653398156.7994518203,9769.300943717215
9771,2510.0639350602,267653398157.0639350602,9770.331193275066
9772,2510.3734854144,267653398157.3734854144,9771.536994125312
9773,2510.6649343758,267653398157.6649343758,9772.672284073107
9774,2510.7687236852,267653398157.7687236852,9773.076577706834
9775,2511.0507893983,267653398158.0507893983,9774.175316803936
9776,2511.3535840107,267653398158.3535840107,9775.35480180897
9777,2511.6178585508,267653398158.6178585508,9776.384238412182
9778,2511.8280201491,267653398158.8280201491,9777.202887237747
9779,2512.0253134219,267653398159.0253134219,9777.971409686073
9780,2512.2758034482,267653398159.2758034482,9778.947151056072
9781,2512.5099571293,267653398159.5099571293,9779.859256966882
9782,2512.9042501651,267653398159.9042501651,9781.39515854594
9783,2513.3787449560,267653398160.3787449560,9783.243472445574
9784,2513.5985176888,267653398160.5985176888,9784.099559813834
9785,2513.8813559798,267653398160.8813559798,9785.20130835698
9786,2514.1760747596,267653398161.1760747596,9786.349335327212
9787,2514.3673512441,267653398161.3673512441,9787.094420398229
9788,2514.4986312911,267653398161.4986312911,9787.605799532981
9789,2514.7378290425,267653398161.7378290425,9788.537553763275
9790,2514.9851723753,267653398161.9851723753,9789.501037722983
9791,2515.2002960172,267653398162.2002960172,9790.339015346952
9792,2515.6459911305,267653398162.6459911305,9792.075144992019
9793,2515.8066285289,267653398162.8066285289,9792.700880704946
9794,2516.2828716935,267653398163.2828716935,9794.556005097496
9795,2516.3865152545,267653398163.3865152545,9794.959730993076
9796,2516.5957132244,267653398163.5957132244,9795.774626167811
9797,2516.7798183336,267653398163.7798183336,9796.491776363882
9798,2517.0185165575,267653398164.0185165575,9797.42158476961
9799,2517.2419830714,267653398164.2419830714,9798.292060635027
9800,2517.4514821742,267653398164.4514821742,9799.10812882185
9801,2517.9498532349,267653398164.9498532349,9801.04944867685
9802,2518.0634242317,267653398165.0634242317,9801.491845213137
9803,2518.3522254630,267653398165.3522254630,9802.616821377853
9804,2518.5718752171,267653398165.5718752171,9803.472429703466
9805,2518.6784950289,267653398165.6784950289,9803.887749078738
9806,2519.0434460136,267653398166.0434460136,9805.309353679344
9807,2519.2688035124,267653398166.2688035124,9806.187195555394
9808,2519.6843699615,267653398166.6843699615,9807.805964104227
9809,2519.8177052900,267653398166.8177052900,9808.325349239123
9810,2520.2741253326,267653398167.2741253326,9810.103256025435
9811,2520.6128082144,267653398167.6128082144,9811.422537690914
9812,2520.6764631448,267653398167.6764631448,9811.670494665143
9813,2520.7977258717,267653398167.7977258717,9812.142853030156
9814,2521.0850689021,267653398168.0850689021,9813.262149020835
9815,2521.3885202583,267653398168.3885202583,9814.444192259843
9816,2521.6991721612,267653398168.6991721612,9815.654284006034
9817,2521.9761893357,267653398168.9761893357,9816.733357378147
9818,2522.0204002382,267653398169.0204002382,9816.90557344284
9819,2522.2737294860,267653398169.2737294860,9817.89237451816
9820,2522.5724685376,267653398169.5724685376,9819.05606177464
9821,2522.9945026634,267653398169.9945026634,9820.700024059997
9822,2523.2745501851,267653398170.2745501851,9821.790901635144
9823,2523.6546237449,267653398170.6546237449,9823.271413659588
9824,2523.7588557768,267653398170.7588557768,9823.67743184365
9825,2524.0506697576,267653398171.0506697576,9824.814143662546
9826,2524.3193205136,267653398171.3193205136,9825.86062707182
9827,2524.6004173714,267653398171.6004173714,9826.955592157592
9828,2524.8035499275,267653398171.8035499275,9827.746860542638
9829,2525.0944727371,267653398172.0944727371,9828.880100955426
9830,2525.3573522109,267653398172.3573522109,9829.90410331472
9831,2525.5012008805,267653398172.5012008805,9830.464441384947
9832,2525.9418028216,267653398172.9418028216,9832.180731442417
9833,2526.1626429246,267653398173.1626429246,9833.040976570079
9834,2526.3046817217,267653398173.3046817217,9833.594264589257
9835,2526.5878282576,267653398173.5878282576,9834.697213848081
9836,2526.8239122753,267653398173.8239122753,9835.61683905739
9837,2526.9948710576,267653398173.9948710576,9836.282779968966
9838,2527.3884865331,267653398174.3884865331,9837.816042226914
9839,2527.6420977401,267653398174.6420977401,9838.803941626427
9840,2527.7759440556,267653398174.7759440556,9839.32531722443
9841,2528.0429346565,267653398175.0429346565,9840.365333781365
9842,2528.2706754588,267653398175.2706754588,9841.252459411571
9843,2528.4599089570,267653398175.4599089570,9841.989586376309
9844,2528.9892452425,267653398175.9892452425,9844.051526007337
9845,2529.0631490906,267653398176.0631490906,9844.339405900435
9846,2529.2794794518,267653398176.2794794518,9845.182084094566
9847,2529.5807050394,267653398176.5807050394,9846.355457229878
9848,2529.6978814812,267653398176.6978814812,9846.811898165044
9849,2529.9988468309,267653398176.9988468309,9847.9842575878
9850,2530.4614260844,267653398177.4614260844,9849.786156534483
9851,2530.6525063013,267653398177.6525063013,9850.530477078386
9852,2530.7690680650,267653398177.7690680650,9850.98452363937
9853,2531.2510648170,267653398178.2510648170,9852.862060154815
9854,2531.5063659647,267653398178.5063659647,9853.856542431413
9855,2531.8285679640,267653398178.8285679640,9855.11162561719
9856,2531.9405655125,267653398178.9405655125,9855.547893052762
9857,2532.3346362171,267653398179.3346362171,9857.082928578382
9858,2532.5432971316,267653398179.5432971316,9857.89573174499
9859,2532.8930267106,267653398179.8930267106,9859.258043943939
9860,2533.1341947005,267653398180.1341947005,9860.197472903812
9861,2533.2464271481,267653398180.2464271481,9860.634655348947
9862,2533.4805318450,267653398180.4805318450,9861.546570450124
9863,2533.8954699781,267653398180.8954699781,9863.162891500657
9864,2533.9836404405,267653398180.9836404405,9863.506344567617
9865,2534.2092241205,267653398181.2092241205,9864.385067494133
9866,2534.4628793839,267653398181.4628793839,9865.373138507874
9867,2534.7574073195,267653398181.7574073195,9866.52042207693
9868,2534.8939209469,267653398181.8939209469,9867.05218773559
9869,2535.2394846994,267653398182.2394846994,9868.39827266467
9870,2535.4345890456,267653398182.4345890456,9869.15826852106
9871,2535.9497157978,267653398182.9497157978,9871.16485732757
9872,2536.1063937066,267653398183.1063937066,9871.775169520994
9873,2536.4359306295,267653398183.4359306295,9873.058824656355
9874,2536.7274026215,267653398183.7274026215,9874.194204315945
9875,2536.8518781147,267653398183.8518781147,9874.679077466628
9876,2537.0616893355,267653398184.0616893355,9875.496361456133
9877,2537.2648751232,267653398184.2648751232,9876.287837195841
9878,2537.7331058954,267653398184.7331058954,9878.111750674123
9879,2537.8322922265,267653398184.8322922265,9878.498114187363
9880,2537.9683321503,267653398184.9683321503,9879.028034614075
9881,2538.3123637954,267653398185.3123637954,9880.368151478895
9882,2538.4972974020,267653398185.4972974020,9881.088528945931
9883,2538.7177247115,267653398185.7177247115,9881.947166106596
9884,2539.1586207812,267653398186.1586207812,9883.664601892095
9885,2539.2588967542,267653398186.2588967542,9884.055209920361
9886,2539.6060642306,267653398186.6060642306,9885.40754188362
9887,2540.0266586591,267653398187.0266586591,9887.045896072575
9888,2540.1862983097,267653398187.1862983097,9887.667745228344
9889,2540.3914186875,267653398187.3914186875,9888.46675683534
9890,2540.5074989634,267653398187.5074989634,9888.918927842346
9891,2540.9986687310,267653398187.9986687310,9890.832196282694
9892,2541.2228424679,267653398188.2228424679,9891.705427015242
9893,2541.3531306442,267653398188.3531306442,9892.212942486081
9894,2541.7470607774,267653398188.7470607774,9893.74743043968
9895,2542.0796551785,267653398189.0796551785,9895.042995462281
9896,2542.2111164751,267653398189.2111164751,9895.55508062408
9897,2542.6550244642,267653398189.6550244642,9897.284248830247
9898,2542.8898482915,267653398189.8898482915,9898.198965181806
9899,2543.1237072287,267653398190.1237072287,9899.109922967797
9900,2543.3182536651,267653398190.3182536651,9899.867745581281
9901,2543.5741977076,267653398190.5741977076,9900.864732145425
9902,2543.7911970289,267653398190.7911970289,9901.710016160052
9903,2544.1156614612,267653398191.1156614612,9902.973912269475
9904,2544.3145218251,267653398191.3145218251,9903.74853905513
9905,2544.5474606927,267653398191.5474606927,9904.655912866201
9906,2544.7478036200,267653398191.7478036200,9905.436314725875
9907,2545.0884359075,267653398192.0884359075,9906.7631899703
9908,2545.1811512817,267653398192.1811512817,9907.124346969556
9909,2545.4994547249,267653398192.4994547249,9908.364243991935
9910,2545.9148113516,267653398192.9148113516,9909.982195213239
9911,2546.0135052029,267653398193.0135052029,9910.36664035503
9912,2546.1839397369,267653398193.1839397369,9911.030539146363
9913,2546.4118617457,267653398193.4118617457,9911.918370635725
9914,2546.6891708830,267653398193.6891708830,9912.998581299362
9915,2546.9103815992,267653398193.9103815992,9913.860270087824
9916,2547.5087049722,267653398194.5087049722,9916.190937205793
9917,2547.6395455732,267653398194.6395455732,9916.700604553262
9918,2547.9989957702,267653398194.9989957702,9918.100781769297
9919,2548.0997126992,267653398195.0997126992,9918.493107466797
9920,2548.2523700465,267653398195.2523700465,9919.087758245496
9921,2548.4932193466,267653398195.4932193466,9920.025945803362
9922,2549.0108831669,267653398196.0108831669,9922.042417327926
9923,2549.0499013446,267653398196.0499013446,9922.194406014767
9924,2549.4229679453,267653398196.4229679453,9923.647623619663
9925,2549.8161445290,267653398196.8161445290,9925.179176249121
9926,2549.9899232022,267653398196.9899232022,9925.85610156695
9927,2550.2094843664,267653398197.2094843664,9926.711364805653
9928,2550.4054636224,267653398197.4054636224,9927.474768724629
9929,2550.7474754880,267653398197.7474754880,9928.807017881323
9930,2551.0158432230,267653398198.0158432230,9929.852398830344
9931,2551.1029590369,267653398198.1029590369,9930.191743693129
9932,2551.3984254764,267653398198.3984254764,9931.342683044793
9933,2551.7916938211,267653398198.7916938211,9932.874593113651
9934,2552.1033310152,267653398199.1033310152,9934.088522894437
9935,2552.3444543386,267653398199.3444543386,9935.027777863546
9936,2552.5027389336,267653398199.5027389336,9935.644348630283
9937,2552.7732331755,267653398199.7732331755,9936.698013025902
9938,2552.9821601433,267653398199.9821601433,9937.511852557971
9939,2553.3495976148,267653398200.3495976148,9938.943142845766
9940,2553.5136750448,267653398200.5136750448,9939.582278617756
9941,2553.7337581827,267653398200.7337581827,9940.43957511639
9942,2554.0502640104,267653398201.0502640104,9941.672469832783
9943,2554.3398368980,267653398201.3398368980,9942.80045185361
9944,2554.5242344000,267653398201.5242344000,9943.518741016196
9945,2554.6297426079,267653398201.6297426079,9943.929730327203
9946,2555.1657061481,267653398202.1657061481,9946.017485303768
9947,2555.4006488825,267653398202.4006488825,9946.93266483775
9948,2555.6668618879,267653398202.6668618879,9947.969652403439
9949,2555.9273672581,267653398202.9273672581,9948.984406845231
9950,2556.0513785458,267653398203.0513785458,9949.467471762202
9951,2556.2511913925,267653398203.2511913925,9950.245808782895
9952,2556.4956490207,267653398203.4956490207,9951.198051970265
9953,2556.7277279497,267653398203.7277279497,9952.102076036519
9954,2557.0602071476,267653398204.0602071476,9953.397192304616
9955,2557.2058420983,267653398204.2058420983,9953.964488529602
9956,2557.4230704032,267653398204.4230704032,9954.81066451097
9957,2557.6935927661,267653398204.6935927661,9955.86443844717
9958,2558.0766667757,267653398205.0766667757,9957.35663821441
9959,2558.3392605715,267653398205.3392605715,9958.379527763562
9960,2558.6410065107,267653398205.6410065107,9959.554927840194
9961,2559.0030177914,267653398206.0030177914,9960.965081322971
9962,2559.2514226156,267653398206.2514226156,9961.932700142215
9963,2559.4211335005,267653398206.4211335005,9962.593780081337
9964,2559.9383489578,267653398206.9383489578,9964.60850508396
9965,2560.1848169396,267653398207.1848169396,9965.568579262466
9966,2560.3122646344,267653398207.3122646344,9966.065030119873
9967,2560.5417063910,267653398207.5417063910,9966.958781528774
9968,2560.7649671452,267653398207.7649671452,9967.828455892219
9969,2560.9976090171,267653398207.9976090171,9968.734672806966
9970,2561.1881402843,267653398208.1881402843,9969.476855010516
9971,2561.4460171083,267653398208.4460171083,9970.481370396856
9972,2561.7292993096,267653398208.7292993096,9971.584848117216
9973,2561.8492218410,267653398208.8492218410,9972.051985978198
9974,2562.4094577320,267653398209.4094577320,9974.23428977642
9975,2562.5311650232,267653398209.5311650232,9974.70837986619
9976,2562.7397456039,267653398209.7397456039,9975.52087010612
9977,2563.1265604409,267653398210.1265604409,9977.027641631392
9978,2563.3212684482,267653398210.3212684482,9977.786093616887
9979,2563.4153197075,267653398210.4153197075,9978.152454329751
9980,2563.6392663893,267653398210.6392663893,9979.024800607705
9981,2563.9279529269,267653398210.9279529269,9980.149330002592
9982,2564.2067695437,267653398211.2067695437,9981.235412796688
9983,2564.6074829022,267653398211.6074829022,9982.796323652814
9984,2564.7674986280,267653398211.7674986280,9983.419637745677
9985,2565.0508240081,267653398212.0508240081,9984.523283661725
9986,2565.3192909913,267653398212.3192909913,9985.569051215261
9987,2565.7187825833,267653398212.7187825833,9987.125202887413
9988,2565.8462103317,267653398212.8462103317,9987.621576047006
9989,2565.9900403923,267653398212.9900403923,9988.181841629037
9990,2566.3215721280,267653398213.3215721280,9989.473267218993
9991,2566.3950321997,267653398213.3950321997,9989.75941845647
9992,2566.8752473235,267653398213.8752473235,9991.630014941751
9993,2567.1405730853,267653398214.1405730853,9992.663546400632
9994,2567.3502981938,267653398214.3502981938,9993.480494954294
9995,2567.6852090768,267653398214.6852090768,9994.785083438857
9996,2567.9198591559,267653398214.9198591559,9995.699122983804
9997,2568.2086155313,267653398215.2086155313,9996.823924419985
9998,2568.3256638426,267653398215.3256638426,9997.279866244544
9999,2568.7319072327,267653398215.7319072327,9998.862318399895
10000,2569.0462708995,267653398216.0462708995,10000.086868692195
