zero_index,gamma,x_unfolded,unfolded_spacing_from_previous
1,14.134725141735,0.4492778727433573,
2,21.022039638772,1.5698956896187108,1.1206178168753536
3,25.010857580146,2.393332685918328,0.8234369962996171
4,30.42487612586,3.67084647533391,1.2775137894155821
5,32.935061587739,4.317069648518563,0.6462231731846533
6,37.586178158826,5.593378761769833,1.27630911325127
7,40.918719012148,6.564967037942235,0.971588276172402
8,43.327073280915,7.294228067167278,0.729261029225043
9,48.005150881167,8.770680390902253,1.476452323734975
10,49.773832477672,9.348203031688346,0.5775226407860927
11,52.970321477714,10.417088185688067,1.0688851539997213
12,56.446247697063,11.614219755867953,1.1971315701798861
13,59.347044002603,12.63945354371361,1.0252337878456572
14,60.83177852461,13.173009079658566,0.5335555359449557
15,65.112544048082,14.743160281627159,1.5701512019685921
16,67.079810529494,15.479946676293983,0.736786394666824
17,69.546401711174,16.416685956868104,0.9367392805741215
18,72.067157674482,17.38837998598008,0.9716940291119762
19,75.704690699084,18.815181952135333,1.426801966155253
20,77.144840068875,19.387835871884032,0.5726539197486993
21,79.337375020249,20.26785477909121,0.8800189072071767
22,82.910380854086,21.722502052462893,1.454647273371684
23,84.735492980517,22.475069144012977,0.7525670915500839
24,87.425274613125,23.595541760622538,1.120472616609561
25,88.809111207634,24.177158929408975,0.5816171687864369
26,92.491899270558,25.741588862783125,1.56442993337415
27,94.65134404052,26.669826433293984,0.9282375705108592
28,95.870634228245,27.197413725189215,0.5275872918952302
29,98.831194218194,28.488659725234797,1.2912460000455823
30,101.317851005731,29.584138584916364,1.0954788596815668
31,103.725538040478,30.654086665452933,1.0699480805365695
32,105.446623052326,31.42438087047827,0.770294205025337
33,107.168611184276,32.199553855062845,0.7751729845845752
34,111.02953554317,33.95349563198868,1.753941776925835
35,111.874659176993,34.34029547054487,0.38679983855619327
36,114.320220915453,35.465288105429856,1.1249926348849826
37,116.226680320858,36.34807101308948,0.8827829076596245
38,118.790782865976,37.543208621745705,1.1951376086562249
39,121.370125002421,38.75433708589338,1.2111284641476772
40,122.946829293553,39.498986107721414,0.7446490218280317
41,124.256818554346,40.12011985946528,0.6211337517438622
42,127.516683879596,41.67528226888676,1.5551624094214844
43,129.578704199956,42.66586698072678,0.9905847118400217
44,131.087688530933,43.394089931597776,0.7282229508709932
45,133.497737202997,44.562879619929475,1.1687896883316995
46,134.756509753374,45.17610140089769,0.6132217809682174
47,138.116042054533,46.821841555460935,1.6457401545632422
48,139.736208952122,47.620183958422786,0.7983424029618504
49,141.123707404021,48.30625613840769,0.6860721799849046
50,143.11184580762,49.2931040358672,0.9868478974595121
51,146.000982486766,50.7349978193611,1.4418937834938959
52,147.42276534256,51.4479251198038,0.7129273004427006
53,150.053520420785,52.77280901142758,1.3248838916237844
54,150.925257612241,53.21345328450103,0.44064427307344545
55,153.024693811199,54.27795294436851,1.0644996598674794
56,156.112909294238,55.852117657571696,1.5741647132031886
57,157.597591817594,56.61238185143537,0.7602641938636765
58,158.84998817142,57.25543058963267,0.6430487381972938
59,161.188964137596,58.46058733660548,1.2051567469728113
60,163.030709687182,59.41335159448125,0.9527642578757707
61,165.5370691879,60.71524357452371,1.3018919800424626
62,167.184439978175,61.574241612630374,0.8589980381066624
63,169.094515415568,62.573455936763764,0.9992143241333906
64,169.911976479412,63.00214444468544,0.42868850792167734
65,173.411536519592,64.84440356902775,1.8422591243423057
66,174.754191523366,65.55420795759011,0.709804388562361
67,176.441434297711,66.44850761186422,0.8942996542741071
68,178.3774077761,67.47780571113057,1.0292980992663558
69,179.916484020258,68.2984734609755,0.8206677498449295
70,182.207078484366,69.52374114890331,1.2252676879278113
71,184.874467848387,70.95633320752752,1.4325920586242091
72,185.598783677707,71.34640737788517,0.39007417035765
73,187.228922583502,72.22594787329992,0.8795404954147443
74,189.416158656017,73.40961513393488,1.1836672606349623
75,192.026656360714,74.82759703341624,1.4179818994813616
76,193.079726603846,75.40121161603308,0.5736145826168411
77,195.265396679529,76.59467295813641,1.1934613421033333
78,196.876481840958,77.47688380134491,0.8822108432084974
79,198.015309676252,78.10175906425629,0.6248752629113739
80,201.264751943704,79.8904396125806,1.788680548324308
81,202.49359451414,80.5690486910747,0.6786090784941052
82,204.189671803105,81.50762891781383,0.9385802267391341
83,205.394697202163,82.17583294814094,0.6682040303271037
84,207.906258887806,83.57213916952813,1.3963062213871922
85,209.576509716856,84.5033945339382,0.9312553644100774
86,211.690862595365,85.68529716113349,1.181902627195285
87,213.347919359713,86.61392669631553,0.92862953518204
88,214.547044783492,87.28720578263903,0.6732790863235039
89,216.169538508264,88.19989257526183,0.9126867926227931
90,219.067596349022,89.83492433526135,1.6350317599995208
91,220.714918839314,90.76703904317463,0.9321147079132857
92,221.430705554694,91.17266779874035,0.405628755565715
93,224.007000254604,92.63566627912562,1.4629984803852665
94,224.983324669583,93.19132599672172,0.5556597175961002
95,227.421444279679,94.58188169546717,1.3905556987454588
96,229.337413305525,95.67755568871861,1.095673993251438
97,231.250188700499,96.77394458116711,1.096388892448502
98,231.98723525318,97.19708750729112,0.42314292612400095
99,233.693404178909,98.17803743731622,0.9809499300251048
100,236.524229665816,99.80996734088731,1.6319299035710912
101,237.769820480925,100.52974457424729,0.7197772333599772
102,239.555477573328,101.56341476344102,1.033670189193728
103,241.049157796217,102.4296950038609,0.8662802404198828
104,242.823271934223,103.46052990206925,1.0308348982083544
105,244.070898497078,104.18668978398063,0.7261598819113715
106,247.136990074898,105.97555808392613,1.7888682999455057
107,248.101990060148,106.53982999100914,0.5642719070830111
108,249.573689644707,107.4015377173846,0.8617077263754567
109,251.014947795016,108.24676012551828,0.8452224081336794
110,253.069986747999,109.45420880398167,1.2074486784633933
111,255.306256454914,110.77115746975646,1.3169486657747882
112,256.380713694435,111.40502033333885,0.6338628635823937
113,258.610439491531,112.72270305140793,1.3176827180690793
114,259.874406989678,113.47102006260181,0.7483170111938762
115,260.805084504597,114.02264239610702,0.5516223335052075
116,263.57389390487,115.66686291966246,1.6442205235554468
117,265.557851838876,116.84785960254837,1.1809966828859046
118,266.614973781501,117.47810027858809,0.630240676039719
119,267.921915082824,118.2582015166299,0.7801012380418086
120,269.970449023998,119.48299234948774,1.224790832857849
121,271.494055641646,120.39554152494958,0.9125491754618338
122,273.459609188403,121.57479956696017,1.1792580420105878
123,275.587492649344,122.85398369807803,1.2791841311178587
124,276.452049503133,123.37446308739237,0.520479389314346
125,278.250743529842,124.45868789509649,1.0842248077041177
126,279.229250927745,125.04929490289913,0.590607007802646
127,282.465114765053,127.0062720236935,1.9569771207943631
128,283.211185733234,127.45831826294895,0.45204623925545206
129,284.835963980905,128.4438566695963,0.9855384066473505
130,286.667445363003,129.55654265177137,1.1126859821750656
131,287.911920501422,130.31366612766692,0.7571234758955541
132,289.579854929219,131.32975905869446,1.0160929310275435
133,291.846291329067,132.7129035783828,1.3831445196883294
134,293.558434139356,133.75963637412127,1.0467327957384782
135,294.965369619265,134.6209681258663,0.8613317517450412
136,295.573254878958,134.99344873736936,0.37248061150305034
137,297.979277061943,136.46968294414992,1.4762342067805605
138,299.840326053722,137.61366655187564,1.1439836077257155
139,301.649325462194,138.72741750129524,1.1137509494195967
140,302.696749589607,139.37307754525506,0.6456600439598219
141,304.864371340857,140.71108701671074,1.3380094714556776
142,305.728912602037,141.24542827660855,0.5343412598978148
143,307.21949612817,142.16761643171077,0.9221881551022193
144,310.109463146702,143.95884369568375,1.791227263972985
145,311.165141530356,144.61423353716725,0.6553898414834975
146,312.427801180601,145.39887064914683,0.7846371119795776
147,313.985285731159,146.3678351271177,0.9689644779708715
148,315.475616089476,147.29617197204033,0.9283368449226259
149,317.73480594237,148.70557161213253,1.4093996400922038
150,318.853104256317,149.40417112733078,0.6985995151982536
151,321.160134309114,150.84733960757086,1.4431684802400753
152,322.144558672483,151.4639527213616,0.6166131137907485
153,323.466969557512,152.29302349271103,0.8290707713494214
154,324.86286605174,153.16909867506223,0.876075182351201
155,327.443901261905,154.79148721558823,1.6223885405260035
156,329.033071680481,155.7920210513971,1.0005338358088807
157,329.953239728234,156.3719131240066,0.5798920726094821
158,331.474467582664,157.3314896778174,0.9595765538107912
159,333.64537852487,158.70280335164878,1.371313673831395
160,334.211354833244,159.0606873982174,0.35788404656861417
161,336.841850428391,160.72602778430416,1.6653403860867684
162,338.339992850807,161.67594962740952,0.9499218431053578
163,339.858216725364,162.63968152944796,0.9637319020384325
164,341.042261111047,163.39203378318973,0.7523522537417762
165,342.054877510364,164.0359782960761,0.6439445128863781
166,344.661702940252,165.6959062385315,1.659927942455397
167,346.347870566011,166.77126689010666,1.0753606515751528
168,347.27267758442,167.36162174322567,0.5903548531190097
169,349.316260870696,168.6675411913542,1.3059194481285203
170,350.408419349192,169.36624862028503,0.6987074289308453
171,351.878649025359,170.3076820113471,0.9414333910620769
172,353.488900488719,171.33989730924787,1.0322152979007626
173,356.017574977265,172.96320100630436,1.6233036970564854
174,357.151302252039,173.6919360094492,0.7287350031448341
175,357.952685101633,174.20739294809212,0.5154569386429273
176,359.743754953114,175.36045712501948,1.1530641769273586
177,361.289361695805,176.35663686197924,0.9961797369597605
178,363.331330578975,177.67434644925447,1.3177095872752318
179,364.736024114089,178.58187482637095,0.9075283771164777
180,366.212710288332,179.53684365324418,0.9549688268732268
181,367.99357548174,180.68978446301213,1.152940809767955
182,368.968438095734,181.32149663641513,0.6317121734030025
183,370.050919212106,182.0234260028704,0.7019293664552606
184,373.061928372113,183.9785455152791,1.9551195124087144
185,373.864873910909,184.50057158939228,0.522026074113171
186,375.825912766739,185.77667162340816,1.276100034015883
187,376.324092230668,186.10110997072408,0.3244383473159189
188,378.436680249965,187.4780931960152,1.3769832252911272
189,379.872975346532,188.41534170968748,0.937248513672273
190,381.484468617187,189.46794380344775,1.052602093760271
191,383.443529449537,190.74903027133533,1.281086467887576
192,384.956116814864,191.73924506437606,0.9902147930407352
193,385.861300845974,192.33227612337893,0.5930310590028682
194,387.222890222388,193.22495728548185,0.8926811621029174
195,388.846128354231,194.2901753065222,1.0652180210403515
196,391.456083563638,196.00516612393665,1.7149908174144457
197,392.245083339519,196.52416064199622,0.5189945180595714
198,393.427743844434,197.3025733421431,0.7784127001468732
199,395.582870010994,198.72250484844625,1.4199315063031577
200,396.381854222592,199.24940082140864,0.526895972962393
201,397.918736209614,200.26362914218458,1.014228320775942
202,399.985119876195,201.62877774056,1.3651485983754128
203,401.839228600533,202.85513413751997,1.2263563969599716
204,402.861917763886,203.5321507457321,0.677016608212142
205,404.236441800208,204.44273147472137,0.9105807289892596
206,405.13438745991,205.03799525852418,0.5952637838028068
207,407.581460386896,206.66180820578032,1.6238129472561411
208,408.947245502352,207.56912476786573,0.9073165620854127
209,410.513869193367,208.610755950101,1.0416311822352782
210,411.972267804279,209.58128472072048,0.9705287706194667
211,413.262736070184,210.44074523862633,0.859460517905859
212,415.018809755155,211.61133188479673,1.170586646170392
213,415.455214996295,211.90242027603378,0.29108839123705366
214,418.387705789535,213.86032111889403,1.957900842860255
215,419.861364818152,214.8454577553218,0.985136636427768
216,420.643827625041,215.36886656483546,0.5234088095136542
217,422.076710058827,216.3279574320549,0.9590908672194303
218,423.716579627482,217.42654371235892,1.0985862803040334
219,425.069882494461,218.33391330096617,0.9073695886072528
220,427.208825084074,219.7694402726658,1.4355269716996304
221,428.127914076617,220.38680042759302,0.6173601549272121
222,430.328745430939,221.86639320644952,1.4795927788564995
223,431.301306930704,222.52080602588882,0.6544128194393011
224,432.138641734589,223.08450775832418,0.5637017324353621
225,433.889218480927,224.26384629561397,1.1793385372897944
226,436.161006432647,225.79599265668622,1.5321463610722503
227,437.581698167669,226.75509777045522,0.9591051137689988
228,438.621738656271,227.4576918226241,0.7025940521688767
229,439.918442214371,228.33422292994774,0.8765311073236433
230,441.683199201189,229.52812050079712,1.1938975708493729
231,442.904546302609,230.3550464891679,0.8269259883707889
232,444.319336277559,231.3136150274857,0.9585685383177918
233,446.86062269643,233.03722245746525,1.7236074299795519
234,447.441704194493,233.4316599668053,0.39443750934006516
235,449.148545685023,234.5909561186997,1.159296151894381
236,450.126945780313,235.2559565896989,0.6650004709992174
237,451.403308445389,236.12398538352681,0.8680287938279037
238,453.986737806678,237.88268034744644,1.7586949639196234
239,454.974683768617,238.555853477259,0.673173129812568
240,456.328426689246,239.47883005888195,0.9229765816229474
241,457.903893064103,240.55378145846993,1.0749513995879738
242,459.513415281106,241.65286025295683,1.0990787944868998
243,460.087944422176,242.04540085112257,0.3925405981657377
244,462.065367274882,243.39732478691025,1.3519239357876813
245,464.057286910548,244.76052155581533,1.363196768905084
246,465.671539211371,245.86625516382134,1.1057336080060054
247,466.570286930826,246.4822672411321,0.6160120773107565
248,467.439046210262,247.07798679961564,0.5957195584835517
249,469.536004559112,248.51695626860698,1.4389694689913313
250,470.773655478102,249.36695385135056,0.8499975827435833
251,472.799174661909,250.75916258542225,1.392208734071687
252,473.83523234514,251.47181478115198,0.7126521957297314
253,475.600339369375,252.68677345577055,1.2149586746185719
254,476.769015237484,253.4917704880782,0.8049970323076536
255,478.07526376667,254.39206865688982,0.9002981688116165
256,478.942181534635,254.9898830974733,0.5978144405834769
257,481.830339376287,256.98331603283344,1.993432935360147
258,482.834782790982,257.67723864664265,0.6939226138092067
259,483.851427212482,258.37992900431846,0.7026903576758059
260,485.539148129356,259.5472083339964,1.1672793296779673
261,486.528718261651,260.2320596863067,0.6848513523102611
262,488.380567090018,261.51452799940375,1.2824683130970698
263,489.661761577956,262.40245307763206,0.8879250782283066
264,491.398821593663,263.6071651401373,1.204712062505223
265,493.314441581785,264.93684779623385,1.3296826560965656
266,493.95799780537,265.38382315017395,0.446975353940104
267,495.358828822131,266.35721705492966,0.9733939047557101
268,496.429696215759,267.1017548033852,0.7445377484555138
269,498.580782429687,268.5984422148968,1.4966874115116298
270,500.30908494169,269.8020347072659,1.2035924923690686
271,501.604446965145,270.7047499505069,0.9027152432410048
272,502.276270327118,271.17314170932355,0.46839175881666506
273,504.499773313428,272.7243753548007,1.5512336454771685
274,505.415231742244,273.3635013815337,0.6391260267329812
275,506.464152709524,274.09612848695485,0.7326271054211588
276,508.800700336467,275.7293504136204,1.6332219266655557
277,510.264227943673,276.75321096898733,1.023860555366923
278,511.562289700375,277.6618733658555,0.9086623968681806
279,512.623144531407,278.40487675094687,0.743003385091356
280,513.668985555474,279.1377067691607,0.7328300182138037
281,515.435057167299,280.3759776837327,1.2382709145720128
282,517.589668572468,281.88797491480267,1.5119972310699836
283,518.23422314755,282.3405683539632,0.4525934391605233
284,520.106310411723,283.655833786772,1.3152654328088147
285,521.525193449492,284.6534078539886,0.9975740672165898
286,522.45669617773,285.30865363222114,0.6552457782325405
287,523.960530892016,286.3670517940921,1.0583981618709686
288,525.07738568728,287.1535383144388,0.7864865203466707
289,527.903641601272,289.1454682079026,1.991929893463805
290,528.406213852292,289.49993097383197,0.35446276592938375
291,529.806226318707,290.48775666268614,0.9878256888541728
292,530.866917883961,291.2365552403487,0.7487985776625692
293,532.688183028294,292.52306957738466,1.2865143370359533
294,533.779630753769,293.29452698837133,0.7714574109866703
295,535.664314075873,294.62749522664626,1.3329682382749297
296,537.069759083122,295.6222027203546,0.9947074937083471
297,538.428526176248,296.58443032486133,0.9622276045067224
298,540.213166376228,297.84907409531814,1.2646437704568143
299,540.631390247295,298.1455745421151,0.2965004467969834
300,541.847437121201,299.00798519652324,0.8624106544081087
301,544.323890101005,300.7656076396783,1.7576224431550713
302,545.636833248935,301.6981756795601,0.9325680398818008
303,547.010912058122,302.6747061190198,0.9765304394596797
304,547.931613364489,303.3293376479024,0.6546315288825895
305,549.497567562661,304.4433183358193,1.1139806879169214
306,550.970010039484,305.49142505812983,1.0481067223105356
307,552.049572200565,306.26027166782376,0.7688466096939237
308,553.764972119159,307.48264244049165,1.2223707726678867
309,555.792020561681,308.9281796781572,1.445537237665576
310,556.899476406855,309.71843050239846,0.7902508242412409
311,557.564659172058,310.1932556393612,0.47482513696274964
312,559.316237028682,311.444182243401,1.250926604039762
313,560.240807497297,312.1048361271727,0.6606538837717153
314,562.559207616046,313.76252114261194,1.657685015439256
315,564.160879110786,314.9086247834231,1.146103640811134
316,564.50605593815,315.1557168710497,0.24709208762664048
317,566.698787682808,316.72615008561377,1.5704332145640478
318,567.731757901177,317.46643097865365,0.7402808930398805
319,568.92395517963,318.32119418067026,0.8547632020166134
320,570.051114782464,319.1296933577722,0.8084991771019645
321,572.419984132452,320.83001252497013,1.7003191671979039
322,573.614610526758,321.68807970482777,0.8580671798576418
323,575.093886014495,322.75115112218054,1.0630714173527736
324,575.807247140929,323.2640198470644,0.5128687248838446
325,577.039003472098,324.1499181837429,0.8858983366785083
326,579.098834672037,325.6323154390549,1.4823972553119802
327,580.136959362385,326.37986409641667,0.74754865736179
328,581.946576265902,327.6836672004583,1.3038031040416058
329,583.236088219167,328.61328876527716,0.9296215648188877
330,584.561705903467,329.5694122851379,0.9561235198607392
331,585.984563204988,330.5962038156363,1.0267915304983717
332,586.74277189125,331.1435826117254,0.5473787960891059
333,588.139663266248,332.1524581265328,1.0088755148074142
334,590.660397516765,333.97434091655947,1.8218827900266774
335,591.725858065048,334.74492707962446,0.7705861630649906
336,592.571358300225,335.3566459493502,0.6117188697257347
337,593.974714682231,336.37239706327114,1.0157511139209419
338,595.728153697389,337.64227986465204,1.269882801380902
339,596.362768328394,338.1020856446797,0.4598057800276365
340,598.493077346165,339.6463720871069,1.5442864424272216
341,599.545640364365,340.40983330378253,0.7634612166756369
342,601.602136735933,341.90233109000593,1.492497786223396
343,602.579167886387,342.61180161182875,0.7094705218228228
344,603.625618903579,343.3719609500198,0.7601593381910448
345,604.616218493753,344.091814920576,0.719853970556187
346,606.383460422109,345.37668450783485,1.2848695872588678
347,608.413217311187,346.85342631989045,1.476741812055593
348,609.38957515472,347.5641558223651,0.710729502474635
349,610.839162937739,348.6198272218057,1.0556713994405982
350,611.774209620887,349.3010713996179,0.681244177812232
351,613.599778675637,350.63177603883827,1.3307046392203574
352,614.646237872232,351.3949572345329,0.7631811956946422
353,615.538563369407,352.0459529468722,0.6509957123392951
354,618.112831366442,353.92516179069474,1.8792088438225392
355,619.184482597953,354.7079677873645,0.7828059966697651
356,620.272893672227,355.5033184503244,0.7953506629598905
357,621.709294527949,356.5534260050018,1.0501075546774246
358,622.375002739779,357.04028356499583,0.48685755999400726
359,624.269900018178,358.42671350200334,1.386429937007506
360,626.019283427654,359.7074887751947,1.2807752731913524
361,627.268396850783,360.62247785070656,0.914989075511869
362,628.32586235946,361.3973922266715,0.7749143759649542
363,630.473887438292,362.9723439631826,1.574951736511082
364,630.805780927197,363.2157953070838,0.24345134390119938
365,632.225141167116,364.2572413792512,1.041446072167389
366,633.546858252252,365.2274984782269,0.9702570989757078
367,635.523800310605,366.6795674188146,1.4520689405877079
368,637.397193159837,368.05648245756095,1.376915038746347
369,637.925513980823,368.44494869326303,0.38846623570208294
370,638.927938266858,369.18220733743476,0.7372586441717317
371,640.694794668826,370.4822963451716,1.300089007736858
372,641.945499665705,371.40305949844765,0.9207631532760274
373,643.278883781398,372.38511773795983,0.9820582395121846
374,644.990578229748,373.64645210996696,1.261334372007127
375,646.348191595502,374.64738107795915,1.0009289679921949
376,647.761753004289,375.69004118548196,1.0426601075228064
377,648.786400888782,376.4461409201129,0.7560997346309364
378,650.197519345257,377.4878433426095,1.0417024224965985
379,650.668683891396,377.83577054034015,0.3479271977306553
380,653.649571605395,380.0382369983281,2.2024664579879527
381,654.301920586318,380.5205221569357,0.482285158607624
382,655.709463022356,381.5614784480185,1.0409562910827503
383,656.964084599461,382.48974659615556,0.9282681481370787
384,658.175614418605,383.38649397743563,0.896747381280079
385,659.663845972964,384.4885355360988,1.1020415586631884
386,660.716732595279,385.26852521724845,0.7799896811496296
387,662.296586431101,386.439398674866,1.1708734576175743
388,664.244604652273,387.88395454906265,1.4445558741966238
389,665.342763095599,388.69869654198527,0.8147419929226203
390,666.515147704173,389.5688265274455,0.8701299854602098
391,667.148494894555,390.0390259003997,0.4701993729541982
392,668.975848820235,391.396196465296,1.3571705648963075
393,670.323585205863,392.3976655959477,1.0014691306516852
394,672.45818358417,393.9847142630755,1.5870486671278172
395,673.043578286148,394.4201368768928,0.43542261381730896
396,674.355897810123,395.3965480148082,0.9764111379154201
397,676.139674363627,396.72439105814203,1.3278430433338144
398,677.230180668765,397.53653284404106,0.8121417858990299
399,677.800444746221,397.9613416443296,0.4248088002885311
400,679.742197882528,399.4083908387112,1.4470491943816342
401,681.894991533152,401.0137452097412,1.6053543710299891
402,682.60273501975,401.541751266124,0.5280060563827647
403,684.013549813869,402.5946260633001,1.0528747971761163
404,684.972629862098,403.3106409210861,0.7160148577859786
405,686.163223587728,404.1997929156335,0.8891519945474329
406,687.961543184704,405.5434262465308,1.343633330897319
407,689.368941362272,406.59550051902306,1.0520742724922343
408,690.47473503235,407.42243681389726,0.8269362948742014
409,692.451684415523,408.9015441820811,1.4791073681838611
410,693.176970060602,409.4444113362259,0.5428671541448011
411,694.533908699873,410.4603870531612,1.0159757169352588
412,695.726335920927,411.35353706963014,0.893150016468951
413,696.626069900346,412.02766977981724,0.6741327101871093
414,699.132095476014,413.9063032313808,1.8786334515635303
415,700.296739132144,414.7798612503339,0.8735580189531333
416,701.301742954646,415.53392687390135,0.7540656235674419
417,702.227343145761,416.2286178404143,0.694690966512951
418,704.033839295525,417.5850069609345,1.3563891205201912
419,705.125813954619,418.40526281287043,0.82025585193594
420,706.184654799518,419.2008866395957,0.7956238267252616
421,708.26907088511,420.76787612723024,1.5669894876345438
422,709.229588570284,421.4902877607741,0.7224116335438566
423,711.130274179685,422.9204157565491,1.430127995775024
424,711.900289914376,423.500026968163,0.5796112116138943
425,712.749383470101,424.13931581655015,0.6392888483871388
426,714.082771820669,425.14355864984867,1.0042428332985196
427,716.112396454052,426.67293297433207,1.529374324483399
428,717.4825697031,427.7059115432086,1.0329785688765014
429,718.742786545486,428.6563612565079,0.9504497132993492
430,719.697100988366,429.37633481441117,0.7199735579032449
431,721.351162218536,430.62470264992487,1.2483678355137044
432,722.277504975674,431.32410409718216,0.6994014472572871
433,723.845821045128,432.5086350984271,1.1845310012449204
434,724.562613890379,433.05020059209176,0.5415654936646774
435,727.056403230049,434.9352362135867,1.8850356214949215
436,728.405481588934,435.955561597723,1.0203253841362994
437,728.758749795615,436.22280863495143,0.2672470372284579
438,730.416482122756,437.4772452553447,1.2544366203932782
439,731.417354918599,438.2349141457846,0.757668890439902
440,732.8180527145,439.2956197502394,1.0607056044547676
441,734.789643252378,440.78936677927163,1.4937470290322494
442,735.765459208578,441.528991236455,0.7396244571833677
443,737.052928912265,442.5051502823642,0.9761590459091849
444,738.580421171374,443.6637585300464,1.1586082476821957
445,739.909523674042,444.67229655873115,1.008538028684768
446,740.573807447295,445.1765050656812,0.5042085069500786
447,741.757335572942,446.0750683603983,0.8985632947170643
448,743.895013142473,447.6988064273963,1.623738066997987
449,745.344989550612,448.80073679684017,1.1019303694438918
450,746.499305899432,449.67829706338455,0.8775602665443785
451,747.674563624269,450.57206970708825,0.8937726437036986
452,748.242754465082,451.0042790556813,0.43220934859306226
453,750.655950362124,452.84070470384734,1.8364256481660277
454,750.966381066651,453.0770300720138,0.23632536816649008
455,752.887621567202,454.54009027379004,1.4630602017762158
456,754.322370471713,455.63318715881877,1.0930968850287286
457,755.839308976038,456.78937444700114,1.156187288182366
458,756.768248439951,457.49763714894664,0.7082627019455003
459,758.101729246413,458.51465644847934,1.0170192995327056
460,758.900238224892,459.1238421141819,0.6091856657025687
461,760.282366983512,460.178589579943,1.0547474657610678
462,762.700033249689,462.02455055514355,1.845960975200569
463,763.593066172838,462.70671675916003,0.6821662040164824
464,764.30752272418,463.2525924989857,0.5458757398256466
465,766.087540099836,464.61306493221184,1.360472433226164
466,767.218472155539,465.47778163914967,0.864716706937827
467,768.281461806509,466.29079111861546,0.8130094794657907
468,769.693407252624,467.37105537590037,1.0802642572849095
469,771.070839313678,468.42531105720764,1.0542556813072679
470,772.961617565757,469.8731080307695,1.4477969735618785
471,774.11774462794,470.75873445609193,0.885626425322414
472,775.047847096583,471.4714190612514,0.7126846051594953
473,775.999711963171,472.20096288063394,0.7295438193825134
474,777.299748529593,473.1976583124454,0.9966954318114745
475,779.157076949189,474.6222113666092,1.4245530541637663
476,780.348925004182,475.53671864677324,0.9145072801640595
477,782.137664390812,476.9097653316862,1.3730466849129357
478,782.597943946074,477.2631839592178,0.3534186275316529
479,784.288822612466,478.56186898702947,1.2986850278116435
480,785.739089700713,479.67621375481326,1.1143447677837912
481,786.461147450506,480.23118169107624,0.5549679362629831
482,787.46846381591,481.0055734114849,0.7743917204086301
483,790.05909236412,482.9981048046357,1.9925313931508413
484,790.831620467921,483.5925416142213,0.5944368095856021
485,792.427707608604,484.8210622624655,1.2285206482441708
486,792.888652562621,485.17595043159974,0.3548881691342558
487,794.483791869893,486.4044002049352,1.2284497733354556
488,795.606596156162,487.2694007376018,0.8650005326666133
489,797.263470038036,488.5463052861601,1.2769045485582637
490,798.707570166296,489.659678301989,1.1133730158289268
491,799.654336210898,490.38984202009544,0.7301637181064393
492,801.604246462982,491.89421120311033,1.5043691830148873
493,802.541984878418,492.6179517761851,0.7237405730747923
494,803.24309620427,493.1591790033336,0.541227227148454
495,804.762239112662,494.3322248124243,1.173045809090695
496,805.861635667095,495.1814372451358,0.8492124327115107
497,808.151814935994,496.9512181639362,1.769780918800393
498,809.197783363301,497.7598545505984,0.808636386662215
499,810.081804886406,498.44345786132357,0.6836033107251751
500,811.184358846506,499.29626484477984,0.8528069834562757
501,812.771108389109,500.52400752057656,1.2277426757967191
502,814.045913607511,501.5107414257501,0.9867339051735371
503,814.870539625873,502.1491936582905,0.6384522325404305
504,816.727737714394,503.58758289796356,1.438389239673029
505,818.380668866362,504.8683339327415,1.2807510347779498
506,819.204642170824,505.5069768676,0.638642934858467
507,820.721898443869,506.6833126032484,1.176335735648422
508,821.713454133379,507.45231152215916,0.7689989189107678
509,822.197757493404,507.8279812035754,0.375669681416241
510,824.52629387163,509.6348390063911,1.8068578028156708
511,826.039287376576,510.80942694856753,1.1745879421764585
512,826.905810954081,511.48233714705736,0.6729101984898307
513,828.34017430049,512.5965282658017,1.1141911187443156
514,829.437010968309,513.4488006677043,0.85227240190261
515,830.895884053317,514.5827430325794,1.1339423648751108
516,831.799777659071,515.2855195319557,0.7027764993763412
517,833.003640909154,516.2217648975892,0.9362453656334537
518,834.651915147826,517.5040780476925,1.2823131501032776
519,836.693576187592,519.0931537349802,1.5890756872877319
520,837.347335059532,519.602158254052,0.5090045190718229
521,838.249021992732,520.3043282343586,0.7021699803066213
522,839.465394810283,521.2517978643158,0.9474696299571406
523,841.036389829014,522.4759085131038,1.2241106487880415
524,842.041354206526,523.2592162080498,0.783307694945961
525,844.166196607351,524.9160279067555,1.6568116987057238
526,844.805993975763,525.41506645729,0.4990385505344648
527,846.194769927694,526.4985696207207,1.0835031634306915
528,847.971717639511,527.8854477811886,1.3868781604679725
529,848.489281180943,528.289509025375,0.40406124418632317
530,849.862274348698,529.3616465301402,1.0721375047652373
531,850.645448466004,529.9733666096009,0.6117200794607243
532,853.163112583389,531.9406355898006,1.9672689801997194
533,854.095511719869,532.6695000034338,0.7288644136331186
534,855.286710244405,533.600905787288,0.9314057838541885
535,856.484117490792,534.5374323223036,0.9365265350156733
536,857.310740602604,535.1841134300626,0.6466811077589227
537,858.904026466476,536.4309254310913,1.2468120010287294
538,860.410670896014,537.6103696669356,1.1794442358443575
539,861.171098212715,538.20581335116,0.5954436842243922
540,863.189719771909,539.7869894000529,1.5811760488928712
541,864.340823930069,540.6889799453436,0.9019905452906869
542,865.594664326515,541.6717509075525,0.9827709622088605
543,866.423739904041,542.3217463119554,0.6499954044029437
544,867.693122611786,543.317187199818,0.9954408878626282
545,868.670494229132,544.0838364815188,0.7666492817007793
546,870.846902325754,545.7916372352493,1.707800753730453
547,872.188750821613,546.845000838117,1.053363602867762
548,873.098978971282,547.5597254993385,0.7147246612214531
549,873.908389235338,548.195413326677,0.6356878273385291
550,875.985285108781,549.8270939409733,1.6316806142963287
551,876.600825833025,550.3108344796187,0.48374053864540656
552,877.654698341033,551.1392104555268,0.8283759759081022
553,879.380951969791,552.4965335621017,1.3573231065748814
554,880.834648847938,553.6399684137356,1.143434851633856
555,882.386696627196,554.8611846085365,1.2212161948009452
556,883.430331838701,555.6826048535224,0.8214202449859158
557,884.198743114595,556.2875283767323,0.6049235232098908
558,885.272304479617,557.1328559808913,0.8453276041590243
559,886.852801962916,558.3777246219341,1.2448686410427854
560,888.475566673817,559.6563511949905,1.2786265730563855
561,889.735294294091,560.6492548746055,0.992903679614983
562,890.813132112528,561.4990203402109,0.849765465605401
563,892.386433260156,562.739780770122,1.24076042991112
564,893.119117567294,563.3177520073968,0.5779712372748236
565,894.886292320868,564.7121649297444,1.3944129223475557
566,895.397919674783,565.1159750755916,0.40381014584716013
567,896.632251556203,566.090382912925,0.9744078373333878
568,899.221522668383,568.1352868230024,2.044903910077437
569,899.858884607937,568.6388321998269,0.5035453768244906
570,900.849739860521,569.4217962776651,0.7829640778381872
571,902.243207586752,570.5231942241644,1.1013979464993326
572,903.09967444263,571.2003162697733,0.6771220456089395
573,904.702902722281,572.4681747150994,1.2678584453260555
574,905.829940758222,573.3597250451113,0.8915503300119099
575,907.656729468967,574.8052913454633,1.4455663003519703
576,908.333543645061,575.3410135459734,0.5357222005101221
577,910.18633405718,576.807972683218,1.4669591372446575
578,911.234951485956,577.6384885908953,0.8305159076772952
579,912.331045600036,578.5068118176192,0.8683232267238736
580,912.823999246743,578.8973968987427,0.3905850811235041
581,914.730096958376,580.4080657966831,1.510668897940377
582,916.355000808643,581.6963749962952,1.2883091996120584
583,917.825377570427,582.8625622531862,1.1661872568910212
584,918.836535243529,583.6647506209243,0.8021883677381538
585,919.448344439683,584.1502072430426,0.48545662211824947
586,921.156395507155,585.505849559191,1.355642316148419
587,922.500629306637,586.573092662806,1.067243103614942
588,923.285719802424,587.1965528854274,0.6234602226214747
589,924.773483933477,588.3783153901593,1.1817625047318643
590,926.551552784603,589.7911727060161,1.4128573158568543
591,927.850858985754,590.8239476641589,1.0327749581427952
592,928.663659328935,591.4701626801119,0.6462150159529756
593,929.874092850648,592.4327248514711,0.9625621713591954
594,931.009211336628,593.3356227817178,0.9028979302466951
595,931.852740745519,594.0067270943879,0.6711043126700815
596,934.385306837259,596.0223433239134,2.0156162295255626
597,934.995424863847,596.508086872841,0.48574354892753036
598,936.228649379283,597.4901081279347,0.9820212550937413
599,937.53292571197,598.5289895108274,1.0388813828926686
600,939.024300899218,599.7172526292436,1.1882631184162165
601,939.660940614527,600.2246144101442,0.5073617809006237
602,941.156999642043,601.4171494132779,1.1925350031336848
603,942.052341643375,602.1310233699672,0.7138739566893264
604,944.188035809573,603.83440131917,1.703377949202718
605,945.333562503046,604.7483625714913,0.9139612523213145
606,946.765842204728,605.8914211775327,1.1430586060414498
607,947.079183096255,606.1415349480383,0.25011377050554984
608,948.346646255045,607.1534128482164,1.0118779001780922
609,950.151612684644,608.5948711842585,1.4414583360421602
610,951.033248733823,609.2991501062731,0.7042789220146233
611,952.727988619851,610.6533274830122,1.3541773767390168
612,954.129719269551,611.7737391871915,1.1204117041793324
613,954.829308938217,612.3330480376344,0.5593088504429033
614,956.67547934329,613.8094182772342,1.4763702395997598
615,957.510052596424,614.4770071428031,0.6675888655689732
616,958.414593390136,615.2006949295354,0.7236877867322846
617,959.459168807068,616.0365879944874,0.8358930649519607
618,961.669572474193,617.8059999024724,1.7694119079850452
619,963.182086671311,619.0172224847021,1.2112225822296523
620,963.567040191612,619.3255539443122,0.3083314596101445
621,965.055579623751,620.518041187604,1.1924872432917937
622,966.11075481841,621.3635763696271,0.8455351820231272
623,967.371153766263,622.3738022570127,1.010225887385559
624,968.636301906087,623.3880975236385,1.0142952666258225
625,970.125610556943,624.5824438689596,1.194346345321037
626,971.071491486386,625.3411790565945,0.7587351876348976
627,973.185361294301,627.0373423929688,1.6961633363742976
628,973.873078992653,627.5893228116215,0.5519804186527608
629,974.774635065837,628.3130526376344,0.7237298260129137
630,976.17850242059,629.440280187066,1.127227549431609
631,976.917202117051,630.0335440852027,0.5932638981366836
632,978.766671535113,631.5192782262151,1.4857341410123581
633,980.578000639774,632.9749122375933,1.4556340113782653
634,981.288615301759,633.5461272657553,0.571215028161987
635,982.396485168779,634.4368322199489,0.8907049541935521
636,983.575076006429,635.3846136863676,0.9477814664187463
637,985.186928655774,636.6811729708639,1.2965592844963112
638,986.130515110186,637.4403799541501,0.7592069832861625
639,986.756008407655,637.9437292943236,0.5033493401734859
640,988.992622370659,639.744101736986,1.8003724426623648
641,990.223917804028,640.7355822155187,0.9914804785327078
642,991.374294147762,641.6621241090253,0.9265418935066236
643,992.728696336733,642.7532658187693,1.0911417097439653
644,993.214580957443,643.1447788328218,0.3915130140525207
645,994.404590571095,644.1038169478874,0.9590381150655958
646,996.205336164298,645.5554828914692,1.4516659435818156
647,997.511934751942,646.6091180036001,1.0536351121309053
648,998.82754713693,647.6702970120036,1.061179008403542
649,999.791571557413,648.4480586564509,0.7777616444473097
650,1001.349482637783,649.7052725498769,1.2572138934259556
651,1002.404305488392,650.5567198673278,0.8514473174509476
652,1003.267808179453,651.2538660942292,0.6971462269013955
653,1004.675044121173,652.3902470923849,1.136380998155687
654,1005.543420304379,653.0916408423639,0.7013937499789336
655,1008.006704307064,655.0819023567514,1.9902615143874982
656,1008.795709900742,655.7195985193229,0.6376961625715012
657,1009.806590746964,656.5367639190542,0.8171653997313797
658,1010.569757011061,657.1537910696005,0.6170271505462779
659,1012.410042515762,658.6420564664537,1.488265396853194
660,1013.058638098409,659.16671199241,0.5246555259562911
661,1014.68963262237,660.4863319176592,1.3196199252491851
662,1016.060178942647,661.5955486852026,1.109216767543444
663,1017.266402364356,662.5720183419451,0.976469656742438
664,1018.60557251862,663.6563785245061,1.0843601825609994
665,1019.912439743944,664.71485235976,1.058473835253949
666,1020.917475017264,665.5290440904752,0.8141917307151516
667,1021.544344499905,666.0369587011239,0.5079146106487542
668,1022.885270911716,667.1236361649037,1.086677463779779
669,1025.265724197728,669.0534279354124,1.9297917705087002
670,1025.707944371463,669.4120250273301,0.3585970919176589
671,1027.467693515588,670.8393091036141,1.4272840762840815
672,1028.128964255498,671.3757716306668,0.5364625270526631
673,1029.227297443962,672.2669550223501,0.8911833916832848
674,1030.897368790596,673.6224019984859,1.355446976135795
675,1031.83318029741,674.3821044705157,0.7597024720298577
676,1032.81288303516,675.1775830738028,0.7954786032870516
677,1034.612915529521,676.6395213527292,1.4619382789263682
678,1036.195917358055,677.9256050627054,1.2860837099761966
679,1037.024707646282,678.599095600064,0.6734905373585889
680,1038.087752240619,679.4630998946823,0.8640042946183257
681,1039.077401436896,680.2676067874909,0.8045068928086039
682,1040.264037937696,681.2324466168858,0.9648398293949185
683,1041.621528014542,682.3364696076576,1.1040229907717958
684,1043.623954349621,683.9655218995009,1.6290522918433226
685,1044.514975829079,684.6905994438025,0.7250775443015982
686,1045.107042352978,685.1724663396344,0.48186689583189946
687,1047.089817484295,686.7865818383665,1.614115498732076
688,1047.987147489602,687.5172667358012,0.7306848974346849
689,1048.953785194686,688.3045248620891,0.7872581262879521
690,1049.99628425659,689.1537255989512,0.8492007368620307
691,1051.576571843205,690.4413131378603,1.2875875389091789
692,1053.245785158387,691.8017660830932,1.3604529452328507
693,1054.78103947828,693.0534106279309,1.2516445448377453
694,1055.002146475686,693.2337015170426,0.18029088911168856
695,1056.688847363828,694.6092818880988,1.3755803710562304
696,1057.100043659618,694.9446959363161,0.335414048217217
697,1059.133769106897,696.6039859844092,1.659290048093112
698,1060.139518561608,697.4247935941871,0.820807609777944
699,1061.501304465068,698.5364100121166,1.11161641792944
700,1062.915381507881,699.6910055872361,1.1545955751195152
701,1064.071551071719,700.6352418976584,0.9442363104222977
702,1065.121855106293,701.4931918249368,0.8579499272784687
703,1066.463223469243,702.5891398272755,1.0959480023386732
704,1067.418860120965,703.370094443087,0.7809546158115381
705,1067.990000079043,703.8369000204525,0.4668055773654487
706,1070.535041996829,705.9176107897183,2.0807107692658064
707,1071.618623215088,706.803790025966,0.886179236247699
708,1072.543998011121,707.5607222360127,0.7569322100466707
709,1073.570353165094,708.4004023397127,0.8396801037000614
710,1074.747771044311,709.3638619738742,0.9634596341614952
711,1076.266625594178,710.607016217086,1.243154243211734
712,1076.924056065754,711.1452166653913,0.5382004483053606
713,1078.647198480956,712.5561570947739,1.4109404293825492
714,1079.809965429259,713.5084994801114,0.9523423853374879
715,1081.171002343468,714.6234842784726,1.1149847983612062
716,1082.952749723072,716.0835344081374,1.4600501296648645
717,1083.295466514086,716.3644266766971,0.28089226855968263
718,1084.18326431043,717.0921500970994,0.7277234204022989
719,1085.647831208639,718.2929010977191,1.2007510006196753
720,1086.911998989825,719.3296042160982,1.0367031183791369
721,1088.755724674809,720.8420034813284,1.512399265230215
722,1089.795337924075,721.6950123496663,0.8530088683378381
723,1090.863191026249,722.5713565144521,0.8763441647857917
724,1091.728472966934,723.281580690593,0.7102241761409687
725,1093.440873272368,724.6874420244822,1.4058613338891064
726,1094.284457523752,725.3801721415207,0.6927301170385363
727,1095.433084758661,726.3235622579118,0.9433901163911287
728,1096.401917794745,727.1194329025808,0.7958706446689803
729,1098.84101546665,729.1236899929921,2.004257090411329
730,1099.360667178572,729.5508099820772,0.4271199890850994
731,1100.574460622462,730.5486217044662,0.997811722388974
732,1101.839111168756,731.5884676732096,1.039845968743407
733,1102.551779899918,732.1745540345877,0.5860863613780793
734,1103.732297174547,733.1455521813094,0.9709981467217403
735,1105.617188830762,734.6963282884474,1.5507761071379491
736,1106.774371675833,735.6486425416067,0.9523142531593294
737,1107.774531955011,736.4718887775916,0.8232462359849251
738,1109.158918856768,737.6116345552807,1.139745777689086
739,1110.444142993616,738.6699872288858,1.0583526736050999
740,1111.4435047649,739.4931024136172,0.823115184731364
741,1112.432995408078,740.3082282363287,0.8151258227114795
742,1113.397595114802,741.10298416009,0.7947559237613859
743,1115.065359461567,742.4774073430252,1.3744231829351747
744,1116.787253881215,743.8968562514215,1.419448908396248
745,1117.965919669197,744.8687366310184,0.9718803795968824
746,1118.684134861019,745.4610449649563,0.5923083339379218
747,1119.473247426179,746.1119066037191,0.6508616387628763
748,1121.155937675811,747.5000885054792,1.3881819017600492
749,1122.458621356881,748.5750495339329,1.0749610284536857
750,1123.101117387809,749.1053191987518,0.5302696648188885
751,1125.314729397846,750.9327219000306,1.8274027012788565
752,1125.76344242925,751.3032324060831,0.3705105060524829
753,1127.658023527215,752.8679361429727,1.5647037368895553
754,1128.430224613893,753.5058298401985,0.6378936972258771
755,1129.728996777066,754.5788988116275,1.0730689714289383
756,1130.391597896232,755.1264433604498,0.5475445488223158
757,1131.495085561917,756.0384544225028,0.9120110620530113
758,1133.708625669456,757.8684184230395,1.8299640005367337
759,1134.885654591535,758.84176460272,0.9733461796804477
760,1135.562213975477,759.4013345465996,0.5595699438796373
761,1136.92929348097,760.5322168504827,1.130882303883027
762,1138.151589779806,761.543552407746,1.011335557263351
763,1138.992341820494,762.2393171610474,0.6957647533014324
764,1140.721848171903,763.670881464755,1.431564303707546
765,1141.261022964137,764.1172579811024,0.4463765163474136
766,1142.858659607857,765.4401606743244,1.3229026932219767
767,1144.782299518628,767.0334778316787,1.5933171573543632
768,1145.485327517117,767.6159119872578,0.5824341555791079
769,1146.576814924867,768.5203072590733,0.9043952718154742
770,1147.501776523319,769.2868504082393,0.7665431491659547
771,1148.615277208834,770.2097988992413,0.9229484910019892
772,1149.982601028107,771.3433690305122,1.1335701312709716
773,1151.562814723673,772.6537562967799,1.3103872662676395
774,1152.94312853059,773.7986596119011,1.1449033151212689
775,1153.890303716271,774.5844476402432,0.78578802834204
776,1154.697519535383,775.2542213491922,0.6697737089490374
777,1156.621567833873,776.8510300122839,1.5968086630916787
778,1157.432314575611,777.524038599108,0.6730085868241531
779,1158.001609027295,777.9966693617671,0.4726307626590369
780,1159.480657019022,779.2247896610077,1.2281202992405724
781,1161.396644634378,780.8161670341683,1.5913773731606398
782,1162.487528602009,781.7224561837096,0.9062891495412941
783,1163.701031682779,782.7308067714764,1.008350587766813
784,1164.73758635123,783.5922830031433,0.8614762316668703
785,1165.271227706458,784.0358473492211,0.4435643460777783
786,1166.943613409529,785.4261913873186,1.3903440380975098
787,1168.086271610139,786.376363892854,0.95017250553542
788,1169.698356884885,787.7171889608203,1.340825067966307
789,1170.463638578284,788.3538230639264,0.6366341031060756
790,1172.120681865696,789.7325821093128,1.3787590453864595
791,1173.305687764048,790.7188065165938,0.986224407280929
792,1174.232766856456,791.4905034451115,0.7716969285177129
793,1175.215452395951,792.3086141391609,0.8181106940494374
794,1176.632875809789,793.4888854953551,1.1802713561942255
795,1177.106304421656,793.8831643409166,0.39427884556141635
796,1179.701223501934,796.0447919965086,2.161627655592042
797,1180.653543787085,796.8383248145994,0.7935328180908527
798,1181.26731815168,797.3498247937665,0.5114999791670698
799,1182.58227034692,798.4458348321871,1.0960100384205589
800,1183.712775295974,799.3882945011651,0.9424596689780174
801,1185.155842847468,800.5915755630906,1.2032810619255088
802,1185.875358695357,801.1916379740326,0.6000624109419732
803,1187.345161493267,802.4176411922143,1.226003218181745
804,1188.856444298229,803.6785459784013,1.260904786186984
805,1189.963636497919,804.6025009453085,0.9239549669072176
806,1191.482605926413,805.8703518868598,1.2678509415512735
807,1192.218611478102,806.4847906799081,0.6144387930482935
808,1193.324021427455,807.4077548355982,0.9229641556901242
809,1193.857427135437,807.8531812564682,0.44542642087003514
810,1196.034671748671,809.6717070029963,1.8185257465280529
811,1197.07178665882,810.5381706185652,0.8664636155689323
812,1198.686569104631,811.8875345222556,1.349363903690346
813,1199.356513707894,812.4474633205208,0.5599287982652186
814,1200.53269203122,813.4306380751614,0.9831747546405722
815,1201.810334856606,814.4988354414868,1.0681973663254212
816,1203.137350861424,815.6085410479792,1.1097056064924118
817,1203.855247594097,816.2089730691579,0.6004320211786762
818,1204.985492171466,817.154421236467,0.9454481673091095
819,1206.870499793853,818.7316030207897,1.577181784322761
820,1208.471459949531,820.0714909232771,1.3398879024873622
821,1208.989484167939,820.5051120452927,0.4336211220155519
822,1209.898030087546,821.2657114067393,0.7605993614466797
823,1211.416115892798,822.5368361423366,1.2711247355972546
824,1212.113153066319,823.120581276153,0.5837451338163646
825,1213.598372680368,824.3646153722894,1.2440340961364882
826,1215.389975065046,825.8656635179747,1.5010481456852176
827,1216.183722033469,826.5308184731957,0.6651549552210554
828,1217.174482497739,827.3611851748417,0.8303667016459713
829,1219.050028177404,828.9334509986184,1.572265823776661
830,1219.614471310859,829.4067123734059,0.47326137478751207
831,1220.816347690978,830.4145726953053,1.007860321899443
832,1221.692242483144,831.1491925043192,0.7346198090139069
833,1222.952484095108,832.2063423293122,1.0571498249929618
834,1225.018330024168,833.9397178835286,1.7333755542164226
835,1225.855020760793,834.6419122054108,0.7021943218821889
836,1227.231827641491,835.7975978537031,1.1556856482923195
837,1227.9171416144,836.3729390459085,0.5753411922054283
838,1228.793154362981,837.1084660912467,0.7355270453381308
839,1230.584603154249,838.6129305730385,1.5044644817918424
840,1231.562273877645,839.4341567138356,0.82122614079708
841,1232.529587040598,840.246804254467,0.8126475406313602
842,1234.277816653432,841.7158124108606,1.46900815639367
843,1235.502548526521,842.7451689407999,1.029356529939264
844,1236.399017465779,843.4987511694371,0.7535822286372422
845,1237.977298513581,844.8257239387493,1.3269727693121922
846,1238.457232795662,845.2293022300219,0.4035782912725381
847,1239.490807146796,846.0985387485636,0.8692365185416975
848,1240.813471785216,847.211100405662,1.1125616570984675
849,1243.078076398021,849.1164973787801,1.9053969731180587
850,1243.538146526112,849.5036722705718,0.3871748917916875
851,1244.851433966984,850.6090265251939,1.1053542546221706
852,1245.655866188148,851.2862016720253,0.6771751468313596
853,1247.372561969856,852.7316013602988,1.4453996882734828
854,1248.063061053208,853.3130842638265,0.5814829035276716
855,1249.159887953,854.2368688217999,0.9237845579734767
856,1250.672397275679,855.5110065095942,1.274137687794223
857,1251.659832004269,856.3429785059495,0.831971996355378
858,1253.673577852107,858.0400622840275,1.6970837780779675
859,1254.431328421775,858.6787897247352,0.6387274407077257
860,1255.408230645291,859.502353223312,0.823563498576732
861,1256.181214198461,860.1540917376891,0.6517385143771435
862,1257.541219412644,861.3009593531602,1.1468676154711375
863,1258.779233488595,862.3451576047488,1.0441982515885684
864,1260.344548316185,863.6656938095672,1.3205362048183815
865,1261.61171716148,864.7349337296862,1.0692399201190028
866,1262.556614000356,865.5323716574915,0.7974379278052766
867,1263.676732843862,866.4778325401403,0.9454608826488311
868,1264.957223007,867.5588519212761,1.081019381135775
869,1266.179037760562,868.5905285046672,1.0316765833911177
870,1267.200345611846,869.4530449530512,0.8625164483839853
871,1267.57057177944,869.7657412729101,0.312696319858901
872,1270.118921886492,871.9185671379906,2.1528258650805583
873,1271.13429963161,872.7765769716038,0.8580098336132096
874,1272.083959599332,873.5791710986666,0.8025941270627754
875,1273.261144633456,874.5742120148982,0.9950409162315736
876,1274.196220889481,875.3647287410972,0.79051672619903
877,1275.09203031584,876.1221515845139,0.7574228434166344
878,1276.84217155557,877.6022161492184,1.4800645647045485
879,1277.763091986346,878.3811761729714,0.7789600237530294
880,1279.332843316708,879.7091928971397,1.3280167241682648
881,1280.155794409023,880.4055357477814,0.6963428506417131
882,1281.8287269597,881.8213527827482,1.4158170349668353
883,1283.000491386703,882.8132339387083,0.9918811559600726
884,1283.335032138879,883.0964489709227,0.2832150322143434
885,1284.854795154622,884.3832224664696,1.2867734955469814
886,1285.695023331139,885.0947610523372,0.7115385858675154
887,1287.410026617075,886.5473651133065,1.4526040609692927
888,1289.165351532773,888.0344980348551,1.487132921548664
889,1290.104771519807,888.8305425331835,0.7960444983283423
890,1290.417708073043,889.0957424844646,0.26519995128114715
891,1291.945870968083,890.3909667063926,1.2952242219280379
892,1293.493981557417,891.7033913246331,1.3124246182404704
893,1294.118474377848,892.2328941971176,0.5295028724844997
894,1295.365363505356,893.2902657857944,1.0573715886768014
895,1296.80111099235,894.5080273197511,1.2177615339567183
896,1298.256527067889,895.7427294204542,1.234702100703089
897,1299.405171250744,896.7173649710116,0.9746355505574229
898,1300.490018982448,897.638017014388,0.9206520433763217
899,1301.495516680575,898.4914575580395,0.8534405436515726
900,1302.346742379248,899.2140526426657,0.722595084626164
901,1303.273200228796,900.0006120118509,0.78655936918517
902,1305.401672188005,901.8080739286739,1.8074619168230583
903,1306.50839331297,902.7481008667094,0.9400269380354302
904,1307.267242107804,903.3927381931167,0.6446373264072918
905,1308.988196517643,904.854937969423,1.4621997763063064
906,1309.421532493256,905.2231763510651,0.36823838164218614
907,1311.056570511112,906.6127973893745,1.3896210383093148
908,1311.966940608049,907.3866628520509,0.7738654626764401
909,1313.03159936902,908.2918098386938,0.9051469866428761
910,1314.052565651723,909.1599395956978,0.8681297570039987
911,1316.212112602854,910.9966226931915,1.836683097493733
912,1317.07298603483,911.7289481875307,0.732325494339193
913,1318.171279132165,912.6633712040035,0.934423016472806
914,1318.947880596567,913.3241882787391,0.6608170747356326
915,1319.931082877536,914.1609082080334,0.8367199292943042
916,1321.628138551913,915.6054022905475,1.4444940825140975
917,1322.258067123391,916.1416710357084,0.5362687451608963
918,1324.224978718841,917.816443122234,1.674772086525536
919,1325.237624358984,918.678864887952,0.862421765718068
920,1325.981969630446,919.3128666227828,0.6340017348308038
921,1327.635281108457,920.7213250689974,1.4084584462145813
922,1329.043517996518,921.9212625537483,1.1999374847508761
923,1329.205018785485,922.0588901325491,0.1376275788007888
924,1330.429937120459,923.1028414433939,1.0439513108448182
925,1331.827591385285,924.2942282511428,1.191386807748927
926,1333.673522610285,925.8680924917767,1.5738642406338386
927,1334.74732905169,926.7838205138627,0.9157280220860002
928,1335.694974526002,927.5920743337468,0.8082538198841576
929,1336.690184653386,928.4410115921673,0.8489372584205057
930,1337.68879180967,929.2929651277611,0.8519535355937933
931,1338.92316459867,930.3462241474965,1.0532590197353784
932,1340.4264004573,931.6291417815446,1.28291763404809
933,1341.166272252926,932.2606745546877,0.6315327731431353
934,1342.608507883777,933.4919111106124,1.2312365559246246
935,1344.156044003593,934.8133169196071,1.3214058089947684
936,1345.477106261399,935.9415662278897,1.128249308282534
937,1345.731413255415,936.1587800640137,0.21721383612407408
938,1347.519471750897,937.6862486359023,1.527468571888562
939,1348.017238018737,938.1115381414926,0.42528950559028544
940,1349.085194014048,939.0240941629705,0.9125560214779398
941,1351.296206374097,940.9138061214535,1.8897119584829625
942,1352.210465159175,941.695374758481,0.7815686370274761
943,1353.483338358265,942.7836744408906,1.0882996824096836
944,1353.886781971696,943.1286563137394,0.3449818728487344
945,1355.680595320638,944.662765420991,1.534109107251652
946,1356.605655709808,945.4540453255806,0.7912799045896008
947,1357.77174282858,946.4516381596083,0.9975928340276141
948,1358.460160399159,947.0406573556716,0.5890191960633047
949,1360.393144762191,948.6948411295834,1.6541837739118819
950,1361.39307471364,949.550719539539,0.8558784099556078
951,1363.022328603281,950.9455108046725,1.394791265133449
952,1363.879190797135,951.6791880918381,0.7336772871656194
953,1364.576584896756,952.2763861100841,0.5971980182459902
954,1365.493733551295,953.0618524319729,0.7854663218887481
955,1367.104090970008,954.4412351779871,1.3793827460142438
956,1368.330193307986,955.4916792708538,1.0504440928666554
957,1369.68694907734,956.654262449597,1.1625831787432617
958,1370.973522767784,957.7569052717057,1.1026428221086917
959,1371.686553552829,958.3680826748246,0.6111774031188588
960,1373.202914562373,959.668034116655,1.2999514418304443
961,1374.154798658643,960.4842049238044,0.8161708071494331
962,1375.302392344751,961.4683218710809,0.9841169472764477
963,1376.161779993621,962.2053880435491,0.7370661724681895
964,1377.177633642105,963.076759682132,0.8713716385829002
965,1379.683283028613,965.2265472707544,2.1497875886224165
966,1380.148578441692,965.6258394419327,0.39929217117833105
967,1381.073977149206,966.4200423751395,0.7942029332067477
968,1382.345662978474,967.5115995335075,1.0915571583680048
969,1383.297591007947,968.3288130322098,0.8172134987023583
970,1384.44441584776,969.3134804767056,0.9846674444958126
971,1385.663777011193,970.3605936783323,1.0471132016266438
972,1387.32664766349,971.7888410691199,1.4282473907876465
973,1387.921454127113,972.299800174148,0.5109591050280642
974,1389.565831798394,973.7125879208552,1.4127877467071812
975,1390.705490286428,974.6919215611824,0.9793336403272406
976,1391.85320044327,975.6783243960629,0.9864028348804368
977,1392.644027788549,976.3580909174184,0.679766521355532
978,1393.433401740794,977.0366794311428,0.678588513724435
979,1394.88418467568,978.2840364279966,1.2473569968537959
980,1396.544163123682,979.7115505308259,1.4275141028292637
981,1397.834623321387,980.8215109062468,1.1099603754208829
982,1398.837675201386,981.6843944429602,0.8628835367134116
983,1399.839472941206,982.5463133529163,0.8619189099561027
984,1400.426946297395,983.0518121690111,0.5054988160948142
985,1402.564347250066,984.8912964490149,1.8394842800038305
986,1402.973747640919,985.2436926981952,0.35239624918028767
987,1404.006292170523,986.1325521035436,0.8888594053483985
988,1405.666975059247,987.5623938928184,1.4298417892747466
989,1407.085142776436,988.78367822187,1.2212843290516275
990,1408.13630749619,989.6890571740331,0.9053789521631188
991,1409.320681079839,990.7093199111102,1.0202627370771324
992,1410.024810725802,991.3159580429053,0.60663813179508
993,1411.257056815706,992.3777259702106,1.0617679273052545
994,1411.965653461773,992.9883676018045,0.6106416315939214
995,1413.843148788569,994.6065952170245,1.6182276152200075
996,1415.585784795495,996.1089416368428,1.5023464198183092
997,1415.781581303284,996.2777613877599,0.1688197509171232
998,1417.102822933823,997.4170755574909,1.1393141697309375
999,1418.696963852453,998.791973300451,1.3748977429601155
1000,1419.422480945996,999.4178040036282,0.6258307031772574
1001,1420.416526323754,1000.2753629025083,0.8575588988800291
1002,1421.850567187049,1001.5126991689463,1.2373362664379783
1003,1422.461310987507,1002.039738337802,0.5270391688557083
1004,1424.463045669579,1003.7674205522502,1.7276822144482367
1005,1425.873469244997,1004.9850154704743,1.2175949182241084
1006,1426.645979682121,1005.6520048481989,0.6669893777245761
1007,1427.365671109426,1006.273449932133,0.621445083934077
1008,1428.592305875978,1007.3327677144962,1.0593177823632232
1009,1429.650477276191,1008.2467357636979,0.9139680492016851
1010,1431.218313672752,1009.6011428517053,1.354407088007406
1011,1432.049740893313,1010.3194989557309,0.7183561040255881
1012,1433.821940737066,1011.8509423314289,1.531443375698018
1013,1434.58494216826,1012.5103960580107,0.6594537265817735
1014,1435.692907383419,1013.4681131603361,0.9577171023254323
1015,1437.226721623801,1014.7941556455478,1.3260424852117012
1016,1438.006284841722,1015.4682184511825,0.6740628056346623
1017,1438.949552746883,1016.2839212702372,0.8157028190547635
1018,1439.622793078164,1016.8661745281123,0.5822532578750952
1019,1441.960987504862,1018.8887557626442,2.0225812345319127
1020,1442.911059580897,1019.7107580674941,0.8220023048498888
1021,1444.041930706367,1020.6893174788005,0.978559411306378
1022,1445.072278459201,1021.5810152543573,0.8916977755568496
1023,1445.83008477971,1022.2369210874429,0.6559058330855123
1024,1447.226227099976,1023.4454928252636,1.2085717378207619
1025,1448.323853515726,1024.3958045470083,0.950311721744697
1026,1449.488771280731,1025.4045211217701,1.00871657476182
1027,1450.773561858296,1026.5172098211935,1.1126886994234155
1028,1451.835297999392,1027.4368596159043,0.9196497947107218
1029,1453.737596757102,1029.0848931198677,1.648033503963461
1030,1454.226011260227,1029.5080890513386,0.4231959314709002
1031,1455.31209123982,1030.449237037209,0.9411479858704297
1032,1456.167797608387,1031.1908444915427,0.741607454333689
1033,1457.539001668412,1032.379380613643,1.1885361221002313
1034,1458.393777368691,1033.1203894007008,0.7410087870578081
1035,1460.68827053542,1035.1098897029515,1.9895003022506899
1036,1461.24544334516,1035.5930875530858,0.48319785013427463
1037,1462.266123265785,1036.478341097811,0.8852535447251739
1038,1463.286891190427,1037.3637843741353,0.8854432763243949
1039,1464.696903297874,1038.5870555574143,1.2232711832789391
1040,1465.889557614085,1039.6219243030848,1.0348687456705647
1041,1466.505621107888,1040.156544435513,0.5346201324282447
1042,1467.703989586071,1041.1966070254448,1.040062589931722
1043,1469.34764987827,1042.6233911053355,1.4267840798906946
1044,1470.966589127167,1044.0290020754298,1.405610970094358
1045,1471.388764527106,1044.3955938823874,0.3665918069575582
1046,1473.020132324186,1045.8123570070688,1.416763124681438
1047,1473.745649185747,1046.442525305478,0.6301682984092167
1048,1474.203221565698,1046.8399920388936,0.39746673341551286
1049,1476.092127038241,1048.4810144464589,1.6410224075652877
1050,1477.4351911475,1049.6480608730067,1.167046426547813
1051,1478.441395973413,1050.5225230464434,0.8744621734367684
1052,1479.759918706493,1051.6685762383042,1.1460531918608012
1053,1480.766879017982,1052.5439469099708,0.8753706716665874
1054,1481.964684209802,1053.5853647571118,1.0414178471410196
1055,1483.032959958071,1054.5142947243266,0.928929967214799
1056,1484.143580881755,1055.4801762152747,0.9658814909480498
1057,1484.817883231203,1056.0666660108116,0.5864897955368633
1058,1486.171349027557,1057.244020719272,1.1773547084603706
1059,1488.116337976227,1058.9362738818224,1.6922531625505144
1060,1489.25246694643,1059.9249591893827,0.9886853075602176
1061,1489.970892204679,1060.5502204133206,0.6252612239379687
1062,1490.670693814603,1061.1593260757643,0.6091056624436533
1063,1492.180090544017,1062.4732793897924,1.31395331402814
1064,1493.33083542127,1063.475183954783,1.001904564990582
1065,1494.15536861369,1064.1931566926296,0.7179727378465941
1066,1495.768832978941,1065.5983107226973,1.4051540300677061
1067,1497.06550557171,1066.7277739416477,1.1294632189503773
1068,1497.747360933121,1067.3217739642066,0.5940000225589301
1069,1499.64082474662,1068.9715287676802,1.64975480347357
1070,1500.351951516604,1069.5912242407308,0.6196954730505695
1071,1501.119324922131,1070.2599947582062,0.6687705174754228
1072,1502.346063292399,1071.3292342606362,1.0692395024300367
1073,1503.090933126681,1071.9785493125669,0.649315051930671
1074,1505.261529654669,1073.871028256,1.8924789434331615
1075,1506.152986138113,1074.6484071589175,0.7773789029174623
1076,1507.407505163831,1075.7425305771603,1.0941234182428161
1077,1508.253031029542,1076.4800461014254,0.7375155242650635
1078,1509.280419363223,1077.3762938851282,0.8962477837028473
1079,1510.391797446471,1078.3459359071833,0.9696420220550408
1080,1511.923005459002,1079.6820793555664,1.3361434483831545
1081,1512.589764705458,1080.2639755601049,0.5818962045384524
1082,1513.589765539921,1081.1367870824074,0.872811522302527
1083,1515.708343586874,1082.9862521468592,1.849465064451806
1084,1516.43598971876,1083.6215775875783,0.6353254407190434
1085,1517.71980625413,1084.7426443587217,1.1210667711434326
1086,1518.414791487254,1085.3495982448442,0.6069538861224828
1087,1519.741009493907,1086.5079693222335,1.1583710773893472
1088,1520.273622220356,1086.9732261192962,0.4652567970626933
1089,1521.901909065461,1088.39577867155,1.4225525522538192
1090,1523.486047149259,1089.7800267584655,1.384248086915477
1091,1524.724892160622,1090.8627342934747,1.082707535009149
1092,1525.227837233792,1091.302336556615,0.43960226314038664
1093,1526.552311910389,1092.4601281272771,1.1577915706620843
1094,1528.040930429298,1093.761624577849,1.3014964505719036
1095,1529.034456728701,1094.6303912481594,0.8687666703103787
1096,1529.369975365194,1094.9238011653827,0.2934099172232436
1097,1531.020742970222,1096.3675624358675,1.4437612704848561
1098,1532.22232693939,1097.4186458787622,1.051083442894651
1099,1533.886977913202,1098.875044137745,1.4563982589827447
1100,1535.042277471206,1099.8859813723147,1.0109372345698375
1101,1535.769502395249,1100.5224057079706,0.6364243356558745
1102,1536.620701824034,1101.267394829457,0.7449891214864692
1103,1537.651062167945,1102.1692900586597,0.901895229202637
1104,1539.302854855582,1103.615366827344,1.4460767686841791
1105,1540.030270139502,1104.2522785704505,0.6369117431065661
1106,1541.74224876279,1105.751472019225,1.4991934487745766
1107,1542.496522922766,1106.4120920035095,0.6606199842844944
1108,1544.118670054518,1107.8330246663527,1.4209326628431427
1109,1544.83460822752,1108.4602426788533,0.6272180125006344
1110,1546.091197786312,1109.5612413908038,1.100998711950524
1111,1547.297581121408,1110.6184033450293,1.0571619542254211
1112,1547.80656380186,1111.0644732532778,0.4460699082485462
1113,1548.871348178725,1111.997731167931,0.933257914653268
1114,1551.273845326406,1114.1038900349813,2.106158867050226
1115,1552.006872837669,1114.7466195225984,0.642729487617089
1116,1552.736105329806,1115.3860761555081,0.6394566329097415
1117,1554.156519109658,1116.6317791655329,1.2457030100247266
1118,1554.921285164992,1117.3025646434128,0.6707854778799174
1119,1556.16298749755,1118.3918041425065,1.0892394990937646
1120,1557.394507017692,1119.472266883625,1.080462741118481
1121,1558.339152852352,1120.3011485840643,0.8288817004392968
1122,1559.781154390709,1121.5666119377404,1.2654633536760684
1123,1560.876475777809,1122.5279795332035,0.9613675954631162
1124,1562.410153180196,1123.8742993540031,1.3463198207996356
1125,1563.385400958496,1124.7305332439678,0.856233889964642
1126,1564.177940460433,1125.4264268900358,0.6958936460680434
1127,1564.91578826226,1126.0743556378786,0.6479287478427977
1128,1566.266415601552,1127.2605299412235,1.186174303344842
1129,1567.623450717218,1128.452518492065,1.1919885508416428
1130,1569.02247780437,1129.6815875595053,1.2290690674401503
1131,1570.509277866921,1130.987984285698,1.3063967261928155
1132,1571.045381485537,1131.4590938499,0.4711095642019245
1133,1571.845352088046,1132.1621348498913,0.7030409999913445
1134,1573.806563330271,1133.8859871669172,1.7238523170258304
1135,1574.230915429863,1134.259032535388,0.37304536847091185
1136,1575.638154952017,1135.4962585673456,1.2372260319575616
1137,1576.161352363424,1135.9562977033252,0.46003913597951396
1138,1578.118826945783,1137.6777189598206,1.7214212564954323
1139,1579.514055067741,1138.9049313854814,1.2272124256608095
1140,1580.372081625472,1139.6597303700426,0.7547989845611482
1141,1581.363551773002,1140.5320109271656,0.8722805571230765
1142,1582.329486944147,1141.3819213410382,0.8499104138725215
1143,1583.394693435421,1142.3192877583087,0.9373664172705958
1144,1584.234848066376,1143.0586922258994,0.7394044675907026
1145,1586.293210750338,1144.8705185582999,1.8118263324004147
1146,1587.004342107041,1145.4965743801217,0.6260558218218648
1147,1588.163404028908,1146.5170816964799,1.0205073163581346
1148,1589.357945949557,1147.5689685946497,1.0518868981698688
1149,1590.835904321397,1148.8706234336298,1.3016548389800846
1150,1591.293884373572,1149.2740160631467,0.40339262951692945
1151,1592.637167039231,1150.4573115566473,1.183295493500509
1152,1593.584808188862,1151.2921955721595,0.8348840155122161
1153,1594.442689655691,1152.0480775038436,0.7558819316841436
1154,1596.484492409655,1153.847411449011,1.799333945167291
1155,1597.715895944423,1154.9327839032665,1.0853724542555483
1156,1598.420798549671,1155.5541607074572,0.6213768041907315
1157,1599.619348950464,1156.6108052225347,1.0566445150775507
1158,1600.048044903407,1156.9887791716158,0.37797394908102433
1159,1601.911946228582,1158.6323618102062,1.6435826385904875
1160,1602.815404793727,1159.4291531087395,0.7967912985332077
1161,1603.655202996124,1160.1698728212837,0.7407197125442053
1162,1605.521646646623,1161.8163660471987,1.6464932259150373
1163,1606.293418126574,1162.4972893184727,0.6809232712739686
1164,1607.556905211984,1163.6121738306701,1.1148845121974773
1165,1608.83629530501,1164.741251995514,1.1290781648438042
1166,1610.003264190039,1165.7712582133322,1.0300062178182543
1167,1610.253823162573,1165.9924275976855,0.22116938435328848
1168,1611.437141269555,1167.0370309506638,1.0446033529783563
1169,1613.078855451029,1168.486523797524,1.4494928468600392
1170,1614.710627852165,1169.927502420032,1.4409786225080552
1171,1615.57460871897,1170.6905692488563,0.7630668288243214
1172,1616.398394841583,1171.4182046142398,0.7276353653835486
1173,1617.734684840985,1172.5986674645121,1.1804628502723062
1174,1618.537517831978,1173.3079651624944,0.7092976979822652
1175,1619.952501261128,1174.5582480427468,1.2502828802523709
1176,1620.774310821389,1175.284491326312,0.7262432835652817
1177,1622.098751698023,1176.4550556793254,1.170564353013333
1178,1622.977767699476,1177.2320406507517,0.7769849714263728
1179,1625.021856657963,1179.0391566319206,1.807115981168863
1180,1625.987020163622,1179.8925701699845,0.8534135380639327
1181,1626.399919311637,1180.2576902777457,0.36512010776118586
1182,1627.755441276317,1181.45647392049,1.1987836427442744
1183,1628.715316856763,1182.3054682328589,0.848994312368859
1184,1629.658668954948,1183.1399355168755,0.8344672840166822
1185,1631.194814551515,1184.4989600837177,1.3590245668422085
1186,1632.798183570709,1185.9177026313996,1.418742547681859
1187,1633.512516889737,1186.5498618281233,0.6321591967237055
1188,1634.516822662067,1187.4387202567086,0.8888584285853085
1189,1635.718366326214,1188.5022726434318,1.0635523867231313
1190,1637.089190173371,1189.715835777499,1.2135631340672717
1191,1637.994643586012,1190.5175159018277,0.8016801243286409
1192,1638.599658304214,1191.0532347690319,0.5357188672041957
1193,1639.82123572983,1192.1350061834767,1.0817714144448018
1194,1641.899819008504,1193.9760344327676,1.8410282492909573
1195,1642.489779822382,1194.498646726132,0.5226122933643182
1196,1644.152065959738,1195.971351588461,1.4727048623290102
1197,1644.713745774667,1196.4690331244383,0.49768153597733544
1198,1645.57376036277,1197.2311160683457,0.7620829439074441
1199,1646.624866593179,1198.1626277914204,0.9315117230746637
1200,1648.270598222532,1199.6213231042855,1.4586953128650748
1201,1649.11853540924,1200.3729948898074,0.7516717855219213
1202,1650.416988983048,1201.524170891879,1.1511760020716792
1203,1651.732693341396,1202.6908068403493,1.1666359484702298
1204,1652.671065899601,1203.5229643377759,0.8321574974265786
1205,1654.205896759371,1204.8842493512548,1.3612850134788914
1206,1654.726652393322,1205.3461737964778,0.46192444522307596
1207,1655.822775676772,1206.3185502554124,0.9723764589346047
1208,1657.114236399763,1207.464359719317,1.1458094639044702
1209,1657.567101179322,1207.8661882381139,0.4018285187969468
1210,1660.019980337999,1210.042978622035,2.176790383921116
1211,1660.860056833301,1210.7886312629084,0.745652640873459
1212,1661.836892884097,1211.655756841923,0.8671255790145551
1213,1662.377202549282,1212.1354224704567,0.4796656285336667
1214,1664.05726541811,1213.627094609065,1.4916721386082372
1215,1664.968004486364,1214.4358224969972,0.8087278879322639
1216,1665.877640414483,1215.2436499497287,0.8078274527315443
1217,1667.24112505171,1216.4546783954786,1.2110284457498892
1218,1668.368229327402,1217.4558910221326,1.0012126266540236
1219,1669.669728452399,1218.6121702652226,1.1562792430900117
1220,1671.047182433303,1219.8361052739501,1.2239350087274943
1221,1671.984259333727,1220.6688470742754,0.832741800325266
1222,1672.963370830781,1221.539032590765,0.8701855164895278
1223,1673.687445333907,1222.1826125976386,0.6435800068736626
1224,1674.648462097012,1223.0368712696459,0.8542586720072904
1225,1676.362486323949,1224.5607046401,1.5238333704542129
1226,1677.69122714153,1225.7421982010105,1.1814935609104396
1227,1678.630368091064,1226.577367269767,0.835169068756386
1228,1680.077946716809,1227.8648488737701,1.2874816040032329
1229,1680.504770112847,1228.2445050296399,0.3796561558697249
1230,1681.812320174266,1229.4076682062012,1.1631631765612838
1231,1683.273289260663,1230.7075004096087,1.2998322034075045
1232,1684.171656837065,1231.5068831799706,0.7993827703619445
1233,1684.558863252535,1231.851449566015,0.34456638604433465
1234,1686.421121947841,1233.5088300346647,1.6573804686497624
1235,1688.080142693177,1234.9856076496262,1.4767776149615202
1236,1688.933868509785,1235.7456529812941,0.760045331667925
1237,1689.70315425618,1236.430582794854,0.6849298135598474
1238,1691.051559916893,1237.6312636668354,1.2006808719813762
1239,1691.515192892035,1238.0441428016484,0.41287913481301075
1240,1693.053020930197,1239.4137697778858,1.3696269762374413
1241,1694.017564652608,1240.2729292879214,0.8591595100356244
1242,1695.832554474187,1241.8898537180337,1.616924430112249
1243,1696.654997439786,1242.622647305604,0.7327935875703133
1244,1697.342514286564,1243.2352709209351,0.6126236153311311
1245,1699.229547187643,1244.916971499088,1.6817005781529133
1246,1699.966817266864,1245.5741081825097,0.6571366834216406
1247,1700.820303245006,1246.3348928894434,0.7607847069336913
1248,1701.825550997047,1247.23104320412,0.8961503146765608
1249,1702.923249764491,1248.2097189578062,0.9786757536862751
1250,1704.29141242668,1249.4296899647427,1.2199710069364755
1251,1706.25603243156,1251.181819112474,1.7521291477312388
1252,1706.615665035026,1251.5025932970775,0.32077418460357876
1253,1707.912312493324,1252.6592377013208,1.1566444042432522
1254,1708.512116178403,1253.1943317264052,0.5350940250843905
1255,1709.780842298582,1254.326292072377,1.1319603459719474
1256,1711.137603258593,1255.5369630927012,1.210671020324071
1257,1712.155397654323,1256.4452783518434,0.9083152591422277
1258,1713.055341727513,1257.2485000840875,0.8032217322440829
1259,1714.717145255494,1258.7318974342418,1.4833973501542914
1260,1715.825283039821,1259.7212113780113,0.9893139437695027
1261,1716.769983717395,1260.5647032599263,0.8434918819150425
1262,1717.974485066158,1261.6402825275716,1.075579267645253
1263,1718.954152498584,1262.5151917749997,0.8749092474281497
1264,1719.724469321831,1263.2031991842841,0.6880074092844097
1265,1720.498070947586,1263.894195678273,0.6909964939889051
1266,1722.844661739916,1265.9905562066435,2.0963605283704965
1267,1723.53282263126,1266.6054310985483,0.6148748919047193
1268,1724.733958737658,1267.6787564482952,1.0733253497469377
1269,1725.638628019972,1268.4872493838468,0.8084929355516124
1270,1726.605700739885,1269.3515950535243,0.8643456696775047
1271,1728.166506760966,1270.7467866820934,1.3951916285691368
1272,1728.644486480372,1271.1740936932774,0.4273070111839843
1273,1730.02387254478,1272.4073629649838,1.2332692717063765
1274,1731.014193761857,1273.2928885395995,0.8855255746157127
1275,1732.430169859257,1274.559182883333,1.2662943437335343
1276,1733.84082502143,1275.8209019214314,1.261719038098363
1277,1735.175466021101,1277.0148004936868,1.1938985722554207
1278,1735.624715342868,1277.4167117083578,0.4019112146709176
1279,1736.305662733238,1278.0259418863834,0.6092301780256548
1280,1737.893884786929,1279.4470579278486,1.4211160414652113
1281,1738.783237588816,1280.242937694664,0.7958797668154602
1282,1740.169115680141,1281.4833010912273,1.2403633965632253
1283,1741.779167808727,1282.9245212289877,1.4412201377604106
1284,1742.467680720782,1283.5409081714108,0.6163869424231052
1285,1743.426436858722,1284.3993008200862,0.8583926486753626
1286,1744.7215119377,1285.5589394501787,1.1596386300925587
1287,1746.097498595633,1286.7911957141187,1.2322562639399166
1288,1746.595456627128,1287.2371814562132,0.44598574209453545
1289,1747.781695527753,1288.2997026404007,1.062521184187517
1290,1748.56398738108,1289.0004761912191,0.7007735508184396
1291,1750.822818489839,1291.0242395561852,2.023763364966044
1292,1751.617794946251,1291.73659628682,0.7123567306348377
1293,1752.511511140666,1292.537499568407,0.8009032815868977
1294,1753.661355243139,1293.5680384281682,1.0305388597612364
1295,1754.763369874251,1294.555823105122,0.9877846769538792
1296,1755.169694068143,1294.9200573304743,0.36423422535222016
1297,1757.046518460723,1296.6026610439558,1.6826037134815124
1298,1757.984077032818,1297.4433171396406,0.8406560956848352
1299,1759.240085646682,1298.569634203438,1.1263170637973872
1300,1760.215166242758,1299.4441294158435,0.8744952124054635
1301,1761.854899938728,1300.9149086070809,1.4707791912373978
1302,1762.497688870665,1301.491532280826,0.5766236737451891
1303,1763.719121496287,1302.5873399553188,1.0958076744927894
1304,1764.591476849092,1303.3700555443334,0.782715589014515
1305,1765.400493991784,1304.0960026497037,0.7259471053703237
1306,1766.676243599478,1305.2408779157429,1.1448752660392074
1307,1768.295971136341,1306.6946549478816,1.4537770321387598
1308,1769.940952051636,1308.1713396817217,1.4766847338401021
1309,1770.243677312198,1308.4431199713936,0.271780289671824
1310,1771.212944983546,1309.3133632529148,0.8702432815211978
1311,1772.328000363591,1310.3146043849447,1.001241132029918
1312,1773.894915510704,1311.7217724091347,1.407168024190014
1313,1774.660430990024,1312.4093236355925,0.6875512264577992
1314,1775.341987573747,1313.0215110218528,0.6121873862603024
1315,1777.25586022406,1314.7408112818289,1.7193002599760803
1316,1778.041734762249,1315.446885508353,0.7060742265241515
1317,1779.552270809177,1316.8041919342659,1.3573064259128387
1318,1780.665228493,1317.804381146613,1.0001892123470952
1319,1781.355637722819,1318.42489152657,0.6205103799570679
1320,1782.439067320021,1319.3987177026588,0.9738261760887781
1321,1783.084829519946,1319.979202260281,0.5804845576221851
1322,1784.607946396613,1321.3485004566744,1.3692981963934017
1323,1786.342201179342,1322.9078657555306,1.5593652988561644
1324,1787.049273086816,1323.5437104962048,0.6358447406742016
1325,1788.215123479635,1324.5922157162395,1.0485052200347127
1326,1789.242179963685,1325.515997141534,0.9237814252944645
1327,1790.449562369784,1326.6020919051987,1.0860947636647325
1328,1791.254409818795,1327.326160361788,0.7240684565892934
1329,1792.616102735198,1328.5513172086262,1.2251568468382175
1330,1793.52539065241,1329.3695230891653,0.8182058805391534
1331,1794.178482007256,1329.957240516677,0.5877174275117341
1332,1796.465140537431,1332.0153043996693,2.058063882992201
1333,1797.376335671137,1332.8355375020644,0.8202331023951501
1334,1798.147067458076,1333.5293867108953,0.6938492088308976
1335,1799.231647209738,1334.5058657487536,0.9764790378583257
1336,1800.024724019739,1335.219961983327,0.7140962345733897
1337,1801.309636945288,1336.3770316094833,1.1570696261562716
1338,1802.30128349145,1337.2701133354544,0.8930817259711148
1339,1803.796843813365,1338.617186495234,1.3470731597794838
1340,1804.904160974812,1339.6146904976185,0.9975040023846304
1341,1806.289667019499,1340.862947531762,1.2482570341435348
1342,1806.578391750965,1341.123092328928,0.26014479716582173
1343,1808.714431865474,1343.0479207576625,1.9248284287345996
1344,1809.119273788287,1343.41277717561,0.36485641794752155
1345,1810.108892987986,1344.304714170621,0.8919369950110649
1346,1810.873719158854,1344.9941057447809,0.6893915741597993
1347,1812.420077002105,1346.3881037660713,1.393998021290372
1348,1814.024140347616,1347.8343435509137,1.4462397848424189
1349,1814.973082363496,1348.6900255886444,0.8556820377307304
1350,1816.338611219675,1349.9214917694353,1.2314661807909033
1351,1816.75802336535,1350.2997603548165,0.3782685853811927
1352,1817.710608563342,1351.1589559375188,0.8591955827023412
1353,1819.260334099488,1352.5569191231068,1.3979631855879688
1354,1820.187882186808,1353.3937343062414,0.836815183134604
1355,1821.305708365201,1354.4023145020608,1.008580195819377
1356,1822.427671440303,1355.4147370901662,1.0124225881054372
1357,1823.766265895774,1356.6227845282751,1.2080474381089061
1358,1825.213676893014,1357.9292120754562,1.3064275471811015
1359,1825.915683614928,1358.5629064131515,0.6336943376952604
1360,1826.795455271493,1359.3571279990504,0.7942215858988675
1361,1828.211270499973,1360.6354091907808,1.278281191730457
1362,1828.621091758031,1361.0054524791778,0.37004328839702794
1363,1829.83252970994,1362.0993915987715,1.0939391195936423
1364,1831.936379901811,1363.999490096112,1.900098497340423
1365,1832.984940243731,1364.9466440721503,0.9471539760384076
1366,1833.27323903273,1365.207078193857,0.26043412170656666
1367,1834.721559748608,1366.5155249061945,1.308446712337627
1368,1835.883754437693,1367.5656102904484,1.0500853842538618
1369,1836.827672515957,1368.4185609523497,0.8529506619013318
1370,1838.086943305644,1369.556593296125,1.138032343775194
1371,1838.640288707651,1370.0567078537315,0.5001145576065937
1372,1840.195563473357,1371.4625098629213,1.405802009189756
1373,1841.478582570644,1372.622379357624,1.1598694947026615
1374,1842.875955278667,1373.8857881741706,1.2634088165466437
1375,1843.771057743068,1374.6951672095358,0.8093790353652821
1376,1844.759043650096,1375.5886145922684,0.8934473827325746
1377,1845.417534146424,1376.184142135632,0.5955275433636871
1378,1846.353253420516,1377.0304549672142,0.8463128315820541
1379,1848.330980622384,1378.8194618719792,1.789006904765074
1380,1848.72276091089,1379.1738973617685,0.354435489789239
1381,1850.601184047651,1380.8734512691976,1.6995539074291628
1382,1851.40036199459,1381.5966210682664,0.723169799068728
1383,1852.342204733386,1382.448957587564,0.8523365192977508
1384,1853.519342920989,1383.5143358568457,1.0653782692816094
1385,1854.855632115989,1384.7238992039331,1.2095633470873963
1386,1855.592934937056,1385.3913461386187,0.6674469346855858
1387,1856.389179153524,1386.1122024213757,0.7208562827570404
1388,1857.49807481488,1387.1161990496478,1.0039966282720343
1389,1859.495271568794,1388.9247312091582,1.8085321595103778
1390,1860.541388109336,1389.872162932008,0.9474317228498421
1391,1861.379671547233,1390.6314349379277,0.7592720059196836
1392,1862.121464928942,1391.3033615557906,0.6719266178629368
1393,1863.425464845093,1392.4846565553562,1.18129499956558
1394,1864.353981335746,1393.3258892251188,0.8412326697625758
1395,1865.367433794058,1394.2441575865578,0.9182683614390044
1396,1866.836547018608,1395.5754463437963,1.3312887572385534
1397,1868.085190998609,1396.7070937807582,1.1316474369618845
1398,1868.706745684408,1397.2704590115964,0.5633652308381443
1399,1870.421471768308,1398.8248243670732,1.5543653554768753
1400,1871.416043098407,1399.7264983068558,0.9016739397825404
1401,1872.441566428192,1400.6563212833842,0.929822976528385
1402,1872.865667637968,1401.0408721127592,0.38455082937502993
1403,1874.50836141266,1402.530517521207,1.4896454084478137
1404,1874.913774010039,1402.898193432772,0.367675911564902
1405,1877.09506416734,1404.8766837649237,1.9784903321517504
1406,1878.022251482754,1405.71779044418,0.841106679256427
1407,1879.153303090461,1406.74393317017,1.0261427259899847
1408,1880.082325418994,1407.5868665693422,0.8429333991721251
1409,1880.611766479661,1408.0672790469816,0.4804124776394474
1410,1882.321974797385,1409.6192765557585,1.5519975087768216
1411,1883.408724269518,1410.6056197083806,0.986343152622112
1412,1884.005778349667,1411.1475535986865,0.541933890305927
1413,1885.198075130258,1412.2298673302273,1.0823137315408076
1414,1887.05389480689,1413.9147362461738,1.6848689159464811
1415,1887.808841416831,1414.600223296753,0.6854870505792405
1416,1888.938182636583,1415.625748132224,1.0255248354710602
1417,1890.348128614243,1416.9062335348428,1.2804854026187513
1418,1890.612128587933,1417.1460117626118,0.23977822776896573
1419,1891.678510539729,1418.1146138925335,0.9686021299216918
1420,1892.867701335791,1419.1948769827486,1.0802630902151122
1421,1894.558537572429,1420.731040412595,1.5361634298462832
1422,1895.697155653585,1421.765636339513,1.0345959269182003
1423,1896.585494347169,1422.5728935553143,0.8072572158012008
1424,1897.513692859711,1423.4164432041944,0.8435496488800709
1425,1898.82937281868,1424.6122609787656,1.1958177745711964
1426,1900.006144829143,1425.6819486370432,1.069687658277644
1427,1900.571884272415,1426.1962479975307,0.5142993604874846
1428,1901.8913057506,1427.395804686713,1.1995566891823728
1429,1902.80505920668,1428.2266322492994,0.8308275625863644
1430,1904.089325323352,1429.3944653732206,1.1678331239211275
1431,1906.102756198182,1431.225633824845,1.831168451624535
1432,1906.597678003765,1431.6758055137043,0.4501716888592
1433,1907.332780123914,1432.3444784966505,0.668672982946191
1434,1908.433063045052,1433.3454161552525,1.0009376586019698
1435,1909.465930025982,1434.2851167750546,0.9397006198021245
1436,1910.733659615892,1435.4386165387518,1.1534997636972548
1437,1911.704690943174,1436.322242825571,0.883626286819208
1438,1913.182489775883,1437.6671717921022,1.3449289665311426
1439,1914.352300051677,1438.7319324884604,1.0647606963582348
1440,1915.05462933335,1439.3712468920412,0.6393144035807836
1441,1916.606371839519,1440.7839081961074,1.412661304066205
1442,1917.344704041566,1441.4561345998968,0.6722264037894092
1443,1918.786498909857,1442.768970322345,1.3128357224481988
1444,1919.207778397805,1443.1526016649361,0.38363134259111575
1445,1919.937457371217,1443.817106824688,0.6645051597517977
1446,1922.101625621992,1445.788234380598,1.9711275559100159
1447,1923.280837936417,1446.8624259076057,1.0741915270077698
1448,1924.055831101441,1447.568460758221,0.7060348506151968
1449,1925.231987975405,1448.64005897684,1.0715982186191013
1450,1926.211583079895,1449.5326567752873,0.8925977984472411
1451,1926.820092794872,1450.0871650013803,0.5545082260930485
1452,1928.41751854952,1451.5429745686256,1.4558095672452964
1453,1929.487560180576,1452.5182718610242,0.9752972923986363
1454,1930.258387180387,1453.2209063095108,0.7026344484866058
1455,1931.760069436525,1454.5898803035043,1.3689739939934498
1456,1932.875754549947,1455.6070892068126,1.0172089033083012
1457,1934.416436369152,1457.0119508640073,1.404861657194715
1458,1934.907943434366,1457.4601697884507,0.4482189244433812
1459,1935.924848803745,1458.3875770780178,0.9274072895670997
1460,1936.873093814279,1459.252443422017,0.8648663439992106
1461,1937.96863349802,1460.2517448890849,0.9993014670678804
1462,1939.050029150546,1461.238241480437,0.9864965913520791
1463,1940.97732670586,1462.9966448641023,1.7584033836653816
1464,1941.822862215779,1463.7681800060068,0.7715351419044509
1465,1942.633568692245,1464.507989340734,0.7398093347271697
1466,1943.367947449252,1465.1781923772896,0.6702030365556766
1467,1945.153796306368,1466.8081641531062,1.629971775816557
1468,1945.922716949483,1467.5100502543382,0.7018861012320485
1469,1946.609945361877,1468.137406981749,0.62735672741087
1470,1947.917047737703,1469.3307404956136,1.1933335138644452
1471,1949.030030073603,1470.3469600210863,1.0162195254727067
1472,1950.743201552863,1471.9113858400035,1.5644258189172433
1473,1951.536695873055,1472.6360663777002,0.7246805376967131
1474,1952.850129211866,1473.8357083733335,1.1996419956333284
1475,1953.448556325136,1474.3823364489592,0.5466280756256765
1476,1954.418588175214,1475.26846563586,0.8861291869006891
1477,1955.315809283719,1476.0881500432515,0.8196844073916054
1478,1956.848164578216,1477.4882326535576,1.4000826103060717
1479,1958.314403555124,1478.8280848941827,1.3398522406250777
1480,1958.851883463193,1479.3192789270615,0.491194032878866
1481,1960.418845269382,1480.7514334449104,1.4321545178488577
1482,1961.359277880014,1481.6110554270633,0.8596219821529303
1483,1962.233571848577,1482.41028638163,0.7992309545666103
1484,1963.621184573202,1483.678892089191,1.2686057075611643
1485,1964.357390938096,1484.3520219298844,0.6731298406932638
1486,1965.377829505104,1485.2851042035434,0.9330822736590108
1487,1966.117658574077,1485.9616517410036,0.6765475374602374
1488,1968.471602019423,1488.1145445086509,2.152892767647245
1489,1969.047617546528,1488.6414307071504,0.5268861984995965
1490,1970.305009517034,1489.791670768089,1.1502400609385859
1491,1970.855547579946,1490.2953335105312,0.5036627424422022
1492,1971.970312804812,1491.3152574919918,1.019923981460579
1493,1973.182663405939,1492.4245783958404,1.1093209038485838
1494,1974.34720191012,1493.490262070253,1.0656836744126394
1495,1975.080610302267,1494.1614693234417,0.6712072531886406
1496,1977.17394369804,1496.0775032652227,1.916033941781052
1497,1977.271446199744,1496.1667561794932,0.08925291427044613
1498,1978.801448167732,1497.56740643019,1.400650250696799
1499,1980.371772287051,1499.0051656425483,1.4377592123582872
1500,1980.910043091024,1499.498041876711,0.49287623416284987
1501,1981.748768897264,1500.2660809121605,0.7680390354494193
1502,1982.663279195277,1501.1035817984844,0.8375008863238236
1503,1983.92380462226,1502.2580704832828,1.1544886847984799
1504,1985.416540174527,1503.6254003762058,1.3673298929229531
1505,1986.757107716415,1504.8534982306037,1.2280978543979018
1506,1987.873473360726,1505.8763139350335,1.0228157044298314
1507,1988.251876807356,1506.2230303272802,0.3467163922466625
1508,1989.702002708022,1507.5518305184926,1.3288001912123946
1509,1990.478352526427,1508.263295673157,0.7114651546644382
1510,1992.001706393528,1509.6594728715493,1.3961771983922517
1511,1992.784987875158,1510.3774345563083,0.7179616847590751
1512,1993.57749313826,1511.1039006971575,0.7264661408491975
1513,1995.168739611888,1512.5627006775833,1.4587999804257379
1514,1996.796176966189,1514.0548881364125,1.4921874588292212
1515,1997.390914059612,1514.6002516558938,0.5453635194812705
1516,1998.279006925982,1515.414669755005,0.814418099111208
1517,1999.545764176268,1516.5764475417711,1.1617777867661516
1518,2000.434515302432,1517.3916217995513,0.8151742577801997
1519,2000.929620689185,1517.8457662492774,0.4541444497260727
1520,2002.896408374364,1519.65003066085,1.8042644115726034
1521,2004.13966923327,1520.7907146497237,1.1406839888736613
1522,2005.077848124099,1521.65156912577,0.8608544760463701
1523,2005.900934885786,1522.4068748661966,0.7553057404265928
1524,2007.125180170301,1523.5304032376293,1.1235283714327124
1525,2008.418240330263,1524.7172142350687,1.186810997439352
1526,2009.176634122949,1525.4133533925597,0.6961391574909612
1527,2010.15332476756,1526.309937080754,0.8965836881943687
1528,2011.02070507365,1527.1062392511465,0.7963021703924369
1529,2012.538935477422,1528.5002004212279,1.3939611700814112
1530,2013.872097713991,1529.7243918204738,1.2241913992459104
1531,2015.186728608707,1530.9317041499708,1.2073123294969719
1532,2016.029638032376,1531.7058753347637,0.7741711847929764
1533,2016.800075655845,1532.4135337706546,0.7076584358908349
1534,2017.386767251962,1532.952450160289,0.5389163896343234
1535,2019.264600216064,1534.6775507890377,1.7251006287488053
1536,2019.884367139755,1535.2469703841916,0.5694195951539314
1537,2021.19604276889,1536.452190651244,1.205220267052482
1538,2022.545617684688,1537.6923757095826,1.2401850583385112
1539,2023.572911777101,1538.636498507645,0.9441227980623808
1540,2024.488262157951,1539.477810656961,0.8413121493160816
1541,2025.878906202482,1540.7560983237083,1.2782876667472465
1542,2026.738258912154,1541.5460960256173,0.7899977019089874
1543,2027.573317055998,1542.3138154372477,0.7677194116304236
1544,2028.582459354039,1543.2416539713568,0.9278385341090143
1545,2029.385479550966,1543.9800341706023,0.7383801992455119
1546,2031.750550690619,1546.1550200319527,2.1749858613504784
1547,2032.420780856287,1546.7714622223755,0.6164421904227311
1548,2033.01789274567,1547.3206837268344,0.5492215044589557
1549,2034.554828788956,1548.734480685852,1.4137969590176453
1550,2035.077440096304,1549.2152625599347,0.4807818740825951
1551,2036.527526483369,1550.5493969153677,1.3341343554329796
1552,2037.217111094341,1551.1838985170184,0.6345016016507543
1553,2038.841738250868,1552.6788996739922,1.4950011569737853
1554,2039.443218740104,1553.2324414154796,0.5535417414873791
1555,2040.839119673138,1554.5171960743412,1.2847546588616297
1556,2042.344586250604,1555.9029627095588,1.3857666352175784
1557,2043.217116563325,1556.706198819642,0.8032361100831622
1558,2044.121593291672,1557.5389068378383,0.8327080181963993
1559,2045.037320859815,1558.3820378492753,0.8431310114369808
1560,2045.802760431562,1559.0868453901571,0.7048075408818022
1561,2047.098336345608,1560.2798999479064,1.1930545577492921
1562,2048.454094066161,1561.528513744032,1.2486137961254826
1563,2049.847525605715,1562.8119728585893,1.283459114557445
1564,2050.906055384686,1563.7870620991916,0.9750892406023013
1565,2051.718388196258,1564.5354202677831,0.7483581685914942
1566,2052.407790192401,1565.1705690980082,0.6351488302250345
1567,2054.059916898486,1566.6928300423347,1.52226094432649
1568,2055.180267326164,1567.725235440021,1.0324053976862615
1569,2055.57260289905,1568.0867965209475,0.36156108092654904
1570,2056.620866689894,1569.0528937847625,0.9660972638150724
1571,2058.450651118906,1570.7394571481398,1.6865633633772177
1572,2059.448021743771,1571.6588705040704,0.919413355930601
1573,2060.868247208108,1572.9682198494584,1.309349345388
1574,2061.367059202033,1573.4281268690816,0.4599070196231878
1575,2062.572650919978,1574.5397674554029,1.1116405863213004
1576,2063.283559498386,1575.195327870389,0.655560414986212
1577,2064.304867699634,1576.1371898103112,0.9418619399220916
1578,2065.832672281912,1577.5462985439926,1.409108733681478
1579,2066.985229377987,1578.6094319514837,1.0631334074910228
1580,2068.34563852737,1579.86442236321,1.2549904117263395
1581,2068.669941082814,1580.1636155868216,0.29919322361160994
1582,2070.504717593446,1581.8564857088345,1.6928701220128914
1583,2071.377083169756,1582.6614710420904,0.8049853332558996
1584,2071.990454814766,1583.2275017688755,0.5660307267851294
1585,2073.397603715769,1584.5261540470403,1.298652278164809
1586,2074.171064902148,1585.2400431237083,0.7138890766680106
1587,2075.028065544832,1586.0310910420471,0.7910479183387906
1588,2077.117570136877,1587.9600284115547,1.9289373695075938
1589,2078.155484639215,1588.9183091302586,0.958280718703918
1590,2078.939288114877,1589.6420301189319,0.7237209886732217
1591,2079.56762846189,1590.2222389764547,0.5802088575228481
1592,2080.910343457561,1591.4622019437193,1.239962967264546
1593,2081.799686563577,1592.2835634806593,0.8213615369400031
1594,2083.300276858828,1593.6695854210575,1.3860219403982228
1595,2083.779992550167,1594.1127116605787,0.4431262395212343
1596,2085.389813692286,1595.599875025775,1.4871633651962384
1597,2086.580318534382,1596.6997984583247,1.0999234325497582
1598,2087.473340987858,1597.5249448755935,0.8251464172687974
1599,2088.712281198733,1598.6698175362442,1.1448726606506625
1600,2090.036206757017,1599.893352231403,1.2235346951588326
1601,2090.447550027415,1600.2735312723325,0.3801790409295336
1602,2091.221580661131,1600.9889546459772,0.7154233736446258
1603,2092.473218110073,1602.1459183629452,1.1569637169679936
1604,2094.335917468629,1603.8679439228881,1.7220255599429493
1605,2095.138256660293,1604.6097705375926,0.7418266147044505
1606,2096.346529979253,1605.7270079155041,1.1172373779115787
1607,2097.371606357193,1606.6749380183917,0.9479301028875398
1608,2097.951922199887,1607.2116151918167,0.5366771734250051
1609,2099.311651265061,1608.4691952139601,1.2575800221434292
1610,2100.593745236862,1609.6551008379402,1.1859056239800339
1611,2101.135489459108,1610.1562384530027,0.5011376150625892
1612,2102.5351002153,1611.4510438421369,1.294805389134126
1613,2103.390454808714,1612.2424209554179,0.791377113280987
1614,2105.3722065918,1614.076157432025,1.8337364766071005
1615,2105.994704339287,1614.652222655445,0.5760652234200734
1616,2107.172362432447,1615.742118540826,1.0898958853808836
1617,2107.617911407517,1616.1544913388818,0.4123727980559124
1618,2108.938384889015,1617.3767286225136,1.2222372836317845
1619,2109.963143181267,1618.3253410416507,0.9486124191371346
1620,2110.822371848132,1619.1207847632606,0.7954437216098995
1621,2112.90708752319,1621.0509726444322,1.9301878811716051
1622,2113.483966448431,1621.5851487466425,0.5341761022102673
1623,2114.39613732589,1622.4298483251105,0.844699578467953
1624,2115.506602794684,1623.4582596050286,1.0284112799181457
1625,2116.900056068394,1624.748879478798,1.2906198737694012
1626,2117.722399441363,1625.5106044512042,0.7617249724062276
1627,2118.618646217029,1626.3408429729293,0.8302385217250503
1628,2119.456428468939,1627.1169774289765,0.7761344560472025
1629,2120.691562591844,1628.2613209381655,1.1443435091889569
1630,2122.465151174928,1629.9047391272743,1.6434181891088429
1631,2123.344042303463,1630.7192125193126,0.8144733920382805
1632,2124.370368737568,1631.6703883257017,0.9511758063890738
1633,2125.512400029152,1632.7288895010438,1.058501175342144
1634,2125.958784840373,1633.1426515148887,0.4137620138449165
1635,2126.975711192558,1634.0853143174859,0.9426628025971695
1636,2128.752290554263,1635.73234025551,1.6470259380241714
1637,2129.406080228323,1636.3385130609972,0.6061728054871764
1638,2130.555102283236,1637.4039268442348,1.0654137832375454
1639,2132.08062099294,1638.8185939911455,1.4146671469106877
1640,2132.798516467884,1639.4843838300908,0.6657898389453294
1641,2134.154933985038,1640.7424560553754,1.25807222528465
1642,2134.950772504315,1641.4806572091256,0.7382011537501967
1643,2136.086897524703,1642.534581953617,1.053924744491269
1644,2136.967470548472,1643.351510415132,0.81692846151509
1645,2137.509940525911,1643.8548014164562,0.5032910013242144
1646,2139.380759985201,1645.5906721542356,1.7358707377793507
1647,2140.949362639097,1647.046326724867,1.4556545706313955
1648,2141.71003596039,1647.7522932172953,0.7059664924283879
1649,2142.355043196035,1648.3509458968867,0.598652679591396
1650,2143.37444418054,1649.2971488936485,0.9462029967617127
1651,2144.895337431361,1650.7089779840417,1.411829090393212
1652,2145.505753734181,1651.275669244938,0.5666912608962775
1653,2146.625894475512,1652.3156445054424,1.0399752605044341
1654,2147.785367345631,1653.3922349828445,1.0765904774020782
1655,2149.15184938289,1654.66116491155,1.2689299287055746
1656,2149.910639858103,1655.3658456318503,0.7046807203003027
1657,2151.776885116461,1657.0991892425218,1.7333436106714544
1658,2152.390226596916,1657.6689088528594,0.5697196103376427
1659,2153.011964165385,1658.246455797743,0.5775469448835793
1660,2154.26362395232,1659.4092392650439,1.1627834673008692
1661,2154.935345848226,1660.0333120875541,0.624072822510243
1662,2156.394727255682,1661.3892860660228,1.3559739784686826
1663,2157.856489565353,1662.747629819545,1.3583437535221492
1664,2158.878072291083,1663.6970299190145,0.9494000994695853
1665,2159.90228601717,1664.648952353689,0.9519224346745432
1666,2160.853062328184,1665.5326899337713,0.8837375800821974
1667,2161.692172189209,1666.3126899173874,0.7799999836161078
1668,2163.107122285732,1667.6280833050919,1.3153933877044892
1669,2164.049720356357,1668.5044413873038,0.8763580822119366
1670,2165.011437174311,1669.3986420143544,0.8942006270506226
1671,2165.503949023375,1669.8566039795642,0.45796196520973353
1672,2167.693444254747,1671.8927210662685,2.03611708670428
1673,2168.890615851853,1673.0061774670908,1.1134564008223151
1674,2169.263829283371,1673.3533145293472,0.3471370622564791
1675,2170.787074973015,1674.770237213083,1.41692268373572
1676,2171.396361926495,1675.3370433922776,0.5668061791946002
1677,2172.250962827516,1676.132105558518,0.795062166240541
1678,2173.528296969317,1677.3205495426846,1.188443984166497
1679,2174.745020803477,1678.4527122164718,1.1321626737872066
1680,2176.204119466212,1679.8105477555673,1.357835539095504
1681,2176.939451698978,1680.4949060990357,0.6843583434683751
1682,2178.004209154761,1681.4859236733191,0.9910175742834326
1683,2179.23218502975,1682.6289588233922,1.1430351500730467
1684,2180.495318259279,1683.8048343486607,1.175875525268566
1685,2181.252367010682,1684.509641715275,0.7048073666142045
1686,2181.725783029816,1684.9504101420239,0.4407684267489458
1687,2183.33058401728,1686.4446628873322,1.4942527453083585
1688,2184.103190760681,1687.1641148362496,0.7194519489173672
1689,2185.965528320683,1688.8985036583433,1.734388822093706
1690,2187.085690959373,1689.9418290608485,1.043325402505161
1691,2187.798455877827,1690.6057496115704,0.6639205507219685
1692,2188.558763203088,1691.3139953195143,0.7082457079438882
1693,2189.497072902605,1692.1881127401757,0.8741174206613778
1694,2191.093363045749,1693.6753434365291,1.4872306963534356
1695,2191.778017400508,1694.313278543095,0.6379351065659193
1696,2192.826770539861,1695.2905331653778,0.9772546222827714
1697,2194.231530050455,1696.599648571854,1.3091154064761668
1698,2195.231687681256,1697.5317969582156,0.9321483863616322
1699,2196.715977666758,1698.915291080577,1.3834941223612987
1700,2197.258747040205,1699.4212416779676,0.5059505973906653
1701,2198.687512684367,1700.7531889673073,1.3319472893397233
1702,2199.30296532097,1701.3269818365136,0.5737928692062724
1703,2200.351020913257,1702.3041580022368,0.9771761657232219
1704,2200.915953025552,1702.830917022447,0.5267590202101928
1705,2203.277453730648,1705.033098296101,2.2021812736538777
1706,2203.906364583774,1705.6196474136864,0.5865491175854913
1707,2204.99780175483,1706.6376361188304,1.0179887051440346
1708,2205.855761245547,1707.4379194293324,0.8002833105019818
1709,2207.172161914953,1708.6659285415585,1.2280091122261183
1710,2207.802741336734,1709.2542110984864,0.5882825569278793
1711,2209.153744400263,1710.5146905074507,1.2604794089643292
1712,2210.208014989251,1711.4984112824395,0.9837207749887966
1713,2210.850941099297,1712.0983532704552,0.5999419880156438
1714,2212.343568400037,1713.4913026814029,1.3929494109477218
1715,2213.700256248436,1714.7575297470646,1.2662270656617238
1716,2214.949925632093,1715.923991176369,1.1664614293044906
1717,2215.820565690646,1716.7367268862592,0.8127357098901484
1718,2216.296375887645,1717.180915006645,0.444188120385661
1719,2217.469375116225,1718.2760268058894,1.0951117992444779
1720,2218.521006913395,1719.2579139582103,0.9818871523209509
1721,2219.799815698357,1720.4520185234032,1.1941045651929016
1722,2220.852158848914,1721.4347457629224,0.9827272395191358
1723,2222.636604588097,1723.1013259962685,1.666580233346167
1724,2223.055057918811,1723.492172823216,0.3908468269473815
1725,2223.777772507211,1724.1672374869322,0.6750646637162845
1726,2225.56464511717,1725.8364586879948,1.6692212010625553
1727,2226.332734405576,1726.554045560052,0.7175868720571543
1728,2227.246229376595,1727.4075324932412,0.8534869331892878
1729,2227.970573882256,1728.084336758446,0.676804265204737
1730,2229.127958910123,1729.1658379768464,1.08150121840049
1731,2230.898690856217,1730.8206571756718,1.6548191988254075
1732,2231.977154074073,1731.8286334233303,1.007976247658462
1733,2232.924853868966,1732.7144612400375,0.8858278167072058
1734,2233.720222250317,1733.4579522333897,0.7434909933522249
1735,2234.814934531326,1734.481336323549,1.0233840901591975
1736,2235.5466621356,1735.1654343283299,0.6840980047809353
1737,2236.773643845098,1736.3126349100005,1.1472005816706314
1738,2238.154799519298,1737.6041128699678,1.2914779599673238
1739,2239.167743960236,1738.5513735878044,0.9472607178365706
1740,2240.021209470465,1739.3495532941974,0.7981797063930571
1741,2241.536186523766,1740.7665205944345,1.4169673002370473
1742,2242.62118015938,1741.7814219291608,1.0149013347263462
1743,2243.373668418958,1742.4853473255635,0.7039253964026102
1744,2244.37070170043,1743.4180975681284,0.9327502425649072
1745,2245.565286531271,1744.535755183976,1.1176576158477474
1746,2246.016558178285,1744.9579927895802,0.42223760560409573
1747,2247.36443125123,1746.2192319360443,1.2612391464640496
1748,2249.550198573537,1748.264783518441,2.0455515823966834
1749,2249.770766552725,1748.4712209673064,0.2064374488654721
1750,2251.046641941553,1749.665425832167,1.1942048648606942
1751,2251.845318338693,1750.4130364412968,0.7476106091296515
1752,2252.678432673839,1751.1929311365486,0.779894695251869
1753,2254.562246994389,1752.9565875042065,1.763656367657859
1754,2254.759079001305,1753.1408791597787,0.18429165557222404
1755,2255.824565571537,1754.1385300461675,0.997650886388783
1756,2257.346384683131,1755.5635993167468,1.4250692705793426
1757,2258.501847291144,1756.6457123044206,1.0821129876737814
1758,2259.517842057384,1757.597288707858,0.951576403437457
1759,2260.890259416806,1758.8828044429945,1.2855157351364142
1760,2261.660064449482,1759.603923381865,0.7211189388704042
1761,2262.674430648212,1760.5541999638722,0.9502765820072909
1762,2262.87830538116,1760.7452022332777,0.1910022694055442
1763,2264.676399705771,1762.4298930924474,1.6846908591696774
1764,2265.768446115466,1763.453176473173,1.0232833807256156
1765,2267.384501067544,1764.9676267777957,1.5144503046226419
1766,2267.879175337167,1765.4312365255585,0.4636097477628027
1767,2269.226998261609,1766.6945060832377,1.263269557679223
1768,2269.919103216839,1767.3432425328679,0.648736449630178
1769,2271.326282468066,1768.6623490250026,1.3191064921347788
1770,2272.049015701238,1769.3399016533704,0.6775526283677209
1771,2273.347534053165,1770.5573369596505,1.2174353062800947
1772,2273.956289145942,1771.1281203621577,0.5707834025072316
1773,2275.068664775972,1772.1711774765101,1.0430571143524503
1774,2277.079317756624,1774.0567547292462,1.8855772527360841
1775,2278.012628393305,1774.932103394846,0.8753486655998586
1776,2278.525942155784,1775.41356445516,0.48146106031390445
1777,2279.50730584112,1776.3340827222485,0.9205182670884824
1778,2280.870719852587,1777.6130754541114,1.2789927318628997
1779,2281.356483614546,1778.0687925364023,0.4557170822909029
1780,2282.690375137646,1779.320261507447,1.2514689710446874
1781,2284.056011459351,1780.6016422508123,1.2813807433653892
1782,2285.222242364866,1781.6960231591863,1.094380908373978
1783,2286.149814140564,1782.5665160552574,0.8704928960710276
1784,2287.04615867101,1783.4077602070888,0.8412441518314608
1785,2288.578849445765,1784.8463624505935,1.438602243504647
1786,2289.336284710134,1785.5573607446279,0.7109982940344253
1787,2290.241458210856,1786.407092025041,0.8497312804131525
1788,2291.097663612112,1787.2109069220378,0.8038148969967551
1789,2291.92890125249,1787.9913305343662,0.7804236123283772
1790,2293.896145106087,1789.8385067726617,1.8471762382955603
1791,2294.687918411714,1790.5820312435421,0.7435244708804021
1792,2296.115091188331,1791.9223452226142,1.340313979072107
1793,2296.998522472515,1792.7520809716646,0.8297357490503146
1794,2297.372647579811,1793.1034828092875,0.351401837622916
1795,2298.612363365665,1794.2679711606256,1.16448835133815
1796,2299.961577620089,1795.5354344084258,1.2674632478001513
1797,2301.234125798833,1796.730992334435,1.1955579260093145
1798,2301.454840351727,1796.9383648670814,0.20737253264633182
1799,2303.295481982573,1798.6678723283821,1.7295074613007273
1800,2304.305138670379,1799.61666745353,0.9487951251478535
1801,2305.508356788682,1800.747448177492,1.1307807239620615
1802,2306.517733070003,1801.6961340219443,0.9486858444522568
1803,2307.355553370478,1802.4836323717125,0.7874983497681569
1804,2308.210284634765,1803.2870758568215,0.8034434851090282
1805,2309.370358239526,1804.3776203251334,1.0905444683119185
1806,2309.931122384184,1804.9048082651798,0.5271879400463604
1807,2312.047996449611,1806.8951280190176,1.9903197538378663
1808,2313.190914170747,1807.9698462768245,1.0747182578068077
1809,2313.689359967224,1808.4385772786375,0.46873100181301197
1810,2314.621182113594,1809.314894780194,0.8763175015565139
1811,2316.049454719989,1810.658207202205,1.3433124220109676
1812,2316.962494504841,1811.5170086618102,0.8588014596052744
1813,2317.851531864277,1812.353288564725,0.8362799029148391
1814,2318.82603533643,1813.2700251787737,0.9167366140486592
1815,2320.088523204027,1814.4577718939788,1.187746715205094
1816,2320.949531628659,1815.2678700588453,0.8100981648665311
1817,2322.812632606694,1817.0209823937107,1.7531123348653637
1818,2323.534274240766,1817.700085641714,0.67910324800323
1819,2324.512455232259,1818.6206630450217,0.9205774033077887
1820,2325.557096491765,1819.603859312509,0.9831962674873012
1821,2325.903015927513,1819.9294484958102,0.32558918330119013
1822,2327.376855819705,1821.3167601480231,1.3873116522129294
1823,2328.634875101174,1822.5010393978364,1.184279249813244
1824,2329.705723406453,1823.5092041076532,1.0081647098168105
1825,2331.013110289576,1824.740167482706,1.230963375052852
1826,2331.942707806403,1825.6154962237658,0.875328741059775
1827,2332.987765432776,1826.5996150732824,0.9841188495165625
1828,2333.720863373782,1827.290009510573,0.6903944372907063
1829,2335.531712574451,1828.9955324497637,1.7055229391905868
1830,2335.867153805649,1829.3114876077293,0.3159551579656181
1831,2336.621036786238,1830.0216048449279,0.710117237198574
1832,2337.761730158821,1831.096150272351,1.0745454274231179
1833,2339.615683895983,1832.8427836046417,1.7466333322906848
1834,2340.826726706644,1833.9838486607139,1.1410650560721933
1835,2341.324596186212,1834.4529786470368,0.46912998632296876
1836,2342.654041658469,1835.7057644977488,1.2527858507119163
1837,2343.259158955008,1836.2760287727472,0.5702642749984079
1838,2344.311216236152,1837.2675497743562,0.9915210016090441
1839,2345.570483634473,1838.454456641407,1.1869068670507659
1840,2346.46411952979,1839.2968073457596,0.8423507043526115
1841,2347.934254641723,1840.6826901892553,1.385882843495665
1842,2348.843423633456,1841.5398287544594,0.8571385652041954
1843,2349.730054257838,1842.3757727338502,0.8359439793907768
1844,2351.455046927851,1844.002304070281,1.626531336430844
1845,2352.195701502537,1844.7007444279857,0.6984403577046123
1846,2352.750870075454,1845.2242950500072,0.5235506220215029
1847,2353.91213585235,1846.3194918503734,1.0951968003662387
1848,2354.951081235009,1847.299404824272,0.9799129738985357
1849,2355.81081397829,1848.1103431015026,0.8109382772306617
1850,2357.608315920247,1849.8059884431855,1.695645341682848
1851,2358.904705198416,1851.0290523825233,1.2230639393378624
1852,2359.434859076438,1851.5292527894485,0.5002004069251598
1853,2360.314285089526,1852.3590334098028,0.8297806203543132
1854,2361.342541641933,1853.3293089149568,0.9702755051539498
1855,2362.718317922921,1854.6276197565762,1.2983108416194682
1856,2363.495617654121,1855.3612086672802,0.7335889107039293
1857,2364.751176089118,1856.5462477221713,1.1850390548911491
1858,2365.191515064132,1856.961879861598,0.41563213942663424
1859,2367.249219842959,1858.90430246089,1.9424225992920583
1860,2367.957701823156,1859.5731578826892,0.6688554217992078
1861,2369.220577767399,1860.765482763634,1.1923248809448523
1862,2370.093390284233,1861.5895978779774,0.8241151143433854
1863,2371.100747929723,1862.5408149474142,0.9512170694367796
1864,2371.938137794611,1863.3315884768274,0.7907735294131726
1865,2372.440347260056,1863.8058632078482,0.4742747310208415
1866,2374.444230717817,1865.698451721989,1.892588514140698
1867,2375.543967037372,1866.7372234982456,1.0387717762566808
1868,2376.355463515561,1867.5037861389353,0.766562640689699
1869,2377.755407914013,1868.8263170764278,1.3225309374925018
1870,2378.212961679662,1869.258597699033,0.4322806226052762
1871,2379.726502949966,1870.6886377960386,1.4300400970055307
1872,2380.545657218736,1871.4626637142858,0.7740259182471618
1873,2381.500123710437,1872.3646039048124,0.9019401905266022
1874,2382.530830566366,1873.3386571622193,0.9740532574069221
1875,2383.356013915981,1874.1185348240938,0.7798776618744796
1876,2384.965071641182,1875.6393799569614,1.5208451328676347
1877,2386.430937109505,1877.0250333917907,1.385653434829237
1878,2387.299084122337,1877.8457430471933,0.8207096554026521
1879,2387.813568556079,1878.3321386948317,0.4863956476383464
1880,2388.748207635493,1879.2157953650544,0.8836566702227628
1881,2389.955988113662,1880.3577803975238,1.1419850324693925
1882,2391.260549872404,1881.5913835501758,1.2336031526519946
1883,2391.754982336625,1882.0589521130855,0.4675685629097188
1884,2393.630593291699,1883.8328037420347,1.77385162894916
1885,2394.485367856041,1884.6412810008924,0.8084772588576925
1886,2395.270169994647,1885.3836185264345,0.7423375255420979
1887,2396.603878762617,1886.6452559274342,1.261637400999689
1888,2397.791643761774,1887.7689355602308,1.1236796327966658
1889,2398.558311382532,1888.4942876800276,0.725352119796753
1890,2399.433832905785,1889.3226752968822,0.8283876168545703
1891,2400.152356522132,1890.0025550127261,0.6798797158439811
1892,2401.482998375772,1891.2617221951682,1.25916718244207
1893,2403.418798445342,1893.093751376123,1.8320291809548053
1894,2403.975315148968,1893.6204812662347,0.5267298901117101
1895,2404.92159348977,1894.5161583934985,0.8956771272637525
1896,2406.253988718289,1895.7774056816297,1.2612472881312442
1897,2406.732851182109,1896.2307262834286,0.4533206017988505
1898,2407.71591042227,1897.1613980178768,0.9306717344481967
1899,2409.44150235242,1898.79518713016,1.6337891122832389
1900,2409.88160268288,1899.2119052692424,0.4167181390823771
1901,2411.126193380775,1900.3904410523257,1.1785357830833618
1902,2412.222935837284,1901.4290601845687,1.0386191322429568
1903,2413.976123194984,1903.0894998625754,1.6604396780066963
1904,2414.37987980127,1903.4719255216187,0.3824256590432924
1905,2415.576893465994,1904.6057626631878,1.1338371415690744
1906,2416.534054627704,1905.512474272672,0.9067116094843186
1907,2417.278087421767,1906.2173326562652,0.7048583835930913
1908,2418.229443267358,1907.1186513268995,0.9013186706342822
1909,2419.507917163071,1908.3299768699,1.211325543000612
1910,2421.142943993328,1909.8792850460482,1.549308176148088
1911,2422.152084925109,1910.8356080099213,0.9563229638731627
1912,2422.996230123483,1911.6356224399015,0.8000144299801377
1913,2423.504146888714,1912.117008559325,0.4813861194236324
1914,2425.124760212557,1913.6530836294023,1.5360750700772314
1915,2426.193437541669,1914.666108405016,1.0130247756137578
1916,2426.907064293754,1915.3426139744386,0.6765055694224884
1917,2427.640896948594,1916.0383092120082,0.6956952375696801
1918,2429.185595990257,1917.5028453222715,1.464536110263225
1919,2430.265812635944,1918.5270964765061,1.024251154234662
1920,2431.611135096254,1919.8028252891677,1.275728812661555
1921,2432.727569299254,1920.8615962011918,1.0587709120241016
1922,2433.705896804705,1921.7894605987608,0.9278643975690102
1923,2433.916873237679,1921.9895628623315,0.2001022635706704
1924,2435.348894364694,1923.3478515191568,1.3582886568253798
1925,2436.191600375091,1924.147230591724,0.7993790725672625
1926,2437.794076107826,1925.6674445183858,1.5202139266616541
1927,2438.671790794044,1926.5001734934547,0.8327289750689033
1928,2439.927127218673,1927.6912572464882,1.1910837530335812
1929,2440.826160290635,1928.5443377176596,0.8530804711713245
1930,2441.92983655,1929.5916734364687,1.0473357188091086
1931,2443.033560058185,1930.639133388069,1.047459951600331
1932,2443.775436396199,1931.3432363407292,0.7041029526601505
1933,2445.154381015221,1932.652065820466,1.3088294797369144
1934,2445.744952101154,1933.2126460215222,0.5605802010561547
1935,2446.39852330611,1933.8330534726467,0.6204074511244926
1936,2448.988312286035,1936.291703568544,2.458650095897383
1937,2449.231032009293,1936.522155064559,0.23045149601489356
1938,2450.503650580114,1937.7305119935972,1.2083569290382457
1939,2451.181708310085,1938.374373745604,0.6438617520068419
1940,2452.283365741215,1939.4205357603923,1.0461620147882513
1941,2453.257485812084,1940.3456506602686,0.9251148998762346
1942,2454.30056184179,1941.3363207942791,0.9906701340105428
1943,2455.482288383526,1942.458760648963,1.1224398546839893
1944,2456.514551841293,1943.4393099827344,0.9805493337712505
1945,2457.907999090219,1944.7630580869845,1.3237481042501713
1946,2458.546799837125,1945.369948553719,0.6068904667345123
1947,2460.01357946551,1946.763557481364,1.393608927644891
1948,2461.202295374506,1947.8930760896326,1.1295186082686541
1949,2461.731628648039,1948.396078307512,0.5030022178793843
1950,2462.464294913854,1949.0923288476333,0.6962505401213548
1951,2463.569667295017,1950.14282653784,1.0504976902066119
1952,2464.927816361223,1951.4336602346216,1.2908336967816467
1953,2466.183097013193,1952.6268300041163,1.193169769494716
1954,2467.640860783778,1954.0125917063278,1.3857617022115392
1955,2468.186816301115,1954.5316165959823,0.5190248896544745
1956,2469.336263892496,1955.6244276226923,1.0928110267100237
1957,2469.781485031526,1956.047734327212,0.42330670451974584
1958,2471.539297741997,1957.719149681845,1.6714153546329271
1959,2472.336417589482,1958.4771562799272,0.7580065980821473
1960,2473.107124734644,1959.2100850929055,0.7329288129783436
1961,2474.237849734392,1960.2854536716925,1.0753685787869927
1962,2475.539353861003,1961.5233424261608,1.2378887544682584
1963,2477.021755096105,1962.9334189941692,1.410076568008435
1964,2478.014854024809,1963.8781447427184,0.9447257485492173
1965,2478.39759758312,1964.2422620321458,0.3641172894274405
1966,2479.97735198087,1965.7452369894584,1.5029749573125173
1967,2480.433606985091,1966.1793468375313,0.4341098480729215
1968,2481.356767280358,1967.0577407411483,0.8783939036170523
1969,2482.683411518716,1968.3201483390767,1.2624075979283589
1970,2484.503238274745,1970.05204188589,1.7318935468133532
1971,2485.08759053742,1970.6082035157667,0.5561616298766694
1972,2485.785620712392,1971.2725876113936,0.6643840956269287
1973,2487.333836442726,1972.746288388385,1.4737007769913362
1974,2488.113831754194,1973.4888009681542,0.7425125797692544
1975,2489.261157451638,1974.5810625648755,1.0922615967213005
1976,2490.051090515747,1975.3331329518032,0.7520703869276986
1977,2491.105516421821,1976.337080789992,1.003947838188651
1978,2491.907473934293,1977.1006941018964,0.7636133119044644
1979,2493.489295449129,1978.607003981022,1.506309879125638
1980,2494.866177828257,1979.9182879475613,1.3112839665393494
1981,2495.846840419495,1980.852302859204,0.9340149116426346
1982,2496.485336702824,1981.4604604269011,0.6081575676971624
1983,2497.648465246602,1982.5683886809145,1.107928254013359
1984,2497.969973966752,1982.8746543019506,0.3062656210361183
1985,2499.862042821256,1984.677151386803,1.802497084852348
1986,2500.564386412318,1985.3463035894997,0.6691522026967505
1987,2501.577744672433,1986.3118278417776,0.9655242522778735
1988,2503.185227212086,1987.84356566414,1.5317378223624019
1989,2504.008933658585,1988.6285226609589,0.7849569968188916
1990,2504.772152511212,1989.3558760604706,0.727353399511685
1991,2506.305351937307,1990.8171386788358,1.4612626183652537
1992,2507.151885647675,1991.624017498415,0.8068788195791967
1993,2507.87103957974,1992.30951923693,0.6855017385150859
1994,2508.766046103827,1993.1626905360604,0.8531712991302811
1995,2509.652997441379,1994.008233305114,0.8455427690535089
1996,2511.660189787186,1995.9219012289773,1.913667923863386
1997,2512.538220985203,1996.7591011475395,0.8371999185621917
1998,2513.579517021466,1997.7520368615706,0.9929357140310913
1999,2514.259859059774,1998.4008192438791,0.6487823823085819
2000,2515.286482924713,1999.3798756192275,0.9790563753483639
2001,2516.571049142887,2000.605016796826,1.2251411775985162
2002,2517.146931880412,2001.154292629672,0.5492758328459786
2003,2518.552852040691,2002.495344614341,1.3410519846690931
2004,2519.634252640272,2003.5269351361271,1.031590521786029
2005,2520.402323518036,2004.2596729913091,0.7327378551819947
2006,2521.885175646151,2005.674415894414,1.4147429031049796
2007,2523.263480155872,2006.9895376193633,1.315121724949222
2008,2523.96705581919,2007.660906906608,0.6713692872447155
2009,2524.642045795694,2008.3050283631414,0.6441214565334121
2010,2525.687993324801,2009.3031995424162,0.9981711792747774
2011,2526.868810058599,2010.4301622714622,1.1269627290459994
2012,2527.418791160629,2010.9550901347843,0.5249278633220911
2013,2529.378043463271,2012.8252475587071,1.8701574239228194
2014,2530.273672274268,2013.6802290735804,0.854981514873316
2015,2531.543961220065,2014.892953640813,1.2127245672324989
2016,2531.969384081563,2015.2991207308448,0.4061670900318859
2017,2533.067317099048,2016.3474109383683,1.0482902075234506
2018,2534.408614098393,2017.6281642562788,1.2807533179104666
2019,2535.505886073966,2018.6759914103673,1.047827154088509
2020,2536.091884920839,2019.2356151769284,0.559623766561117
2021,2536.867485222561,2019.9763398084456,0.740724631517196
2022,2538.559826936261,2021.5927146231734,1.6163748147278056
2023,2539.998407118591,2022.9668601100866,1.3741454869132212
2024,2540.531661936743,2023.4762631363478,0.509403026261225
2025,2541.998729153671,2024.8778022617037,1.4015391253558391
2026,2542.687650514868,2025.5359987321833,0.6581964704796519
2027,2543.343955088606,2026.163060707679,0.6270619754957352
2028,2544.290953656615,2027.0679118910157,0.904851183336632
2029,2545.878017730333,2028.584467420891,1.5165555298754043
2030,2546.761141283359,2029.4284246106445,0.8439571897533824
2031,2548.181615394112,2030.786003199845,1.357578589200557
2032,2548.895987575047,2031.4687921567322,0.6827889568871797
2033,2549.996484491522,2032.5206971779967,1.0519050212644743
2034,2551.411141992885,2033.8730022115665,1.3523050335697917
2035,2551.880445959599,2034.3216487084633,0.44864649689679936
2036,2553.275677995525,2035.6555475814407,1.3338988729774428
2037,2553.723069201209,2036.0832975627638,0.4277499813231316
2038,2555.050875291355,2037.3528841809011,1.2695866181372821
2039,2555.832350747305,2038.100146119713,0.7472619388117892
2040,2558.009105942872,2040.1818019763334,2.0816558566205003
2041,2558.752211368471,2040.892509694777,0.7107077184434729
2042,2559.234296597335,2041.3535954734402,0.461085778663346
2043,2560.263289514385,2042.337814192939,0.9842187194988128
2044,2561.405635747573,2043.4305310213272,1.0927168283881201
2045,2562.426113338142,2044.4067423801432,0.9762113588160446
2046,2563.501718903994,2045.4357603913597,1.0290180112165217
2047,2564.332107854334,2046.2302319533437,0.7944715619839826
2048,2565.975270478284,2047.8024478427315,1.572215889387735
2049,2566.557557897085,2048.3596340656177,0.5571862228862301
2050,2567.958599725331,2049.700366050106,1.3407319844882295
2051,2569.043090173353,2050.738256594373,1.0378905442671567
2052,2569.948111596904,2051.6044455647702,0.866188970397161
2053,2570.95852566192,2052.5715649407557,0.9671193759854759
2054,2571.54077414777,2053.128893678865,0.5573287381093905
2055,2572.368208186207,2053.920950327395,0.7920566485299787
2056,2574.207163950018,2055.6814322111272,1.7604818837321545
2057,2575.404511996904,2056.8277981415354,1.1463659304081375
2058,2576.141011184026,2057.5329817972247,0.705183655689325
2059,2577.519835532607,2058.8532693982434,1.3202876010186628
2060,2578.070129925006,2059.380234315637,0.5269649173937978
2061,2578.971298335896,2060.2432384832646,0.8630041676274232
2062,2580.3461115652,2061.559925281769,1.3166867985046338
2063,2581.398140581893,2062.5675537670236,1.0076284852543722
2064,2582.138733931302,2063.2769315508367,0.7093777838131246
2065,2583.0032945351,2064.105094211287,0.828162660450289
2066,2584.758402441679,2065.7864538262147,1.6813596149277146
2067,2585.772739404011,2066.75825561945,0.9718017932354996
2068,2586.925178957182,2067.8624456610723,1.1041900416221324
2069,2587.59100092419,2068.5004287154343,0.6379830543619391
2070,2588.368210423887,2069.2451765305264,0.7447478150920688
2071,2589.579264554434,2070.4057226263053,1.1605460957789546
2072,2590.371692925951,2071.165150893595,0.7594282672898771
2073,2591.549378447985,2072.2938638304217,1.1287129368265596
2074,2593.275876806604,2073.9487218595236,1.654858029101888
2075,2594.023618334686,2074.6654929438873,0.7167710843636996
2076,2594.90501155248,2075.510424094511,0.8449311506237791
2077,2595.68753013886,2076.26061085593,0.7501867614187177
2078,2597.546141488462,2078.0425792342,1.781968378269994
2079,2597.979353418422,2078.4579573621395,0.4153781279396753
2080,2598.598768319633,2079.0518931149923,0.593935752852758
2081,2600.121355061882,2080.511949302848,1.460056187855571
2082,2600.64195231922,2081.0111989013735,0.4992495985256937
2083,2602.412300558055,2082.7090761615354,1.6978772601619312
2084,2603.628781118453,2083.8758699833847,1.1667938218492964
2085,2604.573564823718,2084.7821267283543,0.9062567449695962
2086,2605.368075915559,2085.5442809888823,0.7621542605279501
2087,2606.243664547519,2086.384255533396,0.8399745445135522
2088,2607.003639114238,2087.113356504531,0.7291009711352672
2089,2608.364899649036,2088.419404629319,1.3060481247880489
2090,2609.552086740678,2089.558531994471,1.139127365152035
2091,2610.444520938916,2090.4148952554665,0.8563632609952947
2092,2611.543670381423,2091.469685350554,1.0547900950873554
2093,2612.956807036694,2092.825898973855,1.3562136233013007
2094,2613.731929438305,2093.569850070753,0.7439510968979448
2095,2614.737136165403,2094.5346872084056,0.9648371376524665
2096,2615.847707268249,2095.6007287483753,1.066041539969774
2097,2616.902118243953,2096.612931408564,1.01220266018845
2098,2617.335046934901,2097.028549446059,0.41561803749527826
2099,2618.292915478022,2097.948158117585,0.9196086715260208
2100,2620.279393694424,2099.8554687389787,1.9073106213936626
2101,2621.429055213226,2100.9594220303616,1.1039532913828225
2102,2622.048696798423,2101.5544611967566,0.595039166395054
2103,2622.994507976302,2102.4627645632813,0.9083033665247058
2104,2624.05060385456,2103.4770432365044,1.0142786732230888
2105,2624.909501777176,2104.3019820917298,0.8249388552253549
2106,2626.460502229943,2105.79177246323,1.4897903715000211
2107,2626.71047139581,2106.0318902625804,0.24011779935062805
2108,2628.098026523871,2107.3648302157058,1.332939953125333
2109,2629.604139510849,2108.8117934663765,1.4469632506707057
2110,2629.99480076422,2109.1871346658995,0.37534119952306355
2111,2632.043116637112,2111.155275530812,1.9681408649125842
2112,2632.443658949146,2111.540169511246,0.38489398043384426
2113,2633.676399939782,2112.724810805642,1.1846412943959876
2114,2633.966543434122,2113.003646690355,0.278835884712862
2115,2635.21733161718,2114.2057467871273,1.202100096772483
2116,2636.432585995082,2115.3737867638847,1.1680399767574272
2117,2637.510683358459,2116.4100731050867,1.0362863412019578
2118,2639.062573045389,2117.9019001817937,1.491827076707068
2119,2640.054245884027,2118.855268483738,0.9533683019444652
2120,2640.462942828952,2119.2481962781676,0.3929277944293972
2121,2641.801744784109,2120.5354124399178,1.287216161750166
2122,2642.755759063046,2121.4527331911254,0.917320751207626
2123,2643.970900958346,2122.6212173716067,1.1684841804813004
2124,2644.887867143492,2123.503033718327,0.8818163467203703
2125,2645.39556727857,2123.9912940728,0.4882603544729136
2126,2646.689940172724,2125.2361757353906,1.2448816625906147
2127,2648.577429283764,2127.0516759708066,1.8155002354160388
2128,2649.325653551799,2127.7714222101367,0.7197462393301066
2129,2650.058544458382,2128.476451293285,0.7050290831484745
2130,2651.227331332121,2129.6008719176616,1.1244206243763983
2131,2652.160775241541,2130.498941916619,0.8980699989574532
2132,2652.77064282696,2131.0857261236793,0.586784207060191
2133,2653.89706974564,2132.16957665249,1.0838505288106717
2134,2655.615772325963,2133.8234627768643,1.6538861243743668
2135,2656.23899849802,2134.4232293161886,0.5997665393242642
2136,2657.5377607583,2135.6731780250375,1.2499487088489332
2137,2658.341557629757,2136.4468150655603,0.7736370405227717
2138,2659.65831602086,2137.7142500146515,1.267434949091239
2139,2660.610245802953,2138.630586809149,0.9163367944975107
2140,2661.582573758214,2139.566615042767,0.9360282336178898
2141,2662.183573435628,2140.145205994027,0.5785909512601393
2142,2663.393945622339,2141.3105140718935,1.1653080778664844
2143,2664.235489083244,2142.1207771077206,0.8102630358271199
2144,2666.030101479454,2143.8488245068716,1.7280473991509098
2145,2666.982849070546,2144.7663113293,0.9174868224286001
2146,2668.291859037214,2146.026963750096,1.26065242079585
2147,2668.663651401298,2146.3850399714465,0.3580762213505295
2148,2669.25374488818,2146.953380688003,0.5683407165565768
2149,2670.998998582165,2148.634420131243,1.6810394432400244
2150,2671.918382668911,2149.5200497187234,0.8856295874802527
2151,2672.603779588147,2150.180315562105,0.6602658433816941
2152,2673.874618711099,2151.4046315362257,1.2243159741206
2153,2675.271759129634,2152.750736075284,1.3461045390581603
2154,2676.0664902301,2153.516488412043,0.7657523367593058
2155,2677.246193893205,2154.6532450835366,1.1367566714934583
2156,2678.538156521632,2155.8982688593164,1.2450237757798277
2157,2679.025281596285,2156.3677217321315,0.46945287281505443
2158,2680.039021548238,2157.3447298378974,0.9770081057658899
2159,2680.843117132923,2158.11973323219,0.7750033942925256
2160,2681.841051456083,2159.0816156556943,0.9618824235044485
2161,2683.88227555147,2161.0492814708095,1.967665815115197
2162,2684.529156904498,2161.6729031435625,0.6236216727529609
2163,2685.377113426632,2162.490407571104,0.8175044275412802
2164,2686.49616015116,2163.5693319466054,1.0789243755016287
2165,2687.489939808027,2164.5275427815423,0.9582108349368355
2166,2688.385081595552,2165.3906962075234,0.8631534259811815
2167,2689.423275981138,2166.3918495842895,1.0011533767660694
2168,2690.633186856026,2167.55867337896,1.166823794670563
2169,2691.318382839997,2168.219506721289,0.6608333423287149
2170,2692.368718958513,2169.2325512722864,1.0130445509976198
2171,2694.102820613441,2170.9052273678653,1.672676095578936
2172,2695.208957968964,2171.972275797183,1.0670484293177651
2173,2695.750049240105,2172.494272183437,0.5219963862537043
2174,2696.695372581612,2173.406276936358,0.912004752921348
2175,2697.857558216759,2174.5275727938465,1.1212958574883487
2176,2698.290961321396,2174.9457476528037,0.41817485895717255
2177,2699.942027500086,2176.538902714081,1.5931550612772298
2178,2700.73120701107,2177.3004585338767,0.7615558197958308
2179,2702.433544847737,2178.9433343108785,1.642875777001791
2180,2703.143657511192,2179.628693441173,0.6853591302942732
2181,2703.981714244772,2180.4375748854113,0.8088814442385228
2182,2704.955737551335,2181.377741437897,0.9401665524856071
2183,2706.528247326756,2182.895709050233,1.5179676123361787
2184,2707.090764646389,2183.4387508936643,0.5430418434311832
2185,2708.117069229273,2184.429570687157,0.9908197934928467
2186,2708.476524960684,2184.7766127669693,0.34704207981212676
2187,2710.368359823606,2186.6032390250393,1.826626258070064
2188,2711.458227864115,2187.6556364303333,1.0523974052939593
2189,2712.786687334758,2188.9385165635913,1.2828801332580042
2190,2713.525289303348,2189.651821947,0.713305383408624
2191,2714.367906688516,2190.4656193666083,0.8137974196083633
2192,2715.33987163141,2191.4043919873284,0.9387726207201013
2193,2716.025049049534,2192.0662040714424,0.6618120841139898
2194,2717.665774871056,2193.6510910627217,1.5848869912792907
2195,2718.308652474356,2194.2721326021247,0.6210415394029951
2196,2719.770998978135,2195.6848989700984,1.4127663679737452
2197,2720.493474900153,2196.3829258916903,0.6980269215919179
2198,2721.798775616649,2197.6441318997845,1.2612060080941774
2199,2723.086082744481,2198.8880497438795,1.2439178440949945
2200,2723.768928849821,2199.5479195218727,0.6598697779932081
2201,2724.52392443707,2200.27754281979,0.729623297917442
2202,2725.882989203482,2201.591018934114,1.3134761143237483
2203,2726.479701033967,2202.1677486551225,0.5767297210086326
2204,2727.274459431902,2202.9359252279,0.76817657277752
2205,2729.395041668597,2204.9857619331574,2.0498367052573485
2206,2730.492891807173,2206.047089316011,1.0613273828535057
2207,2730.797702080186,2206.3417717675675,0.29468245155658224
2208,2732.004049913595,2207.508089832035,1.1663180644673048
2209,2732.830123557482,2208.306801102798,0.798711270763306
2210,2734.200782967823,2209.632147275196,1.3253461723979854
2211,2734.938856084208,2210.345865406423,0.7137181312268694
2212,2736.000479107039,2211.3725125128126,1.026647106389646
2213,2736.922048439998,2212.2637732552384,0.8912607424258567
2214,2738.266444163768,2213.564043035539,1.3002697803003684
2215,2739.513547296197,2214.7703074986875,1.2062644631487274
2216,2740.311109421231,2215.541799368186,0.7714918694982771
2217,2741.878852420561,2217.058404553338,1.5166051851520024
2218,2742.254107878247,2217.421440812049,0.363036258710963
2219,2742.993068159929,2218.1363627036026,0.7149218915537858
2220,2743.953469810087,2219.0655698192772,0.9292071156746715
2221,2745.321831898193,2220.389578935117,1.3240091158395444
2222,2746.714798952398,2221.7375069865593,1.3479280514425227
2223,2747.514097998184,2222.5110129524933,0.773505965933964
2224,2748.916191066437,2223.8679503950784,1.3569374425851493
2225,2749.643649788655,2224.5720255268166,0.7040751317381364
2226,2750.314083410366,2225.220935708742,0.6489101819256575
2227,2751.823671458528,2226.6821555152715,1.4612198065292432
2228,2752.715502493883,2227.545473606853,0.863318091581732
2229,2753.487796417396,2228.29311349008,0.7476398832268387
2230,2754.458663082718,2229.2330359609505,0.9399224708704423
2231,2755.416876191487,2230.1607615821104,0.9277256211598797
2232,2757.301868214301,2231.985933536858,1.825171954747475
2233,2758.278103328339,2232.9312685324458,0.9453349955879276
2234,2758.858670968685,2233.4934859298864,0.5622173974406905
2235,2759.89861391966,2234.500607578333,1.0071216484466277
2236,2760.657151540111,2235.23524457512,0.7346369967867759
2237,2762.082880142576,2236.616139915311,1.3808953401912731
2238,2762.444580467695,2236.966484891469,0.35034497615788496
2239,2764.041846252089,2238.51369566743,1.547210775961048
2240,2765.407691146483,2239.836854327509,1.323158660079116
2241,2766.157035589919,2240.562825405803,0.7259710782936963
2242,2766.887269747368,2241.270313363785,0.7074879579822664
2243,2768.664523888134,2242.9923356391164,1.7220222753312555
2244,2769.144698796098,2243.457619274315,0.46528363519882987
2245,2770.279093643343,2244.5568866891895,1.099267414874248
2246,2771.017392142684,2245.2723629102748,0.7154762210852823
2247,2771.896293661728,2246.124136649065,0.8517737387901434
2248,2773.029713424295,2247.2226382622594,1.0985016131944576
2249,2774.670010731832,2248.8125322024516,1.589893940192269
2250,2775.72570734241,2249.8358708002825,1.0233385978308434
2251,2776.619160307927,2250.701988588274,0.8661177879916977
2252,2777.512125202577,2251.5676789563454,0.8656903680712276
2253,2778.28969529977,2252.321536337174,0.7538573808287765
2254,2779.12753913405,2253.133868118438,0.8123317812637652
2255,2780.771118379067,2254.7275177177085,1.5936495992705204
2256,2781.65607022757,2255.585650003133,0.8581322854247446
2257,2781.989239654647,2255.9087339286434,0.32308392551021825
2258,2783.943665286859,2257.8041242449876,1.8953903163442192
2259,2784.705283876122,2258.5427965463164,0.7386723013287337
2260,2786.043335738623,2259.8406154348213,1.2978188885049349
2261,2786.702566351367,2260.480061700315,0.6394462654939161
2262,2787.932021258524,2261.6726854099056,1.192623709590407
2263,2788.796278014511,2262.5111029851146,0.8384175752089504
2264,2789.197561121047,2262.900403191923,0.389300206808457
2265,2790.493080791035,2264.157299462597,1.2568962706741331
2266,2792.113378557023,2265.7294259267887,1.5721264641915695
2267,2793.301469240872,2266.8822898864337,1.1528639596449466
2268,2794.238093335276,2267.791199902037,0.9089100156033965
2269,2794.653824665328,2268.194646033278,0.4034461312407984
2270,2796.034761603657,2269.5348458028348,1.3401997695568753
2271,2797.174539351898,2270.6410822680464,1.106236465211623
2272,2797.972901229628,2271.415994042401,0.7749117743546776
2273,2798.798140177046,2272.2170315392914,0.8010374968903307
2274,2800.067444818401,2273.4491873818642,1.2321558425728654
2275,2800.937603116235,2274.293931626691,0.8447442448268703
2276,2802.224801536332,2275.5436147113755,1.2496830846844205
2277,2803.864955138345,2277.1361024579596,1.5924877465840837
2278,2804.418935676251,2277.6740178131377,0.5379153551780291
2279,2805.205300363066,2278.4376081901923,0.7635903770546975
2280,2806.002732416641,2279.2119812339674,0.7743730437750855
2281,2807.132318371182,2280.308965152119,1.0969839181516363
2282,2808.153501197998,2281.300736929577,0.9917717774578705
2283,2809.291652245193,2282.406177773845,1.1054408442678323
2284,2810.724634082516,2283.7980804004374,1.3919026265925822
2285,2811.460992226053,2284.513374635754,0.7152942353168328
2286,2812.861997588021,2285.874388260101,1.3610136243469242
2287,2813.201488028301,2286.2042046546594,0.3298163945582928
2288,2814.656757980595,2287.618079423378,1.413874768718415
2289,2815.838653992748,2288.7664445035407,1.1483650801628755
2290,2816.337954815325,2289.251603657324,0.48515915378311547
2291,2817.458907317419,2290.340858800378,1.089255143054288
2292,2817.949462160961,2290.8175644733874,0.4767056730092918
2293,2820.488842021918,2293.2854706882713,2.4679062148838966
2294,2820.66084105378,2293.4526417791812,0.16717109090996018
2295,2821.891930074871,2294.649223371712,1.196581592530947
2296,2822.923026217023,2295.6514836652477,1.002260293535528
2297,2823.866992056608,2296.5691029175778,0.9176192523300415
2298,2824.281884122047,2296.972431013889,0.4033280963112702
2299,2825.87265668975,2298.518955080043,1.5465240661537791
2300,2826.712170374924,2299.3351745379478,0.8162194579049356
2301,2828.029973946251,2300.616492664458,1.2813181265100866
2302,2828.851526590522,2301.41534880345,0.7988561389920505
2303,2830.087545290016,2302.617292349467,1.2019435460169916
2304,2831.128425437189,2303.6295436574087,1.012251307941824
2305,2832.416550857947,2304.8823242160047,1.2527805585959868
2306,2833.138035851677,2305.5840531274343,0.7017289114296545
2307,2833.658717233304,2306.0904951041375,0.5064419767031723
2308,2834.980248462516,2307.37595394091,1.2854588367727047
2309,2835.77584774453,2308.149883903,0.7739299620898237
2310,2837.014472081294,2309.354843181393,1.2049592783928347
2311,2838.812881529272,2311.1045261438903,1.7496829624974453
2312,2839.485753395013,2311.759213696419,0.654687552528685
2313,2840.28575491069,2312.5376282511024,0.7784145546834225
2314,2840.920672973103,2313.1554394326067,0.6178111815042939
2315,2842.332641081095,2314.529445202009,1.3740057694021743
2316,2843.469837884565,2315.6361483639853,1.1067031619763839
2317,2844.198986963256,2316.345783583055,0.7096352190696962
2318,2845.025433610479,2317.150148413187,0.8043648301318171
2319,2846.390776212726,2318.479094142784,1.328945729597308
2320,2847.535935529731,2319.5938065410196,1.114712398235497
2321,2848.770308555408,2320.795442762033,1.2016362210133593
2322,2849.797086647211,2321.7950545299122,0.9996117678792871
2323,2850.471888197435,2322.452034357339,0.6569798274267669
2324,2851.678938036251,2323.6272690372502,1.1752346799112274
2325,2852.30372656837,2324.235621468528,0.6083524312775808
2326,2852.926214764695,2324.841755739662,0.606134271134124
2327,2854.832394231931,2326.6979907474024,1.8562350077404517
2328,2855.8537211929,2327.6926409239145,0.9946501765120956
2329,2856.816133543914,2328.6299685231143,0.9373275991997616
2330,2857.736139807822,2329.5260435677637,0.8960750446494785
2331,2858.857860356253,2330.618649674867,1.0926061071031654
2332,2859.838748954184,2331.574136557302,0.9554868824352525
2333,2860.577436497611,2332.293729924133,0.7195933668308498
2334,2862.120208234395,2333.796720789873,1.5029908657397755
2335,2862.506966277763,2334.173526902893,0.37680611302039324
2336,2863.363589552191,2335.0081374382353,0.834610535342108
2337,2864.911426758851,2336.5163031321954,1.508165693960109
2338,2866.49320975593,2338.0576820803462,1.5413789481508502
2339,2867.149356094088,2338.6971090071547,0.6394269268084827
2340,2868.224163663092,2339.7445807984027,1.0474717912479719
2341,2868.657629194215,2340.1670400615626,0.422459263159908
2342,2869.843456574863,2341.322810965788,1.1557709042253919
2343,2870.909506375388,2342.3619067896807,1.0390958238926942
2344,2872.023511113548,2343.4478123764293,1.085905586748595
2345,2872.858555183438,2344.2618387696402,0.8140263932109519
2346,2874.569154072846,2345.9295032770556,1.6676645074153384
2347,2875.282119166373,2346.624621474412,0.6951181973563507
2348,2875.889914340387,2347.21722457644,0.5926031020280789
2349,2877.546649153796,2348.832652471575,1.6154278951348715
2350,2878.527002624187,2349.788634556176,0.9559820846011462
2351,2879.11990754698,2350.3668257728455,0.5781912166694383
2352,2879.868973936908,2351.097330890359,0.7305051175135304
2353,2880.978994738386,2352.179903275109,1.082572384750165
2354,2882.153646390637,2353.325582456881,1.1456791817718113
2355,2884.013657552846,2355.1398727734977,1.8142903166167343
2356,2884.346757790142,2355.4648052504385,0.3249324769408304
2357,2885.773055402719,2356.856198660078,1.3913934096394769
2358,2886.308874639773,2357.378934380467,0.5227357203889369
2359,2887.224885507061,2358.272614959619,0.8936805791522602
2360,2888.394382456171,2359.4136694205245,1.1410544609052522
2361,2889.404168047578,2360.3989573775284,0.9852879570039477
2362,2890.642626361554,2361.607447085732,1.208489708203615
2363,2891.280078215455,2362.229506600095,0.6220595143631726
2364,2892.462624016639,2363.3835570907877,1.154050490692498
2365,2894.174448736821,2365.05426899245,1.6707119016623437
2366,2894.746550356225,2365.6126664042854,0.5583974118353581
2367,2895.64110386197,2366.4858277078406,0.8731613035552073
2368,2896.825405168247,2367.6418754894326,1.1560477815919512
2369,2897.428300566969,2368.2304173929356,0.5885419035030282
2370,2898.541353179907,2369.317023342629,1.0866059496934213
2371,2899.177779836548,2369.9383587667853,0.6213354241563138
2372,2901.263850361997,2371.9751193200277,2.0367605532424022
2373,2902.065102481251,2372.757495122484,0.7823758024564995
2374,2902.855785528508,2373.529585359948,0.7720902374639991
2375,2903.957879043037,2374.605820470745,1.0762351107969153
2376,2904.598196021988,2375.2311442770797,0.6253238063345634
2377,2906.176417596629,2376.772507338745,1.541363061665379
2378,2906.923339342984,2377.502032690077,0.7295253513320858
2379,2907.60573691121,2378.168563383083,0.666530693005825
2380,2908.65804551974,2379.1964540292315,1.0278906461485349
2381,2910.028233435046,2380.5349386604676,1.3384846312360423
2382,2911.14290366458,2381.6238934959833,1.0889548355157785
2383,2912.345904726056,2382.7992175899008,1.1753240939174248
2384,2913.522785866685,2383.9490992244673,1.1498816345665546
2385,2914.044611072101,2384.458977151138,0.5098779266704696
2386,2914.802702223861,2385.199738170559,0.7407610194213703
2387,2915.685975327455,2386.062859034457,0.8631208638976204
2388,2917.274173441488,2387.6149288753136,1.5520698408568023
2389,2917.982416701912,2388.3071054142056,0.6921765388919994
2390,2919.321772326527,2389.6161521198674,1.3090467056617854
2391,2920.61555599214,2390.8807509998715,1.2645988800040868
2392,2921.08319893726,2391.3378674409014,0.45711644102993887
2393,2922.396084557395,2392.6212640714957,1.283396630594325
2394,2923.390932357382,2393.5938289123465,0.9725648408507368
2395,2924.333434993953,2394.5152707401967,0.9214418278502308
2396,2925.261509119313,2395.422653712245,0.9073829720482536
2397,2926.295436226226,2396.4335848867195,1.0109311744745355
2398,2926.624014686467,2396.7548674945583,0.3212826078388389
2399,2928.761073846998,2398.8446180123747,2.0897505178163556
2400,2930.004366371979,2400.0605016476907,1.215883635316004
2401,2930.711168697389,2400.7517596652974,0.6912580176067422
2402,2931.069101109815,2401.1018306190695,0.3500709537720468
2403,2932.806414415832,2402.8010852070615,1.6992545879920726
2404,2933.174857162007,2403.1614776610722,0.3603924540107073
2405,2934.290717835788,2404.2530022610435,1.091524599971308
2406,2935.552463705748,2405.4873117682564,1.2343095072128563
2407,2936.550374848602,2406.463584700582,0.9762729323256281
2408,2937.708958981568,2407.5971143745705,1.1335296739885052
2409,2938.581220350577,2408.4505610199203,0.8534466453497771
2410,2939.847529162589,2409.689628816624,1.2390677967036936
2411,2941.261601534686,2411.073384057704,1.3837552410800527
2412,2941.425217756343,2411.2334993997406,0.16011534203653355
2413,2942.72488586515,2412.5054100868138,1.2719106870731594
2414,2943.353684960179,2413.120812515484,0.6154024286702224
2415,2944.321648794482,2414.0681955098144,0.9473829943303826
2416,2945.944499285887,2415.6566545944884,1.5884590846740139
2417,2946.922394896188,2416.613895370555,0.9572407760665556
2418,2948.374261864689,2418.0351916712066,1.4212963006516475
2419,2948.867577209395,2418.5181456170553,0.48295394584874884
2420,2949.790143025786,2419.4213694770688,0.9032238600134406
2421,2950.521108352412,2420.137042434694,0.7156729576254293
2422,2952.283829638945,2421.8630047472116,1.7259623125173675
2423,2952.827176583512,2422.3950547645954,0.5320500173838809
2424,2953.589030993759,2423.1410959754558,0.7460412108603123
2425,2954.711275290933,2424.240103715855,1.0990077403994292
2426,2956.258730424157,2425.7556293757007,1.5155256598454798
2427,2957.236259246843,2426.713054766087,0.957425390386561
2428,2958.290776254197,2427.745942697344,1.032887931256937
2429,2959.221014234687,2428.6571503401256,0.9112076427813918
2430,2960.033617812008,2429.453168169912,0.7960178297862512
2431,2960.814839266221,2430.218477879534,0.7653097096222155
2432,2961.825970575349,2431.20906339917,0.9905855196361699
2433,2962.819636335281,2432.1825917859,0.9735283867298676
2434,2964.633921494808,2433.96024592874,1.777654142839765
2435,2965.39834158429,2434.7092850421905,0.7490391134506353
2436,2966.065269745648,2435.3628194902003,0.6535344480098502
2437,2967.270190426496,2436.543602627178,1.1807831369778796
2438,2968.405348995411,2437.656092399954,1.1124897727759162
2439,2969.401136655701,2438.6320513487944,0.9759589488403435
2440,2970.049930110913,2439.2679542415585,0.6359028927640793
2441,2971.122238124934,2440.319006533868,1.0510522923095778
2442,2972.308884109068,2441.4822021376945,1.1631956038263525
2443,2972.811686391358,2441.9750908353753,0.4928886976808826
2444,2975.018020412781,2444.1380832773007,2.1629924419253257
2445,2975.619957166154,2444.728240712464,0.5901574351632917
2446,2976.526232137094,2445.6168173143333,0.8885766018693175
2447,2977.55357491347,2446.6241505332537,1.0073332189203938
2448,2977.981978512601,2447.0442267831427,0.42007624988900716
2449,2979.319042212011,2448.355363585133,1.3111368019904148
2450,2980.487381006566,2449.501125399433,1.1457618142999308
2451,2981.343947481811,2450.3411858940513,0.8400604946182284
2452,2982.523719895925,2451.4982882925146,1.157102398463394
2453,2983.825333266519,2452.774976576425,1.2766882839105165
2454,2984.639177804448,2453.573282415862,0.7983058394370346
2455,2985.547666235421,2454.464466835243,0.8911844193808065
2456,2986.8053933833,2455.6983106260504,1.233843790807441
2457,2987.856151502438,2456.7291802132777,1.0308695872272438
2458,2988.634699666933,2457.4930301123245,0.7638498990468179
2459,2988.855046367442,2457.7092227329936,0.2161926206690623
2460,2990.423270573698,2459.247956705427,1.5387339724334197
2461,2992.163668675063,2460.9557800976936,1.7078233922666186
2462,2992.868866378301,2461.647824618353,0.6920445206592376
2463,2993.974353092848,2462.7327452738846,1.0849206555317323
2464,2994.865507046754,2463.6073678287285,0.8746225548438815
2465,2995.540266915502,2464.2696386047924,0.6622707760639059
2466,2996.736506016221,2465.443796036912,1.1741574321195003
2467,2997.647203114443,2466.337733310116,0.8939372732043012
2468,2998.95930109803,2467.6257617913025,1.288028481186302
2469,2999.494492994594,2468.151162210189,0.5254004188864201
2470,3001.023331162879,2469.65211358765,1.500951377461206
2471,3001.707332456021,2470.3236784862224,0.6715648985723419
2472,3003.477042852713,2472.0613274163084,1.7376489300859248
2473,3004.29097591731,2472.8605703516355,0.7992429353271291
2474,3004.662308408251,2473.225212571382,0.36464221974665634
2475,3005.772929284509,2474.315867057181,1.0906544857989502
2476,3006.990738364634,2475.5118578220845,1.1959907649033994
2477,3007.468699216471,2475.9812769598284,0.4694191377438983
2478,3008.882120872393,2477.3695098620556,1.3882329022271733
2479,3010.514962129244,2478.973383611139,1.6038737490835047
2480,3011.344380180516,2479.7881413148066,0.8147577036675102
2481,3012.07469478587,2480.505577373741,0.7174360589342541
2482,3012.788450548677,2481.2067738237824,0.701196450041607
2483,3014.459082206682,2482.848114096,1.6413402722173487
2484,3014.911666502729,2483.292788547878,0.44467445187819976
2485,3016.348394169982,2484.7044780739407,1.4116895260626734
2486,3016.70006081263,2485.0500327456375,0.3455546716968456
2487,3017.783440191593,2486.114623984575,1.0645912389372825
2488,3019.461775780366,2487.763975823599,1.649351839024348
2489,3020.487633896939,2488.7721911632143,1.0082153396151625
2490,3021.420400692511,2489.68896430552,0.9167731423058285
2491,3022.447483793125,2490.6984895771398,1.0095252716196228
2492,3023.338509067941,2491.5743279095595,0.8758383324197894
2493,3023.930996073905,2492.1567394984145,0.5824115888549386
2494,3024.793963871218,2493.0050653246753,0.8483258262608615
2495,3026.510826907846,2494.6929148678587,1.6878495431833471
2496,3027.299522807341,2495.4683344564646,0.7754195886059279
2497,3028.40152252863,2496.551838714533,1.0835042580683876
2498,3029.499388369674,2497.6313419367752,1.0795032222422378
2499,3030.594529650985,2498.7082292550695,1.0768873182942116
2500,3031.289217468062,2499.3913705716036,0.6831413165341473
2501,3032.756029360225,2500.833885609446,1.4425150378424405
2502,3033.218123972961,2501.2883492942965,0.4544636848504524
2503,3034.360907192327,2502.4123089578998,1.123959663603273
2504,3035.074103947537,2503.1137928824223,0.701483924522563
2505,3036.133113238208,2504.155459268984,1.041666386561701
2506,3037.980383590469,2505.9726184330225,1.8171591640384577
2507,3039.033651044212,2507.0087972700703,1.036178837047828
2508,3039.521601571576,2507.4888507936416,0.48005352357131414
2509,3040.500427564659,2508.4518730282834,0.9630222346418122
2510,3041.2568035495,2509.196071200648,0.7441981723645767
2511,3042.653049854132,2510.5699162847704,1.3738450841224221
2512,3043.670541621771,2511.5711477633376,1.001231478567206
2513,3044.055127981913,2511.9496022411795,0.37845447784184216
2514,3046.050030224877,2513.9128216387853,1.963219397605826
2515,3046.454504219289,2514.310897174316,0.39807553553055186
2516,3047.70881764089,2515.5454226930715,1.2345255187556177
2517,3048.922632490405,2516.7401667642857,1.1947440712142452
2518,3050.019676757212,2517.820041054544,1.0798742902584308
2519,3050.801233315722,2518.5894036826467,0.769362628102499
2520,3051.342383341479,2519.122129297915,0.5327256152681912
2521,3052.476848524256,2520.2389831455025,1.116853847587663
2522,3053.348265936952,2521.0969183231796,0.8579351776770636
2523,3054.986520866536,2522.709933948646,1.6130156254662324
2524,3056.24292330973,2523.9470747265455,1.23714077789964
2525,3056.765138112965,2524.4613077408803,0.5142330143348772
2526,3058.013703009702,2525.690846508428,1.2295387675476377
2527,3058.901494693158,2526.56515902605,0.8743125176220019
2528,3059.437861758112,2527.093402408688,0.528243382637811
2529,3061.062700117591,2528.6937226978803,1.6003202891924957
2530,3061.837584445268,2529.4569627197243,0.7632400218440125
2531,3062.72687316464,2530.3329264239555,0.8759637042312534
2532,3063.435086485018,2531.0305573417713,0.6976309178157862
2533,3065.286555585297,2532.854484153081,1.823926811309775
2534,3066.320250404096,2533.8728792520906,1.0183950990094672
2535,3067.071320241176,2534.6128672919203,0.7399880398297682
2536,3068.013501341794,2535.541188200874,0.9283209089535376
2537,3068.984266185528,2536.4977205314653,0.9565323305914717
2538,3069.782904779767,2537.284686820649,0.7869662891835105
2539,3070.542621549807,2538.0333308283375,0.7486440076886538
2540,3072.000993377916,2539.4705309254127,1.4372000970752197
2541,3073.185237779944,2540.637664276546,1.1671333511330886
2542,3074.523494285205,2541.9566718333285,1.319007556782708
2543,3075.033872877411,2542.4597337659447,0.5030619326162196
2544,3075.833479242461,2543.247904280772,0.7881705148274705
2545,3077.42747330681,2544.8191999837813,1.5712957030091275
2546,3078.286226917969,2545.665779475132,0.8465794913504396
2547,3078.897379147134,2546.268290928975,0.6025114538433627
2548,3079.871394642814,2547.228575211552,0.9602842825770495
2549,3080.856382341979,2548.1997268732803,0.9711516617280722
2550,3082.163163759072,2549.488229397316,1.2885025240357209
2551,3083.361357990433,2550.6697411172163,1.1815117199002998
2552,3084.838451504294,2552.1263709763116,1.456629859095301
2553,3085.377268993634,2552.6577517107185,0.5313807344068664
2554,3085.965522259311,2553.237903009209,0.5801512984903638
2555,3087.018815358645,2554.2767337673968,1.0388307581879417
2556,3088.083437042039,2555.32679568526,1.0500619178633315
2557,3089.222308944518,2556.4501570434927,1.1233613582326143
2558,3090.282194902935,2557.495668216203,1.0455111727101212
2559,3091.154469698493,2558.3561561177985,0.8604879015956612
2560,3092.687667040027,2559.8687305740164,1.5125744562178625
2561,3093.185445717524,2560.3598396960983,0.4911091220819799
2562,3094.833068430116,2561.985477439151,1.625637743052721
2563,3095.132031239453,2562.280466019539,0.29498858038778053
2564,3096.515485512936,2563.6455893325383,1.365123312999458
2565,3097.342606530989,2564.4617978739743,0.8162085414360263
2566,3098.038354972964,2565.1483943025783,0.6865964286039343
2567,3098.758089848813,2565.8586878112774,0.7102935086991238
2568,3101.079373086579,2568.1497020749343,2.2910142636569617
2569,3101.65737079014,2568.720205838266,0.5705037633315442
2570,3102.436089122719,2569.4888549236366,0.7686490853707255
2571,3103.589916059588,2570.627819449771,1.1389645261342594
2572,3104.362546341635,2571.390535669776,0.7627162200051316
2573,3105.391402369855,2572.4062373672186,1.015701697442637
2574,3106.396352646053,2573.398391332731,0.9921539655124434
2575,3107.484255857019,2574.4725002957807,1.074108963049639
2576,3108.303596266207,2575.2814917621427,0.8089914663619311
2577,3109.533099790357,2576.4955301352834,1.2140383731407383
2578,3110.557200380325,2577.506808272735,1.011278137451427
2579,3111.920727714095,2578.8533465797714,1.3465383070365533
2580,3112.840737859373,2579.7619474779076,0.9086008981362284
2581,3113.755213669487,2580.6651255598326,0.9031780819250343
2582,3114.473416203572,2581.3744851572055,0.7093595973728952
2583,3115.00267241355,2581.8972417196446,0.5227565624390991
2584,3116.720450815897,2583.594023160369,1.6967814407244077
2585,3117.269723386899,2584.1366135925864,0.5425904322173665
2586,3118.955013666125,2585.801497709121,1.6648841165347221
2587,3119.957556604339,2586.791970217241,0.9904725081200922
2588,3120.986214975678,2587.8082970258297,1.0163268085884738
2589,3121.337219762928,2588.155106314122,0.3468092882922065
2590,3122.610128875348,2589.4128532608142,1.2577469466923503
2591,3124.150225164331,2590.934715205533,1.5218619447186938
2592,3124.525922645768,2591.3059828611154,0.3712676555824146
2593,3125.37444147211,2592.1445233090144,0.8385404478990495
2594,3126.45011643482,2593.207601291064,1.0630779820494354
2595,3127.693012373443,2594.436015310483,1.2284140194192332
2596,3129.468612609748,2596.191063044445,1.7550477339618737
2597,3129.796205505422,2596.5148815880043,0.323818543559355
2598,3130.877663729774,2597.583918563999,1.0690369759945497
2599,3131.861090216301,2598.556101374043,0.9721828100441599
2600,3132.698331366237,2599.383808940962,0.8277075669188889
2601,3133.398883822983,2600.0764116417913,0.6926027008294113
2602,3134.635445901257,2601.2990022441345,1.222590602343189
2603,3136.015560752042,2602.6636153444742,1.3646131003397386
2604,3137.17517266694,2603.8102769805173,1.1466616360430635
2605,3137.613495212031,2604.2437222083067,0.4334452277894343
2606,3139.049508498465,2605.6638248971367,1.4201026888299566
2607,3140.138494141052,2606.740814613993,1.0769897168561329
2608,3141.00117482824,2607.5940349486646,0.8532203346717324
2609,3141.748032542884,2608.332732907398,0.73869795873361
2610,3142.979456728039,2609.5507649313727,1.2180320239745015
2611,3143.567499183582,2610.1324393145096,0.5816743831369422
2612,3144.490488145513,2611.045468280647,0.9130289661375173
2613,3146.283528375944,2612.8192830036187,1.773814722971565
2614,3147.34460662553,2613.8690606614373,1.049777657818595
2615,3148.379041870468,2614.8925338729373,1.0234732115000043
2616,3148.861228783807,2615.3696294792317,0.47709560629436965
2617,3149.77173869899,2616.270557562533,0.9009280833015509
2618,3150.824652722363,2617.3124433807325,1.0418858181992618
2619,3152.151059465737,2618.6250370649586,1.312593684226158
2620,3152.994559995644,2619.459799679369,0.8347626144104652
2621,3153.596976529534,2620.0559976981863,0.5961980188171765
2622,3155.312108217665,2621.7535250293745,1.697527331188212
2623,3156.300357949571,2622.731698608449,0.9781735790743369
2624,3156.905761454447,2623.330953770428,0.5992551619792721
2625,3158.578287707937,2624.9865902474116,1.6556364769835454
2626,3159.265204659911,2625.666611300292,0.68002105288042
2627,3159.804097579087,2626.200110960023,0.5334996597307509
2628,3161.061912577755,2627.4453946119347,1.2452836519119046
2629,3161.402435207893,2627.7825383895383,0.3371437776036146
2630,3163.311959557827,2629.6732235225186,1.890685132980252
2631,3164.350531320929,2630.70162584945,1.0284023269314275
2632,3165.54059789383,2631.880106284204,1.1784804347539648
2633,3166.139586713597,2632.4732904658686,0.5931841816645829
2634,3167.121094757282,2633.445325969381,0.9720355035124157
2635,3168.197515713895,2634.511414039492,1.0660880701111637
2636,3169.179764607856,2635.4842848241606,0.9728707846684301
2637,3170.014131565626,2636.310723648794,0.826438824633442
2638,3171.343958069062,2637.627986418643,1.3172627698490942
2639,3171.837774346064,2638.117159892003,0.489173473360097
2640,3173.011633917283,2639.2800320816937,1.1628721896904608
2641,3174.815385976386,2641.067035625343,1.7870035436494618
2642,3175.528722743696,2641.773793803375,0.7067581780320324
2643,3176.480343516464,2642.7166781693954,0.9428843660202801
2644,3176.915636009213,2643.147989560607,0.43131139121169326
2645,3178.371705005,2644.590810604446,1.4428210438386486
2646,3178.902595536046,2645.116897274705,0.5260866702592466
2647,3180.011213372889,2646.2155290757187,1.0986318010136529
2648,3181.328501713209,2647.521031716679,1.305502640960185
2649,3182.839446920272,2649.0185654780057,1.4975337613268493
2650,3183.205673345925,2649.3815583963487,0.36299291834302494
2651,3184.451499960333,2650.616435489293,1.2348770929443162
2652,3185.214344580112,2651.3726137907643,0.7561783014712091
2653,3186.545869429537,2652.6925724273315,1.3199586365672076
2654,3187.646162708369,2653.7833748949274,1.0908024675959496
2655,3188.055482329442,2654.189179270398,0.40580437547077963
2656,3188.877460714956,2655.004123750156,0.8149444797577416
2657,3190.168661962153,2656.2843439029975,1.2802201528415935
2658,3191.706256362774,2657.808970239435,1.52462633643745
2659,3192.681791617887,2658.7763389641063,0.9673687246713598
2660,3193.557208472454,2659.6444678004004,0.8681288362940904
2661,3194.786707378557,2660.8637953707207,1.2193275703202744
2662,3195.326699929211,2661.3993445006963,0.5355491299756068
2663,3195.793895633891,2661.862707524866,0.46336302416966646
2664,3197.547165656594,2663.6016913720514,1.738983847185409
2665,3198.430125767818,2664.4775147911496,0.8758234190981966
2666,3199.248977114246,2665.2897822881755,0.812267497025914
2667,3200.663270230746,2666.692782551069,1.403000262893329
2668,3201.424866361197,2667.4483386897164,0.7555561386475347
2669,3202.778286500737,2668.7910964063276,1.3427577166112314
2670,3203.630891152625,2669.6370308611477,0.8459344548200534
2671,3204.557410187843,2670.5563423889676,0.9193115278199002
2672,3205.497580563342,2671.489242642877,0.9329002539093381
2673,3206.22889330383,2672.214930656444,0.7256880135669235
2674,3207.270062357431,2673.248137595235,1.033206938791409
2675,3208.086133891918,2674.0580060057805,0.8098684105452776
2676,3210.352420539768,2676.307239404157,2.2492333983764183
2677,3210.670388299202,2676.622834906897,0.3155955027400523
2678,3211.618832522935,2677.564232857037,0.9413979501400718
2679,3212.319227342931,2678.259452851384,0.6952199943470987
2680,3213.606498798167,2679.5372767586387,1.2778239072545148
2681,3214.667562488094,2680.5906147889596,1.0533380303209015
2682,3215.325298903735,2681.2435901782974,0.6529753893378256
2683,3216.491524692371,2682.401426882353,1.1578367040556259
2684,3217.43080477829,2683.333999315704,0.9325724333511971
2685,3218.659983744026,2684.5544663053233,1.2204669896191263
2686,3219.639171305585,2685.5267672036903,0.9723008983669388
2687,3221.198341682969,2687.075069691295,1.5483024876048148
2688,3221.609476301097,2687.4833585909714,0.40828889967633586
2689,3222.813840822903,2688.679435012561,1.1960764215896234
2690,3223.372566375255,2689.2343398969647,0.5549048844036406
2691,3224.213706519639,2690.069757238985,0.8354173420202642
2692,3225.366715964934,2691.214978787054,1.145221548069003
2693,3227.044102374515,2692.881152572902,1.6661737858480592
2694,3227.525149515495,2693.3590097231436,0.4778571502415616
2695,3229.016311629954,2694.8403559260114,1.481346202867826
2696,3229.9810669605,2695.7988189314165,0.9584630054050649
2697,3230.336636732161,2696.1520811737428,0.3532622423263092
2698,3231.74134791825,2697.5477371589186,1.3956559851758357
2699,3232.738713124808,2698.538732036873,0.990994877954563
2700,3233.913360603033,2699.705939659876,1.1672076230029234
2701,3234.306591244919,2700.096694872503,0.3907552126270275
2702,3235.154617182365,2700.9394082928893,0.8427134203861897
2703,3237.087579531708,2702.860393677547,1.9209853846577971
2704,3237.998236326713,2703.7654715535996,0.9050778760524736
2705,3239.09043456269,2704.8510324604686,1.0855609068689773
2706,3239.767314075245,2705.5238279712557,0.6727955107871821
2707,3240.605747277957,2706.357233632387,0.8334056611311098
2708,3241.595312938038,2707.3409099272135,0.9836762948266369
2709,3242.568307582371,2708.308160705729,0.9672507785153357
2710,3243.50165271128,2709.236039697452,0.9278789917229915
2711,3244.884157091134,2710.6105259858573,1.3744862884054783
2712,3246.040157816235,2711.75989423724,1.149368251382839
2713,3246.841676161957,2712.5568523927413,0.7969581555012155
2714,3247.570503533837,2713.2815604820325,0.7247080892911981
2715,3249.308085747428,2715.0094270013806,1.7278665193480265
2716,3249.906446318443,2715.6044760735103,0.5950490721297683
2717,3250.613324267404,2716.3074645490087,0.7029884754983868
2718,3251.510637744018,2717.199875952102,0.8924114030933197
2719,3252.723990907271,2718.4066631749106,1.2067872228085434
2720,3253.369017244108,2719.0482283434644,0.6415651685538251
2721,3255.142076592549,2720.8118784317558,1.7636500882913424
2722,3256.346612817961,2722.0101101180976,1.1982316863418419
2723,3256.941943204737,2722.602350734329,0.5922406162312654
2724,3257.831340012825,2723.4871638276,0.8848130932710774
2725,3258.706714275454,2724.3580643788805,0.8709005512805561
2726,3259.53973068604,2725.1868583059168,0.8287939270362585
2727,3261.192124420504,2726.83097646426,1.6441181583431899
2728,3261.535312602183,2727.172462592624,0.34148612836406755
2729,3262.718968694528,2728.3502923939277,1.1778298013036874
2730,3263.784940489129,2729.411075661699,1.0607832677715123
2731,3265.198771600651,2730.818110551488,1.4070348897889744
2732,3266.153786419939,2731.768589795646,0.9504792441580321
2733,3266.80395447965,2732.4156954927334,0.6471056970872269
2734,3268.188517855567,2733.7938060444117,1.378110551678219
2735,3268.909408588717,2734.511373991245,0.7175679468332419
2736,3269.516785360247,2735.1159708336972,0.604596842452338
2737,3270.310803457827,2735.906381837954,0.7904110042568391
2738,3272.019397610781,2737.6073181676024,1.700936329648357
2739,3273.363032965271,2738.9450311681994,1.3377130005969775
2740,3274.059953011724,2739.638913968264,0.6938828000647845
2741,3274.863567637972,2740.439055671046,0.8001417027817297
2742,3276.124154984922,2741.6942584553217,1.2552027842757525
2743,3276.694554681216,2742.262247075939,0.5679886206171432
2744,3278.059478289038,2743.621465308539,1.359218232600142
2745,3278.986193732024,2744.5443586414,0.9228933328608946
2746,3279.489509639635,2745.0456161604097,0.5012575190098687
2747,3280.976418713721,2746.526516089262,1.4808999288520681
2748,3281.706690820622,2747.25387617269,0.7273600834282661
2749,3283.239124300114,2748.7802830151195,1.5264068424294237
2750,3284.499863132437,2750.03614906401,1.2558660488903115
2751,3285.20282875169,2750.736431152505,0.700282088494987
2752,3285.682259710461,2751.2140456429934,0.47761449048857685
2753,3286.718540342295,2752.246438053626,1.0323924106328377
2754,3287.773091992667,2753.297086312577,1.0506482589507868
2755,3288.936972845318,2754.4567215890193,1.159635276442259
2756,3289.724306536176,2755.2412204351504,0.7844988461311004
2757,3291.385725928434,2756.8967561866966,1.6555357515462674
2758,3292.222642049286,2757.730759065058,0.8340028783613889
2759,3292.856716097554,2758.362648494422,0.6318894293640369
2760,3293.97586924559,2759.4779931630546,1.1153446686325879
2761,3295.266663232727,2760.7644697264177,1.2864765633630668
2762,3296.021754764673,2761.5170729503984,0.7526032239807137
2763,3296.873142162696,2762.365687731293,0.8486147808944224
2764,3297.836842310599,2763.3262917262405,0.9606039949476326
2765,3298.357878621562,2763.845672732113,0.519381005872674
2766,3300.450576192251,2765.931853856627,2.0861811245140416
2767,3301.413776304368,2766.8921256398,0.9602717831726295
2768,3302.017097665604,2767.4936355604013,0.6015099206015293
2769,3303.317261841697,2768.789955700667,1.2963201402658342
2770,3303.81371920576,2769.2849667390537,0.4950110383865649
2771,3305.076177240833,2770.543800345613,1.2588336065591648
2772,3305.47208869853,2770.9385909790553,0.39479063344242604
2773,3307.221711602476,2772.6833510655697,1.7447600865143613
2774,3308.045402223318,2773.504803366809,0.8214523012393329
2775,3308.832877512969,2774.2901692703067,0.7853659034976772
2776,3310.235706773843,2775.689314707073,1.3991454367665028
2777,3311.155306118273,2776.6065505316865,0.9172358246132717
2778,3312.34945945051,2777.7976953571833,1.191144825496849
2779,3313.199876672726,2778.6460118427103,0.8483164855269933
2780,3313.842662273157,2779.287232660372,0.6412208176616332
2781,3315.015013827981,2780.4567813668364,1.1695487064644112
2782,3315.619742540924,2781.0600900980508,0.6033087312143834
2783,3316.752453417716,2782.1901884537087,1.1300983556579922
2784,3318.38747017017,2783.821542718173,1.6313542644643348
2785,3319.41264899316,2784.8444905127385,1.0229477945654253
2786,3320.476699682049,2785.9062788726237,1.0617883598852131
2787,3320.887941461205,2786.3166608319616,0.410381959337883
2788,3321.66357269861,2787.090692446733,0.7740316147715021
2789,3323.490923179798,2788.914388234137,1.8236957874037216
2790,3323.875124914085,2789.2978419141505,0.38345368001364477
2791,3324.925684145982,2790.3463917544723,1.0485498403218116
2792,3325.691627038381,2791.1109029380914,0.7645111836191063
2793,3327.338441751468,2792.754734473883,1.6438315357918327
2794,3327.988269208171,2793.403420475711,0.6486860018276275
2795,3329.46558394841,2794.878215372642,1.4747948969311437
2796,3330.290400360131,2795.701670288944,0.8234549163021256
2797,3331.29940416149,2796.7090527762016,1.0073824872574733
2798,3331.892288243775,2797.301006872861,0.5919540966592649
2799,3332.700898576002,2798.108375901535,0.8073690286742021
2800,3333.781382961371,2799.1872503640166,1.078874462481508
2801,3335.045996424476,2800.4500503403897,1.2627999763731168
2802,3336.575968429255,2801.9779303459854,1.5278800055957618
2803,3337.044211896699,2802.4455558808736,0.46762553488815684
2804,3338.150407356325,2803.5503330437173,1.1047771628436749
2805,3339.256673694618,2804.65523934151,1.1049062977926951
2806,3340.117152697459,2805.5147008050985,0.8594614635885591
2807,3340.972263637847,2806.3688355055147,0.8541347004161253
2808,3342.211554859266,2807.6067737071135,1.2379382015988085
2809,3343.05172227834,2808.446065457032,0.8392917499186296
2810,3343.604908509593,2808.9986934750114,0.5526280179792593
2811,3344.852255868193,2810.2448355993547,1.2461421243433506
2812,3346.848430816562,2812.23923579469,1.9944001953354018
2813,3347.397830990955,2812.7881807677186,0.5489449730284832
2814,3347.936001610753,2813.325919404596,0.5377386368772932
2815,3349.301027926845,2814.6899117759244,1.3639923713285498
2816,3349.856252114764,2815.2447407406307,0.5548289647063029
2817,3350.803704024562,2816.191552048871,0.9468113082402851
2818,3352.153804096605,2817.540812940434,1.3492608915630626
2819,3352.845364542639,2818.2319770542003,0.6911641137662627
2820,3354.27823128039,2819.6640948605614,1.4321178063610205
2821,3355.483680305992,2820.868989274558,1.2048944139964988
2822,3355.880578183322,2821.2657196278815,0.39673035332361906
2823,3357.198154118337,2822.582792997183,1.3170733693013972
2824,3358.40269962342,2823.7869510623777,1.2041580651948607
2825,3359.359283067236,2824.7432758088116,0.9563247464338929
2826,3359.852404381298,2825.2362806987544,0.4930048899427675
2827,3360.584153298323,2825.967878080699,0.7315973819445389
2828,3361.887588621119,2827.27110629226,1.3032282115609632
2829,3363.233878348851,2828.6172665386116,1.346160246351701
2830,3364.355763553862,2829.739109363651,1.1218428250394936
2831,3365.600957468561,2830.984325956344,1.245216592692941
2832,3366.120883810753,2831.5042834684077,0.5199575120636837
2833,3367.05554253962,2832.439030369762,0.934746901354174
2834,3367.76944386822,2833.1530268612037,0.713996491441776
2835,3369.18372855481,2834.5675711870117,1.4145443258080377
2836,3370.061651746536,2835.445703084293,0.8781318972814915
2837,3370.997536142718,2836.38185004822,0.9361469639266033
2838,3371.922445600541,2837.3070596230996,0.9252095748797728
2839,3373.160140925226,2838.5452197253935,1.2381601022939321
2840,3374.427471990047,2839.813101591849,1.2678818664553546
2841,3375.379955756309,2840.766049185192,0.9529475933431968
2842,3376.298386044199,2841.68496722791,0.9189180427179053
2843,3376.820970848442,2842.207847313295,0.5228800853851681
2844,3378.258956962645,2843.646712379116,1.4388650658206643
2845,3378.78060849487,2844.1687068465403,0.5219944674245198
2846,3379.460192668086,2844.8487570065854,0.6800501600450843
2847,3381.634647447099,2847.0248489093838,2.176091902798362
2848,3382.2967149216,2847.687459046848,0.6626101374640712
2849,3383.348489575833,2848.740138195884,1.0526791490360665
2850,3383.871212415102,2849.263329920037,0.5231917241530937
2851,3385.177310827911,2850.5706560774915,1.307326157454554
2852,3386.16629575042,2851.5606240143543,0.9899679368627403
2853,3387.149564459346,2852.5449156299237,0.9842916155694184
2854,3387.808777785404,2853.204840182564,0.6599245526404047
2855,3389.091880156602,2854.4893854318507,1.284545249286566
2856,3389.648879040879,2855.047034741826,0.5576493099752042
2857,3391.481233731881,2856.8816319040334,1.8345971622075012
2858,3392.147572630774,2857.5488253527656,0.6671934487321778
2859,3393.651785893135,2859.055044289114,1.5062189363484322
2860,3394.137666351396,2859.54159528232,0.4865509932060377
2861,3394.991106310708,2860.396239821758,0.8546445394381408
2862,3395.614850938401,2861.0208864256447,0.6246466038865037
2863,3396.890066311005,2862.298002591496,1.2771161658511119
2864,3398.271677189195,2863.681758843508,1.3837562520120628
2865,3398.841197219906,2864.252189251687,0.5704304081791634
2866,3400.322476548554,2865.7359075227287,1.4837182710416528
2867,3401.387450697163,2866.8026986269124,1.0667911041837215
2868,3402.000441414938,2867.4167592352114,0.6140606082990416
2869,3403.008864820184,2868.4269809491525,1.010221713941064
2870,3404.362761572878,2869.7833668776084,1.356385928455893
2871,3405.13291869512,2870.554978195068,0.7716113174597012
2872,3405.809942804822,2871.2333035455504,0.6783253504822824
2873,3406.67948281196,2872.10454623008,0.871242684529534
2874,3407.728314289522,2873.1554784611894,1.0509322311095275
2875,3409.578736852474,2875.0097325922675,1.8542541310780507
2876,3410.424565211908,2875.8573655941445,0.8476330018770568
2877,3411.223633497274,2876.65816942506,0.8008038309153562
2878,3411.855830275977,2877.2917604194226,0.6335909943627485
2879,3413.21903600535,2878.6580359352065,1.3662755157838546
2880,3413.710819476651,2879.1509481182557,0.49291218304915674
2881,3415.0064152978,2880.4495714906047,1.298623372349084
2882,3415.80662357289,2881.2516887758657,0.8021172852609197
2883,3417.201725527572,2882.650190290479,1.3985015146131445
2884,3418.194842708853,2883.64578271686,0.9955924263813358
2885,3418.74424667515,2884.1965757478747,0.5507930310145639
2886,3420.540582987328,2885.9975518294373,1.8009760815625668
2887,3421.307537318235,2886.766532873018,0.7689810435808795
2888,3421.882420407674,2887.3429530605044,0.576420187486292
2889,3423.128594192323,2888.59251158324,1.249558522735697
2890,3423.611394671274,2889.076642805558,0.4841312223179557
2891,3424.728989863384,2890.197359997263,1.1207171917048981
2892,3425.830917735939,2891.302422932762,1.1050629354990633
2893,3427.4318110057,2892.9079713612878,1.605548428525708
2894,3428.345014648756,2893.8238837732174,0.9159124119296393
2895,3429.077161459129,2894.5582302589883,0.7343464857708568
2896,3430.15880952933,2895.643173579968,1.0849433209796189
2897,3430.611618680174,2896.0973783383224,0.45420475835453544
2898,3432.026366531868,2897.5165478799145,1.4191695415920549
2899,3433.306331160305,2898.8005929184947,1.2840450385801887
2900,3433.76971016368,2899.265467857154,0.4648749386592499
2901,3434.432930181269,2899.9308462761887,0.6653784190348233
2902,3436.183607569702,2901.6873190243136,1.7564727481249065
2903,3437.219161606906,2902.7263679348794,1.0390489105657252
2904,3438.212616154325,2903.7232219425405,0.9968540076611134
2905,3439.11243015417,2904.6261544079434,0.9029324654029551
2906,3440.229299588556,2905.7469466685698,1.120792260626331
2907,3440.844025770545,2906.363856602124,0.6169099335543251
2908,3441.467977670064,2906.9900429011395,0.6261862990154441
2909,3442.683392445435,2908.209861821796,1.2198189206565075
2910,3444.036570701738,2909.5680237606057,1.3581619388096442
2911,3445.27743246873,2910.81352992957,1.2455061689643117
2912,3446.015386158298,2911.5542794247845,0.7407494952144589
2913,3447.158925420623,2912.702200774322,1.1479213495376825
2914,3447.700517605007,2913.24588943095,0.5436886566276371
2915,3449.497002715472,2915.0494255692956,1.8035361383458621
2916,3449.68500106448,2915.238170401409,0.18874483211357074
2917,3450.723487592525,2916.280809816274,1.0426394148648797
2918,3451.940669427535,2917.5029224515597,1.2221126352856118
2919,3452.569816771666,2918.1346452500047,0.6317227984450255
2920,3453.677893918425,2919.2473027467486,1.11265749674385
2921,3455.488799434789,2921.0658156143672,1.818512867618665
2922,3456.25861455929,2921.838910376867,0.7730947624995679
2923,3457.184172894586,2922.768447990095,0.929537613228149
2924,3457.573598857839,2923.1595600107785,0.39111202068352213
2925,3458.665410624782,2924.25613610128,1.0965760905014577
2926,3460.046064018949,2925.6428927719444,1.3867566706644538
2927,3460.484230469056,2926.083014498591,0.44012172664679383
2928,3461.915971198494,2927.5212057959166,1.4381912973253748
2929,3462.896732401838,2928.5064401135287,0.9852343176121394
2930,3464.083832160316,2929.699013204661,1.1925730911320898
2931,3464.977695252418,2930.5970403417036,0.8980271370428454
2932,3465.827155727127,2931.4504920230456,0.8534516813419941
2933,3467.204403986264,2932.834281720437,1.3837896973914212
2934,3467.909471078217,2933.5427313286245,0.7084496081874931
2935,3468.775551366812,2934.412997808573,0.870266479948441
2936,3469.551913132633,2935.193141365167,0.7801435565938846
2937,3470.214108961449,2935.858584712158,0.6654433469911964
2938,3472.249018221316,2937.9035993447824,2.0450146326243157
2939,3473.168763395134,2938.8279742665477,0.9243749217653203
2940,3473.814882020011,2939.4773684589995,0.6493941924518367
2941,3475.219106732758,2940.888777989377,1.4114095303775684
2942,3475.717792819431,2941.3900373711786,0.5012593818014466
2943,3476.519931770808,2942.19633936925,0.8063019980713761
2944,3477.700190284672,2943.3827768993588,1.186437530108833
2945,3479.049830179214,2944.7395607027,1.3567838033413864
2946,3479.465965312697,2945.1579153299544,0.4183546272543026
2947,3480.68291595061,2946.3814021316043,1.2234868016498694
2948,3481.776396694323,2947.480813651223,1.0994115196185703
2949,3483.057856801381,2948.7692936456892,1.2884799944663428
2950,3484.159388046234,2949.876919093834,1.1076254481449723
2951,3484.884585352892,2950.6061588003713,0.7292397065371006
2952,3485.691497728214,2951.417597302519,0.8114385021476664
2953,3486.534339669457,2952.2651986506926,0.8476013481736118
2954,3487.539477842766,2953.276055089148,1.0108564384554484
2955,3488.455776622254,2954.1976068968,0.9215518076521221
2956,3489.665123316275,2955.4139452656036,1.2163383688034628
2957,3491.550561368233,2957.3104167752276,1.896471509624007
2958,3491.811099965336,2957.57249277171,0.26207599648250834
2959,3492.414435580418,2958.179400457979,0.6069076862690963
2960,3493.720613082723,2959.493368060983,1.3139676030036753
2961,3494.816408481538,2960.5957587849116,1.1023907239286928
2962,3495.988931967582,2961.7753999640363,1.179641179124701
2963,3496.350361363769,2962.139036004103,0.36363604006692185
2964,3497.37296054228,2963.16791069337,1.0288746892665586
2965,3498.576136539014,2964.3785313017424,1.2106206083726647
2966,3499.686553821134,2965.4958776894073,1.1173463876648384
2967,3501.145919590469,2966.9644353069507,1.4685576175434107
2968,3501.897095232892,2967.7203799902218,0.7559446832710819
2969,3502.775867948576,2968.6047643797037,0.8843843894819656
2970,3503.636215791511,2969.470640231176,0.865875851472083
2971,3504.58892777494,2970.4295129241787,0.9588726930028315
2972,3504.99262719505,2970.8358352999567,0.4063223757780179
2973,3506.860778987003,2972.7162213780925,1.8803860781358708
2974,3507.545273797333,2973.4052385105174,0.6890171324248513
2975,3508.772500866958,2974.640626851948,1.2353883414307347
2976,3509.636408038271,2975.5103201281504,0.8696932762022698
2977,3510.845083644579,2976.7271477588183,1.2168276306679218
2978,3511.731091112827,2977.619173053916,0.8920252950974827
2979,3512.473586842893,2978.3667392691495,0.7475662152337463
2980,3513.877573873797,2979.7803823647614,1.4136430956118602
2981,3514.36675224394,2980.272946084044,0.49256371928277076
2982,3515.416808849641,2981.3303061818465,1.0573600978023023
2983,3515.90181449889,2981.818702060558,0.48839587871134427
2984,3518.0264452394,2983.9583096177926,2.13960755723474
2985,3518.868409208556,2984.806265213857,0.8479555960643665
2986,3519.870186740234,2985.815213414648,1.0089482007911101
2987,3520.491665965546,2986.4411639627715,0.6259505481234555
2988,3521.365040902683,2987.3208520335743,0.8796880708027857
2989,3522.382212893841,2988.345420042536,1.0245680089615234
2990,3523.635835723509,2989.608222472821,1.2628024302853191
2991,3524.215220737581,2990.1918739954026,0.5836515225814765
2992,3525.386566637036,2991.371891821671,1.1800178262683403
2993,3526.670256711327,2992.6651566873716,1.2932648657006212
2994,3527.615207051002,2993.6172027467846,0.9520460594130782
2995,3528.351824582807,2994.3593795510096,0.7421768042249823
2996,3529.95574434595,2995.9754888004622,1.6161092494526201
2997,3530.835046797714,2996.8615230113865,0.8860342109242083
2998,3531.201023963524,2997.2303122952794,0.3687892838929656
2999,3532.038508847495,2998.0742550097543,0.8439427144749061
3000,3533.32824339582,2999.3739964874176,1.2997414776632468
3001,3534.06258828017,3000.1140725625887,0.7400760751711459
3002,3535.772576943417,3001.8375009321153,1.723428369526573
3003,3536.633250705505,3002.704988984406,0.8674880522908097
3004,3537.708013056178,3003.7883074521865,1.0833184677803729
3005,3538.500568907359,3004.5872060829356,0.7988986307491359
3006,3539.089936526598,3005.1813086946295,0.5941026116938701
3007,3540.456758807155,3006.5591721715036,1.377863476874154
3008,3541.35752237537,3007.4672580235483,0.9080858520446782
3009,3542.340883917591,3008.458654919616,0.9913968960677266
3010,3543.322306535336,3009.4481403658883,0.9894854462722833
3011,3543.816796286909,3009.946708964778,0.49856859888950567
3012,3545.699212171316,3011.844752600817,1.898043636039347
3013,3546.864134595261,3013.0194258478896,1.1746732470724055
3014,3547.314781396489,3013.4738610619206,0.4544352140310366
3015,3548.351252963579,3014.519080418892,1.0452193569713017
3016,3549.458356776358,3015.6355813772307,1.1165009583387473
3017,3550.065059225513,3016.2474568556395,0.6118754784088196
3018,3550.853298372029,3017.042441545116,0.7949846894766779
3019,3552.080209750384,3018.2799079142633,1.2374663691471142
3020,3553.840680597021,3020.0556417244916,1.775733810228303
3021,3554.165034789488,3020.382823153071,0.32718142857947896
3022,3555.534145071904,3021.76391920389,1.3810960508189964
3023,3556.065234535612,3022.2996806370284,0.5357614331383047
3024,3557.427102352921,3023.673586427422,1.3739057903935645
3025,3558.349345038406,3024.6040282259128,0.9304417984908468
3026,3559.265664699892,3025.5285320185158,0.9245037926029909
3027,3560.019248823559,3026.288874932743,0.7603429142272944
3028,3560.776183334352,3027.0526238409666,0.7637489082235334
3029,3562.162435082823,3028.451421886806,1.3987980458396123
3030,3563.215121485676,3029.513693005074,1.062271118267745
3031,3564.760770714007,3031.073505066007,1.5598120609329271
3032,3565.396422887,3031.715012694978,0.6415076289713397
3033,3566.284910776264,3032.611715318245,0.8967026232667195
3034,3566.916683895457,3033.249351083748,0.6376357655030915
3035,3567.733251749069,3034.0735228026333,0.8241717188852817
3036,3569.343132086433,3035.698481439428,1.6249586367948723
3037,3570.00867136495,3036.37028799072,0.6718065512918656
3038,3570.822916554615,3037.1922276496907,0.8219396589706776
3039,3572.513965627942,3038.8993512362945,1.7071235866037568
3040,3573.079804301276,3039.470597020384,0.5712457840895695
3041,3574.100016308943,3040.500594131366,1.0299971109820945
3042,3575.493155747448,3041.907170367005,1.4065762356390223
3043,3575.955379643794,3042.3738714905294,0.4667011235242171
3044,3577.205283985632,3043.6359303668255,1.2620588762961233
3045,3577.981184110551,3044.4194106008313,0.7834802340057649
3046,3578.41038261893,3044.852813641886,0.43340304105458927
3047,3579.750102614597,3046.205710556429,1.3528969145431802
3048,3581.585338241799,3048.059126307545,1.85341575111579
3049,3582.394916619826,3048.876772070864,0.8176457633189784
3050,3582.923042185506,3049.410176060245,0.5334039893809859
3051,3583.945574774916,3050.4429637073017,1.0327876470569208
3052,3585.206278712881,3051.7163752537126,1.2734115464108982
3053,3585.684448661568,3052.1993835033973,0.4830082496846444
3054,3586.840745006091,3053.367421624172,1.1680381207747814
3055,3587.968813667966,3054.5070025918494,1.1395809676773752
3056,3588.85944452046,3055.406762497269,0.8997599054196144
3057,3589.745006545046,3056.3014364961136,0.8946739988446097
3058,3590.983471293057,3057.552702716234,1.2512662201202147
3059,3592.40588908001,3058.9899072909557,1.437204574721818
3060,3593.028558839788,3059.619078243567,0.6291709526112754
3061,3594.227274785495,3060.83035813897,1.211279895403095
3062,3594.469272698102,3061.0749001935783,0.24454205460824596
3063,3595.779063753882,3062.3985061730764,1.3236059794980974
3064,3596.421772540066,3063.04802165578,0.6495154827034639
3065,3597.802641294575,3064.4435765170147,1.3955548612348139
3066,3598.948560206193,3065.6017467921697,1.1581702751550438
3067,3600.166323796782,3066.832593504272,1.2308467121024478
3068,3601.104013685452,3067.780402200866,0.9478086965937109
3069,3601.791282751961,3068.475112411123,0.6947102102571989
3070,3602.418894262689,3069.109537378872,0.6344249677490552
3071,3604.248053633486,3070.958653671695,1.8491162928230551
3072,3604.754984017813,3071.471141036049,0.5124873643540013
3073,3605.494474971787,3072.2187586503273,0.7476176142781696
3074,3606.359317624101,3073.0931361428866,0.8743774925592334
3075,3607.574809645374,3074.322084688054,1.228948545167441
3076,3609.283333034273,3076.0496330681553,1.7275483801013252
3077,3609.700266168918,3076.4712284362686,0.4215953681132305
3078,3611.101631551566,3077.8883203484875,1.4170919122188934
3079,3611.910994676757,3078.7068058142568,0.8184854657692995
3080,3612.324192687338,3079.1246721141715,0.4178662999147491
3081,3613.54902124104,3080.3633829106725,1.2387107965009818
3082,3614.32781464218,3081.151037543757,0.7876546330844576
3083,3615.606268124634,3082.4440953726685,1.2930578289115147
3084,3616.84068913351,3083.6926859976993,1.248590625030829
3085,3617.802842397041,3084.6659300836272,0.973244085927945
3086,3618.45255851597,3085.3231585716694,0.6572284880421648
3087,3619.885723507011,3086.772960235581,1.449801663911785
3088,3620.705570449878,3087.602364852578,0.829404616996726
3089,3621.886132366145,3088.7967415161743,1.1943766635963584
3090,3622.179274502215,3089.093323447258,0.2965819310838924
3091,3623.558468473039,3090.488751853902,1.3954284066439868
3092,3624.437503556841,3091.378177619964,0.8894257660617768
3093,3624.881726597741,3091.8276645302217,0.4494869102577468
3094,3627.060315519058,3094.0321942992805,2.2045297690588086
3095,3627.949114790736,3094.9316364845467,0.8994421852662526
3096,3628.610375056136,3095.6008374843436,0.6692009997968853
3097,3629.407217611511,3096.4072743924266,0.8064369080830147
3098,3630.363425045441,3097.3750317590143,0.967757366587648
3099,3631.308684288778,3098.3317480914648,0.956716332450469
3100,3632.478178336014,3099.5154712804806,1.1837231890158364
3101,3633.440157775449,3100.4891999679808,0.97372868750017
3102,3634.05619309301,3101.1127805960514,0.6235806280706129
3103,3635.673633427949,3102.7501107273442,1.637330131292856
3104,3636.439638357036,3103.525575246461,0.7754645191166674
3105,3637.540657717958,3104.640236358666,1.1146611122048853
3106,3638.553707679423,3105.6658849736905,1.0256486150246928
3107,3639.679806517767,3106.8060410655416,1.1401560918511677
3108,3640.362976494274,3107.4977661766384,0.69172511109673
3109,3641.010538146348,3108.1534558881285,0.6556897114901403
3110,3641.707123241174,3108.8588048382862,0.7053489501577133
3111,3643.479573648181,3110.6536503636676,1.7948455253813336
3112,3644.40335834178,3111.589161589661,0.9355112259936504
3113,3645.632116643506,3112.833575514279,1.2444139246176746
3114,3646.450894369832,3113.6628218923165,0.8292463780376238
3115,3647.284261680409,3114.5068744399346,0.8440525476180483
3116,3648.158454685519,3115.3923087082503,0.8854342683157483
3117,3649.166164131528,3116.41301767373,1.020708965479571
3118,3650.302043571159,3117.563603130759,1.1505854570291376
3119,3651.253106163416,3118.5270222215886,0.963419090829575
3120,3651.783523374765,3119.0643479038436,0.5373256822549592
3121,3653.088326196389,3120.386197435582,1.3218495317382803
3122,3654.211437502704,3121.5240411283203,1.1378436927384428
3123,3655.905726441456,3123.2406588092977,1.7166176809773788
3124,3656.334529766242,3123.675133077844,0.43447426854618243
3125,3656.892829633309,3124.240828480561,0.5656954027172105
3126,3658.129372193821,3125.493799231812,1.252970751250814
3127,3658.921689551014,3126.2966779585877,0.8028787267758162
3128,3659.907500747568,3127.2956678666146,0.9989899080269424
3129,3660.735665814957,3128.1349368344777,0.8392689678630632
3130,3662.368949297409,3129.790206498252,1.6552696637741064
3131,3663.448288854977,3130.884139031189,1.0939325329372878
3132,3664.0020071046,3131.4453633509415,0.5612243197524549
3133,3664.878137729471,3132.3333977968095,0.8880344458680156
3134,3666.237025972966,3133.7108149418873,1.377417145077743
3135,3667.307339233034,3134.7957787217692,1.0849637798819458
3136,3667.735638945523,3135.229954958035,0.43417623626555724
3137,3669.030191157442,3136.542317573774,1.3123626157394028
3138,3669.423746308954,3136.941301653759,0.3989840799849844
3139,3670.731997269174,3138.267647666905,1.3263460131456668
3140,3672.349351294877,3139.907474675874,1.6398270089689504
3141,3673.159176144119,3140.72859456203,0.8211198861563389
3142,3674.087608956144,3141.6700116593706,0.9414170973404907
3143,3675.262610129656,3142.8614989473253,1.1914872879547147
3144,3675.662484245631,3143.2669972221925,0.40549827486711365
3145,3676.368938137254,3143.983404183546,0.7164069613536412
3146,3677.893295662795,3145.529311640679,1.5459074571331257
3147,3678.847783056964,3146.4973438746697,0.9680322339904706
3148,3679.818311649509,3147.481685355728,0.9843414810584363
3149,3680.583983908414,3148.25828366755,0.7765983118219992
3150,3682.418731435667,3150.1193159715353,1.861032303985212
3151,3682.571730549068,3150.274513538693,0.15519756715775657
3152,3683.971024203511,3151.693960662865,1.419447124171711
3153,3684.859893088268,3152.595675508293,0.9017148454281596
3154,3685.974442142428,3153.726380280352,1.1307047720588344
3155,3686.271337180935,3154.027587947843,0.301207667491326
3156,3687.538413759766,3155.3131125650143,1.285524617171177
3157,3688.177027971994,3155.961050963966,0.6479383989517373
3158,3690.18425811103,3157.997702554716,2.036651590749898
3159,3691.039162252974,3158.865190427762,0.8674878730462297
3160,3691.756939721432,3159.593557533715,0.7283671059526569
3161,3692.647653927345,3160.4974436591665,0.9038861254516632
3162,3693.370984735039,3161.2314962736373,0.7340526144707837
3163,3694.791126717895,3162.6727543568977,1.4412580832604363
3164,3695.672790133181,3163.5675709424595,0.8948165855617844
3165,3696.121982633589,3164.0234776321213,0.4559066896617878
3166,3697.585963644992,3165.509401419534,1.4859237874125029
3167,3698.547362766514,3166.4852605890324,0.9758591694985626
3168,3699.43029263065,3167.3815053110943,0.8962447220619651
3169,3700.838316759633,3168.8108322677085,1.4293269566142044
3170,3702.050756987915,3170.041684537592,1.2308522698835986
3171,3702.460155933208,3170.457314863311,0.4156303257186664
3172,3703.347476075603,3171.35816545925,0.9008505959391186
3173,3704.209894382999,3172.2337669258636,0.8756014666137162
3174,3705.129228187903,3173.1671891051355,0.933422179271929
3175,3706.294721355963,3174.3505951147117,1.1834060095761743
3176,3707.579055361439,3175.6547360202076,1.3041409054958422
3177,3708.658452868782,3176.750834675704,1.096098655496462
3178,3709.582271723353,3177.688987172653,0.9381524969489874
3179,3710.371491776769,3178.4904814841902,0.8014943115372262
3180,3711.404818176417,3179.5399189695854,1.049437485395174
3181,3712.170139466612,3180.3172022654176,0.7772832958321487
3182,3713.583581050869,3181.7528020164873,1.4355997510697307
3183,3714.424676839816,3182.607124088783,0.8543220722958722
3184,3714.739333589791,3182.926736627129,0.3196125383456092
3185,3715.846459034949,3184.0513328209,1.12459619377114
3186,3717.751095917059,3185.986148243163,1.934815422263
3187,3718.498355474487,3186.7452903802855,0.7591421371225806
3188,3719.483495399308,3187.7461320719935,1.0008416917080467
3189,3720.182048932696,3188.4558447459476,0.7097126739540727
3190,3721.296040000329,3189.587674608511,1.131829862563336
3191,3722.058836768196,3190.362716968194,0.7750423596830842
3192,3722.627320552539,3190.9403431131154,0.5776261449213962
3193,3724.388127501143,3192.7295550382587,1.7892119251432632
3194,3724.882319990302,3193.231743552997,0.5021885147384637
3195,3726.517718264912,3194.8936769388283,1.661933385831162
3196,3727.105295973327,3195.490816268816,0.59713932998784
3197,3727.93846595554,3196.337569656094,0.8467533872776585
3198,3729.47279170195,3197.896987483192,1.5594178270980592
3199,3730.187320676356,3198.6232360219283,0.7262485387363995
3200,3731.075159248374,3199.5256670976796,0.9024310757513376
3201,3731.652937302643,3200.1129595661905,0.5872924685108956
3202,3732.847475613412,3201.32721377967,1.2142542134793075
3203,3733.671696807125,3202.1650742497955,0.8378604701256336
3204,3735.007644637013,3203.523190953408,1.3581167036127226
3205,3736.462855616985,3205.0026364112327,1.4794454578245677
3206,3737.426702784951,3205.982584748257,0.9799483370243252
3207,3737.847779331929,3206.4107078408124,0.42812309255532455
3208,3738.588055467695,3207.1633905007284,0.7526826599159904
3209,3739.831690660131,3208.427920686867,1.2645301861384723
3210,3740.875153687163,3209.4889662875444,1.0610456006775166
3211,3741.92507934868,3210.55663017415,1.0676638866057147
3212,3742.485013546847,3211.126043487904,0.569413313754012
3213,3743.859616211631,3212.5239733151398,1.3979298272356573
3214,3744.846671965054,3213.5278290662413,1.0038557511015824
3215,3746.135972512803,3214.8391362773114,1.311307211070016
3216,3746.840953103113,3215.5561798254503,0.7170435481389177
3217,3747.997127044583,3216.7321828162194,1.1760029907691205
3218,3748.752860722957,3217.5009084417006,0.7687256254812382
3219,3749.672707911018,3218.43660159767,0.9356931559691475
3220,3750.303158431206,3219.0779334678687,0.6413318701988828
3221,3751.164644510358,3219.954315759751,0.876382291882237
3222,3753.186449129888,3222.0112036595815,2.056887899830599
3223,3753.946989066386,3222.7849857051983,0.7737820456168265
3224,3754.507321882975,3223.3550904228337,0.5701047176353313
3225,3755.922818842413,3224.7953321569094,1.4402417340756983
3226,3756.524972712019,3225.4080382221728,0.61270606526341
3227,3757.481439849811,3226.381298150663,0.973259928490279
3228,3758.69642629633,3227.6176721110733,1.2363739604102193
3229,3759.359216675584,3228.2921559988336,0.6744838877602888
3230,3760.582729132617,3229.5373035486878,1.2451475498542095
3231,3761.085334951763,3230.0488151918507,0.5115116431629758
3232,3762.475079096339,3231.463240270829,1.4144250789781836
3233,3763.999842697678,3233.0151766520225,1.5519363811936273
3234,3764.644280169992,3233.6711281875205,0.655951535497934
3235,3765.7460260641,3234.792599467536,1.1214712800156121
3236,3766.455967531822,3235.51527873231,0.7226792647738876
3237,3766.872421484277,3235.9392146287614,0.4239358964514395
3238,3768.338640155958,3237.4318334566155,1.4926188278541304
3239,3769.293394313006,3238.4038273547994,0.9719938981838823
3240,3770.105497899101,3239.2306251721698,0.8267978173703341
3241,3771.728992761721,3240.8835790656535,1.6529538934837547
3242,3772.512331217441,3241.681171324558,0.7975922589043876
3243,3773.467327740989,3242.653580197944,0.9724088733860299
3244,3773.941580304986,3243.136494053446,0.4829138555019199
3245,3775.752711840115,3244.9807896160205,1.8442955625746436
3246,3776.258807342244,3245.496177063466,0.5153874474453914
3247,3777.143244333656,3246.3968782894217,0.9007012259557996
3248,3777.833370602116,3247.0997184357,0.7028401462785041
3249,3778.839373785258,3248.1242906926004,1.0245722569002282
3250,3780.226486450646,3249.537076954197,1.412786261596466
3251,3781.668646123161,3251.0060149623473,1.4689380081504169
3252,3782.390575661852,3251.7413823242273,0.7353673618799803
3253,3783.12664946372,3252.491179806121,0.7497974818938928
3254,3784.265550345229,3253.6513597673143,1.16017996119308
3255,3784.865105099823,3254.2621384459794,0.6107786786651559
3256,3785.791018600926,3255.2054151441025,0.9432766981230998
3257,3786.935697906059,3256.3716098729574,1.1661947288548618
3258,3788.263664870252,3257.7246063400203,1.3529964670628942
3259,3788.800050331939,3258.271122595453,0.5465162554328344
3260,3790.041776672574,3259.536347981226,1.2652253857727374
3261,3791.020914404688,3260.5340610599433,0.9977130787174247
3262,3792.560247671589,3262.1026785876247,1.5686175276814538
3263,3792.87247950194,3262.4208624448866,0.31818385726182896
3264,3793.790990276485,3263.3569063642185,0.9360439193319507
3265,3795.021653416458,3264.61111669835,1.2542103341315851
3266,3795.808588147873,3265.413141731914,0.8020250335639503
3267,3796.139177933295,3265.7500786701007,0.3369369381866818
3268,3797.854055842944,3267.497954870616,1.747876200515293
3269,3799.298497077309,3268.970286178626,1.4723313080098706
3270,3800.132426403407,3269.8203572735597,0.85007109493381
3271,3800.877635578881,3270.580015568846,0.7596582952864992
3272,3801.590617175656,3271.306843180784,0.7268276119380062
3273,3802.640239732521,3272.3768880047237,1.0700448239394973
3274,3803.829200465715,3273.5890377742594,1.2121497695356993
3275,3804.790840393653,3274.5694764266445,0.9804386523851463
3276,3805.434646754818,3275.225889925986,0.6564134993413973
3277,3806.297896755331,3276.1060714562873,0.8801815303013427
3278,3808.093049896332,3277.9365339633127,1.8304625070254588
3279,3808.459507836561,3278.3102164219695,0.3736824586567309
3280,3809.874248312914,3279.7529003842137,1.4426839622442458
3281,3811.184712334396,3281.0893228521913,1.336422467977627
3282,3811.428221764785,3281.3376637632905,0.2483409110991488
3283,3812.544754398986,3282.476381270266,1.138717506975354
3284,3812.978308901786,3282.9185642843127,0.4421830140468046
3285,3814.32701746177,3284.294164723338,1.3756004390252201
3286,3815.531819858071,3285.5230538405735,1.228889117235667
3287,3816.602598127823,3286.61529020596,1.0922363653862703
3288,3817.768707914308,3287.804822891657,1.1895326856970314
3289,3818.505533965584,3288.556478322258,0.751655430601204
3290,3819.414498547847,3289.483767923556,0.9272896012980709
3291,3820.438313369254,3290.5282644098875,1.0444964863313544
3292,3821.438059666772,3291.5482483128903,1.019983903002867
3293,3822.371913385552,3292.501043392772,0.9527950798815255
3294,3823.148110407562,3293.2930116580947,0.7919682653227937
3295,3824.418553124508,3294.5893221217,1.2963104636055505
3296,3824.54103715935,3294.714303629672,0.12498150797182461
3297,3826.947627237762,3297.1700911604976,2.455787530825546
3298,3827.576335685669,3297.8116918604655,0.6416006999679666
3299,3828.33952051964,3298.5905485949656,0.7788567345000956
3300,3829.144810486889,3299.412401340889,0.8218527459234792
3301,3830.161823923042,3300.4503706869955,1.0379693461063653
3302,3831.034679119848,3301.3412456369033,0.8908749499078112
3303,3831.932487129555,3302.257621561923,0.9163759250195653
3304,3832.941548849471,3303.2875920365227,1.0299704745998497
3305,3834.353094561199,3304.7284573037014,1.4408652671786513
3306,3835.22039872404,3305.613817470845,0.8853601671435172
3307,3836.022881981191,3306.4330350593345,0.8192175884896642
3308,3837.238847224151,3307.674407963139,1.241372903804404
3309,3838.08405866746,3308.537316276018,0.8629083128789716
3310,3839.426268466038,3309.9076898680632,1.3703735920453255
3311,3839.97400276631,3310.4669388181046,0.5592489500413649
3312,3840.504678748204,3311.0087827039742,0.541843885869639
3313,3841.682344812185,3312.21127405292,1.2024913489458413
3314,3842.678532636432,3313.228506446586,1.0172323936658358
3315,3844.403553213035,3314.9900654629855,1.7615590163995876
3316,3844.897010964166,3315.4939980283293,0.5039325653438027
3317,3846.487475476057,3317.1182925230105,1.6242944946811804
3318,3846.74730118266,3317.3836548006443,0.2653622776338125
3319,3847.681749670898,3318.338038339124,0.9543835384797603
3320,3848.415301005862,3319.087264192417,0.7492258532929554
3321,3850.170201814829,3320.8797539985835,1.7924898061664862
3322,3850.603920438379,3321.3227822550803,0.4430282564967456
3323,3851.410102460568,3322.1462893761536,0.8235071210733622
3324,3852.703102475249,3323.467132436725,1.3208430605714057
3325,3853.86029384564,3324.6493009579613,1.1821685212362354
3326,3854.902586332992,3325.71413792356,1.0648369655987153
3327,3855.955254473829,3326.7896204893027,1.0754825657427318
3328,3856.703867395885,3327.554485892134,0.7648654028312194
3329,3857.610583014924,3328.48091739012,0.9264314979859591
3330,3858.448586235992,3329.337172549446,0.8562551593263379
3331,3859.285738177006,3330.19258681017,0.8554142607235917
3332,3860.09300850517,3331.0174949686493,0.8249081584795022
3333,3861.852719325409,3332.8157463482444,1.798251379595058
3334,3862.983783666958,3333.9716502362107,1.1559038879663603
3335,3863.658286019182,3334.6609905680384,0.6893403318276796
3336,3864.150190996823,3335.1637284908984,0.5027379228599784
3337,3865.565077205411,3336.609829493932,1.4461010030336183
3338,3866.822404113288,3337.894964337843,1.2851348439107824
3339,3866.972328124997,3338.048208517916,0.15324418007321583
3340,3868.412859073881,3339.520688139034,1.4724796211180546
3341,3869.144666921011,3340.268759018216,0.748070879181796
3342,3870.114034539466,3341.2597028969753,0.9909438787594809
3343,3871.29175018944,3342.4636842274076,1.2039813304322706
3344,3872.666546572796,3343.8692137630997,1.4055295356920396
3345,3873.810208380673,3345.0385009669053,1.169287203805652
3346,3874.229614843759,3345.4673183056884,0.42881733878311934
3347,3875.105197584665,3346.362571148571,0.8952528428826554
3348,3876.173740689808,3347.4551618996907,1.0925907511195874
3349,3876.657964937793,3347.950299089123,0.495137189432171
3350,3878.256174941055,3349.5845961956757,1.6342971065528218
3351,3879.110338709995,3350.458089710977,0.8734935153015613
3352,3880.082213597442,3351.4519945562733,0.9939048452961288
3353,3881.540350511398,3352.9432564315666,1.4912618752932758
3354,3882.11684525978,3353.5328716441854,0.5896152126188099
3355,3882.899992550461,3354.333864437963,0.8009927937773682
3356,3884.209799207988,3355.6735737155964,1.339709277633574
3357,3885.109963086111,3356.5943289101324,0.9207551945360137
3358,3886.225209766249,3357.735132979622,1.1408040694896044
3359,3886.4512897905,3357.9664001440783,0.23126716445631246
3360,3887.352013760037,3358.8878109458246,0.9214108017463332
3361,3889.155346344496,3360.732660293799,1.8448493479745594
3362,3890.309181969027,3361.9131296239543,1.1804693301551197
3363,3891.086883002409,3362.708812868249,0.7956832442946506
3364,3891.92993698599,3363.571388115165,0.8625752469160943
3365,3893.001131076967,3364.667428073893,1.0960399587279426
3366,3893.407062083334,3365.082786725805,0.4153586519119017
3367,3894.783730288917,3366.491477858467,1.4086911326621703
3368,3895.567931273916,3367.293954908413,0.8024770499459919
3369,3896.642632275135,3368.393742982833,1.0997880744198483
3370,3897.870750291092,3369.6505870877068,1.256844104873835
3371,3898.651961794556,3370.4501034359664,0.7995163482596581
3372,3899.623743455615,3371.44469003004,0.994586594073553
3373,3901.007764610423,3372.861256730879,1.416566700839212
3374,3902.077427042258,3373.9561260392998,1.0948693084205843
3375,3902.411160510896,3374.2977335770747,0.3416075377749621
3376,3903.351543073145,3375.260327848904,0.9625942718294027
3377,3904.379191304126,3376.3122902239834,1.0519623750792562
3378,3905.344851666206,3377.3008373298753,0.9885471058919393
3379,3906.119319111884,3378.093687591159,0.7928502612835473
3380,3908.188165438195,3380.211760029928,2.1180724387691043
3381,3908.60636266607,3380.6399290199024,0.42816898997443786
3382,3909.465847404124,3381.519930218575,0.8800011986727441
3383,3910.632716856539,3382.7147017331167,1.1947715145415714
3384,3910.911438236157,3383.0000960692296,0.2853943361128586
3385,3912.642948598512,3384.773131883222,1.7730358139924647
3386,3913.259137861761,3385.404128154192,0.6309962709701722
3387,3914.219923269219,3386.3880320132516,0.98390385905941
3388,3914.949001244901,3387.134678136669,0.7466461234175767
3389,3916.176538559951,3388.391843489079,1.2571653524096291
3390,3917.658165953608,3389.909313241899,1.517469752820034
3391,3918.443052987649,3390.7132237801097,0.8039105382108573
3392,3919.222740960692,3391.511834020256,0.798610240146445
3393,3920.540431095448,3392.8615593227546,1.3497253024984275
3394,3921.15257024005,3393.4886045345356,0.6270452117810237
3395,3921.652560348289,3394.000781078047,0.5121765435114867
3396,3922.665203224212,3395.038136536765,1.037355458717684
3397,3924.193310525358,3396.6036145979765,1.5654780612117065
3398,3925.247119257293,3397.6832500177507,1.0796354197741493
3399,3926.176083583575,3398.635018694067,0.951768676316533
3400,3927.080517370094,3399.561688260342,0.9266695662749953
3401,3928.142218295294,3400.6495337247293,1.087845464387101
3402,3928.88655920682,3401.4122313732832,0.7626976485539672
3403,3930.099281280358,3402.6549093446247,1.2426779713414362
3404,3930.891086382285,3403.4663052570995,0.8113959124748362
3405,3931.745217360565,3404.3415975702565,0.8752923131569332
3406,3932.624568087019,3405.242765310067,0.9011677398107167
3407,3933.516881842042,3406.1572496853405,0.9144843752733323
3408,3934.938347808599,3407.614100236954,1.4568505516135701
3409,3936.443286119631,3409.15659007603,1.5424898390760973
3410,3936.97423431366,3409.7008084516515,0.5442183756213126
3411,3937.905380853556,3410.6552549934922,0.9544465418407526
3412,3938.214616536867,3410.972236407056,0.31698141356355336
3413,3939.775186811875,3412.5719547758968,1.5997183688409677
3414,3940.434637596689,3413.247977958588,0.6760231826910967
3415,3941.630029648001,3414.4734557124534,1.2254777538655617
3416,3942.352722187778,3415.2143650104426,0.7409092979892193
3417,3944.030362806928,3416.9343748397964,1.7200098293537849
3418,3944.650915652394,3417.570628671554,0.6362538317575854
3419,3945.333063668887,3418.270054058149,0.6994253865950668
3420,3946.878983570569,3419.855198318314,1.585144260164725
3421,3947.703864074578,3420.7010478047873,0.8458494864735258
3422,3948.434192200492,3421.449964227897,0.7489164231096765
3423,3949.31370582215,3422.3518917485767,0.901927520679692
3424,3950.132375511085,3423.191452777171,0.8395610285942894
3425,3950.859466439663,3423.9371207215977,0.7456679444267138
3426,3952.942870156917,3426.073872877662,2.1367521560641762
3427,3953.356526591265,3426.498142355092,0.42426947743024357
3428,3954.778621164597,3427.956775672175,1.4586333170827857
3429,3955.176546372734,3428.364939589673,0.4081639174983138
3430,3956.420217191614,3429.640651425564,1.2757118358908883
3431,3957.019901776543,3430.2558080768185,0.6151566512544377
3432,3957.954717947092,3431.214771669779,0.958963592960572
3433,3959.47075550553,3432.770044996718,1.5552733269387318
3434,3960.071028756987,3433.385879137384,0.6158341406662657
3435,3960.770534614478,3434.1035365621233,0.7176574247391727
3436,3962.168461926697,3435.537797775277,1.4342612131536043
3437,3963.470348861258,3436.873592993761,1.335795218484236
3438,3964.312649523207,3437.73786805248,0.8642750587187038
3439,3965.132707098914,3438.579347100035,0.8414790475553673
3440,3966.138714993044,3439.611670711344,1.032323611308584
3441,3966.753894106404,3440.242962035147,0.6312913238029978
3442,3967.818761421171,3441.3357552722164,1.0927932370695999
3443,3968.484653607897,3442.0191334570536,0.6833781848372382
3444,3969.914600219661,3443.486689848474,1.467556391420203
3445,3971.318070212216,3444.9271529571297,1.4404631086558766
3446,3972.115760264559,3445.7459039674022,0.8187510102725355
3447,3973.010681503585,3446.664483650592,0.9185796831898188
3448,3973.457014783819,3447.122628341231,0.4581446906390738
3449,3974.893413368283,3448.59709279642,1.4744644551888086
3450,3976.066183195674,3449.8010033540836,1.2039105576636757
3451,3976.731418901193,3450.4839276338935,0.6829242798098676
3452,3977.113908694971,3450.8765958258905,0.39266819199701786
3453,3978.686119979257,3452.490706554892,1.6141107290013679
3454,3979.497341176278,3453.323585478139,0.8328789232473355
3455,3980.844099782238,3454.7063575320553,1.3827720539161419
3456,3982.048502086848,3455.943027981232,1.2366704491764722
3457,3982.764068116537,3456.677792792487,0.7347648112549905
3458,3983.749795369124,3457.690000813692,1.0122080212054243
3459,3984.227435181156,3458.1804859972563,0.4904851835640329
3460,3985.098725242399,3459.075231508191,0.8947455109346265
3461,3986.516179038181,3460.530908462228,1.4556769540372443
3462,3987.230709154775,3461.2647370586647,0.7338285964365241
3463,3988.719449264676,3462.7937514601817,1.5290144015170881
3464,3989.352175808956,3463.443621684779,0.6498702245971799
3465,3990.481409607346,3464.6034916790427,1.1598699942637722
3466,3991.570890985176,3465.7225789711665,1.1190872921238224
3467,3992.33110509982,3466.503479421125,0.7809004499586081
3468,3993.293163731767,3467.4917498454033,0.9882704242781983
3469,3994.395873998453,3468.6245494039013,1.1327995584979362
3470,3995.168459723072,3469.418245285425,0.793695881523945
3471,3995.797813413112,3470.064813030256,0.646567744830918
3472,3996.689040233028,3470.9804436356903,0.9156306054342167
3473,3998.809292299707,3473.158880070184,2.1784364344935057
3474,3999.519248285304,3473.8883587962437,0.7294787260598241
3475,4000.017285178771,3474.400102938905,0.5117441426614278
3476,4001.14425863462,3475.5581300182034,1.1580270792983356
3477,4002.112349427714,3476.5529367803183,0.9948067621148766
3478,4002.695719414774,3477.1524237652093,0.599486984890973
3479,4004.022451394683,3478.515860283534,1.363436518324761
3480,4004.806731028665,3479.3218702140684,0.8060099305344011
3481,4005.876737437339,3480.4215630700915,1.0996928560230117
3482,4006.931920817723,3481.506066192131,1.0845031220396777
3483,4008.142030891386,3482.7498553021437,1.2437891100125853
3484,4008.689596252476,3483.3126792735893,0.5628239714455958
3485,4010.361019023817,3485.0307520007123,1.7180727271229443
3486,4010.983311280306,3485.6704409630024,0.6396889622901654
3487,4011.663881541784,3486.3700547328885,0.6996137698861276
3488,4012.568916000889,3487.30044205418,0.9303873212916187
3489,4013.233688805466,3487.9838579326547,0.6834158784745341
3490,4014.657294818277,3489.447446897224,1.463588964569226
3491,4015.657651051651,3490.475946887804,1.0284999905802579
3492,4016.968938010023,3491.8241853136856,1.3482384258813909
3493,4018.029268458575,3492.9144452079663,1.0902598942807344
3494,4018.776951600017,3493.683259621223,0.7688144132566777
3495,4019.106065040815,3494.021681594144,0.338421972920969
3496,4020.57077310367,3495.5278689770275,1.5061873828835814
3497,4021.628014217374,3496.6151030589203,1.0872340818928024
3498,4022.380106437604,3497.388558378008,0.7734553190875886
3499,4023.428504974209,3498.466773905994,1.0782155279862309
3500,4023.905151400087,3498.9569907782006,0.49021687220647436
3501,4025.583199026725,3500.682885053639,1.7258942754383497
3502,4026.6027591016,3501.731570506804,1.0486854531650351
3503,4027.866297571917,3503.0312610024775,1.2996904956735307
3504,4028.247172919726,3503.42304622892,0.3917852264426074
3505,4029.195557080543,3504.3986210204907,0.9755747915705797
3506,4030.383280199062,3505.620446840331,1.2218258198404328
3507,4030.916107786019,3506.168591431464,0.5481445911327683
3508,4031.654311715943,3506.928034768896,0.7594433374320033
3509,4033.374476877374,3508.697775527725,1.7697407588289025
3510,4034.52082016219,3509.8772215526183,1.1794460248934229
3511,4035.10559902992,3510.4789069382014,0.6016853855830959
3512,4036.079389601863,3511.480880659849,1.0019737216475733
3513,4037.126014571026,3512.557838422288,1.0769577624391786
3514,4038.290698859279,3513.7563278093594,1.1984893870712767
3515,4038.948310434303,3514.433050253506,0.676722444146435
3516,4039.857819222263,3515.3690183844396,0.9359681309338157
3517,4040.940563221797,3516.483303959344,1.114285574904443
3518,4041.464677644774,3517.022703022596,0.539399063251949
3519,4042.702480396315,3518.2966464992683,1.2739434766722297
3520,4044.322287003426,3519.96383849367,1.6671919944019464
3521,4045.055147387291,3520.718171706275,0.7543332126047062
3522,4046.214784829123,3521.9118297285795,1.1936580223045894
3523,4046.738210817314,3522.4506289258265,0.5387991972470445
3524,4047.468044325979,3523.2019158927997,0.7512869669731117
3525,4048.380709827563,3524.1414386721995,0.9395227793997947
3526,4049.973704686577,3525.7813895174504,1.6399508452509508
3527,4050.431390624204,3526.252584899205,0.4711953817545691
3528,4051.384379551238,3527.2337294621857,0.9811445629807167
3529,4052.997625981517,3528.8947198570986,1.6609903949129148
3530,4053.566272077925,3529.480219375119,0.5854995180202422
3531,4054.690712870254,3530.638023495599,1.1578041204802503
3532,4055.477852503357,3531.4485479122627,0.8105244166636112
3533,4056.996361903227,3533.012238733133,1.5636908208703062
3534,4057.428904233527,3533.457667395,0.4454286618670267
3535,4057.993493539186,3534.039088026301,0.5814206313011709
3536,4059.085428288183,3535.163610595907,1.1245225696056877
3537,4060.048996006783,3536.155973965303,0.9923633693961165
3538,4061.743933049635,3537.901651511035,1.7456775457321783
3539,4062.8502886929,3539.0411883059373,1.139536794902142
3540,4063.157725455434,3539.357854040469,0.31666573453185265
3541,4064.35838019639,3540.594586804902,1.2367327644328725
3542,4065.178475192908,3541.439356976066,0.8447701711638729
3543,4066.10959265051,3542.3985219923397,0.9591650162738006
3544,4067.074106868808,3543.3921255449122,0.9936035525724947
3545,4068.083223826024,3544.431716004365,1.0395904594529384
3546,4068.969297626079,3545.3445804758335,0.9128644714683105
3547,4070.281912569777,3546.6969391137795,1.352358637946054
3548,4070.603677649609,3547.028456962156,0.3315178483762793
3549,4072.705128706193,3549.1937029865717,2.1652460244158647
3550,4073.126450172392,3549.627835523797,0.43413253722519585
3551,4074.087681133034,3550.6183204812173,0.9904849574204491
3552,4074.817064510675,3551.3699259181376,0.751605436920272
3553,4075.74134667009,3552.3223979497234,0.9524720315857849
3554,4076.719781863792,3553.3307109887783,1.0083130390548831
3555,4077.413345484527,3554.0454761517362,0.7147651629579741
3556,4078.922771360212,3555.6011085515133,1.555632399777096
3557,4080.108304481202,3556.8229955296256,1.221886978112252
3558,4081.066083420948,3557.8101843821087,0.9871888524830865
3559,4081.698568431798,3558.462110323713,0.6519259416045315
3560,4082.588348141119,3559.379265934767,0.9171556110536585
3561,4083.630042860072,3560.453049750373,1.0737838156060207
3562,4084.942883202914,3561.8063919856577,1.3533422352847992
3563,4085.515370585825,3562.396561966456,0.5901699807982368
3564,4086.379221074612,3563.287118644338,0.8905566778821594
3565,4086.967478975277,3563.893579344288,0.606460699949821
3566,4088.781881483149,3565.7642108158116,1.8706314715236658
3567,4089.730285637656,3566.7420573444115,0.9778465285999118
3568,4090.591265910279,3567.6297963060506,0.8877389616391156
3569,4091.910846159218,3568.9904441981744,1.3606478921237795
3570,4092.297206464627,3569.3888415303913,0.39839733221697315
3571,4093.248362229124,3570.3696552199303,0.9808136895389907
3572,4093.905911945288,3571.047728515764,0.6780732958336557
3573,4095.137930751252,3572.318246600438,1.2705180846742223
3574,4096.510847296561,3573.734134824778,1.4158882243395965
3575,4097.063684460353,3574.304296229131,0.5701614043532572
3576,4098.475186448155,3575.760084259606,1.4557880304751052
3577,4099.244845293627,3576.5539238397664,0.7938395801602383
3578,4100.107534130521,3577.4437435153704,0.8898196756040306
3579,4101.578447921561,3578.9609829260107,1.5172394106402862
3580,4102.037362535125,3579.434367986584,0.4733850605734915
3581,4102.825941825781,3580.247831759648,0.8134637730636314
3582,4104.141331202191,3581.604783363414,1.3569516037659923
3583,4104.61309857983,3582.0914734768685,0.4866901134546424
3584,4105.512852569234,3583.0197120079392,0.9282385310707468
3585,4107.327219355882,3584.8916137233473,1.8719017154080575
3586,4108.62423343028,3586.229835274019,1.338221550671733
3587,4108.852443160769,3586.465302205427,0.23546693140815478
3588,4109.710931285792,3587.351108814652,0.8858066092248009
3589,4110.63431988672,3588.3039129976473,0.9528041829953509
3590,4111.859845445069,3589.5685300319815,1.264617034334151
3591,4112.667206018723,3590.4016753352375,0.8331453032560603
3592,4113.485989227034,3591.2466338414692,0.8449585062317055
3593,4114.687567837159,3592.486672119057,1.2400382775877006
3594,4115.61577379848,3593.4446259743113,0.9579538552543454
3595,4116.813980891257,3594.6812834387456,1.2366574644343018
3596,4117.600710739797,3595.493289573143,0.8120061343975067
3597,4118.974352669457,3596.911121620247,1.4178320471037296
3598,4119.596332883649,3597.553134945373,0.6420133251262996
3599,4120.634210584372,3598.624474508678,1.0713395633047185
3600,4121.348656802787,3599.361979123116,0.7375046144379667
3601,4121.794658785042,3599.8223855909305,0.4604064678146642
3602,4123.240086669544,3601.314549106986,1.4921635160553706
3603,4124.648829380197,3602.7689188924214,1.4543697854355742
3604,4125.592128452605,3603.742812821453,0.9738939290314192
3605,4126.378063880529,3604.554265406169,0.811452584716335
3606,4127.593370808397,3605.80907690184,1.254811495670765
3607,4128.29816669967,3606.5368088643336,0.7277319624936354
3608,4128.777675202577,3607.0319328902015,0.49512402586788085
3609,4130.466763780256,3608.776098387125,1.744165496923415
3610,4131.136979899322,3609.4681990305035,0.6921006433785806
3611,4131.928002432786,3610.285073037634,0.8168740071305365
3612,4132.724451307377,3611.1075750747145,0.8225020370805396
3613,4134.05064882827,3612.4772089168764,1.3696338421618748
3614,4135.441760021329,3613.913955281449,1.4367463645726275
3615,4136.396688873409,3614.9002535270147,0.9862982455656493
3616,4136.97485348348,3615.4974278858563,0.5971743588415848
3617,4137.962941379643,3616.518033361219,1.0206054753625722
3618,4138.838339555493,3617.4222719142354,0.904238553016512
3619,4139.464099155239,3618.0686655001946,0.6463935859592311
3620,4140.892830115633,3619.544564292323,1.4758987921281914
3621,4141.373775320129,3620.0414049750634,0.49684068274063975
3622,4143.34706250045,3622.080003324648,2.0385983495843902
3623,4143.897624856072,3622.6488146912598,0.5688113666119534
3624,4144.603298798389,3623.377896016853,0.7290813255931425
3625,4145.564792568009,3624.371313555009,0.9934175381558816
3626,4147.071922279525,3625.928554798399,1.5572412433903082
3627,4147.595069547506,3626.4691169114317,0.5405621130325926
3628,4148.652520778808,3627.561801290617,1.092684379185357
3629,4149.069451050762,3627.9926350265873,0.43083373597028185
3630,4150.445097952485,3629.4142032156174,1.4215681890300402
3631,4151.1468515095,3630.1394103781477,0.725207162530296
3632,4152.768725265642,3631.8155617094735,1.6761513313258547
3633,4153.839146745053,3632.9218611065367,1.1062993970631396
3634,4154.630899005978,3633.740179218653,0.8183181121162306
3635,4155.334787261633,3634.4677053684127,0.7275261497597967
3636,4156.296304962838,3635.4615433116805,0.993837943267863
3637,4156.913907991738,3636.099924984643,0.6383816729626233
3638,4158.129334413811,3637.356285876305,1.256360891661643
3639,4159.48046169898,3638.752984278406,1.396698402101265
3640,4159.921665840759,3639.209084580147,0.4561003017411167
3641,4161.096281182125,3640.423394190754,1.2143096106069606
3642,4162.377914593378,3641.7483985803406,1.325004389586411
3643,4163.27885305083,3642.6798627438807,0.9314641635401131
3644,4164.135351440632,3643.565409887506,0.8855471436254447
3645,4165.139162955601,3644.603302071996,1.0378921844899196
3646,4166.078428062399,3645.574491285306,0.9711892133100264
3647,4166.984173408357,3646.511053375586,0.9365620902799492
3648,4167.509875345773,3647.054655972408,0.5436025968219838
3649,4168.303453625532,3647.8752763509433,0.8206203785352955
3650,4170.482806110558,3650.129016474113,2.2537401231697913
3651,4170.875114381648,3650.5347346207573,0.40571814664417616
3652,4172.130758051547,3651.8333381610996,1.2986035403423557
3653,4172.876966851698,3652.605105813293,0.7717676521933754
3654,4173.416864022802,3653.1635085730686,0.5584027597756176
3655,4174.873181874607,3654.6697988012174,1.5062902281488277
3656,4175.512052252207,3655.3306170181386,0.6608182169211432
3657,4176.643071920197,3656.5005300374123,1.1699130192737357
3658,4177.32218862404,3657.2030235371108,0.7024934996984484
3659,4178.530304183176,3658.4527687099576,1.249745172846815
3660,4179.574699430187,3659.533196849008,1.080428139050582
3661,4180.503181765202,3660.493747817935,0.9605509689267819
3662,4181.922493184465,3661.962143930073,1.4683961121381799
3663,4182.850792879098,3662.9225889066993,0.9604449766261496
3664,4183.377504371781,3663.4675540135786,0.5449651068793173
3665,4183.846344459316,3663.9526510135893,0.4850970000106827
3666,4185.312727675293,3665.4699346706416,1.5172836570523032
3667,4185.957936687375,3666.137565796623,0.667631125981643
3668,4187.200718846234,3667.423581359262,1.2860155626385676
3669,4188.419977240158,3668.685311872059,1.261730512797385
3670,4189.615279793401,3669.9223068920105,1.2369950199513369
3671,4190.233269290915,3670.5618733109072,0.6395664188967203
3672,4190.985912225672,3671.3408141431983,0.7789408322910276
3673,4192.109712345712,3672.5039207049435,1.1631065617452805
3674,4193.175851165785,3673.607393504686,1.1034727997425762
3675,4194.092245882132,3674.5559129505,0.9485194458138722
3676,4194.899013888262,3675.390989037771,0.8350760872708634
3677,4195.541351655143,3676.0558829735587,0.6648939357878589
3678,4196.604548355805,3677.156449010258,1.1005660366990924
3679,4198.425989112479,3679.042009561122,1.8855605508642839
3680,4199.335192631165,3679.9832666402326,0.9412570791105281
3681,4199.633002829637,3680.291582815201,0.3083161749682404
3682,4200.997463466575,3681.704221081793,1.4126382665922392
3683,4201.827002236684,3682.5630844458583,0.8588633640652006
3684,4202.416698746014,3683.1736428605345,0.610558414676234
3685,4203.280813660139,3684.0683516667154,0.8947088061809154
3686,4204.736011073342,3685.5751340762213,1.5067824095058313
3687,4205.627365267386,3686.4981252901684,0.9229912139471708
3688,4206.870191888257,3687.7851140016746,1.2869887115061829
3689,4207.354542104388,3688.2866907447847,0.5015767431100357
3690,4208.734782098328,3689.716069389816,1.4293786450311927
3691,4209.642902759412,3690.6565598266184,0.94049043680252
3692,4210.549793194045,3691.5958073014594,0.9392474748410677
3693,4211.52798070004,3692.60893051325,1.013123211790571
3694,4212.17022812972,3693.2741353036226,0.665204790372627
3695,4212.96729323347,3694.0997134538156,0.825578150192996
3696,4214.117686583578,3695.2913016165708,1.1915881627551244
3697,4215.179293281823,3696.390968081182,1.0996664646113459
3698,4216.83213576385,3698.103151478723,1.7121833975406844
3699,4217.495524251772,3698.790386166101,0.6872346873783499
3700,4218.230788626873,3699.552099799083,0.7617136329818095
3701,4219.086410356299,3700.4385260137024,0.8864262146194051
3702,4219.672061531219,3701.045277991173,0.6067519774705943
3703,4221.306739710491,3702.738921483477,1.6936434923040906
3704,4222.126671441055,3703.588467334007,0.8495458505299212
3705,4222.507243705138,3703.9827936376505,0.39432630364353827
3706,4223.90117999222,3705.427153973518,1.4443603358677137
3707,4225.282365846365,3706.858374856418,1.4312208828996518
3708,4225.72230733287,3707.314268814173,0.4558939577550518
3709,4227.210630501787,3708.8566132741707,1.542344459997821
3710,4227.984705072136,3709.6588172036795,0.802203929508778
3711,4228.980834106909,3710.6911780988653,1.032360895185775
3712,4229.533411497633,3711.2638703018074,0.5726922029421075
3713,4230.657847975154,3712.429273769454,1.1654034676466836
3714,4231.008079754503,3712.7922753818984,0.36300161244435003
3715,4232.660327378782,3714.504827980797,1.7125525988985828
3716,4234.13726075096,3716.035754467265,1.5309264864681609
3717,4234.672186485429,3716.5902560214445,0.5545015541792964
3718,4235.50281478465,3717.451302807712,0.8610467862677069
3719,4236.708778081334,3718.701475899603,1.2501730918907015
3720,4237.343105088598,3719.3590788311058,0.6576029315028791
3721,4238.581562429219,3720.6430235424973,1.2839447113915412
3722,4239.083355091351,3721.163262971856,0.5202394293587531
3723,4240.60922327622,3722.745282789429,1.5820198175729274
3724,4241.10402429008,3723.2583111418567,0.513028352427682
3725,4241.783753083256,3723.9630945701215,0.7047834282648182
3726,4243.573652494019,3725.8190521510646,1.8559575809431408
3727,4244.575822632997,3726.8582609360546,1.0392087849900236
3728,4245.621059995547,3727.9421687632303,1.083907827175608
3729,4246.010961501897,3728.346505876355,0.4043371131247113
3730,4247.050666369494,3729.424732348376,1.078226472021015
3731,4247.882863620121,3730.2877921276245,0.8630597792484878
3732,4248.798229920727,3731.237135297359,0.949343169734675
3733,4249.842360550781,3732.320060632946,1.0829253355868786
3734,4251.024571916936,3733.546246381894,1.2261857489479553
3735,4252.063770376693,3734.6241428281055,1.0778964462115255
3736,4253.452157043095,3736.0642937328703,1.4401509047647778
3737,4253.641943495415,3736.2611617368298,0.19686800395948012
3738,4254.606741244741,3737.261980075872,1.0008183390423255
3739,4256.253977915078,3738.9707965696334,1.7088164937613328
3740,4256.903916379893,3739.645060064304,0.6742634946704129
3741,4257.398426070861,3740.1580881839977,0.5130281196938995
3742,4258.412309498924,3741.2099681643213,1.0518799803235197
3743,4259.219971503959,3742.047925808121,0.8379576437996548
3744,4260.828780400026,3743.7171542283527,1.669228420231775
3745,4261.801316153906,3744.7262608781098,1.0091066497570864
3746,4262.834917758819,3745.798768395524,1.0725075174141239
3747,4263.851070090163,3746.853208711705,1.0544403161811715
3748,4264.326484097473,3747.3465492566284,0.49334054492328505
3749,4265.197753530234,3748.2506937271237,0.9041444704953392
3750,4266.175526297829,3749.2653938841204,1.014700156996696
3751,4267.375018115877,3750.510235433707,1.2448415495864538
3752,4268.223032063965,3751.390343009436,0.8801075757291983
3753,4269.311963383196,3752.520524951114,1.1301819416780745
3754,4270.228945852237,3753.472278605062,0.9517536539478897
3755,4271.219357724019,3754.5002812454823,1.0280026404202545
3756,4272.626546682785,3755.9609424720766,1.4606612265943113
3757,4273.266070375792,3756.624792030724,0.6638495586475983
3758,4274.006198485265,3757.3930917589814,0.7682997282572614
3759,4275.106732633899,3758.535553436696,1.1424616777144365
3760,4275.86364807041,3759.321331581392,0.7857781446959962
3761,4276.733176340395,3760.2240430333927,0.9027114520008581
3762,4277.420042959429,3760.937141941128,0.713098907735457
3763,4279.548867188125,3763.1473801117604,2.2102381706322376
3764,4280.161625524678,3763.7836037861025,0.6362236743420908
3765,4280.973787692787,3764.626888898504,0.8432851124016452
3766,4281.587159761129,3765.26378231051,0.6368934120059748
3767,4282.943479138627,3766.672162924322,1.4083806138119144
3768,4283.493728632653,3767.2435527991975,0.5713898748754218
3769,4284.84496540147,3768.6467513117595,1.403198512562085
3770,4285.629053648214,3769.461022729519,0.8142714177593007
3771,4286.158107286905,3770.0104549817042,0.5494322521853974
3772,4287.680518179439,3771.591565589823,1.5811106081187063
3773,4288.504766274432,3772.44763018333,0.8560645935071989
3774,4289.812145760648,3773.805527056519,1.35789687318902
3775,4290.683826357642,3774.7109247907474,0.9053977342282451
3776,4291.674919393786,3775.7403881501436,1.0294633593962317
3777,4292.726444975234,3776.8326635365274,1.0922753863837897
3778,4292.817263390521,3776.9270033641624,0.09433982763493987
3779,4293.813814959747,3777.9622155197185,1.0352121555561098
3780,4295.348211448384,3779.556209917037,1.593994397318511
3781,4296.247687553782,3780.490663377177,0.9344534601400483
3782,4297.269668492699,3781.5524218105656,1.0617584333886043
3783,4298.663179089634,3783.0002328925348,1.447811081969121
3784,4299.05494728291,3783.4072799413098,0.40704704877498443
3785,4300.089148378122,3784.481841901323,1.0745619600133978
3786,4301.012050609305,3785.440794859654,0.9589529583308831
3787,4302.145194882383,3786.61824551275,1.1774506530960025
3788,4303.183384178742,3787.6970701103837,1.0788245976336839
3789,4303.534636903586,3788.0620800862316,0.3650099758478973
3790,4304.617528001025,3789.187412679527,1.1253325932952976
3791,4305.613823712049,3790.2227942686536,1.0353815891267004
3792,4307.449077599056,3792.130143410178,1.9073491415242643
3793,4307.998991754307,3792.7016843697693,0.5715409595914025
3794,4309.172964976839,3793.9218645243163,1.2201801545470516
3795,4309.358615069696,3794.114826363091,0.19296183877486328
3796,4310.63217609722,3795.438580336962,1.32375397387068
3797,4311.662007243931,3796.509042462252,1.0704621252903053
3798,4312.226430123802,3797.0957507018934,0.5867082396412115
3799,4313.401370258529,3798.3171192324057,1.2213685305123363
3800,4314.799283160255,3799.770337772159,1.4532185397533794
3801,4315.57374180521,3800.575467360041,0.8051295878817655
3802,4316.464656306925,3801.5016921732677,0.9262248132267814
3803,4317.35619074026,3802.4285907849467,0.9268986116790074
3804,4318.867542854213,3803.9999600986384,1.5713693136917755
3805,4319.406828392036,3804.5606815452757,0.560721446637217
3806,4320.162243602362,3805.3461415601437,0.785460014868022
3807,4321.074891627432,3806.295115984393,0.9489744242491724
3808,4322.076165190022,3807.3362788263084,1.0411628419155932
3809,4322.664566486274,3807.948138394971,0.6118595686625667
3810,4324.546748008151,3809.9054439729316,1.9573055779605966
3811,4325.293085728018,3810.6816065885578,0.7761626156261627
3812,4326.350118583585,3811.7809153040607,1.099308715502957
3813,4327.394690703759,3812.867305298316,1.0863899942551143
3814,4327.700362559453,3813.1852218573567,0.31791655904089566
3815,4328.615769054421,3814.1373185583816,0.9520967010248569
3816,4330.027835915255,3815.6060425777187,1.4687240193370599
3817,4330.890065791732,3816.5029042321967,0.8968616544780161
3818,4331.851915622108,3817.503419349874,1.0005151176774234
3819,4332.303902286719,3817.973587112568,0.47016776269401817
3820,4334.020581083662,3819.7593874424256,1.7858003298574658
3821,4335.063147370885,3820.8439851560533,1.0845977136277725
3822,4335.606667165304,3821.409432967426,0.5654478113724508
3823,4337.133662605671,3822.998092252602,1.5886592851761634
3824,4337.451842980884,3823.3291323097515,0.3310400571494938
3825,4338.719122162573,3824.6476671202954,1.3185348105439516
3826,4339.027061506985,3824.9680700958907,0.32040297559524333
3827,4340.087832540901,3826.071801726981,1.1037316310903407
3828,4341.413050962384,3827.450748682588,1.378946955606807
3829,4342.901618174998,3828.99974387827,1.5489951956819823
3830,4343.563201207075,3829.6882097614453,0.6884658831754678
3831,4344.334641491138,3830.491017103799,0.8028073423538444
3832,4345.249657154565,3831.443265921676,0.9522488178768072
3833,4346.242896210367,3832.476955852202,1.0336899305261795
3834,4347.628030072284,3833.9185613002046,1.4416054480025196
3835,4347.788735321777,3834.085823012925,0.167261712720574
3836,4348.975430851983,3835.320962687922,1.2351396749968444
3837,4350.013922105545,3836.401890268041,1.080927580118896
3838,4350.871384355086,3837.2944211165245,0.8925308484836023
3839,4351.952516632845,3838.419808011128,1.1253868946037073
3840,4353.700189732445,3840.2391100265813,1.819302015453104
3841,4354.220757625008,3840.781035137591,0.5419251110097321
3842,4354.724596590273,3841.305554420358,0.5245192827669598
3843,4355.893110782249,3842.522066558906,1.2165121385478415
3844,4356.482766408338,3843.1359618490687,0.6138952901628727
3845,4357.587591693043,3844.2862386754323,1.1502768263635517
3846,4358.75564313242,3845.502391206846,1.216152531413627
3847,4359.500185597816,3846.27762039752,0.7752291906740538
3848,4361.191076817523,3848.038277789163,1.7606573916432353
3849,4361.486734502676,3848.3461450285904,0.3078672394271962
3850,4362.761583185765,3849.673676711796,1.3275316832055069
3851,4363.525581318881,3850.469275408178,0.7955986963820578
3852,4364.546908846037,3851.532880434081,1.0636050259031435
3853,4365.671997008556,3852.7045852607826,1.1717048267014434
3854,4366.527307542685,3853.5953654263276,0.8907801655450385
3855,4367.00051184907,3854.0882049192314,0.49283949290384044
3856,4367.711048429534,3854.828239901651,0.7400349824197292
3857,4369.537964927337,3856.7310865144445,1.9028466127933825
3858,4370.734627509905,3857.977550561245,1.246464046800611
3859,4371.362633022015,3858.6317126206727,0.6541620594275628
3860,4372.227906507444,3859.533048430208,0.9013358095353396
3861,4373.43317829092,3860.788598192875,1.2555497626667602
3862,4373.863804411419,3861.23720072471,0.4486025318351494
3863,4374.695096160703,3862.1032136864083,0.8660129616982886
3864,4376.083223911227,3863.5493764932653,1.4461628068570462
3865,4376.98295329676,3864.4867593355243,0.9373828422590122
3866,4377.768463362285,3865.3051668744956,0.8184075389713144
3867,4379.10331587546,3866.6959749882535,1.3908081137578847
3868,4379.759864529333,3867.3800692252184,0.6840942369649383
3869,4381.091028309869,3868.7671302262756,1.3870610010571909
3870,4382.125949498677,3869.8455535202556,1.078423293979995
3871,4382.875748523265,3870.626894063484,0.7813405432284526
3872,4383.466427318297,3871.2424351015316,0.6155410380474677
3873,4384.41960113908,3872.235755646293,0.9933205447614455
3874,4385.579886328904,3873.444955390088,1.209199743795125
3875,4386.083678707494,3873.970001535363,0.5250461452747004
3876,4387.756260025838,3875.7132110016587,1.7432094662958662
3877,4389.029478391509,3877.0402616271067,1.3270506254480097
3878,4389.719630868886,3877.7596186386077,0.7193570115009607
3879,4390.351108275228,3878.417832810648,0.6582141720405161
3880,4391.021213066968,3879.1163256613218,0.6984928506735741
3881,4392.57433767484,3880.735308809264,1.6189831479423447
3882,4393.358662552607,3881.5529253354935,0.817616526229358
3883,4394.028511126825,3882.251224112293,0.6982987767996747
3884,4395.060893844164,3883.3274866210027,1.076262508709533
3885,4395.951097930616,3884.2555584102815,0.9280717892788743
3886,4397.223222687318,3885.581846891589,1.3262884813075289
3887,4398.451719633078,3886.8627055994925,1.2808587079034623
3888,4399.177467304122,3887.6194122007664,0.7567066012738906
3889,4400.270180039161,3888.758773797871,1.139361597104653
3890,4401.175471547633,3889.702745703978,0.9439719061069809
3891,4401.533574080142,3890.076157066913,0.37341136293480304
3892,4402.808234516906,3891.4053466740143,1.329189607101398
3893,4403.239569924198,3891.8551476391553,0.4498009651410939
3894,4405.218604639984,3893.918991439133,2.0638437999778034
3895,4405.832303993916,3894.5590188658302,0.6400274266970882
3896,4406.706876416485,3895.471134482157,0.9121156163269006
3897,4407.973180939618,3896.7918472271017,1.320712744944558
3898,4408.623707863405,3897.470347296364,0.6785000692620997
3899,4409.66609713411,3898.5575919394864,1.0872446431226308
3900,4410.491141982205,3899.418167349946,0.8605754104596599
3901,4411.715201530782,3900.694986285829,1.2768189358830568
3902,4412.237247490713,3901.239549902204,0.5445636163749441
3903,4413.216561165381,3902.261131295836,1.0215813936320046
3904,4413.934044512483,3903.0096035729453,0.7484722771091583
3905,4415.850961826551,3905.00940578334,1.9998022103945914
3906,4416.593999029482,3905.7846065242975,0.7752007409576436
3907,4417.580116975687,3906.813440864712,1.0288343404145053
3908,4418.241556472838,3907.5035520528127,0.6901111881006727
3909,4418.971524790858,3908.2651809023737,0.7616288495610206
3910,4419.922457573369,3909.2573867759784,0.9922058736046893
3911,4421.141217996644,3910.5290923529656,1.2717055769871877
3912,4421.904701207758,3911.325769894782,0.7966775418162797
3913,4422.790749620984,3912.25036776795,0.9245978731682953
3914,4424.339666554157,3913.8667415519344,1.6163737839842724
3915,4425.244909574642,3914.811448753843,0.9447072019083862
3916,4425.495648732297,3915.0731241285994,0.2616753747565781
3917,4427.164720656212,3916.815051759439,1.7419276308396547
3918,4428.073175842686,3917.763203496962,0.9481517375229487
3919,4428.881802431638,3918.607189403093,0.8439859061309107
3920,4429.488009566999,3919.2399199453803,0.6327305422873906
3921,4430.247448795439,3920.0326055832675,0.7926856378871889
3922,4431.424340483089,3921.261059669775,1.2284540865075542
3923,4432.575627454585,3922.462835370672,1.2017757008970875
3924,4434.029253195875,3923.980276634051,1.5174412633787142
3925,4434.77910483607,3924.7630771137415,0.7828004796906498
3926,4435.529083292581,3925.546030166201,0.7829530524595611
3927,4436.423737983623,3926.4800468873455,0.9340167211444168
3928,4437.394173677607,3927.4932112058364,1.013164318490908
3929,4437.976869628508,3928.101579694394,0.6083684885575167
3930,4439.557560714415,3929.7519745053714,1.6503948109775592
3931,4440.107585509009,3930.32627474829,0.5743002429185253
3932,4441.064996264989,3931.32596687451,0.9996921262199976
3933,4441.984948578359,3932.2865772576406,0.9606103831306427
3934,4443.365941871084,3933.728661639815,1.442084382174471
3935,4444.564424110315,3934.9802165817327,1.251554941917675
3936,4445.238338540595,3935.683996734467,0.7037801527344527
3937,4445.772758248951,3936.2421117676604,0.5581150331931894
3938,4447.263096016792,3937.798582765,1.556470997339602
3939,4447.732962461674,3938.2893158547768,0.4907330897767679
3940,4448.301901068335,3938.8835314491116,0.5942155943348553
3941,4449.635268124368,3940.276183139562,1.3926516904502932
3942,4451.09812080031,3941.8041508382503,1.5279676986883715
3943,4452.188083705134,3942.942680309575,1.1385294713245457
3944,4452.680702066042,3943.4572626943136,0.5145823847387874
3945,4453.734551271115,3944.558128248197,1.1008655538835228
3946,4454.462905440249,3945.319000349233,0.7608721010360568
3947,4455.762657972553,3946.676828422595,1.3578280733618158
3948,4456.703250193515,3947.659485819376,0.9826573967811782
3949,4457.24582633994,3948.2263414317486,0.5668556123723647
3950,4458.188749330669,3949.2114838140255,0.9851423822769902
3951,4459.171279016141,3950.2380400496954,1.0265562356698865
3952,4460.548529287526,3951.6770620549482,1.4390220052528093
3953,4461.404140478538,3952.5710827716525,0.89402071670429
3954,4462.734622194916,3953.96134346164,1.3902606899873717
3955,4463.647648067207,3954.915428408455,0.9540849468153283
3956,4464.038523256992,3955.323890470974,0.40846206251899275
3957,4464.812716127627,3956.132933126396,0.8090426554217629
3958,4465.805997569221,3957.170957771218,1.0380246448221442
3959,4467.228532883002,3958.6576336277317,1.486675856513557
3960,4467.739817015268,3959.1919886096653,0.5343549819335749
3961,4469.170662737411,3960.6874483681936,1.495459758528341
3962,4469.978032831735,3961.5313098057054,0.843861437511805
3963,4471.361757252284,3962.977629483714,1.4463196780084218
3964,4471.550195590352,3963.1745974411597,0.1969679574458496
3965,4472.959272015183,3964.6474954527466,1.472898011586949
3966,4474.186277577409,3965.930133573763,1.2826381210165891
3967,4474.317091778978,3966.0668820641567,0.1367484903935292
3968,4475.80111093176,3967.618265257908,1.5513831937514624
3969,4476.246519157507,3968.0839071676824,0.4656419097741491
3970,4477.015857063332,3968.8882106154742,0.8043034477918809
3971,4479.269423276333,3971.244319949828,2.3561093343537323
3972,4479.730664772092,3971.726571381635,0.48225143180707164
3973,4480.533629739235,3972.566130106779,0.8395587251438883
3974,4481.410040221146,3973.4825076411503,0.9163775343713496
3975,4482.366885688957,3974.483019396289,1.000511755138632
3976,4483.238277466877,3975.39420600824,0.9111866119510523
3977,4484.123623369349,3976.320011610443,0.9258056022031269
3978,4485.052226103624,3977.2910807447224,0.9710691342793325
3979,4486.327219162947,3978.624431003111,1.3333502583886911
3980,4487.084191427809,3979.416077628015,0.7916466249039331
3981,4488.070667249022,3980.4477710982655,1.0316934702505023
3982,4489.240895547546,3981.6716845610918,1.2239134628262036
3983,4490.295506994855,3982.7747187489003,1.1030341878085892
3984,4491.218481252423,3983.740103941231,0.9653851923308139
3985,4492.00827787897,3984.5662159204967,0.8261119792655336
3986,4492.638034669207,3985.22494516692,0.6587292464232632
3987,4493.533634735209,3986.1617722152214,0.9368270483014385
3988,4494.493755901566,3987.166122003914,1.004349788692707
3989,4495.810018029897,3988.543071675724,1.3769496718100527
3990,4496.893451767271,3989.676504197714,1.1334325219900165
3991,4498.107112046468,3990.94622234855,1.2697181508356152
3992,4498.778394072473,3991.6485326709953,0.7023103224455554
3993,4499.585223107458,3992.4926764115808,0.8441437405854231
3994,4500.164602396073,3993.098865379819,0.6061889682382571
3995,4501.627186643985,3994.629180752945,1.5303153731260863
3996,4502.673855553595,3995.7243665046876,1.0951857517425196
3997,4503.32985434572,3996.4107929245406,0.6864264198529781
3998,4503.715555681812,3996.814391601919,0.40359867737834065
3999,4505.458867093073,3998.638661848906,1.8242702469869982
4000,4506.311496728817,3999.5309264340267,0.8922645851207562
4001,4507.745182883218,4001.0313161456843,1.50038971165759
4002,4508.211436902683,4001.519278698638,0.4879625529538316
4003,4509.371444648124,4002.7333290713777,1.2140503727396208
4004,4509.943668937136,4003.332229730585,0.5989006592071746
4005,4511.040014028519,4004.4797173158995,1.1474875853145932
4006,4511.462718596946,4004.9221516073185,0.4424342914189765
4007,4512.809991107199,4006.3323500810893,1.4101984737708335
4008,4514.077139589542,4007.6587406572894,1.3263905762000832
4009,4515.191306764589,4008.825044472487,1.1663038151978071
4010,4516.089845213539,4009.765661246747,0.9406167742599791
4011,4516.365671040827,4010.0544096348626,0.2887483881154367
4012,4518.275389222431,4012.0536724819767,1.999262847114096
4013,4518.584679215419,4012.377476844667,0.3238043626902254
4014,4519.574800020457,4013.4140847242784,1.036607879611438
4015,4520.538555008726,4014.423122043592,1.0090373193133928
4016,4521.475485153282,4015.404105494081,0.9809834504890205
4017,4522.144077728261,4016.104153364491,0.7000478704103443
4018,4523.237464378725,4017.2490145108595,1.1448611463683847
4019,4524.973397160757,4019.066758002844,1.8177434919844018
4020,4525.790882296899,4019.922806134751,0.8560481319073006
4021,4526.348586358783,4020.50683209865,0.5840259638989664
4022,4527.353633124018,4021.5593415664553,1.0525094678050664
4023,4527.94389354478,4022.1774932169183,0.6181516504630054
4024,4529.069234592006,4023.3560432741865,1.1785500572682395
4025,4530.025233174411,4024.3572788819456,1.0012356077590994
4026,4531.318968337879,4025.7122836010003,1.3550047190547048
4027,4531.643575987182,4026.052273457817,0.33998985681682825
4028,4533.29797647144,4027.785128632788,1.7328551749710641
4029,4534.135598244322,4028.66250860295,0.8773799701616554
4030,4534.935556004701,4029.500459808126,0.8379512051760685
4031,4535.90756251673,4030.5186613253354,1.0182015172094907
4032,4537.252568547484,4031.927643987458,1.4089826621225257
4033,4537.806098343884,4032.5075214452318,0.5798774577738186
4034,4538.508935088108,4033.243828250235,0.7363068050030961
4035,4539.188862923706,4033.9561516775943,0.712323427359479
4036,4540.347726623454,4035.1702675273577,1.2141158497634024
4037,4542.129666250983,4037.037258078223,1.8669905508654665
4038,4542.620486098008,4037.5515240114587,0.5142659332354924
4039,4543.746922273792,4038.7318010877316,1.180277076272887
4040,4544.720271320875,4039.7517096392794,1.0199085515478146
4041,4545.263343636487,4040.320773878304,0.5690642390245557
4042,4546.141207421272,4041.2406748420635,0.9199009637595736
4043,4547.593415368718,4042.7624821061295,1.5218072640659557
4044,4547.938636006363,4043.1242588369387,0.36177673080919703
4045,4549.281071828128,4044.531114841822,1.4068560048831387
4046,4550.068688879314,4045.3565570395986,0.8254421977767379
4047,4550.979693585306,4046.3113396224776,0.9547825828790337
4048,4552.321926160971,4047.7181253970793,1.406785774601758
4049,4553.53685028088,4048.9915342643067,1.2734088672273174
4050,4554.19795105097,4049.6844811758174,0.6929469115107167
4051,4554.959391486877,4050.4826201808164,0.7981390049990296
4052,4555.595473599204,4051.1493745922394,0.6667544114229713
4053,4556.891310536486,4052.5077413699064,1.3583667776670154
4054,4557.533974070579,4053.181438007088,0.6736966371818198
4055,4558.396623828291,4054.085766292897,0.9043282858087878
4056,4560.215941097672,4055.993068217695,1.9073019247980483
4057,4560.999833506232,4056.8149063409246,0.8218381232295542
4058,4561.62934660157,4057.474907668147,0.6600013272222895
4059,4562.596817089268,4058.4892611066257,1.0143534384787927
4060,4563.416046267605,4059.348215093755,0.8589539871290981
4061,4564.815955844672,4060.8160611166104,1.4678460228556105
4062,4565.416958272247,4061.446250656494,0.6301895398837587
4063,4566.253326081947,4062.323256828893,0.8770061723989784
4064,4567.121450990625,4063.2335889366,0.9103321077068358
4065,4567.941686478498,4064.093727426653,0.860138490053032
4066,4569.615770295187,4065.849325192562,1.7555977659089876
4067,4570.433329174899,4066.7067278621716,0.8574026696096553
4068,4571.45789878556,4067.7812628068787,1.0745349447070112
4069,4572.249860418587,4068.611871190339,0.8306083834604578
4070,4573.246173187396,4069.6568338015477,1.0449626112085753
4071,4573.924130511972,4070.3679154590163,0.7110816574686396
4072,4574.297621384389,4070.759661563253,0.39174610423651757
4073,4576.189954391835,4072.7445613144973,1.984899751244484
4074,4576.793917799958,4073.3780948579624,0.6335335434650915
4075,4577.859111429865,4074.4954714341343,1.1173765761718641
4076,4578.927025832073,4075.6157416693036,1.1202702351693006
4077,4579.956917853999,4076.6961629774864,1.0804213081828493
4078,4580.717084505585,4077.4936491032145,0.7974861257280281
4079,4581.894187213452,4078.72857987702,1.234930773805445
4080,4582.568249086155,4079.435778369603,0.7071984925833021
4081,4583.673687920994,4080.5955943068775,1.1598159372742884
4082,4584.380768499223,4081.3374787914236,0.7418844845460626
4083,4584.977258165429,4081.963342357655,0.625863566231601
4084,4586.207762605341,4083.254481523789,1.2911391661336893
4085,4587.674877076508,4084.79395866299,1.5394771392011535
4086,4588.977914220207,4086.161328281247,1.3673696182568165
4087,4589.643449489497,4086.859744529075,0.6984162478283906
4088,4589.748811533979,4086.9703134267293,0.11056889765404776
4089,4591.204146513097,4088.4976085164103,1.527295089681047
4090,4592.049309087907,4089.384594478737,0.8869859623268894
4091,4593.159791572762,4090.5500675030225,1.1654730242853475
4092,4593.836891986131,4091.260718562176,0.7106510591534061
4093,4594.787190560326,4092.25813166948,0.9974131073040553
4094,4596.263664401225,4093.8078691629353,1.5497374934552681
4095,4596.829908459072,4094.402230669796,0.5943615068608779
4096,4597.82081234233,4095.4423656462736,1.040134976477475
4097,4599.373672439873,4097.0724448808,1.6300792345259651
4098,4599.90757943769,4097.632920771579,0.5604758907793439
4099,4600.630054113463,4098.391363764464,0.7584429928847385
4100,4601.602961817192,4099.41273609443,1.0213723299666526
4101,4602.25612351384,4100.098452890904,0.6857167964735709
4102,4603.209690545088,4101.099574414664,1.0011215237600481
4103,4604.641681401318,4102.6030378654195,1.5034634507555893
4104,4605.88345169522,4103.906843969566,1.3038061041461333
4105,4606.462472402406,4104.514809352704,0.6079653831384348
4106,4607.753032587028,4105.86992505181,1.3551156991061362
4107,4608.216380944204,4106.356464737964,0.486539686154174
4108,4609.224160777058,4107.414711169968,1.0582464320032159
4109,4610.08423164593,4108.317879550927,0.9031683809589595
4110,4611.48467445768,4109.7885521545395,1.4706726036129112
4111,4612.028597458633,4110.359770207174,0.5712180526343218
4112,4612.78885401354,4111.158194935028,0.7984247278545809
4113,4613.684307641332,4112.09862979159,0.9404348565612963
4114,4615.536616091182,4114.044072840609,1.9454430490195591
4115,4616.222300661645,4114.764263834361,0.7201909937521123
4116,4616.958582780835,4115.5376166985825,0.773352864221124
4117,4618.107678910148,4116.7446055043565,1.2069888057740172
4118,4618.767170618818,4117.437343655464,0.6927381511077328
4119,4619.465593896857,4118.170992342936,0.7336486874719412
4120,4620.544365612923,4119.3042056024715,1.133213259535296
4121,4621.348279218697,4120.148715765712,0.8445101632405567
4122,4622.819323121313,4121.694103033335,1.5453872676225728
4123,4623.805611944196,4122.730278474093,1.0361754407585977
4124,4624.726278755094,4123.697542948814,0.9672644747206505
4125,4625.409262501679,4124.41511336457,0.7175704157561995
4126,4626.342985703834,4125.39614678916,0.9810334245903505
4127,4627.790229823108,4126.916779662593,1.5206328734329873
4128,4628.463443401889,4127.624155987449,0.7073763248554314
4129,4628.974234757265,4128.160878245122,0.5367222576733184
4130,4629.888782939312,4129.121876911309,0.9609986661871517
4131,4631.226406988972,4130.527491515262,1.4056146039529267
4132,4631.762401043947,4131.09074705377,0.5632555385082014
4133,4633.564438992182,4132.984511808778,1.8937647550073962
4134,4634.307105418773,4133.765013683157,0.7805018743792971
4135,4635.357160887011,4134.868596984532,1.1035833013747833
4136,4636.028343960682,4135.5740142515415,0.7054172670095795
4137,4636.392280747454,4135.956520372116,0.3825061205743623
4138,4637.792071980072,4137.427776243914,1.4712558717983484
4139,4638.748153747898,4138.432708252884,1.0049320089701723
4140,4639.715380822985,4139.449386942683,1.0166786897989368
4141,4640.561739730959,4140.339044140722,0.8896571980385488
4142,4641.758272380069,4141.596831292026,1.2577871513040009
4143,4642.685758176664,4142.571831957869,0.975000665843254
4144,4643.751735863573,4143.692455842267,1.1206238843979008
4145,4644.753105527211,4144.745195118407,1.0527392761396186
4146,4645.362987352405,4145.386380320975,0.6411852025685221
4147,4646.739486074074,4146.833577367986,1.4471970470112865
4148,4647.117263732463,4147.230769407985,0.39719203999811725
4149,4648.112608174798,4148.277289025727,1.046519617742888
4150,4648.564886816594,4148.75283257493,0.47554354920248443
4151,4650.614330328304,4150.907785834593,2.1549532596627614
4152,4651.664121145854,4152.011677811198,1.103891976605155
4153,4652.088399128892,4152.457831736237,0.4461539250387432
4154,4653.119156055232,4153.541760554624,1.083928818386994
4155,4654.06894959963,4154.54058164269,0.9988210880665065
4156,4654.947323957918,4155.464324403486,0.9237427607959035
4157,4655.721560896441,4156.278572877034,0.8142484735481048
4158,4656.922418573237,4157.541529819736,1.2629569427017486
4159,4657.820890194846,4158.486495822071,0.9449660023356046
4160,4658.394949957776,4159.090276645315,0.6037808232431416
4161,4659.918687610413,4160.692958069418,1.6026814241031389
4162,4660.563963934253,4161.371689606504,0.6787315370866054
4163,4662.080004603226,4162.966387373796,1.5946977672920184
4164,4662.945890919432,4163.877233881788,0.9108465079916641
4165,4663.505025593544,4164.465414605117,0.5881807233290601
4166,4664.322897246288,4165.325792448943,0.8603778438255176
4167,4665.141375953133,4166.186831746456,0.8610392975133436
4168,4666.090798752808,4167.185652812461,0.9988210660048935
4169,4667.424428268022,4168.588722712646,1.4030699001850735
4170,4668.055177752045,4169.252335642415,0.6636129297694424
4171,4669.829513522149,4171.119190979713,1.8668553372972383
4172,4670.350631746019,4171.667502367932,0.5483113882191901
4173,4671.032106498723,4172.3845520264795,0.717049658547694
4174,4671.877847964576,4173.274465588759,0.8899135622796166
4175,4673.282690521299,4174.752735296101,1.4782697073414965
4176,4674.12671604852,4175.640907975078,0.8881726789777531
4177,4674.741639863472,4176.288010943278,0.6471029681997607
4178,4675.727566686425,4177.325558488365,1.0375475450864542
4179,4676.334095816125,4177.963860441826,0.6383019534614505
4180,4677.93021914714,4179.643655977609,1.6797955357833416
4181,4679.087491041082,4180.861648750556,1.2179927729466726
4182,4680.088468859476,4181.915183598564,1.0535348480079847
4183,4680.606397111238,4182.460319406601,0.5451358080372302
4184,4681.604890746663,4183.511291168246,1.050971761645087
4185,4682.648662425132,4184.609956898092,1.0986657298453792
4186,4683.021291066599,4185.002191798867,0.39223490077529277
4187,4684.186914789603,4186.229176542442,1.226984743574576
4188,4685.407789642227,4187.514370455638,1.2851939131960535
4189,4686.70815514574,4188.883298489509,1.3689280338712706
4190,4687.072177975257,4189.266524923319,0.3832264338097957
4191,4688.252603006429,4190.509252865837,1.242727942518286
4192,4689.505062437305,4191.8278689088675,1.318616043030488
4193,4690.178840007101,4192.537258351697,0.7093894428298881
4194,4691.296768788717,4193.71430817998,1.1770498282830886
4195,4691.862100090804,4194.309552858407,0.5952446784267522
4196,4692.866432862005,4195.367054628763,1.0575017703558842
4197,4693.939417293336,4196.4968802483345,1.1298256195714202
4198,4694.173942793325,4196.7438349002,0.24695465186596266
4199,4696.095849872811,4198.767667571717,2.0238326715161747
4200,4697.354147471541,4200.092764996045,1.3250974243283054
4201,4697.774403761156,4200.535343576562,0.4425785805169653
4202,4698.924504209172,4201.746563236676,1.211219660113784
4203,4699.49725223096,4202.3497652314145,0.6032019947388108
4204,4700.15860328091,4203.0462952462485,0.6965300148340248
4205,4701.842587035351,4204.819921295188,1.7736260489391498
4206,4702.437645696011,4205.4466792395015,0.6267579443137947
4207,4703.015173840539,4206.054984262132,0.6083050226307023
4208,4704.338118407428,4207.448472008452,1.3934877463198063
4209,4705.482138782043,4208.65354255525,1.205070546798197
4210,4706.468570903251,4209.6926507579665,1.0391082027163066
4211,4707.18717195214,4210.449646261358,0.7569955033914084
4212,4708.595427452169,4211.933194702007,1.4835484406494288
4213,4709.332678157477,4212.709889543634,0.7766948416265222
4214,4709.944940346285,4213.354922737736,0.6450331941023251
4215,4710.552242005027,4213.994742405697,0.6398196679610919
4216,4711.691980184833,4215.195541581402,1.2007991757045602
4217,4712.777797477037,4216.339571894612,1.1440303132103509
4218,4714.247723107137,4217.888366859939,1.5487949653270334
4219,4714.997962824892,4218.678889050517,0.7905221905775761
4220,4715.952621727108,4219.684833733804,1.0059446832874528
4221,4716.660239219093,4220.430485401497,0.7456516676929823
4222,4717.733401081526,4221.561361554749,1.1308761532518474
4223,4718.529894766794,4222.400715526965,0.8393539722155765
4224,4719.595704166863,4223.523910891587,1.1231953646220063
4225,4720.38669437355,4224.357514843489,0.8336039519026599
4226,4721.537540939961,4225.570399701934,1.2128848584443404
4227,4721.954561819576,4226.009911803773,0.43951210183968215
4228,4723.234934939147,4227.359376018251,1.3494642144778481
4229,4724.996421877651,4229.21600603779,1.8566300195388976
4230,4725.487196574654,4229.733307534836,0.5173014970459917
4231,4726.271143852758,4230.559644674638,0.8263371398015806
4232,4726.949295824608,4231.274482603395,0.7148379287573334
4233,4728.21160435294,4232.605119414342,1.3306368109469986
4234,4728.750507230129,4233.173209237883,0.5680898235414134
4235,4729.661501548356,4234.133565179018,0.9603559411343667
4236,4730.962714323503,4235.505331736213,1.37176655719486
4237,4732.021907044926,4236.621997589882,1.116665853669474
4238,4733.193764940093,4237.857485938392,1.2354883485095343
4239,4733.844098699536,4238.543151951434,0.6856660130424643
4240,4734.527817832891,4239.264032479228,0.7208805277941792
4241,4736.044923936178,4240.863652210388,1.5996197311596916
4242,4736.596840064476,4241.445605600411,0.5819533900230454
4243,4737.784035547895,4242.697447220039,1.2518416196280668
4244,4738.432582516831,4243.381329395099,0.6838821750598072
4245,4738.793733317308,4243.762163133545,0.3808337384461993
4246,4740.332565971351,4245.384912195747,1.6227490622022742
4247,4741.721885804414,4246.850063421347,1.465151225599584
4248,4742.414037310374,4247.580017889823,0.7299544684756256
4249,4743.71792062917,4248.955158552937,1.3751406631145073
4250,4744.421811483696,4249.6975408167655,0.7423822638284037
4251,4744.996853269859,4250.304040394264,0.6064995774986528
4252,4745.842419030444,4251.195883166572,0.8918427723074274
4253,4746.839593742938,4252.247663115993,1.0517799494218707
4254,4748.335806689634,4253.82587114752,1.5782080315266285
4255,4748.700881129173,4254.21096369329,0.3850925457700214
4256,4749.728100218338,4255.294532194697,1.0835685014071714
4257,4751.215949059368,4256.864061572587,1.5695293778899213
4258,4751.682732579111,4257.356486048338,0.4924244757512497
4259,4753.084026101485,4258.834798073515,1.4783120251768196
4260,4753.918835840183,4259.715522241826,0.880724168310735
4261,4754.589564975896,4260.423158298551,0.7076360567252777
4262,4755.588948859227,4261.477561289823,1.0544029912716724
4263,4756.356140489576,4262.287011820999,0.8094505311764806
4264,4757.222671632887,4263.201297427748,0.914285606748308
4265,4757.970669573232,4263.990537677635,0.7892402498873707
4266,4760.158590209304,4266.299200962809,2.3086632851736795
4267,4760.441048058615,4266.597258205439,0.29805724263042066
4268,4761.516430763499,4267.7320558355195,1.1347976300803566
4269,4761.983993808134,4268.2254638091545,0.4934079736349304
4270,4763.158188506213,4269.464595290664,1.239131481509503
4271,4764.275424407307,4270.643660739482,1.1790654488177097
4272,4764.998476803594,4271.406750189948,0.7630894504663956
4273,4765.803255384904,4272.256111724154,0.8493615342058547
4274,4766.884818058115,4273.39762464231,1.1415129181559678
4275,4767.868858831064,4274.43624402377,1.0386193814601938
4276,4768.726470928571,4275.3414488805365,0.9052048567664315
4277,4770.256497157681,4276.956444117195,1.6149952366586149
4278,4770.891284039309,4277.626506399557,0.6700622823618687
4279,4772.057494829202,4278.857559094644,1.2310526950868734
4280,4772.644938936119,4279.477682568307,0.6201234736627157
4281,4773.43979777291,4280.316777520369,0.8390949520626236
4282,4774.056619725542,4280.967941854646,0.6511643342764728
4283,4775.395711249464,4282.381632733771,1.4136908791251699
4284,4776.429201254369,4283.472738222223,1.0911054884518308
4285,4777.63567698327,4284.746518147348,1.2737799251253819
4286,4778.374124696472,4285.526184669167,0.7796665218193084
4287,4779.596151378357,4286.816462555121,1.290277885953401
4288,4780.479123089006,4287.748779914621,0.9323173595003027
4289,4780.708587502446,4287.991072397573,0.24229248295159778
4290,4782.356874431614,4289.731557326549,1.7404849289760023
4291,4783.343224125133,4290.773122374126,1.0415650475770235
4292,4783.714516795385,4291.165208205637,0.39208583151139464
4293,4784.640967678604,4292.143562263438,0.9783540578009706
4294,4785.525415338092,4293.077586561352,0.9340242979142204
4295,4787.252675346163,4294.901741039215,1.824154477862976
4296,4788.152570124254,4295.852156706133,0.9504156669181612
4297,4788.999015740482,4296.746147094942,0.893990388808561
4298,4789.698347933762,4297.484778676401,0.7386315814592308
4299,4790.73381586886,4298.578465191499,1.093686515097943
4300,4791.291170821019,4299.167171847321,0.5887066558216247
4301,4792.408824018607,4300.347725106769,1.180553259448061
4302,4793.347319652199,4301.339070091225,0.991344984456191
4303,4794.286764715213,4302.331447259162,0.9923771679368656
4304,4795.780117831536,4303.909002183105,1.577554923943353
4305,4796.352903431831,4304.5141035898505,0.6051014067452343
4306,4797.097933597956,4305.301183662454,0.787080072603203
4307,4798.420841862599,4306.698802966419,1.3976193039652571
4308,4799.673211404295,4308.021953371265,1.3231504048462739
4309,4800.097767615227,4308.47051626539,0.44856289412473416
4310,4800.671002186038,4309.076174072734,0.6056578073439596
4311,4802.188369508509,4310.6794191542685,1.6032450815346238
4312,4802.377850869758,4310.879629867142,0.2002107128737407
4313,4803.704592676757,4312.281531546771,1.4019016796282813
4314,4805.072216480052,4313.726692229209,1.4451606824386545
4315,4806.371973581088,4315.100195950986,1.3735037217766148
4316,4806.921270594436,4315.680676219024,0.5804802680377179
4317,4807.541012033673,4316.335611993722,0.6549357746980604
4318,4808.604499169222,4317.45952285353,1.1239108598083476
4319,4809.346880319835,4318.2441057645265,0.7845829109965052
4320,4810.531881343333,4319.496507723269,1.2524019587426665
4321,4811.632288844529,4320.659546219699,1.1630384964300902
4322,4812.160772203606,4321.218123072252,0.5585768525525054
4323,4813.045552124358,4322.153305803271,0.9351827310192675
4324,4814.681559817522,4323.882579301187,1.729273497916438
4325,4815.324276549575,4324.561960346265,0.6793810450772071
4326,4816.451758256976,4325.753793172108,1.1918328258434485
4327,4817.232875407548,4326.579517285578,0.8257241134697324
4328,4818.240133484467,4327.644326226822,1.064808941244337
4329,4819.028426196154,4328.477682338707,0.8333561118852231
4330,4819.754628168565,4329.2454164049705,0.767734066263074
4331,4820.210030017202,4329.726871948148,0.4814555431776171
4332,4822.221164872704,4331.85314639762,2.126274449471566
4333,4822.905726969313,4332.576930852637,0.7237844550172667
4334,4824.13753747979,4333.879357565973,1.30242671333599
4335,4824.678397755427,4334.451239643484,0.5718820775109634
4336,4825.736295502355,4335.569842499114,1.1186028556303427
4337,4826.494341214861,4336.371409678796,0.8015671796820243
4338,4827.767321263363,4337.717517602485,1.346107923688578
4339,4828.337946620889,4338.320940563724,0.6034229612396302
4340,4829.386309918934,4339.429588189225,1.1086476255004527
4341,4830.136823559167,4340.223281071653,0.7936928824283314
4342,4831.185693208827,4341.332526349627,1.1092452779739688
4343,4832.224866730871,4342.4315531068005,1.0990267571733057
4344,4833.663263959365,4343.9528563282165,1.5213032214160194
4345,4834.665341189938,4345.012731307431,1.059874979214328
4346,4835.14402660966,4345.519037982666,0.5063066752354644
4347,4835.951966776302,4346.373615273124,0.8545772904581099
4348,4836.608965378984,4347.06855396406,0.6949386909354871
4349,4838.026709907396,4348.568218220909,1.499664256849428
4350,4838.660483732967,4349.2386339804125,0.6704157595031575
4351,4839.647158112444,4350.28237970092,1.0437457205071041
4352,4841.06472364531,4351.781996272242,1.4996165713228038
4353,4842.043504687774,4352.81746933737,1.035473065127917
4354,4842.585412400104,4353.390778455511,0.5733091181409691
4355,4843.621336000794,4354.486756585072,1.0959781295605353
4356,4844.69961296936,4355.627580844298,1.140824259226065
4357,4845.696734419166,4356.682576012669,1.0549951683715335
4358,4846.657760143522,4357.699411335143,1.0168353224735256
4359,4846.916049334815,4357.97270531273,0.2732939775869454
4360,4848.107405391169,4359.233299134032,1.2605938213018817
4361,4848.885041904171,4360.056154502158,0.8228553681265112
4362,4850.871518792203,4362.158233317914,2.1020788157557035
4363,4851.468722998431,4362.790216808544,0.6319834906298638
4364,4852.001065083389,4363.353570676183,0.5633538676393073
4365,4853.425815431965,4364.861366106036,1.507795429853104
4366,4854.027006706022,4365.4976192646955,0.6362531586592013
4367,4854.574296102755,4366.076837256408,0.5792179917125395
4368,4855.71846236384,4367.287785338751,1.2109480823428385
4369,4856.921830081506,4368.561436599191,1.2736512604406016
4370,4857.815380260171,4369.507205908127,0.9457693089352688
4371,4858.604172218368,4370.3421166578855,0.8349107497588193
4372,4859.68053162443,4371.481441121631,1.1393244637456519
4373,4860.809330725521,4372.6763136670015,1.1948725453703446
4374,4862.076654387723,4374.017868922596,1.3415552555943577
4375,4862.359349645752,4374.317129805958,0.299260883361967
4376,4863.760153919759,4375.800058232946,1.48292842698811
4377,4864.191948667562,4376.257180512751,0.4571222798049348
4378,4865.05535127265,4377.171245513817,0.9140650010658646
4379,4866.071578271192,4378.247133521128,1.075888007310823
4380,4866.954021268906,4379.181410689946,0.934277168817971
4381,4868.588327038713,4380.911781846691,1.7303711567456048
4382,4869.466636285994,4381.841754664929,0.9299728182377294
4383,4870.51725383192,4382.95420435271,1.1124496877810088
4384,4870.696564723367,4383.144071856737,0.1898675040274611
4385,4871.705539530007,4384.212467863479,1.0683960067417502
4386,4873.19318137595,4385.787781545885,1.5753136824059766
4387,4873.81844622746,4386.449916974483,0.6621354285980487
4388,4874.789996783109,4387.478783189827,1.0288662153434416
4389,4875.237660837144,4387.952867111633,0.47408392180659575
4390,4876.743142327452,4389.547245858807,1.5943787471742326
4391,4877.725299567702,4390.5874384241615,1.0401925653541184
4392,4878.629005583153,4391.544571913832,0.9571334896709232
4393,4880.058127358884,4393.058238339996,1.5136664261635815
4394,4880.609661001629,4393.642417680834,0.5841793408380909
4395,4881.311012339878,4394.38529686825,0.7428791874162926
4396,4882.304462235107,4395.437597564499,1.0523006962484942
4397,4882.890785935962,4396.058669488075,0.6210719235759825
4398,4883.927414234291,4397.156760535548,1.0980910474727352
4399,4885.36207472399,4398.6765412762625,1.5197807407148503
4400,4886.270478879996,4399.638876890017,0.9623356137544761
4401,4887.1984806467,4400.622001368148,0.983124478130776
4402,4888.175610835217,4401.657202776341,1.0352014081936431
4403,4888.90807934601,4402.433222556094,0.7760197797524597
4404,4890.214451316183,4403.817312421761,1.3840898656671925
4405,4890.627756888264,4404.255217686975,0.4379052652138853
4406,4891.783056074756,4405.479309055309,1.2240913683344843
4407,4892.934979042487,4406.699866403298,1.220557347988688
4408,4893.388337635762,4407.1802490442215,0.4803826409233807
4409,4893.963169529566,4407.7893554442935,0.6091064000720507
4410,4895.963739545986,4409.909293755511,2.1199383112170835
4411,4896.957746690976,4410.962658850297,1.0533650947863862
4412,4897.650781297581,4411.697097585355,0.7344387350576653
4413,4898.457291766485,4412.5518112479385,0.8547136625838903
4414,4899.161200688896,4413.297808388232,0.7459971402931842
4415,4900.429563379264,4414.642049824237,1.344241436005177
4416,4900.742881746493,4414.974120250856,0.3320704266188841
4417,4902.307209902897,4416.632120913917,1.6580006630611024
4418,4902.821632068549,4417.177364215041,0.5452433011241737
4419,4904.228632937446,4418.6687081361815,1.4913439211404693
4420,4905.142489080674,4419.637380052064,0.9686719158826236
4421,4906.098238142341,4420.650486735398,1.0131066833337172
4422,4906.69954197366,4421.287891959504,0.63740522410626
4423,4908.330089351213,4423.01639400614,1.7285020466360947
4424,4908.913521444296,4423.634896559558,0.6185025534177839
4425,4909.624111714984,4424.388215752526,0.7533191929678651
4426,4910.24508166746,4425.046539017312,0.6583232647863042
4427,4911.291910102137,4426.156365796739,1.1098267794268395
4428,4912.451308936105,4427.385578929814,1.2292131330750635
4429,4913.660637618067,4428.667774887386,1.2821959575721849
4430,4914.792645831573,4429.868034408423,1.200259521036969
4431,4915.70024068956,4430.830380163648,0.9623457552252148
4432,4916.332164477557,4431.500440668817,0.6700605051682942
4433,4917.230780504246,4432.453310600254,0.9528699314369078
4434,4917.807535042851,4433.064900441006,0.6115898407524583
4435,4919.487036337097,4434.845902969936,1.7810025289300029
4436,4919.88932505208,4435.272517689123,0.4266147191865457
4437,4920.840430543641,4436.2811564168915,1.0086387277688118
4438,4921.970590627642,4437.479718949843,1.1985625329516552
4439,4922.718991373757,4438.273439057718,0.793720107874833
4440,4924.317098249989,4439.968379814936,1.694940757218319
4441,4925.077606689338,4440.774998631485,0.8066188165485073
4442,4925.795026681425,4441.53593363758,0.760935006094769
4443,4926.727642209651,4442.525141696509,0.989208058929762
4444,4927.597951290635,4443.448287802625,0.9231461061153823
4445,4928.526064803157,4444.432774639981,0.9844868373565987
4446,4928.957136245711,4444.890038687832,0.4572640478509129
4447,4930.24031844293,4446.251224644166,1.3611859563334292
4448,4932.036812774138,4448.157015921645,1.9057912774796932
4449,4932.600670527043,4448.755199700711,0.5981837790659483
4450,4933.06812584381,4449.251120120299,0.4959204195874918
4451,4934.352289122011,4450.6135171875785,1.362397067279744
4452,4935.200994249788,4451.513956319084,0.9004391315056637
4453,4936.133949523506,4452.503807983664,0.9898516645798736
4454,4937.207162985993,4453.6425062095595,1.1386982258954959
4455,4937.770365700218,4454.240088980241,0.5975827706815835
4456,4938.753815526294,4455.283596873035,1.0435078927939685
4457,4939.641724784705,4456.22575642691,0.9421595538751717
4458,4940.852294862652,4457.510331951624,1.2845755247135457
4459,4942.135528578194,4458.872064781213,1.3617328295895277
4460,4942.976896462189,4459.764930353697,0.89286557248397
4461,4943.977866731886,4460.827196799561,1.0622664458633153
4462,4944.641603020051,4461.531595932619,0.7043991330583594
4463,4945.186898517928,4462.110308781786,0.5787128491674594
4464,4946.119253478643,4463.099823433182,0.9895146513954387
4465,4947.500490321851,4464.565790887141,1.4659674539589105
4466,4948.389808797447,4465.509696206198,0.943905319057194
4467,4949.085915385101,4466.2485479365005,0.7388517303024855
4468,4950.615812591259,4467.872444813458,1.6238968769575877
4469,4951.502384929288,4468.81352420926,0.9410793958022623
4470,4951.878797918169,4469.213086960039,0.39956275077838654
4471,4953.200555668675,4470.61617015545,1.4030831954114547
4472,4954.255067679667,4471.735604706608,1.1194345511576103
4473,4954.976576379402,4472.5015547044895,0.7659499978817621
4474,4955.822259816116,4473.39934926214,0.8977945576507409
4475,4956.466055278855,4474.082830881118,0.6834816189775665
4476,4957.331889630297,4475.002059749344,0.9192288682261278
4477,4959.028989320632,4476.803886478872,1.8018267295283295
4478,4960.163928407695,4478.008913579856,1.205027100983898
4479,4960.758090264617,4478.639784306991,0.6308707271346066
4480,4961.688462943185,4479.627660590165,0.987876283174046
4481,4962.261952448157,4480.236609630863,0.6089490406984623
4482,4963.526118617488,4481.578977945364,1.3423683145010727
4483,4964.307031405169,4482.408224113398,0.8292461680339329
4484,4964.925235089608,4483.0647044168,0.6564803034016222
4485,4966.633216269865,4484.878500413374,1.8137959965742994
4486,4966.868645587163,4485.128522650319,0.25002223694446
4487,4968.394640927226,4486.749148793069,1.6206261427505524
4488,4968.836094655103,4487.217992087219,0.46884329414933745
4489,4970.479982679448,4488.963928438944,1.7459363517255042
4490,4971.33924555621,4489.87656657542,0.9126381364758345
4491,4971.824996149397,4490.392501238387,0.5159346629670836
4492,4972.713491617353,4491.336226493829,0.9437252554416773
4493,4973.711578032464,4492.396385114493,1.0601586206639695
4494,4974.430478147271,4493.160014249348,0.7636291348553641
4495,4975.310997142413,4494.095340507859,0.9353262585109405
4496,4976.964034077549,4495.8513365051085,1.7559959972495562
4497,4977.755154086707,4496.691762178461,0.840425673352911
4498,4978.847855753177,4497.85259815357,1.1608359751089665
4499,4979.580892326641,4498.631363873345,0.7787657197750377
4500,4980.118762529119,4499.202799049248,0.5714351759024794
4501,4981.192703747711,4500.343785597756,1.1409865485084083
4502,4982.512361526239,4501.7458790651,1.4020934673435477
4503,4983.225027314619,4502.503086418873,0.757207353773083
4504,4983.979975829913,4503.305236860493,0.8021504416201424
4505,4984.568543574518,4503.9306164704985,0.6253796100054387
4506,4986.252566835796,4505.7200277627735,1.7894112922749628
4507,4987.187900982755,4506.713935253134,0.9939074903604705
4508,4988.191597307574,4507.780517013799,1.0665817606650307
4509,4988.905166592146,4508.538813708266,0.7582966944673899
4510,4990.345480286346,4510.069457536992,1.5306438287252604
4511,4990.449701819011,4510.180217952557,0.1107604155649824
4512,4991.214774408585,4510.993301976907,0.8130840243502462
4513,4992.379462341421,4512.231114675241,1.2378126983339826
4514,4993.495748983815,4513.417527801388,1.1864131261472721
4515,4994.632742172268,4514.6259891119635,1.2084613105753306
4516,4995.879247704657,4515.950893733593,1.3249046216296847
4517,4996.220820876864,4516.313958825308,0.36306509171481594
4518,4997.3961507071,4517.563269269758,1.2493104444502023
4519,4998.370030195673,4518.598482500315,1.0352132305570194
4520,4999.329681372983,4519.618600879022,1.0201183787066839
4521,5000.234316931327,4520.580263973829,0.9616630948066813
4522,5000.834381432413,4521.218170453933,0.6379064801049026
4523,5001.889773627185,4522.340146843963,1.1219763900298858
4524,5002.854002891859,4523.365239859642,1.0250930156789764
4525,5003.484944378312,4524.036023429075,0.6707835694323876
4526,5005.495907487709,4526.174057381407,2.13803395233208
4527,5006.208381106211,4526.931582379868,0.7575249984611219
4528,5006.7885588061,4527.548457999526,0.6168756196584582
4529,5007.48598291985,4528.290010370128,0.7415523706013118
4530,5008.626199656303,4529.5024055675485,1.2123951974208467
4531,5009.229044117223,4530.143428228043,0.6410226604948548
4532,5010.811172544718,4531.825807919413,1.6823796913695332
4533,5010.93319810604,4531.9555689098,0.12976099038678512
4534,5012.396833739677,4533.512024003058,1.5564550932585917
4535,5013.533605873148,4534.720933807993,1.208909804934592
4536,5014.238442056198,4535.470518328168,0.7495845201747215
4537,5015.357927937941,4536.661110060233,1.1905917320655135
4538,5016.192546914326,4537.548767009815,0.8876569495814692
4539,5017.347756568171,4538.777423847656,1.2286568378412994
4540,5018.084913547671,4539.561470726084,0.7840468784279437
4541,5018.939831850465,4540.470791204947,0.9093204788632647
4542,5019.395831473359,4540.955817548695,0.48502634374835907
4543,5020.352759395484,4541.9736802888065,1.0178627401110134
4544,5022.20302298378,4543.941846440293,1.968166151486912
4545,5022.83452601919,4544.613614970114,0.671768529820838
4546,5023.904889141233,4545.752254763211,1.138639793096445
4547,5024.725752594868,4546.625504312553,0.8732495493422903
4548,5025.730993593626,4547.69492713682,1.069422824267349
4549,5026.185476882354,4548.178438417057,0.4835112802365984
4550,5027.221563711044,4549.280724889707,1.1022864726501211
4551,5028.537886820898,4550.6812020517655,1.4004771620584506
4552,5029.216956939055,4551.403707348749,0.7225052969833996
4553,5030.026936938536,4552.2655149645,0.8618076157508767
4554,5030.967858186769,4553.266668337296,1.0011533727965798
4555,5032.399063540915,4554.789544557243,1.5228762199467383
4556,5033.166566080191,4555.606233479904,0.8166889226613421
4557,5034.550361163014,4557.078757908803,1.4725244288983959
4558,5035.01341640884,4557.571517910887,0.4927600020846512
4559,5035.523058437431,4558.113861048786,0.5423431378985697
4560,5036.84166710701,4559.517116154295,1.4032551055088334
4561,5037.500692756888,4560.218467724336,0.7013515700409698
4562,5038.324319636723,4561.09501132813,0.8765436037938343
4563,5039.621887452849,4562.475989294681,1.3809779665516544
4564,5041.041398993811,4563.986810664594,1.5108213699122643
4565,5041.798034522458,4564.792142633323,0.8053319687296607
4566,5042.492149716441,4565.530946404,0.7388037706768955
4567,5043.015445393969,4566.08794299714,0.5569965931399565
4568,5044.656791091307,4567.835049531447,1.7471065343070222
4569,5045.467130480162,4568.697634838809,0.8625853073617691
4570,5045.941675502018,4569.202785350068,0.505150511258762
4571,5046.99761743001,4570.326855089395,1.1240697393277514
4572,5047.863086184184,4571.248188827548,0.921333738152498
4573,5048.790228819727,4572.235203623871,0.9870147963229101
4574,5050.308459699166,4573.851535929982,1.6163323061109622
4575,5051.106699533689,4574.7013836623455,0.8498477323637417
4576,5052.279310472946,4575.949842793473,1.2484591311276745
4577,5052.772155289674,4576.474579303923,0.5247365104496566
4578,5053.712365319995,4577.4756509832405,1.001071679317647
4579,5054.43454734337,4578.244600177388,0.7689491941473534
4580,5055.192672473444,4579.051837756171,0.8072375787833153
4581,5056.60581307988,4580.55657196499,1.5047342088191726
4582,5057.589996235905,4581.60458270668,1.0480107416897226
4583,5058.345409417077,4582.4090076486455,0.8044249419654079
4584,5059.439905818899,4583.57454763112,1.165539982474911
4585,5060.55908091502,4584.766407164974,1.191859533853858
4586,5061.326249329027,4585.583421821962,0.8170146569873395
4587,5062.168472726691,4586.480389420274,0.8969675983125853
4588,5063.182715937442,4587.56058765318,1.0801982329057864
4589,5064.333813619171,4588.786579013812,1.2259913606321788
4590,5064.628972968499,4589.100948975298,0.3143699614856814
4591,5065.480124960541,4590.00751400296,0.9065650276625092
4592,5066.576539184779,4591.1753422555175,1.1678282525572286
4593,5068.384815238836,4593.10148135944,1.926139103922651
4594,5069.095935944008,4593.858980892852,0.7574995334116466
4595,5069.675544138526,4594.47640249996,0.6174216071085539
4596,5070.868551265875,4595.74727414035,1.2708716403894869
4597,5071.249797277139,4596.153412519333,0.406138378983087
4598,5072.410372660585,4597.38979243014,1.2363799108070452
4599,5073.482256176993,4598.531724987756,1.141932557616201
4600,5074.356062041534,4599.462661917616,0.930936929859854
4601,5074.911470242945,4600.0543961971225,0.5917342795064542
4602,5076.598637947781,4601.8519712294365,1.7975750323139437
4603,5077.152989530738,4602.442618754837,0.5906475254005272
4604,5078.001109183247,4603.346287336475,0.9036685816381578
4605,5079.61272616714,4605.063521825976,1.7172344895006972
4606,5080.123622144002,4605.607916419057,0.5443945930810514
4607,5081.130097770628,4606.680408933496,1.0724925144395456
4608,5081.694344429821,4607.281679617895,0.6012706843985143
4609,5082.317781511686,4607.946036202489,0.6643565845943158
4610,5083.769848918962,4609.493457729059,1.547421526569451
4611,5084.387439340745,4610.151623984297,0.6581662552380294
4612,5085.944230786497,4611.810749965308,1.6591259810111296
4613,5086.999761578074,4612.935708438457,1.1249584731494906
4614,5087.532668937751,4613.503681094655,0.5679726561975258
4615,5088.59890132201,4614.640098223255,1.136417128600442
4616,5089.178093913298,4615.257431069725,0.6173328464692531
4617,5090.345876811566,4616.502145223623,1.2447141538987125
4618,5091.262957883617,4617.479671695489,0.9775264718655308
4619,5092.401941911387,4618.6937634914375,1.2140917959486615
4620,5092.837760452183,4619.158331842021,0.4645683505832494
4621,5093.668880110626,4620.0442947442925,0.8859629022717854
4622,5095.086913061577,4621.555949518166,1.511654773873488
4623,5096.637933186211,4623.209443510631,1.6534939924649734
4624,5096.959423856329,4623.552184048309,0.3427405376778552
4625,5097.814429758906,4624.463719775008,0.911535726699185
4626,5098.956789006187,4625.6816432025325,1.2179234275245108
4627,5099.610743037994,4626.378872976371,0.6972297738384441
4628,5100.4914624162,4627.317895500362,0.9390225239912979
4629,5101.034063048503,4627.89642805016,0.5785325497972735
4630,5102.645948615176,4629.615109536,1.7186814858405342
4631,5103.728341253029,4630.769261875904,1.1541523399037033
4632,5104.41809304676,4631.504761405774,0.7354995298701397
4633,5105.638635526429,4632.8062926222565,1.3015312164825446
4634,5106.052225949793,4633.247337251036,0.4410446287793093
4635,5107.385740123911,4634.669406639179,1.4220693881434272
4636,5108.447770149327,4635.802002961769,1.1325963225899613
4637,5108.95909669844,4636.347316997474,0.5453140357049051
4638,5109.838982090978,4637.285706768759,0.938389771285074
4639,5110.806041672267,4638.317094835315,1.0313880665562465
4640,5111.503124654462,4639.060565610935,0.7434707756192438
4641,5113.010157221724,4640.667936249052,1.6073706381175725
4642,5113.946042880455,4641.666168661692,0.9982324126394815
4643,5115.372842952987,4643.188071639488,1.5219029777963442
4644,5115.726762097795,4643.565590957272,0.3775193177843903
4645,5116.560557463717,4644.455001191773,0.8894102345002466
4646,5117.025993413477,4644.951491525213,0.49649033344030613
4647,5118.533838768628,4646.559988201786,1.6084966765729405
4648,5119.365669161572,4647.447374991023,0.8873867892370981
4649,5120.24002346648,4648.3801489740035,0.9327739829805068
4650,5121.083490155642,4649.279994114826,0.8998451408224355
4651,5122.45478140975,4650.742991518855,1.4629974040290108
4652,5123.30289347793,4651.647850971948,0.904859453093195
4653,5124.061784988073,4652.457539040329,0.8096880683806376
4654,5125.253686756757,4653.729257106335,1.2717180660065424
4655,5126.27911801517,4654.823392184628,1.094135078292311
4656,5126.729993291786,4655.304486405302,0.4810942206740947
4657,5127.741716959095,4656.3840416396615,1.0795552343597592
4658,5128.681624974389,4657.386994769802,1.0029531301406678
4659,5128.964483858673,4657.688832016718,0.3018372469159658
4660,5131.043898973589,4659.907841294862,2.219009278143858
4661,5132.007167837769,4660.935821258961,1.0279799640993588
4662,5132.683137054001,4661.657218355451,0.7213970964894543
4663,5133.30657598966,4662.3225674828045,0.6653491273536929
4664,5134.663043878822,4663.770264489967,1.4476970071627875
4665,5135.171964073661,4664.3134267774485,0.5431622874812092
4666,5136.129936082085,4665.335876573792,1.0224497963436079
4667,5137.206291398495,4666.484711575372,1.148835001579755
4668,5138.042957957294,4667.37774243575,0.8930308603785306
4669,5139.121530962126,4668.529008416242,1.1512659804911891
4670,5139.679125649693,4669.124197642433,0.5951892261909961
4671,5141.096623935638,4670.6373108333355,1.5131131909029136
4672,5142.447907864872,4672.079801204573,1.4424903712379091
4673,5142.90203222272,4672.564589889289,0.4847886847155678
4674,5143.933700533924,4673.665944365392,1.1013544761026424
4675,5144.587752601529,4674.364192786546,0.6982484211539486
4676,5145.48044917414,4675.317233029638,0.9530402430928007
4677,5146.149645919578,4676.031681677652,0.7144486480137857
4678,5147.56279184001,4677.540431755501,1.5087500778490721
4679,5148.253527357285,4678.277920361104,0.7374886056031755
4680,5149.768260280782,4679.895231053522,1.6173106924179592
4681,5150.709614962305,4680.900370037049,1.0051389835261944
4682,5151.141849586538,4681.361901184096,0.461531147047026
4683,5152.186214623065,4682.477076283595,1.1151750994995382
4684,5152.953127294702,4683.296008641817,0.8189323582219004
4685,5154.656845439168,4685.115354988153,1.8193463463358057
4686,5154.899143797593,4685.37410496833,0.2587499801775266
4687,5155.493362582534,4686.00867781087,0.6345728425394555
4688,5156.509447328252,4687.093791254992,1.0851134441218164
4689,5157.819065555746,4688.492426664376,1.3986354093840418
4690,5158.954824000836,4689.7054275701885,1.2130009058128053
4691,5160.057736251626,4690.8833865112265,1.177958941038014
4692,5160.852779927915,4691.732551503793,0.8491649925663296
4693,5161.60539292215,4692.5364153744495,0.8038638706566417
4694,5162.587186685213,4693.585092846878,1.0486774724286079
4695,5163.060164468373,4694.090302370737,0.5052095238588663
4696,5164.102312022033,4695.20349288072,1.1131905099828145
4697,5165.306771505409,4696.490101784416,1.2866089036961057
4698,5166.191972908482,4697.435706304681,0.9456045202650785
4699,5167.483594402171,4698.8155069408185,1.3798006361375883
4700,5167.990828057263,4699.357383545701,0.5418766048824182
4701,5169.070194564028,4700.510494794007,1.1531112483062316
4702,5170.291516087281,4701.81530300154,1.3048082075329148
4703,5171.235927501473,4702.824303653317,1.0090006517766597
4704,5171.585481171244,4703.197770607478,0.3734669541609037
4705,5172.801688876792,4704.49720948856,1.2994388810820965
4706,5173.675024556315,4705.430339970321,0.9331304817615091
4707,5174.359901137179,4706.16212451142,0.7317845410989321
4708,5175.093122777011,4706.945581309381,0.7834567979607527
4709,5177.237132249379,4709.236577988008,2.29099667862738
4710,5177.609630022531,4709.634627561588,0.3980495735795557
4711,5178.752194620444,4710.855593950601,1.2209663890134834
4712,5179.202606391489,4711.336923612102,0.48132966150024004
4713,5180.106626202651,4712.3030174202595,0.9660938081578934
4714,5181.189792408512,4713.460591672481,1.1575742522218206
4715,5182.130914016578,4714.466392841181,1.0058011686996906
4716,5182.998826329171,4715.39397744,0.927584598818612
4717,5183.950307013239,4716.410902633662,1.0169251936622459
4718,5184.685795032389,4717.196997854855,0.7860952211931362
4719,5186.355746810169,4718.981916740708,1.7849188858526759
4720,5186.709472600946,4719.360005614908,0.3780888742003299
4721,5187.887847767473,4720.619569800396,1.2595641854877613
4722,5189.076719613578,4721.890397047093,1.2708272466970811
4723,5189.859588661659,4722.727257188184,0.8368601410911651
4724,5190.35529112836,4723.257155828789,0.5298986406050972
4725,5191.126801598031,4724.0819041540635,0.8247483252744132
4726,5192.04648695598,4725.065075975506,0.9831718214427383
4727,5193.404415343728,4726.516790422974,1.451714447467566
4728,5194.707488901573,4727.909914593689,1.3931241707150548
4729,5195.159163853736,4728.392815279855,0.4829006861664311
4730,5196.707324197984,4730.0480523210945,1.655237041239161
4731,5197.11749833168,4730.486607969582,0.43855564848763606
4732,5197.718324176152,4731.129016549665,0.6424085800827015
4733,5199.22385819909,4732.738796075631,1.6097795259665872
4734,5199.776329229935,4733.329538458072,0.5907423824410216
4735,5200.961311213042,4734.5966392610035,1.2671008029310542
4736,5201.555843874246,4735.232389007347,0.6357497463432082
4737,5202.457989722175,4736.197098454421,0.9647094470747106
4738,5203.521216949649,4737.334092199299,1.1369937448780547
4739,5205.099606994962,4739.022054429515,1.6879622302158168
4740,5205.900595704828,4739.878677091068,0.8566226615530468
4741,5206.633161678681,4740.6621417789065,0.7834646878382046
4742,5207.215066682218,4741.2844892567155,0.622347477808944
4743,5208.288522939907,4742.432578020374,1.1480887636589614
4744,5209.138239301657,4743.341396244589,0.9088182242148832
4745,5210.010911048567,4744.274789473261,0.9333932286717754
4746,5210.80821869984,4745.127595024923,0.8528055516617314
4747,5212.419404469541,4746.850989268711,1.7233942437878795
4748,5213.316674242101,4747.810782333269,0.959793064558653
4749,5213.896943192009,4748.4314985032015,0.6207161699321659
4750,5214.775252559325,4749.371049330702,0.9395508275001703
4751,5216.054491352254,4750.739527116308,1.3684777856060464
4752,5216.932009341216,4751.678289150841,0.9387620345332834
4753,5217.650795320355,4752.44725839731,0.7689692464691689
4754,5218.691413008384,4753.560556504603,1.113298107292394
4755,5219.057877220098,4753.952623735967,0.3920672313643081
4756,5220.22085517417,4755.196880256288,1.2442565203209597
4757,5221.422951323059,4756.483032215561,1.2861519592734112
4758,5222.858787673093,4758.0193262361445,1.5362940205832274
4759,5223.434428937765,4758.635259636481,0.6159334003368713
4760,5224.457463495683,4759.7299266366945,1.0946670002131214
4761,5225.256065096585,4760.584468139046,0.8545415023518217
4762,5226.148424105463,4761.539357484643,0.9548893455967118
4763,5226.351540382449,4761.7567101312925,0.21735264664948772
4764,5228.183098672058,4763.716698625291,1.9599884939989352
4765,5229.198557199213,4764.803405851933,1.08670722664192
4766,5229.241811259006,4764.849695489374,0.0462896374410775
4767,5230.897209709424,4766.621312886151,1.7716173967764917
4768,5231.815083588343,4767.6036629761165,0.982350089965621
4769,5232.884620192417,4768.748361696695,1.1446987205781625
4770,5233.658115095419,4769.576235945585,0.8278742488901116
4771,5234.640289888715,4770.627487215799,1.0512512702143795
4772,5235.574735166031,4771.627679373833,1.0001921580342241
4773,5236.300461229102,4772.404485300504,0.7768059266709315
4774,5236.957439364858,4773.107718316964,0.7032330164593077
4775,5237.801695401995,4774.011433889732,0.9037155727683057
4776,5239.19278920816,4775.500547339704,1.4891134499721375
4777,5240.607636041085,4777.015147808305,1.514600468601202
4778,5241.50282545977,4777.973483870144,0.9583360618389634
4779,5241.822720416351,4778.315950111896,0.34246624175193574
4780,5242.792985388688,4779.354694458217,1.0387443463205273
4781,5243.882548868623,4780.521191228723,1.1664967705064555
4782,5244.845451001428,4781.552113177373,1.0309219486498478
4783,5245.755732517566,4782.526723237738,0.9746100603651939
4784,5246.279250856914,4783.087249401059,0.5605261633209011
4785,5247.610320391938,4784.512450478703,1.4252010776435782
4786,5248.441539016074,4785.402479082087,0.890028603384053
4787,5249.36633613166,4786.392731619716,0.9902525376292033
4788,5250.675238104252,4787.794319563141,1.4015879434246017
4789,5251.798558626512,4788.997226070226,1.2029065070855722
4790,5252.522037866707,4789.771983239938,0.7747571697118474
4791,5252.89057514845,4790.166647380655,0.39466414071739564
4792,5253.944070491727,4791.2948512793255,1.1282038986701082
4793,5254.912630870914,4792.332126720122,1.037275440796293
4794,5255.613164303762,4793.082377598777,0.7502508786556064
4795,5257.081180064536,4794.6546278702945,1.5722502715170776
4796,5257.924941007524,4795.558328466786,0.9037005964919445
4797,5259.108320960431,4796.825810460968,1.267481994181253
4798,5259.771904521843,4797.53657301903,0.7107625580620152
4799,5260.959190246009,4798.808304793371,1.2717317743408785
4800,5261.18047604718,4799.045334327979,0.2370295346081548
4801,5262.848835686332,4800.83243977108,1.7871054431016091
4802,5263.396965101678,4801.419600769981,0.5871609989007993
4803,5264.41137801765,4802.506272675723,1.0866719057421506
4804,5265.088374535071,4803.2315105381085,0.7252378623852564
4805,5265.605936327469,4803.7859620375475,0.5544514994389829
4806,5267.885364151473,4806.2279545797755,2.4419925422280357
4807,5268.198270777973,4806.563189402607,0.33523482283180783
4808,5269.201393021093,4807.637911758653,1.0747223560456405
4809,5270.259454504893,4808.771527703657,1.1336159450038394
4810,5270.886227525981,4809.443073519073,0.6715458154158114
4811,5271.69696911518,4810.311747076388,0.8686735573155602
4812,5272.517960360033,4811.191422906046,0.8796758296575717
4813,5273.578737968429,4812.328055193678,1.1366322876319828
4814,5274.691509015371,4813.520435392884,1.1923801992061271
4815,5275.643878877955,4814.5409687615265,1.0205333686426457
4816,5276.68350302537,4815.655032661117,1.1140638995902918
4817,5277.475759502642,4816.504038619334,0.8490059582172762
4818,5278.379390382477,4817.472419856865,0.9683812375305934
4819,5279.775667717853,4818.968796918832,1.4963770619669958
4820,5280.315445981202,4819.547287871382,0.5784909525500552
4821,5281.239950686327,4820.538118099081,0.9908302276990071
4822,5281.633380065803,4820.959780577201,0.4216624781201972
4823,5283.163868559936,4822.600143646146,1.64036306894468
4824,5283.478719186036,4822.937606316523,0.3374626703771355
4825,5284.926926629153,4824.489860044563,1.5522537280403412
4826,5286.437161557582,4826.108664890461,1.618804845898012
4827,5287.137482205342,4826.859354490363,0.7506895999022163
4828,5287.711380226105,4827.474539813103,0.6151853227393076
4829,5288.515549597788,4828.336579318053,0.8620395049501894
4830,5289.35324522151,4829.234578407561,0.8979990895077208
4831,5290.674974347994,4830.651498215425,1.4169198078643603
4832,5291.399590509319,4831.428323399439,0.7768251840143421
4833,5292.275016391078,4832.366845298607,0.9385218991674265
4834,5293.024355514839,4833.170211087463,0.8033657888563539
4835,5294.464760714008,4834.714515601604,1.544304514141004
4836,5295.126355475199,4835.423853422655,0.7093378210511219
4837,5296.581056719173,4836.983577409566,1.5597239869111945
4838,5297.125394919595,4837.567230675571,0.583653266005058
4839,5297.981183439349,4838.484846897113,0.9176162215417207
4840,5299.27467923793,4839.871834961127,1.3869880640140764
4841,5299.627300319932,4840.2499517728165,0.3781168116893241
4842,5300.144736871139,4840.804807544894,0.5548557720776444
4843,5301.458131809212,4842.2132187615125,1.4084112166183331
4844,5302.981454220329,4843.846809312891,1.633590551378802
4845,5303.885255545879,4844.816066668928,0.9692573560369055
4846,5304.508457854939,4845.484417455674,0.6683507867455774
4847,5305.526333012086,4846.576058595015,1.0916411393409362
4848,5306.498769767441,4847.618997416052,1.0429388210368415
4849,5307.300388636242,4848.478755309947,0.8597578938952211
4850,5308.072790499981,4849.307195405909,0.8284400959619234
4851,5309.361753481891,4850.689713280394,1.3825178744855293
4852,5310.032764727003,4851.40944725432,0.7197339739259405
4853,5310.606801112015,4852.025175647285,0.6157283929651385
4854,5311.859049891717,4853.3684089680955,1.3432333208102136
4855,5312.980209158523,4854.57106808013,1.2026591120347803
4856,5314.439426791835,4856.136416254704,1.5653481745739555
4857,5314.954794049503,4856.689281992033,0.5528657373288297
4858,5315.726296859328,4857.516934746903,0.8276527548696322
4859,5316.63925390622,4858.49635979437,0.9794250474669752
4860,5317.139734905884,4859.033288990804,0.5369291964343574
4861,5318.445240959231,4860.433905549362,1.4006165585578856
4862,5319.364734297889,4861.420417681351,0.9865121319890022
4863,5320.109753010277,4862.219756867194,0.7993391858426548
4864,5321.536694997686,4863.750785771362,1.5310289041681244
4865,5322.633280584929,4864.927402126232,1.1766163548700206
4866,5323.137231112139,4865.468143919346,0.5407417931146483
4867,5323.796327875688,4866.175369969374,0.7072260500272023
4868,5325.466411142998,4867.967466029037,1.7920960596629811
4869,5326.038512792134,4868.581383398062,0.6139173690253301
4870,5326.867763789813,4869.471262888257,0.8898794901951987
4871,5327.480222283036,4870.128512854686,0.6572499664289353
4872,5328.463844665271,4871.1840948197705,1.055581965084457
4873,5329.37715859333,4872.164250597574,0.9801557778037022
4874,5331.015051848382,4873.922077201389,1.7578266038144648
4875,5331.855033782668,4874.823597173325,0.901519971936068
4876,5332.582449338863,4875.604321042255,0.7807238689301812
4877,5333.74634945267,4876.853549886679,1.2492288444236692
4878,5334.061217957368,4877.191509217946,0.33795933126748423
4879,5335.195388351517,4878.408878316089,1.2173690981426262
4880,5335.947926227236,4879.216640870269,0.8077625541800444
4881,5337.059672760579,4880.410003368871,1.193362498602255
4882,5338.214274771737,4881.649406484443,1.239403115571804
4883,5338.933125464859,4882.421074089738,0.7716676052950788
4884,5339.674564986856,4883.21700635593,0.7959322661918122
4885,5341.264957858609,4884.92434180409,1.707335448159938
4886,5341.907714556882,4885.614382188231,0.690040384140957
4887,5342.986689833523,4886.772758761343,1.1583765731120366
4888,5343.623359433018,4887.45629685404,0.683538092697745
4889,5344.507532612438,4888.40557855112,0.9492816970796412
4890,5345.528297341689,4889.501539043965,1.0959604928448243
4891,5346.069965615355,4890.08312250987,0.5815834659051689
4892,5346.890937421846,4890.964607860802,0.8814853509320528
4893,5348.769669281725,4892.981895869942,2.01728800913952
4894,5349.489057840144,4893.754367019266,0.7724711493247014
4895,5350.395904772443,4894.728150749287,0.9737837300208412
4896,5351.225419925848,4895.618916057504,0.8907653082169418
4897,5351.771637383498,4896.205476567917,0.5865605104127098
4898,5352.900178207066,4897.41739834439,1.211921776472991
4899,5354.185202829317,4898.79741165376,1.3800133093700424
4900,5354.773479714043,4899.429190193045,0.6317785392848236
4901,5355.347063675624,4900.045199206781,0.6160090137364023
4902,5356.538865828703,4901.32518409126,1.2799848844788357
4903,5357.711619892325,4902.584752694276,1.2595686030163051
4904,5358.669106441791,4903.613148640267,1.0283959459911785
4905,5359.633917927375,4904.649439533451,1.036290893183832
4906,5360.877126531288,4905.984793740923,1.3353542074719371
4907,5361.630997292117,4906.794563134223,0.8097693932995753
4908,5361.916637016831,4907.101387116514,0.306823982291462
4909,5362.990405326631,4908.254812316322,1.1534251998082254
4910,5363.717280477005,4909.035629706782,0.7808173904595606
4911,5365.296267419234,4910.731849099085,1.696219392302737
4912,5365.742257680618,4911.210965462803,0.47911636371827626
4913,5367.380123852191,4912.970535403839,1.7595699410358066
4914,5367.905543114693,4913.5350134788905,0.5644780750517384
4915,5368.81364160114,4914.510637826305,0.9756243474148505
4916,5369.807596452585,4915.578530807621,1.0678929813157083
4917,5370.713539813717,4916.55189082348,0.973360015858816
4918,5371.53832975051,4917.438079455284,0.8861886318045435
4919,5372.680867258242,4918.665702599314,1.2276231440291667
4920,5373.219972947188,4919.244969326891,0.5792667275773056
4921,5374.114835212556,4920.206513958683,0.9615446317920942
4922,5374.869738245037,4921.0176884704,0.811174511716672
4923,5376.722663658612,4923.008804953293,1.9911164828936307
4924,5377.719730868922,4924.080275437482,1.0714704841884668
4925,5378.207038130047,4924.603957306045,0.5236818685634717
4926,5378.76871372005,4925.207567377533,0.6036100714882195
4927,5380.103731882782,4926.642294938253,1.4347275607196934
4928,5380.877056510781,4927.473401498719,0.8311065604657415
4929,5381.348150697047,4927.979703974237,0.5063024755181686
4930,5382.809993370514,4929.550842547576,1.57113857333934
4931,5383.528600988368,4930.323200635155,0.7723580875790503
4932,5384.819764523646,4931.710979079384,1.3877784442283883
4933,5385.68978113359,4932.646124893652,0.9351458142682532
4934,5386.311049248222,4933.313914658348,0.6677897646959536
4935,5387.705534128895,4934.812862548503,1.4989478901552502
4936,5388.449137494742,4935.61219387133,0.799331322827129
4937,5389.608146493819,4936.858095187094,1.2459013157631489
4938,5389.909513561407,4937.182062609445,0.32396742235141573
4939,5390.992260083,4938.346029429905,1.163966820459791
4940,5391.5059656271,4938.898281785198,0.5522523552936036
4941,5392.981959683037,4940.485073029849,1.5867912446510672
4942,5394.083717252519,4941.669577204584,1.184504174734684
4943,5395.116663427587,4942.780134491566,1.1105572869819298
4944,5396.115859471749,4943.854435758523,1.0743012669572636
4945,5397.0034297268,4944.8087455074265,0.9543097489031425
4946,5397.261960157859,4945.08672010966,0.2779746022333711
4947,5398.277621995208,4946.1787893367455,1.0920692270856307
4948,5399.712504640458,4947.721668834707,1.5428794979616214
4949,5400.418887868291,4948.481240490278,0.7595716555706531
4950,5401.194496185365,4949.315266603328,0.8340261130506406
4951,5401.947143074564,4950.12461881084,0.8093522075114379
4952,5403.389590115234,4951.675788181316,1.5511693704766003
4953,5404.287687736624,4952.641609551954,0.9658213706379684
4954,5405.354453322769,4953.788848665686,1.1472391137313025
4955,5406.184132744066,4954.681139725148,0.892291059461968
4956,5407.075537996711,4955.639837329599,0.9586976044511175
4957,5407.735014383859,4956.349112767061,0.7092754374625656
4958,5408.588715767542,4957.267298725408,0.9181859583468395
4959,5409.577739475962,4958.33105543294,1.0637567075318657
4960,5410.101872017245,4958.89480435094,0.5637489179998738
4961,5412.119660738806,4961.065182371277,2.1703780203370115
4962,5412.756931861644,4961.750670116706,0.6854877454288726
4963,5413.448942338437,4962.495052378664,0.7443822619579805
4964,5414.391884655146,4963.509379821011,1.0143274423471667
4965,5415.225062963724,4964.405655358252,0.8962755372413085
4966,5416.511814309129,4965.789893448884,1.3842380906316976
4967,5417.190777293039,4966.520315577129,0.7304221282447543
4968,5417.730775966485,4967.101250848807,0.5809352716778449
4969,5419.145769365595,4968.623553690277,1.522302841470264
4970,5419.647914017258,4969.16379383182,0.5402401415431086
4971,5420.595118618175,4970.182878805962,1.0190849741420607
4972,5422.107201544394,4971.809763531989,1.6268847260271286
4973,5423.364285030061,4973.162339597834,1.3525760658449144
4974,5423.582839997252,4973.397501518422,0.2351619205883253
4975,5424.99013750159,4974.911766441786,1.5142649233639531
4976,5425.205579331659,4975.1435889404465,0.23182249866022175
4977,5426.077473621457,4976.081789792959,0.9382008525126366
4978,5427.327787267215,4977.427227273849,1.3454374808898137
4979,5428.200793507517,4978.366678989875,0.9394517160262694
4980,5429.307069477649,4979.557186953834,1.190507963959135
4981,5430.093232394626,4980.403230222475,0.846043268640642
4982,5431.518550461936,4981.937157916616,1.5339276941413118
4983,5432.08130056369,4982.542806122402,0.6056482057856556
4984,5432.867061873672,4983.38848107013,0.8456749477281846
4985,5433.939314658022,4984.542521406693,1.1540403365625025
4986,5435.224510669432,4985.925791876278,1.3832704695851135
4987,5435.614214161097,4986.345243547222,0.4194516709439995
4988,5436.658400672124,4987.469160391826,1.123916844604537
4989,5436.820644930084,4987.643795904092,0.17463551226592244
4990,5438.486077902409,4989.436469319095,1.7926734150023549
4991,5439.874947381846,4990.9315116355165,1.4950423164218591
4992,5440.645160132015,4991.76062802041,0.8291163848934957
4993,5441.565050360559,4992.750891522328,0.9902635019179797
4994,5442.197196540772,4993.431412381625,0.6805208592968484
4995,5443.28353971242,4994.6009147334635,1.1695023518386733
4996,5443.795137320655,4995.151686906943,0.5507721734793449
4997,5444.966959569919,4996.413267940272,1.2615810333290938
4998,5445.92502709969,4997.444750976562,1.0314830362904104
4999,5446.765247872766,4998.349378886561,0.9046279099984531
5000,5447.8619983013,4999.530231773603,1.1808528870424198
5001,5448.908413286428,5000.656922087158,1.1266903135547182
5002,5449.427630167592,5001.215982366547,0.5590602793890866
5003,5451.309407660431,5003.2422287061045,2.026246339557474
5004,5451.666775612692,5003.627044387743,0.38481568163842894
5005,5452.330950202066,5004.342240965768,0.7151965780249157
5006,5453.276425897147,5005.360370453123,1.018129487355509
5007,5454.232766091017,5006.390225847632,1.0298553945085587
5008,5454.948555510585,5007.161056458265,0.7708306106333112
5009,5455.867963982944,5008.151185500823,0.9901290425577827
5010,5457.254335831569,5009.644243199417,1.4930576985943844
5011,5458.715645086829,5011.218065663545,1.573822464127261
5012,5459.062182610663,5011.59129390712,0.3732282435757952
5013,5459.714513943352,5012.2938780495615,0.7025841424410828
5014,5460.815544164753,5013.479755056902,1.185877007340423
5015,5461.682968830869,5014.414049451066,0.9342943941637714
5016,5462.745000549541,5015.557983002569,1.1439335515033235
5017,5463.764554543698,5016.656193945679,1.0982109431097342
5018,5464.243875226839,5017.172503911867,0.5163099661886008
5019,5465.083241509825,5018.07666039562,0.9041564837525584
5020,5466.418306245839,5019.514820280579,1.438159884959532
5021,5467.790444992022,5020.992971147123,1.4781508665437286
5022,5468.244535553762,5021.482157040783,0.489185893659851
5023,5469.480888387568,5022.814094383835,1.3319373430522319
5024,5470.220068672416,5023.610443181813,0.796348797977771
5025,5471.082873141512,5024.539997417536,0.929554235723117
5026,5471.760866919691,5025.270458513834,0.7304610962974039
5027,5472.264037693188,5025.812576372367,0.5421178585338566
5028,5473.925204188395,5027.602374937681,1.7897985653135038
5029,5474.871452901582,5028.621932085891,1.0195571482099695
5030,5475.749436824135,5029.56795906647,0.9460269805795178
5031,5476.748893801355,5030.644900436448,1.0769413699772485
5032,5477.671940618743,5031.639533619584,0.9946331831361022
5033,5478.46343645782,5032.492433178744,0.8528995591605053
5034,5479.396814759793,5033.4982457330725,1.0058125543282586
5035,5480.6548058014,5034.853902435382,1.355656702309716
5036,5480.956733202193,5035.179277175151,0.3253747397684492
5037,5481.993734077744,5036.296830518884,1.1175533437335616
5038,5483.06685168978,5037.453338956288,1.1565084374033177
5039,5483.47314896839,5037.891217887232,0.4378789309448621
5040,5485.379530334926,5039.945847027385,2.0546291401524286
5041,5486.250958078564,5040.885075566661,0.9392285392759732
5042,5487.158642325719,5041.863404943573,0.9783293769123702
5043,5487.814448203134,5042.570267109547,0.7068621659736891
5044,5488.239469786523,5043.028384451793,0.4581173422457141
5045,5489.539886310044,5044.430094886786,1.4017104349932197
5046,5490.606477202431,5045.579802806814,1.1497079200280496
5047,5491.198488461752,5046.217962402747,0.6381595959328479
5048,5492.137050601375,5047.229707957602,1.0117455548552243
5049,5493.792469126766,5049.014268252203,1.7845602946008512
5050,5494.038480583097,5049.279478220446,0.26520996824365284
5051,5495.280875462483,5050.6188552570175,1.3393770365710225
5052,5496.089727275415,5051.490870598643,0.8720153416252288
5053,5497.373490396219,5052.874922138189,1.3840515395459079
5054,5498.174123945101,5053.738125864167,0.8632037259785648
5055,5498.633565305236,5054.233481327634,0.49535546346669435
5056,5499.612797508679,5055.289279588418,1.055798260784286
5057,5500.353983645933,5056.088437438751,0.799157850332449
5058,5501.331224223354,5057.142136971624,1.0536995328729972
5059,5503.211694478848,5059.169812280605,2.027675308981088
5060,5503.522536239301,5059.504996889043,0.3351846084378849
5061,5504.579491040507,5060.644745544992,1.1397486559490062
5062,5505.571935828686,5061.714960364423,1.070214819431385
5063,5506.330011485514,5062.532459582554,0.8174992181311609
5064,5506.908179898226,5063.1559602652,0.6235006826454992
5065,5508.017009501103,5064.351756554104,1.195796288904603
5066,5509.291230676581,5065.725960122801,1.37420356869643
5067,5509.945930302348,5066.432049319501,0.7060891967003045
5068,5510.544264813349,5067.077359942479,0.6453106229782861
5069,5511.757773875191,5068.3861751142385,1.3088151717593064
5070,5513.109958056239,5069.844606706979,1.4584315927404532
5071,5514.001848704366,5070.806606249615,0.9619995426355672
5072,5514.844462098078,5071.715476090643,0.9088698410287179
5073,5515.501482955429,5072.424174084967,0.7086979943233018
5074,5516.629656666081,5073.641111916162,1.216937831195537
5075,5517.161633410805,5074.214957054441,0.573845138278557
5076,5517.948299556424,5075.063551484455,0.8485944300146002
5077,5519.095837607023,5076.301458548091,1.2379070636361575
5078,5520.215397938825,5077.509221234635,1.2077626865439015
5079,5521.614204753151,5079.018281068868,1.509059834233085
5080,5522.249630994146,5079.7038098121375,0.6855287432690602
5081,5522.970046465706,5080.481043147701,0.7772333355633236
5082,5523.601350977463,5081.162149798864,0.6811066511636454
5083,5525.239782350291,5082.9298867713205,1.7677369724560776
5084,5525.717122329117,5083.444913141572,0.5150263702516895
5085,5526.662765223688,5084.465234713607,1.0203215720348453
5086,5527.355332468717,5085.212511252102,0.7472765384945887
5087,5528.166412501773,5086.087680044896,0.875168792794284
5088,5529.660934020357,5087.700343122649,1.6126630777534956
5089,5530.203159249182,5088.28544701671,0.5851038940609214
5090,5531.929612602778,5090.148483047591,1.8630360308807212
5091,5532.461117364644,5090.722053325166,0.5735702775746176
5092,5533.275825277345,5091.601256413924,0.879203088758004
5093,5533.953358476204,5092.332440091156,0.7311836772323659
5094,5534.810789007362,5093.25778519962,0.9253451084641711
5095,5535.65686832453,5094.170900720024,0.9131155204040624
5096,5536.899525056139,5095.512052422737,1.3411517027125228
5097,5537.790908369012,5096.474115550669,0.962063127932197
5098,5538.740727318241,5097.499272939896,1.0251573892273882
5099,5539.814585079016,5098.658338964833,1.159066024936692
5100,5540.694583143288,5099.608187649139,0.9498486843058345
5101,5541.576351543938,5100.559969503331,0.9517818541917222
5102,5542.764646056709,5101.842651328263,1.2826818249322969
5103,5543.113256672816,5102.2189600947595,0.37630876649654965
5104,5544.515208608564,5103.732336512469,1.5133764177098783
5105,5545.192999163182,5104.464016807925,0.7316802954555897
5106,5545.667895222007,5104.976678736937,0.5126619290122107
5107,5546.535304578455,5105.9130850932315,0.9364063562943556
5108,5548.523919661125,5108.059963572722,2.146878479490624
5109,5549.358839814484,5108.961364434847,0.9014008621252287
5110,5549.834823142451,5109.475256992366,0.5138925575183748
5111,5550.807899778993,5110.5258535895455,1.0505965971797195
5112,5551.92991174966,5111.737284125225,1.2114305356799377
5113,5552.207947116761,5112.037483056254,0.3001989310287172
5114,5553.659789785938,5113.605095225274,1.5676121690203217
5115,5554.238599943797,5114.230076374316,0.6249811490415595
5116,5555.402430795451,5115.486773672154,1.2566972978384001
5117,5556.199245743835,5116.347191864767,0.8604181926129968
5118,5557.363922456233,5117.60486794697,1.2576760822030337
5119,5558.202004496688,5118.50989482614,0.9050268791697818
5120,5559.248178602726,5119.639664100813,1.1297692746729808
5121,5560.367211776969,5120.848148974021,1.2084848732074533
5122,5561.310135213804,5121.866474323255,1.0183253492341464
5123,5561.791548798034,5122.3863944875775,0.5199201643226843
5124,5562.26188444634,5122.894357035638,0.5079625480602772
5125,5563.637870900841,5124.380458890937,1.486101855299239
5126,5564.430162550755,5125.236179452888,0.855720561950875
5127,5565.566217326974,5126.463215296605,1.2270358437172035
5128,5566.912177257103,5127.917014336015,1.4537990394101143
5129,5567.644318652245,5128.707837084432,0.7908227484167583
5130,5568.798580122037,5129.954644079069,1.2468069946371543
5131,5568.91293377042,5130.0781683631085,0.12352428403937665
5132,5570.00635617332,5131.259297074064,1.181128710955818
5133,5571.437867776981,5132.805685654509,1.5463885804447273
5134,5572.175581208444,5133.602622503816,0.7969368493068032
5135,5572.586024225677,5134.046022496251,0.44339999243493367
5136,5573.899529405042,5135.465029358598,1.4190068623474872
5137,5574.441283883401,5136.050312297449,0.5852829388504688
5138,5576.064762432889,5137.8042829956685,1.7539706982197458
5139,5577.183679281272,5139.013180066218,1.2088970705499378
5140,5577.672276828444,5139.541080494432,0.5279004282137976
5141,5578.64464437375,5140.591685740096,1.0506052456639736
5142,5579.495916492833,5141.511474240864,0.9197885007679361
5143,5580.333270376429,5142.416244435279,0.9047701944145956
5144,5581.025573783572,5143.164301076527,0.7480566412486951
5145,5581.822277193784,5144.025182275633,0.8608811991052789
5146,5583.389191418461,5145.718370786697,1.6931885110643634
5147,5584.323740890818,5146.728266934357,1.0098961476596742
5148,5585.244570955993,5147.723361914085,0.995094979728492
5149,5585.7087170082,5148.224950489361,0.5015885752754912
5150,5587.160081274637,5149.793435481383,1.5684849920226043
5151,5587.886525281241,5150.578523865736,0.7850883843530028
5152,5588.751061185498,5151.512871619439,0.9343477537022409
5153,5589.691727171092,5152.529521187991,1.016649568552566
5154,5590.385173138886,5153.278997335861,0.7494761478701548
5155,5591.400963623906,5154.376888034011,1.0978906981499676
5156,5591.925240792589,5154.943550853128,0.5666628191165728
5157,5593.555617029215,5156.70578628355,1.7622354304221517
5158,5594.574594282587,5157.807213302624,1.1014270190744355
5159,5595.711374711911,5159.036010309127,1.2287970065026457
5160,5596.227736682098,5159.5941812868095,0.5581709776824937
5161,5596.856616829599,5160.273991101022,0.6798098142126037
5162,5597.841768955219,5161.3389480781925,1.0649569771703682
5163,5598.606006812811,5162.165114049196,0.82616597100332
5164,5600.162150309787,5163.847407084288,1.6822930350917886
5165,5600.549747047586,5164.266435248579,0.419028164291376
5166,5601.300750966579,5165.078352563732,0.8119173151526411
5167,5603.081362651793,5167.00345244063,1.9250998768984573
5168,5603.564840050677,5167.526177284704,0.5227248440742187
5169,5604.347254349504,5168.372120018718,0.8459427340139882
5170,5605.644654187448,5169.77490105759,1.4027810388715807
5171,5606.5425795459,5170.745788317713,0.9708872601231633
5172,5607.273178719414,5171.53577000953,0.7899816918170472
5173,5608.00540350311,5172.327524640925,0.7917546313947241
5174,5608.695582163807,5173.073828731595,0.7463040906704919
5175,5609.563895924982,5174.012773095427,0.938944363831979
5176,5611.146743753712,5175.724428378705,1.7116552832776506
5177,5612.157114643562,5176.817057410116,1.0926290314109792
5178,5613.121400281542,5177.859876213502,1.0428188033856713
5179,5613.727896996746,5178.515780623892,0.6559044103905762
5180,5614.492287916933,5179.342456799257,0.8266761753648098
5181,5615.74102643799,5180.692982547615,1.35052574835845
5182,5616.254524796165,5181.248350029209,0.5553674815937484
5183,5617.320271437551,5182.401018317594,1.1526682883850299
5184,5618.289089574103,5183.448880595299,1.047862277704553
5185,5619.268082017288,5184.5077742923495,1.0588936970507348
5186,5619.902394519335,5185.193871210624,0.6860969182744157
5187,5621.023391660969,5186.406412907015,1.212541696390872
5188,5622.488604142267,5187.991333419016,1.5849205120011902
5189,5623.413625843149,5188.9919607952925,1.0006273762764977
5190,5623.777120106686,5189.385171508127,0.39321071283484343
5191,5624.755579135303,5190.4436402767915,1.05846876866417
5192,5625.592184743386,5191.3486775880865,0.9050373112950183
5193,5626.502242711871,5192.3331979167515,0.9845203286649848
5194,5627.213187208196,5193.102329298462,0.7691313817103946
5195,5628.348462444159,5194.3305501896675,1.2282208912056376
5196,5629.890648797948,5195.9990546319505,1.6685044422829378
5197,5630.380502229838,5196.529045268169,0.5299906362188267
5198,5631.520288039647,5197.762248153857,1.2332028856881152
5199,5632.197465155438,5198.494944230249,0.7326960763912211
5200,5632.847100005567,5199.197852142577,0.7029079123285555
5201,5634.370016211937,5200.845701260869,1.6478491182915604
5202,5635.016250807585,5201.544969714832,0.6992684539636684
5203,5635.929470274486,5202.533153519195,0.9881838043629614
5204,5636.236694481528,5202.865602433854,0.3324489146589258
5205,5637.490237062517,5204.222095011906,1.3564925780519843
5206,5638.788714457924,5205.627259552675,1.4051645407689648
5207,5640.134252591616,5207.083401702618,1.4561421499429343
5208,5640.385710966422,5207.355535768203,0.272134065584396
5209,5641.872250768496,5208.9643399509905,1.6088041827879351
5210,5642.463399097843,5209.604126156169,0.6397862051780976
5211,5643.093319440582,5210.285885265282,0.6817591091130453
5212,5643.663127487791,5210.902594828112,0.6167095628306924
5213,5645.328117414939,5212.704684336675,1.802089508562858
5214,5645.769016095281,5213.181900844886,0.47721650821040384
5215,5647.161576573469,5214.689205684927,1.5073048400417974
5216,5647.857206976795,5215.442175194346,0.7529695094190174
5217,5648.974462993071,5216.651552418428,1.209377224081436
5218,5649.800756925361,5217.545999459841,0.8944470414135139
5219,5650.839075232865,5218.669986014965,1.123986555123338
5220,5651.883418462845,5219.800525218648,1.130539203682929
5221,5652.345479579189,5220.300732838828,0.5002076201799355
5222,5653.407356205343,5221.450297880922,1.149565042094764
5223,5654.192151373509,5222.299920832151,0.8496229512284117
5224,5655.000372762493,5223.174923241022,0.8750024088712962
5225,5655.819252623684,5224.061483550751,0.8865603097292478
5226,5657.866738715883,5226.2782770072645,2.2167934565131873
5227,5658.411247459897,5226.867831228428,0.5895542211637803
5228,5658.921215888581,5227.4199952864965,0.5521640580682288
5229,5659.89441287266,5228.47373649224,1.0537412057437905
5230,5660.630422802756,5229.270678136407,0.7969416441665089
5231,5661.929696761166,5230.677551661566,1.4068735251594262
5232,5662.457451148033,5231.249025659332,0.5714739977656791
5233,5663.557248248999,5232.439956018465,1.1909303591328353
5234,5664.336708256301,5233.284025548846,0.8440695303816028
5235,5665.460459801875,5234.500955026007,1.2169294771611021
5236,5666.472615778431,5235.597066147769,1.0961111217611688
5237,5667.316170462719,5236.510613015877,0.9135468681088241
5238,5668.525315609316,5237.820119299844,1.3095062839665843
5239,5669.472767900277,5238.846240453668,1.026121153823624
5240,5669.97856381366,5239.394043933079,0.5478034794114137
5241,5671.149659068225,5240.662429023276,1.2683850901967162
5242,5671.479959154301,5241.020176057462,0.35774703418610443
5243,5672.290954890887,5241.898576098021,0.878400040559427
5244,5673.937158397051,5243.681657293149,1.7830811951280339
5245,5674.814995125538,5244.632515018645,0.9508577254955526
5246,5675.707528740345,5245.59931431776,0.9667992991153369
5247,5676.97253652276,5246.969618775549,1.370304457788734
5248,5677.385026082543,5247.416452827438,0.4468340518887999
5249,5678.347908881797,5248.45952523752,1.043072410082459
5250,5679.113903984797,5249.2893315538495,0.8298063163292682
5251,5680.339045053084,5250.6165671658855,1.32723561203602
5252,5681.241565137186,5251.59432375724,0.9777565913545914
5253,5682.09916992471,5252.523441935399,0.9291181781591149
5254,5682.288150146832,5252.728183487519,0.2047415521201401
5255,5683.970509043295,5254.550898580057,1.8227150925376918
5256,5685.123793484788,5255.8004452681425,1.249546688085502
5257,5686.093541225543,5256.851164648361,1.050719380218652
5258,5687.024519731122,5257.85990241898,1.008737770618609
5259,5687.481856548012,5258.355446827111,0.49554440813153633
5260,5688.363844470024,5259.3111357751595,0.9556889480481914
5261,5689.508631787299,5260.551616724566,1.2404809494064466
5262,5689.952695061554,5261.032809450346,0.4811927257796924
5263,5691.140945770717,5262.320440461836,1.2876310114907028
5264,5692.205217958837,5263.473757430029,1.1533169681924846
5265,5693.589608697249,5264.9740237934475,1.500266363418632
5266,5694.311966528287,5265.756865352139,0.7828415586918709
5267,5694.609217468297,5266.079009639682,0.3221442875428693
5268,5696.031917372013,5267.620888062384,1.5418784227022115
5269,5697.172049668291,5268.856569220676,1.2356811582912997
5270,5697.902079625021,5269.647798456363,0.791229235686842
5271,5698.374747827997,5270.160098936119,0.5123004797560498
5272,5699.37299319699,5271.242065673201,1.081966737082439
5273,5700.481014348117,5272.443047510797,1.2009818375963732
5274,5700.983872395565,5272.988105618433,0.5450581076356684
5275,5702.732811445348,5274.8838713418945,1.895765723461409
5276,5703.616227811559,5275.841484600671,0.9576132587762913
5277,5704.505840610416,5276.8058367285,0.9643521278294429
5278,5705.177927107998,5277.534402089258,0.7285653607577842
5279,5706.077414326694,5278.509497533071,0.9750954438131885
5280,5706.596075748012,5279.071766351733,0.5622688186613232
5281,5707.768652251342,5280.342956998976,1.271190647243202
5282,5709.039424443667,5281.720644919866,1.3776879208899118
5283,5709.520369132194,5282.242065372417,0.5214204525509558
5284,5710.601740934771,5283.414467755699,1.172402383282133
5285,5711.559224969285,5284.452580621928,1.0381128662293122
5286,5712.815871228329,5285.815086648162,1.3625060262338593
5287,5713.793844101057,5286.875474309514,1.0603876613522516
5288,5714.099754695895,5287.207169777754,0.331695468239559
5289,5715.633644358692,5288.870388640851,1.663218863097427
5290,5716.333560485884,5289.629339642866,0.7589510020152375
5291,5716.75027915226,5290.081213190426,0.451873547559444
5292,5717.771496602877,5291.188602197095,1.1073890066691092
5293,5718.472339581721,5291.948599946292,0.7599977491972822
5294,5720.363389999221,5293.999332997122,2.0507330508298764
5295,5721.050534731966,5294.744525726779,0.745192729656992
5296,5721.964323486251,5295.7355290567875,0.9910033300084251
5297,5722.591357947803,5296.415560973278,0.6800319164904067
5298,5723.779045993775,5297.703663334845,1.2881023615673257
5299,5724.163357935446,5298.120475727251,0.41681239240551804
5300,5725.671140915322,5299.755808393224,1.6353326659727827
5301,5726.233386878947,5300.365633277759,0.6098248845355556
5302,5726.988743535993,5301.184924286277,0.8192910085181211
5303,5728.120700254257,5302.412720950221,1.227796663943991
5304,5729.15237685311,5303.531778038149,1.119057087928013
5305,5729.883193187213,5304.324510622802,0.7927325846530948
5306,5731.347862115284,5305.913313947746,1.5888033249439104
5307,5732.341189147186,5306.990861859935,1.0775479121884928
5308,5732.882093179841,5307.57763885908,0.5867769991455134
5309,5733.599967910078,5308.356407622565,0.7787687634845497
5310,5734.289092686588,5309.104001162332,0.7475935397669673
5311,5735.448992420156,5310.3623423029585,1.258341140626726
5312,5736.325416947509,5311.313174283788,0.9508319808292072
5313,5737.25526108092,5312.321984434502,1.008810150714453
5314,5738.609819841824,5313.791620566268,1.4696361317655828
5315,5739.56963443232,5314.833007598864,1.0413870325965036
5316,5740.311894799232,5315.638368489716,0.805360890852171
5317,5740.865372181462,5316.2389076496775,0.6005391599610448
5318,5742.146698513284,5317.629216810984,1.3903091613065044
5319,5743.006062922093,5318.56169969877,0.9324828877861364
5320,5743.891993555751,5319.523030606794,0.9613309080241379
5321,5744.857530427187,5320.570767690936,1.0477370841417724
5322,5745.316395042859,5321.068706434278,0.4979387433422744
5323,5746.105037293987,5321.924518303127,0.8558118688488321
5324,5747.944351267191,5323.920555816512,1.9960375133850903
5325,5748.737621328773,5324.7814474348215,0.8608916183093243
5326,5749.840045598378,5325.977875748025,1.1964283132037963
5327,5750.072418941115,5326.23006792741,0.2521921793850197
5328,5751.510678657524,5327.791028297395,1.5609603699849686
5329,5752.022580454237,5328.3466152164965,0.555586919101188
5330,5752.725353414599,5329.109373838955,0.7627586224589322
5331,5753.688438232309,5330.154685606501,1.0453117675451722
5332,5755.267001495404,5331.868080070676,1.713394464175508
5333,5755.666768504416,5332.302003664013,0.4339235933366581
5334,5756.764768471899,5333.493840833998,1.1918371699848649
5335,5757.942007977971,5334.771726532473,1.2778856984750746
5336,5758.475340726918,5335.35066831334,0.5789417808673534
5337,5759.896683465309,5336.893598450666,1.5429301373260387
5338,5760.64610794837,5337.70715420783,0.8135557571640675
5339,5761.131645054406,5338.234248964599,0.5270947567687472
5340,5762.451906741181,5339.667546219756,1.433297255157413
5341,5762.733907455104,5339.9736969562755,0.30615073651915736
5342,5763.832280946394,5341.166154069395,1.192457113119417
5343,5764.963556715088,5342.394366601941,1.2282125325464222
5344,5766.305389090201,5343.851223723244,1.4568571213030737
5345,5767.382918922686,5345.021157699036,1.1699339757915368
5346,5767.985095806082,5345.67498853766,0.6538308386243443
5347,5768.708111307267,5346.460036593343,0.7850480556826369
5348,5769.217379489942,5347.013007110872,0.5529705175295021
5349,5770.681886992373,5348.603229715122,1.5902226042499024
5350,5771.717742972699,5349.728040547364,1.1248108322415646
5351,5772.110310913593,5350.154328264564,0.42628771720046643
5352,5773.085986223194,5351.213827989088,1.059499724523448
5353,5774.26914373622,5352.498670803223,1.2848428141351178
5354,5775.404901666431,5353.732076620845,1.2334058176220424
5355,5776.052509870958,5354.435379481369,0.7033028605237632
5356,5777.400076385151,5355.898874485066,1.4634950036970622
5357,5778.091121756384,5356.649388531757,0.7505140466910234
5358,5779.005201100714,5357.6421501939185,0.9927616621616835
5359,5779.661555490874,5358.355016591926,0.7128663980074634
5360,5780.378597203567,5359.133809040178,0.7787924482518065
5361,5781.253921951079,5360.084534848804,0.9507258086259753
5362,5782.400466794728,5361.329875743079,1.2453408942756141
5363,5784.048432518077,5363.1199075784625,1.7900318353831608
5364,5784.468467315674,5363.576164249819,0.45625667135664116
5365,5785.212894534429,5364.384799381581,0.8086351317615481
5366,5786.493575401444,5365.775976479788,1.3911770982076632
5367,5787.134878800051,5366.472628029274,0.6966515494859777
5368,5787.969440944724,5367.379234596483,0.9066065672086552
5369,5788.985799825035,5368.483357550611,1.104122954127888
5370,5789.95435132115,5369.535571310369,1.0522137597581604
5371,5790.69226703069,5370.337244560679,0.8016732503101593
5372,5791.546976217489,5371.265821207966,0.9285766472867181
5373,5792.289593635211,5372.072634956316,0.8068137483496685
5374,5794.301907788139,5374.258981845023,2.1863468887077033
5375,5794.668781596151,5374.6575963122295,0.3986144672062437
5376,5795.563939737834,5375.63021596926,0.972619657030009
5377,5796.419040669174,5376.559332659908,0.9291166906486978
5378,5797.217839236137,5377.427291708072,0.8679590481633568
5379,5797.884282193431,5378.151449119185,0.7241574111130831
5380,5798.939664254747,5379.298252989614,1.1468038704297214
5381,5800.041030274365,5380.495056746433,1.1968037568185537
5382,5800.719277320538,5381.23209315216,0.7370364057269398
5383,5802.371718407208,5383.027817997517,1.7957248453567445
5384,5802.781136074602,5383.472747995744,0.44492999822705315
5385,5803.871206258076,5384.657391797005,1.1846438012617
5386,5804.409409031706,5385.242300629054,0.5849088320483133
5387,5805.820188753749,5386.775547663798,1.5332470347439084
5388,5806.79866100881,5387.83899142284,1.0634437590424568
5389,5807.373949619648,5388.464250918844,0.6252594960042188
5390,5807.786383388401,5388.912515210697,0.4482642918528654
5391,5808.950049546975,5390.177300953378,1.2647857426809423
5392,5810.033203191335,5391.354611191297,1.1773102379193006
5393,5811.356821178596,5392.793332535723,1.4387213444251756
5394,5812.204788290977,5393.715065069099,0.9217325333765984
5395,5813.345051566532,5394.954551910943,1.2394868418441547
5396,5813.946414929017,5395.608259119904,0.6537072089604408
5397,5814.49932731538,5396.209306820226,0.6010477003219421
5398,5815.624714249827,5397.4326932690465,1.2233864488207473
5399,5816.295670202823,5398.162093047956,0.7293997789092828
5400,5817.687141955805,5399.674808641155,1.512715593199573
5401,5818.292158757077,5400.332559212813,0.6577505716577434
5402,5819.263873660719,5401.388990554853,1.056431342040014
5403,5820.323072483646,5402.540562290667,1.1515717358142865
5404,5821.199580317665,5403.493533722368,0.9529714317004618
5405,5822.554932361926,5404.967163474799,1.4736297524314068
5406,5823.160120590072,5405.625180970607,0.6580174958080534
5407,5824.034446196029,5406.575847584914,0.9506666143070106
5408,5824.644070750255,5407.238713357779,0.6628657728642793
5409,5826.022417685478,5408.737474884128,1.4987615263489715
5410,5826.437166473173,5409.188466947287,0.4509920631599016
5411,5826.894313623183,5409.6855678437805,0.4971008964930661
5412,5828.890322956993,5411.856091266349,2.1705234225682943
5413,5829.884397342049,5412.937119647153,1.0810283808041277
5414,5830.591034346444,5413.705584236429,0.7684645892759363
5415,5831.34861982856,5414.529470207517,0.8238859710882025
5416,5832.010437995126,5415.249220555849,0.719750348332127
5417,5833.320748987737,5416.6742647383835,1.4250441825342932
5418,5834.000771326141,5417.413849521779,0.7395847833959124
5419,5834.935242018622,5418.430190103069,1.0163405812900237
5420,5835.952597527723,5419.536704201682,1.1065140986129336
5421,5836.409775793467,5420.033957663345,0.49725346166269446
5422,5837.69481693744,5421.431673084403,1.3977154210579101
5423,5838.887811770639,5422.729311739515,1.2976386551117685
5424,5839.657148889614,5423.566152020461,0.8368402809464897
5425,5840.870745780096,5424.886265097322,1.320113076861162
5426,5841.77324469656,5425.868001461553,0.9817363642305281
5427,5842.257347261062,5426.394616325606,0.5266148640530446
5428,5843.004016163602,5427.206867759627,0.8122514340211637
5429,5843.745504057076,5428.013498146699,0.8066303870718912
5430,5845.043540778848,5429.425608314523,1.412110167823812
5431,5846.122346475741,5430.599256010895,1.1736476963724272
5432,5846.858967153627,5431.400654077441,0.8013980665455165
5433,5848.182987415376,5432.841143955045,1.4404898776037953
5434,5848.99695834333,5433.726740852718,0.8855968976731674
5435,5849.661517375551,5434.449791613438,0.7230507607200707
5436,5850.489268138532,5435.350414367961,0.9006227545232832
5437,5851.711059759896,5436.6798018813715,1.3293875134104383
5438,5852.668145588457,5437.721200902954,1.0413990215820377
5439,5853.095554594939,5438.186269978968,0.4650690760145153
5440,5854.191539972038,5439.378848049721,1.192578070752461
5441,5854.715491772939,5439.948988935097,0.5701408853765315
5442,5856.094228893924,5441.449304579905,1.5003156448083246
5443,5857.843809341439,5443.353239288474,1.9039347085681584
5444,5858.083358309467,5443.6139285990985,0.26068931062491174
5445,5858.833953060092,5444.430773889913,0.8168452908148538
5446,5859.861397251982,5445.548929290282,1.118155400368778
5447,5860.649382999764,5446.406504316204,0.8575750259215056
5448,5861.434868985918,5447.261375601316,0.8548712851124947
5449,5862.557428297673,5448.483124403112,1.2217488017959113
5450,5863.094038513299,5449.0671616543095,0.5840372511975147
5451,5864.6567636064,5450.768049065054,1.7008874107441443
5452,5865.522792510622,5451.710673119628,0.9426240545744804
5453,5866.040235324606,5452.273890411953,0.5632172923251346
5454,5867.20154698138,5453.537961481553,1.264071069599595
5455,5868.543660974698,5454.998878869321,1.4609173877679495
5456,5868.986917034968,5455.481382510556,0.4825036412348709
5457,5870.008991855741,5456.593976037721,1.1125935271657
5458,5870.718884647868,5457.366756215562,0.7727801778410139
5459,5871.419724497564,5458.129694878303,0.7629386627404529
5460,5872.40279485629,5459.199893881924,1.0701990036213829
5461,5873.387593706415,5460.272000832996,1.0721069510718735
5462,5874.881588208322,5461.898496742694,1.626495909697951
5463,5875.798358154291,5462.896604361102,0.9981076184076301
5464,5876.374963621472,5463.524379086556,0.627774725454401
5465,5877.609748606667,5464.868771939754,1.34439285319786
5466,5877.933293919506,5465.221044149817,0.3522722100633473
5467,5878.676214478655,5466.02993776468,0.8088936148624271
5468,5880.463284726762,5467.975765163469,1.9458273987893335
5469,5880.709560927623,5468.243926468906,0.26816130543647887
5470,5881.825024120583,5469.458534810317,1.2146083414118038
5471,5882.270516172438,5469.943632714558,0.4850979042403196
5472,5884.032826244948,5471.862671150062,1.9190384355042625
5473,5884.684250047966,5472.572049603607,0.7093784535454688
5474,5885.744730540397,5473.726901483825,1.154851880217393
5475,5886.62119116503,5474.681380655176,0.9544791713515224
5476,5887.48630038868,5475.623518342778,0.9421376876016438
5477,5888.387576534157,5476.605064736957,0.981546394178622
5478,5888.845470521678,5477.103748492407,0.49868375545065646
5479,5889.69829183479,5478.032555297406,0.9288068049991125
5480,5890.842689357558,5479.278948330121,1.2463930327148773
5481,5892.225848293509,5480.785429838299,1.5064815081777851
5482,5893.121091670048,5481.760520741196,0.9750909028971364
5483,5894.085613219851,5482.811093019355,1.050572278159052
5484,5894.544410863418,5483.310831557785,0.499738538429483
5485,5895.557133651974,5484.413944974648,1.1031134168633798
5486,5896.814625874142,5485.7837132673,1.3697682926522248
5487,5897.528508395182,5486.561354279841,0.7776410125406983
5488,5898.045615592848,5487.124654101192,0.5632998213513929
5489,5899.335294403184,5488.529569955048,1.4049158538555275
5490,5900.02613076822,5489.282153278239,0.7525833231911747
5491,5900.832883795791,5490.1610301913715,0.8788769131324443
5492,5902.160660214254,5491.607548313078,1.4465181217065037
5493,5903.459104336166,5493.022156956926,1.4146086438477141
5494,5904.359224850044,5494.002832887635,0.9806759307093671
5495,5904.786649649028,5494.4685173043945,0.465684416759359
5496,5905.377904296962,5495.112704412696,0.644187108301594
5497,5906.654294834346,5496.503396772646,1.3906923599497532
5498,5907.30560448137,5497.213048650058,0.7096518774123979
5499,5908.304130378035,5498.301041487522,1.0879928374633892
5500,5909.432316004653,5499.530343755226,1.2293022677040426
5501,5910.297428639245,5500.473017635237,0.9426738800111707
5502,5911.489176576975,5501.771644148612,1.298626513374984
5503,5912.332412220925,5502.6905261193215,0.9188819707096627
5504,5912.935296612505,5503.347506759336,0.6569806400148082
5505,5914.115666541657,5504.633818497356,1.2863117380193216
5506,5915.019576754155,5505.618882764786,0.9850642674300616
5507,5916.088332580689,5506.783621030767,1.1647382659812138
5508,5916.441169128003,5507.168151743179,0.3845307124120154
5509,5917.380890968155,5508.192302091558,1.0241503483794077
5510,5917.975417960729,5508.840256122277,0.64795403071912
5511,5920.055550868998,5511.107394526024,2.267138403746685
5512,5920.538476511501,5511.633752182521,0.526357656496657
5513,5921.438418562954,5512.614647428733,0.9808952462126399
5514,5922.552080087767,5513.828517160039,1.2138697313057492
5515,5923.106480527552,5514.432815446564,0.6042982865246813
5516,5924.023918205912,5515.4328436478145,1.0000282012506432
5517,5924.612567997043,5516.074497388199,0.6416537403847542
5518,5925.982652112325,5517.567984394887,1.4934870066881558
5519,5926.867806897632,5518.532891501174,0.9649071062867733
5520,5927.479356433868,5519.199553853783,0.6666623526089097
5521,5928.899161984586,5520.747350934305,1.5477970805222867
5522,5929.345382897506,5521.233808600608,0.4864576663030675
5523,5930.860362894446,5522.885437659077,1.651629058468643
5524,5931.570134864392,5523.6592512489615,0.7738135898844121
5525,5932.736065547426,5524.93041138156,1.2711601325981974
5526,5933.033536559574,5525.2547360648605,0.32432468330080155
5527,5933.987898043517,5526.295266872597,1.0405308077361042
5528,5934.829981307314,5527.213402143576,0.9181352709792918
5529,5935.948347327594,5528.432801802276,1.2193996587002403
5530,5936.465147329213,5528.996301054176,0.5634992518998843
5531,5938.2876799882,5530.983579151199,1.9872780970226813
5532,5939.265303266805,5532.049610084038,1.066030932839567
5533,5939.695838711386,5532.519087492316,0.4694774082781805
5534,5940.379099853132,5533.264159851874,0.7450723595575255
5535,5941.441894804406,5534.4231254047445,1.1589655528705407
5536,5942.467736153855,5535.541822181319,1.1186967765743248
5537,5943.543979174503,5536.715513100826,1.173690919506953
5538,5944.130246624257,5537.354876900776,0.6393637999499333
5539,5944.725413371058,5538.003955391849,0.6490784910729417
5540,5946.143331990709,5539.550350957551,1.546395565702369
5541,5946.820062652997,5540.288418841541,0.7380678839899701
5542,5948.301613869454,5541.904297044616,1.6158782030752263
5543,5949.142426312636,5542.821369089767,0.9170720451511443
5544,5949.777706351522,5543.514279995143,0.6929109053753564
5545,5950.989084392994,5544.835580855851,1.3213008607081065
5546,5951.430121674387,5545.316648470845,0.48106761499457207
5547,5952.261902584638,5546.223939348087,0.9072908772413939
5548,5952.902618768109,5546.9228330502665,0.6988937021797028
5549,5954.465995760656,5548.628211928444,1.7053788781777257
5550,5955.342138476738,5549.5839634510685,0.9557515226242685
5551,5956.365914060979,5550.700788172826,1.116824721757439
5552,5957.027692949345,5551.422729867425,0.7219416945990815
5553,5958.332640101386,5552.846345009559,1.4236151421337127
5554,5958.866457495433,5553.428719270447,0.582374260888173
5555,5959.876516604981,5554.5306757642,1.1019564937532778
5556,5960.740693076101,5555.473498524749,0.9428227605485517
5557,5961.788662547501,5556.616867525649,1.1433690008998383
5558,5962.574245885661,5557.47398389213,0.8571163664810229
5559,5962.943559513111,5557.876931881257,0.40294798912782426
5560,5964.14653345962,5559.189489063936,1.3125571826785745
5561,5965.736509167637,5560.924360644258,1.734871580321851
5562,5966.619515143619,5561.887864853722,0.9635042094641904
5563,5967.433133231372,5562.775673917882,0.8878090641601375
5564,5968.178918743095,5563.589480500341,0.8138065824587102
5565,5968.735878784985,5564.197249029452,0.6077685291111266
5566,5969.779680206684,5565.33629315106,1.1390441216080944
5567,5970.844216766736,5566.497994327334,1.1617011762737093
5568,5971.604971542723,5567.328204817779,0.8302104904450971
5569,5972.48536840506,5568.288999782979,0.9607949651999661
5570,5973.620902248292,5569.528261414251,1.2392616312718019
5571,5974.886211179462,5570.909193186571,1.3809317723207641
5572,5975.356163229909,5571.422099912635,0.5129067260631928
5573,5976.141901892541,5572.2796699978235,0.8575700851888541
5574,5978.026590419283,5574.33672183004,2.05705183221653
5575,5978.139309725794,5574.459752825242,0.12303099520158867
5576,5978.832670352795,5575.216550300288,0.7567974750463691
5577,5979.862288578086,5576.340393815528,1.1238435152399688
5578,5980.59261333338,5577.13757118829,0.7971773727622349
5579,5981.506260799349,5578.134872289154,0.9973011008642061
5580,5982.914976763732,5579.672613922894,1.5377416337396426
5581,5984.012615640011,5580.87082320664,1.1982092837461096
5582,5984.792817506803,5581.722530016811,0.851706810170981
5583,5985.669034669888,5582.6790711549165,0.9565411381054219
5584,5986.419145205086,5583.497961523998,0.8188903690816005
5585,5987.055919517706,5584.193135279569,0.6951737555709769
5586,5988.313841463136,5585.566454644537,1.373319364967756
5587,5988.973948250782,5586.287134177114,0.7206795325773783
5588,5990.294284873584,5587.728662323995,1.4415281468809553
5589,5990.809755142915,5588.2914593320365,0.5627970080413434
5590,5991.472985430088,5589.015592994379,0.7241336623428651
5591,5993.084653614646,5590.775306780918,1.7597137865386685
5592,5994.057233174675,5591.8372595235915,1.061952742673384
5593,5995.024532494483,5592.893471721099,1.0562121975071932
5594,5995.40954065115,5593.313876231019,0.420404509920445
5595,5996.609465538453,5594.624143412812,1.3102671817932787
5596,5997.392505688815,5595.479210715394,0.8550673025820288
5597,5998.052919752657,5596.200384944364,0.7211742289691756
5598,5998.734794943291,5596.945006934219,0.7446219898556592
5599,6000.121020998375,5598.458832849873,1.513825915653797
5600,6001.495519089925,5599.959901588564,1.501068738691174
5601,6002.154589633411,5600.679680410531,0.719778821966429
5602,6002.914838345604,5601.509971426407,0.8302910158763552
5603,6003.878519365178,5602.562459148944,1.0524877225370801
5604,6004.591820724886,5603.341509672366,0.7790505234215743
5605,6005.855784942331,5604.7220139942465,1.380504321880835
5606,6006.67802861496,5605.620092956391,0.8980789621446092
5607,6007.325565907606,5606.327365029963,0.7072720735723124
5608,6007.97828745779,5607.040310847151,0.712945817187574
5609,6009.204540379586,5608.379736227835,1.3394253806836787
5610,6010.190820410437,5609.4570702089795,1.077333981144875
5611,6011.25302542847,5610.617367426472,1.1602972174923707
5612,6012.651122635339,5612.14462124151,1.5272538150384207
5613,6013.047245645552,5612.577347612459,0.43272637094833044
5614,6014.042373169797,5613.664447247502,1.0870996350431597
5615,6014.663869379403,5614.343396946058,0.6789496985566075
5616,6015.161467300141,5614.887002091208,0.5436051451497406
5617,6016.736803703803,5616.608035147247,1.7210330560392322
5618,6017.530542899121,5617.4752090226575,0.867173875410117
5619,6018.180474529549,5618.185283040626,0.710074017968509
5620,6019.650285835951,5619.7911467121285,1.6058636715024477
5621,6020.485477165468,5620.70367256902,0.9125258568910795
5622,6021.078533684983,5621.351654343206,0.647981774186519
5623,6022.496991537045,5622.901518763245,1.5498644200388298
5624,6022.866086750983,5623.304815840788,0.40329707754335686
5625,6024.235928621514,5624.801624301561,1.4968084607726269
5626,6024.765822154957,5625.380645397019,0.5790210954583017
5627,6025.652989058804,5626.350080045502,0.9694346484830021
5628,6026.3284293682,5627.088168450496,0.7380884049935048
5629,6027.149989355025,5627.985945591161,0.8977771406653119
5630,6029.083879336238,5630.099315331446,2.1133697402847247
5631,6029.871336490613,5630.959882809805,0.8605674783593713
5632,6030.366565545255,5631.501099075216,0.5412162654110944
5633,6031.190552493813,5632.4016161965465,0.9005171213302674
5634,6032.274114806572,5633.58584476693,1.1842285703833113
5635,6033.146731331339,5634.53955255837,0.953707791440138
5636,6033.644977208373,5635.084108870553,0.5445563121829764
5637,6034.942132629866,5636.501861648117,1.4177527775636918
5638,6035.78235760526,5637.420226549671,0.9183649015540141
5639,6036.735104464168,5638.461600258342,1.041373708671017
5640,6037.621814970689,5639.430816252274,0.9692159939322664
5641,6038.620819010121,5640.5227991512165,1.0919828989426605
5642,6039.780188462111,5641.790105896976,1.267306745759015
5643,6040.747929474348,5642.847970717673,1.0578648206974322
5644,6041.398240993251,5643.558858325328,0.7108876076554225
5645,6042.397652237239,5644.651385784024,1.0925274586952582
5646,6042.668644064463,5644.94763074383,0.2962449598062449
5647,6043.995010268979,5646.397625998676,1.4499952548458168
5648,6044.552572123936,5647.007171375881,0.609545377204995
5649,6046.181521954206,5648.788041018882,1.7808696430010968
5650,6046.796932396248,5649.460864311496,0.6728232926143392
5651,6048.263607361397,5651.064408455095,1.6035441435988105
5652,6048.952645864485,5651.817767138672,0.753358683577062
5653,6049.241142991616,5652.133198528043,0.3154313893710423
5654,6050.246128122275,5653.232026764118,1.0988282360749508
5655,6051.626971033906,5654.741852811176,1.509826047057686
5656,6052.43973929371,5655.630564374942,0.8887115637662646
5657,6053.067413924324,5656.316899449738,0.6863350747962613
5658,6053.778846036456,5657.094832234345,0.7779327846064916
5659,6054.804164558045,5658.216015171901,1.1211829375561138
5660,6056.260886232179,5659.808983769739,1.5929685978380803
5661,6057.072842116194,5660.696905950806,0.8879221810666422
5662,6058.000876270655,5661.711787857684,1.014881906878145
5663,6059.134493785757,5662.951522829152,1.2397349714683514
5664,6059.466828728353,5663.314973903977,0.3634510748252069
5665,6060.341627593011,5664.271693031594,0.9567191276164522
5666,6061.493619822286,5665.531593866852,1.2599008352581222
5667,6061.793911747671,5665.860020251963,0.3284263851110154
5668,6063.25368720773,5667.456596332815,1.5965760808521736
5669,6064.593399932609,5668.921907407281,1.465311074465717
5670,6065.104446594213,5669.480877212181,0.5589698049006984
5671,6066.142573932622,5670.616375519257,1.1354983070759772
5672,6066.82993437891,5671.368222375109,0.7518468558519089
5673,6068.165352787179,5672.828961773957,1.4607393988480908
5674,6068.884377847911,5673.615482387168,0.7865206132109961
5675,6069.5697098815,5674.3651597974185,0.7496774102501149
5676,6070.45673094858,5675.335480978372,0.9703211809537606
5677,6071.607124379687,5676.593938536549,1.258457558176815
5678,6071.987031737127,5677.009540745788,0.4156022092392959
5679,6072.986930281585,5678.103404565471,1.0938638196821557
5680,6074.835751881023,5680.126037832549,2.022633267078163
5681,6075.456209880473,5680.804846484753,0.6788086522046797
5682,6076.319580410935,5681.749429031531,0.944582546777383
5683,6076.896595428757,5682.3807312285435,0.6313021970127011
5684,6077.923525597854,5683.504299415653,1.123568187109413
5685,6078.464257000358,5684.095926789856,0.591627374203199
5686,6079.725372514825,5685.475773683144,1.3798468932882315
5687,6080.817594639935,5686.670859872775,1.195086189630274
5688,6081.177170652943,5687.064307120691,0.39344724791681074
5689,6082.501083706978,5688.512958909118,1.4486517884270143
5690,6083.644016757932,5689.763615694057,1.2506567849386556
5691,6084.383007365663,5690.572275841612,0.8086601475552015
5692,6085.230905162356,5691.5001281781615,0.927852336549222
5693,6086.325556912573,5692.698030526373,1.1979023482117555
5694,6087.278392364374,5693.740765576481,1.0427350501076944
5695,6088.14476807152,5694.68890404806,0.9481384715791137
5696,6088.537541404678,5695.1187511748885,0.42984712682846293
5697,6089.128616019714,5695.765624801083,0.6468736261940649
5698,6090.717153107077,5697.504169248998,1.7385444479150465
5699,6091.689881768498,5698.568786334586,1.0646170855879973
5700,6093.192335325565,5700.213217145277,1.6444308106911194
5701,6093.283426817675,5700.312918399967,0.09970125469044433
5702,6094.550261329978,5701.699513720887,1.386595320919696
5703,6095.331193380003,5702.5542924381725,0.854778717285626
5704,6095.911728318078,5703.189734366883,0.6354419287108612
5705,6097.0967284894,5704.48683915728,1.2971047903965882
5706,6098.071498010469,5705.553852316492,1.0670131592123653
5707,6098.786888080899,5706.336956407589,0.7831040910969023
5708,6099.667065247017,5707.300463558735,0.9635071511456772
5709,6100.713939634763,5708.446476160608,1.146012601872826
5710,6101.542636010731,5709.353669731903,0.9071935712954655
5711,6103.111062056345,5711.070711944525,1.717042212621891
5712,6103.890836007713,5711.924397231295,0.8536852867700873
5713,6104.369986546028,5712.448972201252,0.5245749699570297
5714,6105.080112318567,5713.226430330057,0.7774581288049376
5715,6106.427937948078,5714.702089580933,1.4756592508756512
5716,6106.698870787322,5714.998724580045,0.2966349991120296
5717,6107.888398279542,5716.301119744803,1.302395164758309
5718,6108.683780716913,5717.171992183992,0.8708724391890428
5719,6110.531011475982,5719.194607793489,2.0226156094968246
5720,6110.830996154776,5719.5230828298745,0.32847503638549824
5721,6111.844532847507,5720.632895183971,1.1098123540969027
5722,6112.464435384849,5721.311695331885,0.6788001479135346
5723,6113.552617473988,5722.503290975988,1.1915956441034723
5724,6114.76189175327,5723.8275227660015,1.324231790013073
5725,6115.274791543812,5724.389191959548,0.5616691935465496
5726,6116.167495930616,5725.366796039214,0.97760407966598
5727,6117.090753291098,5726.377880614552,1.011084575337918
5728,6117.552359427727,5726.883406530476,0.5055259159244088
5729,6119.215997842412,5728.7053787602945,1.8219722298181296
5730,6120.28153469736,5729.872364001398,1.166985241103248
5731,6120.933301686411,5730.58619943622,0.713835434822613
5732,6122.094398758502,5731.857896350615,1.2716969143948518
5733,6122.857424919648,5732.693623351016,0.835727000400766
5734,6123.356607972823,5733.240376562611,0.5467532115953873
5735,6124.138883220781,5734.0972125559665,0.8568359933551619
5736,6125.172619880175,5735.229501813341,1.1322892573743957
5737,6126.568586519307,5736.758598770625,1.5290969572843096
5738,6127.130221394043,5737.373809829652,0.6152110590264783
5739,6128.046863129757,5738.377910611805,1.0041007821537278
5740,6129.268751548014,5739.716416346422,1.3385057346167741
5741,6130.291606464612,5740.836922585781,1.1205062393592016
5742,6130.686768649261,5741.269817932563,0.4328953467811516
5743,6132.121687397097,5742.841787979039,1.5719700464760535
5744,6132.762353486792,5743.543662330454,0.7018743514154266
5745,6133.48989270421,5744.3407224521525,0.7970601216984505
5746,6134.455051667976,5745.39812956323,1.0574071110777368
5747,6135.143074922053,5746.15192759014,0.7537980269098625
5748,6135.892613200648,5746.973135431584,0.8212078414435382
5749,6137.781389320135,5749.042577703399,2.0694422718152055
5750,6138.445601390254,5749.7703453035,0.7277676001012878
5751,6139.589346958783,5751.023557658559,1.2532123550590768
5752,6139.813239833825,5751.268883074011,0.24532541545158892
5753,6140.675863382834,5752.214094931149,0.9452118571380197
5754,6141.872358756222,5753.525175710529,1.3110807793800632
5755,6142.911451640285,5754.663810051153,1.1386343406238666
5756,6143.356666103173,5755.151683060202,0.48787300904950825
5757,6144.405867207809,5756.3014344380035,1.1497513778012944
5758,6145.50536404389,5757.50633223973,1.2048978017264744
5759,6146.604329604663,5758.710679121517,1.2043468817873872
5760,6147.070023447599,5759.221038422238,0.5103593007206655
5761,6148.593113945619,5760.890250231074,1.6692118088358257
5762,6149.398925230075,5761.773393227714,0.8831429966403448
5763,6150.27537410434,5762.733971808497,0.9605785807825669
5764,6150.879887870596,5763.396524006736,0.6625521982396094
5765,6151.572502081301,5764.155646660058,0.7591226533213558
5766,6152.585599027228,5765.26604883257,1.1104021725122948
5767,6153.326365653244,5766.077980897289,0.811932064719258
5768,6154.805638423505,5767.69940984948,1.6214289521903993
5769,6155.704809901587,5768.685018184574,0.9856083350941844
5770,6156.737464494589,5769.816967081488,1.1319488969138547
5771,6157.381128649896,5770.52253633709,0.7055692556023132
5772,6158.39768617314,5771.6368841973035,1.1143478602134564
5773,6159.096947190148,5772.403427910579,0.766543713275496
5774,6159.829468995752,5773.206446307032,0.8030183964528987
5775,6161.429368945598,5774.960365977843,1.7539196708112286
5776,6161.827253696843,5775.396564702731,0.4361987248876176
5777,6162.41556241244,5776.041531598415,0.644966895683865
5778,6163.378477444263,5777.097201266161,1.0556696677467698
5779,6164.773220517611,5778.626338094876,1.5291368287143996
5780,6166.200513434598,5780.191213177479,1.5648750826030664
5781,6166.48304899403,5780.500989643528,0.3097764660487883
5782,6167.464531359395,5781.577118476429,1.0761288329013041
5783,6168.379809680248,5782.580681465742,1.0035629893127407
5784,6169.394736467658,5783.693529950432,1.112848484690403
5785,6169.538152648447,5783.8507852878065,0.15725533737440855
5786,6170.820008109078,5785.25635885186,1.4055735640531566
5787,6171.920474771523,5786.4630707115575,1.2067118596978617
5788,6172.839930458119,5787.471319731287,1.0082490197291918
5789,6174.23506996236,5789.001231757763,1.5299120264762678
5790,6174.747542413266,5789.563222399537,0.5619906417741731
5791,6175.309013705465,5790.178954218338,0.6157318188006684
5792,6176.744162202786,5791.752832238967,1.5738780206293086
5793,6177.630404449608,5792.724770150526,0.971937911558598
5794,6178.410285632123,5793.580079096281,0.8553089457554961
5795,6179.094486917629,5794.330467175292,0.7503880790109179
5796,6179.764681614095,5795.065505415895,0.7350382406029894
5797,6181.012825755287,5796.434442444954,1.368937029058543
5798,6181.678420746653,5797.164468785023,0.7300263400693439
5799,6183.062480334704,5798.682545505178,1.5180767201545677
5800,6184.336316582485,5800.079769642482,1.397224137303965
5801,6185.079974864199,5800.895480371214,0.8157107287324834
5802,6185.46010370048,5801.312445078028,0.4169647068138147
5803,6186.457283968078,5802.406273419053,1.0938283410250733
5804,6187.126750723331,5803.140640159074,0.7343667400209597
5805,6188.458683360365,5804.601728366138,1.4610882070637672
5806,6189.118029681646,5805.325027424688,0.723299058550765
5807,6190.169795887313,5806.478831940804,1.153804516115997
5808,6190.926665971514,5807.309148246557,0.8303163057526035
5809,6192.097286028823,5808.593393578369,1.2842453318116895
5810,6193.133431144429,5809.730140654139,1.1367470757704723
5811,6193.902824192949,5810.574253877425,0.8441132232856035
5812,6194.965274092489,5811.739909388843,1.165655511418663
5813,6195.672078990459,5812.515388865291,0.7754794764477992
5814,6196.66475212584,5813.60453377713,1.0891449118389573
5815,6197.387063257131,5814.397057778317,0.7925240011863934
5816,6198.065389560702,5815.141333568707,0.7442757903900201
5817,6198.652216561332,5815.785223674845,0.6438901061383149
5818,6200.674034464229,5818.003711020196,2.2184873453506953
5819,6201.593088508775,5819.01219942057,1.0084884003745174
5820,6201.832569639442,5819.274988334784,0.26278891421407025
5821,6203.190910737263,5820.765559429502,1.4905710947177795
5822,6203.867876241961,5821.508442955047,0.7428835255450394
5823,6204.585656186864,5822.296127978185,0.787685023137783
5824,6205.731342331216,5823.553420658621,1.2572926804359668
5825,6206.513025685398,5824.411270689231,0.8578500306102796
5826,6207.35367736698,5825.333852365894,0.9225816766629578
5827,6208.562086127368,5826.660064504909,1.326212139015297
5828,6208.813972410796,5826.936510981575,0.27644647666602395
5829,6210.470030162986,5828.75408327802,1.8175722964442684
5830,6211.207816547218,5829.563848257526,0.8097649795063262
5831,6212.549686057961,5831.036666592911,1.4728183353854547
5832,6213.187976900496,5831.737262421324,0.7005958284125882
5833,6213.799999957365,5832.409036208044,0.6717737867202231
5834,6214.501304729582,5833.178819921604,0.769783713560173
5835,6215.400957016767,5834.166337246743,0.9875173251384695
5836,6216.66829216245,5835.557482540935,1.3911452941920288
5837,6217.188858908832,5836.128917083304,0.5714345423693885
5838,6218.517119863553,5837.587002060833,1.458084977528415
5839,6219.844220203324,5839.043858080326,1.4568560194929887
5840,6220.276866168369,5839.518815238573,0.4749571582469798
5841,6221.350127562686,5840.697058348484,1.178243109910909
5842,6221.641300960962,5841.0167181316065,0.31965978312291554
5843,6223.447708927404,5842.999900979021,1.983182847414355
5844,6223.854786959722,5843.446827144403,0.4469261653821377
5845,6224.732447312544,5844.410414499917,0.9635873555143917
5846,6225.470678081455,5845.220936721442,0.8105222215244794
5847,6226.232883566195,5846.057796008129,0.8368592866872859
5848,6227.450045327269,5847.394202807729,1.3364067995998994
5849,6228.832840927518,5848.912516493991,1.5183136862615356
5850,6229.761584418354,5849.932307040008,1.0197905460172478
5851,6230.323749796147,5850.54959360697,0.6172865669623206
5852,6231.186984214131,5851.4974852173755,0.9478916104053496
5853,6232.234236964411,5852.647467344974,1.1499821275983777
5854,6232.811490700788,5853.281358275059,0.6338909300848172
5855,6233.436150635203,5853.967316243307,0.6859579682486583
5856,6234.905356027901,5855.580734395715,1.6134181524075757
5857,6235.691811528844,5856.444408633537,0.8636742378221243
5858,6236.871797213751,5857.740281729495,1.2958730959580862
5859,6237.401188051517,5858.321676044239,0.5813943147441023
5860,6238.507790150083,5859.537005721218,1.2153296769783992
5861,6239.720298749181,5860.868683456285,1.3316777350673874
5862,6240.518432488212,5861.745280741087,0.8765972848023011
5863,6240.987478337608,5862.260445490097,0.5151647490092728
5864,6242.263742648333,5863.662226798793,1.401781308696627
5865,6242.916128110376,5864.378788572945,0.7165617741520691
5866,6243.536571206049,5865.06027582006,0.6814872471150011
5867,6244.467501007129,5866.082816343725,1.0225405236651568
5868,6245.8463537928,5867.597399538233,1.514583194507395
5869,6247.220803894968,5869.107194876367,1.5097953381346088
5870,6247.765900412641,5869.705981620125,0.5987867437579553
5871,6248.617590056635,5870.6415750634515,0.93559344332607
5872,6249.223567202485,5871.307261008316,0.6656859448648902
5873,6250.125998032669,5872.298628467923,0.9913674596064084
5874,6251.160830038509,5873.43547106738,1.1368425994569407
5875,6252.33772168116,5874.728410246333,1.29293917895302
5876,6252.960641623911,5875.412767551822,0.6843573054893568
5877,6253.37269943302,5875.865471235685,0.45270368386263726
5878,6255.212382593088,5877.886675652686,2.0212044170011723
5879,6255.709995714934,5878.433402982779,0.5467273300928355
5880,6256.737988103593,5879.562877742379,1.1294747596002708
5881,6257.821913767864,5880.7538365691435,1.1909588267644722
5882,6258.863142201866,5881.8979101300065,1.1440735608630348
5883,6259.511130503409,5882.609916016965,0.7120058869586501
5884,6259.969134480433,5883.113174640708,0.5032586237430223
5885,6260.941865601983,5884.182037473165,1.0688628324569436
5886,6261.776846422374,5885.099555795236,0.9175183220704639
5887,6263.065904931718,5886.5160719891965,1.416516193960888
5888,6264.199277451356,5887.761543381077,1.2454713918805282
5889,6265.060898277043,5888.708406675931,0.9468632948537561
5890,6265.972125306059,5889.709804368693,1.0013976927621115
5891,6266.645735922496,5890.450085824581,0.7402814558881801
5892,6267.560486576163,5891.455392684967,1.0053068603856445
5893,6268.625266754631,5892.625608080845,1.1702153958785857
5894,6269.267355566475,5893.331290852458,0.7056827716123735
5895,6270.349148874557,5894.520251140672,1.18896028821473
5896,6271.148771757298,5895.39910711135,0.8788559706772503
5897,6271.96436339598,5896.295530867681,0.8964237563313873
5898,6272.586182980715,5896.978989440301,0.6834585726201112
5899,6274.619334058124,5899.21374876167,2.2347593213689834
5900,6275.133981984457,5899.779446056036,0.5656972943661458
5901,6275.846693888325,5900.562864941129,0.7834188850929422
5902,6276.916164708128,5901.7384603776145,1.1755954364853096
5903,6277.229194882687,5902.082558323783,0.3440979461684037
5904,6278.607595708887,5903.597792902981,1.5152345791984771
5905,6279.122462096047,5904.163782395452,0.5659894924701803
5906,6279.993148665392,5905.120938141807,0.9571557463550562
5907,6281.40604796654,5906.67419545547,1.55325731366338
5908,6282.275812909987,5907.630388368248,0.9561929127776239
5909,6283.220407901684,5908.668868850899,1.038480482651721
5910,6284.054280278041,5909.585640522819,0.9167716719193777
5911,6284.788411119037,5910.3927694469585,0.8071289241397608
5912,6285.89907066299,5911.613893037237,1.2211235902786939
5913,6287.173743024367,5913.015380333617,1.4014872963798553
5914,6287.425952940817,5913.292687050203,0.27730671658628125
5915,6288.21124540933,5914.156132388727,0.8634453385238885
5916,6289.11483189308,5915.149663759829,0.9935313711021081
5917,6290.037006599122,5916.163654967541,1.0139912077120243
5918,6291.54965202456,5917.826953818918,1.6632988513765667
5919,6292.329914868598,5918.684950346725,0.8579965278067903
5920,6293.297335719867,5919.748771879947,1.063821533221926
5921,6294.349329653984,5920.90562082107,1.156848941123826
5922,6295.006181305975,5921.627956798944,0.7223359778736267
5923,6295.22156885719,5921.864819623248,0.23686282430389838
5924,6296.546591927772,5923.3219802711865,1.4571606479385082
5925,6297.771255864573,5924.668812960452,1.346832689265284
5926,6298.458690160452,5925.424840222025,0.7560272615728536
5927,6299.172745574499,5926.210157530604,0.7853173085795788
5928,6300.374887380823,5927.532300782,1.3221432513955733
5929,6301.383220877713,5928.641317342641,1.1090165606410665
5930,6302.230259739777,5929.572953691835,0.9316363491943775
5931,6303.490771613428,5930.959391959932,1.3864382680967537
5932,6303.949179388616,5931.463605077435,0.5042131175032409
5933,6304.900391851709,5932.509882183193,1.0462771057582358
5934,6305.747858386109,5933.442064180335,0.9321819971419245
5935,6306.557291346391,5934.332427570868,0.8903633905329116
5936,6307.144720875523,5934.978601069935,0.6461734990671175
5937,6308.253824515858,5936.198640734458,1.2200396645230285
5938,6309.939810025128,5938.053323246778,1.854682512319414
5939,6310.837756045103,5939.041145566463,0.9878223196847102
5940,6311.201065750283,5939.440825075362,0.3996795088996805
5941,6311.879397195401,5940.187071079066,0.7462460037040728
5942,6313.321021466825,5941.773069332387,1.5859982533211223
5943,6313.825911946271,5942.328535339405,0.5554660070174577
5944,6315.031008723215,5943.654374179212,1.3258388398071475
5945,6315.483979856274,5944.152739239044,0.49836505983239476
5946,6316.769600866339,5945.567225288496,1.4144860494516251
5947,6317.255760098617,5946.102125852338,0.5349005638418021
5948,6318.603143126996,5947.584625869761,1.4825000174232628
5949,6319.382478611862,5948.442134812306,0.8575089425448823
5950,6320.918880337807,5950.132694475375,1.6905596630685977
5951,6321.415499802147,5950.6791559575595,0.5464614821848954
5952,6322.11818669431,5951.452376937958,0.7732209803989463
5953,6323.182594444867,5952.623651156406,1.1712742184472518
5954,6323.689061223948,5953.180977179565,0.5573260231594759
5955,6324.348503493782,5953.9066501221405,0.7256729425753292
5956,6325.991157331887,5955.714330452774,1.807680330633957
5957,6326.550698605975,5956.330100614152,0.6157701613774407
5958,6327.709329596058,5957.605188682312,1.2750880681596755
5959,6328.768971501924,5958.77136757155,1.1661788892388358
5960,6329.665095498507,5959.757610407814,0.9862428362639548
5961,6330.240406355495,5960.390788127483,0.6331777196683106
5962,6331.10842475527,5961.3461307305115,0.9553426030288392
5963,6332.346151108676,5962.7084073275655,1.3622765970540058
5964,6333.196346147333,5963.64417831807,0.9357709905043521
5965,6333.916050927503,5964.436338816079,0.7921604980092525
5966,6334.410684881734,5964.980777204677,0.5444383885978823
5967,6335.356899771551,5966.022283104302,1.0415058996250082
5968,6337.04424881012,5967.8796167927585,1.8573336884564924
5969,6337.82203819845,5968.735785273078,0.8561684803198659
5970,6339.041957468345,5970.078668375433,1.34288310235479
5971,6339.248808949112,5970.306373507259,0.2277051318260419
5972,6340.44143965544,5971.6192597623,1.3128862550411213
5973,6341.029239095866,5972.26634143433,0.6470816720293442
5974,6341.954159169849,5973.284561438692,1.0182200043627745
5975,6343.025918905335,5974.4644601875525,1.1798987488600687
5976,6343.639577676625,5975.140049220792,0.675589033239703
5977,6345.124572354928,5976.77494821628,1.6348989954876743
5978,6345.812781595794,5977.532648205858,0.7576999895782137
5979,6346.708588292488,5978.518925242542,0.9862770366835321
5980,6347.51277483941,5979.404346263391,0.8854210208492077
5981,6348.864774975659,5980.892954516072,1.4886082526809332
5982,6349.694650324658,5981.806704407845,0.9137498917734774
5983,6350.349366018132,5982.527603641573,0.720899233727323
5984,6350.797904043086,5983.021489433064,0.493885791491266
5985,6352.124095646808,5984.481790190168,1.4603007571040507
5986,6352.824041916449,5985.25253525245,0.7707450622820033
5987,6353.487236191205,5985.982822220274,0.7302869678242132
5988,6355.408107878889,5988.098082924048,2.115260703773856
5989,6355.930130900406,5988.6729497748765,0.5748668508285846
5990,6356.984106932883,5989.83363946441,1.1606896895336831
5991,6357.606857658451,5990.519455935649,0.6858164712384678
5992,6358.315701847618,5991.300096339643,0.780640403993857
5993,6359.169623810262,5992.240525611529,0.9404292718863871
5994,6360.503448520768,5993.709511113011,1.468985501482166
5995,6361.108114371222,5994.375464383823,0.6659532708117695
5996,6362.082499057126,5995.448629515369,1.073165131546375
5997,6362.685361830653,5996.112620756271,0.6639912409018507
5998,6363.90083954803,5997.451371890333,1.3387511340615674
5999,6365.283583744359,5998.97439854803,1.5230266576973008
6000,6365.852321021016,5999.600849357192,0.6264508091617245
6001,6366.671353345362,6000.503008516162,0.9021591589698801
6002,6367.958813533011,6001.921172034594,1.4181635184322658
6003,6368.438094219749,6002.449120017411,0.5279479828168405
6004,6369.245882999161,6003.338946573894,0.8898265564830581
6005,6369.770229023833,6003.916553095749,0.5776065218551594
6006,6370.89805044791,6005.15895636601,1.242403270261093
6007,6372.415682393792,6006.830823391691,1.671867025681422
6008,6373.173152452142,6007.665295727642,0.8344723359505224
6009,6374.053534358556,6008.635192789091,0.9698970614490463
6010,6375.032404908861,6009.713615308801,1.0784225197103297
6011,6375.599195635544,6010.338060071439,0.6244447626377223
6012,6376.764549170064,6011.621978732642,1.2839186612027333
6013,6377.511439944205,6012.444877316973,0.8228985843315968
6014,6378.55014573008,6013.589310793941,1.1444334769676061
6015,6379.246624188776,6014.356697416835,0.7673866228942643
6016,6379.959409795566,6015.142063941961,0.7853665251259372
6017,6381.143665232174,6016.446936741321,1.304872799360055
6018,6381.84803906153,6017.223068198409,0.7761314570880131
6019,6383.410238912059,6018.944460297066,1.7213920986569065
6020,6384.459219016483,6020.1003683630515,1.1559080659853862
6021,6384.920488511159,6020.608666123711,0.5082977606598433
6022,6385.578203508127,6021.33344696226,0.7247808385482131
6023,6386.357077118737,6022.191754652342,0.8583076900822562
6024,6387.528294105804,6023.4824476467575,1.2906929944156218
6025,6388.197850516723,6024.2203209552745,0.7378733085170097
6026,6389.360853368252,6025.502015109154,1.2816941538794708
6027,6390.006152212629,6026.213185041361,0.711169932206758
6028,6391.686645483917,6028.065269085484,1.8520840441233304
6029,6392.187328677613,6028.617089327999,0.5518202425146228
6030,6392.718575157854,6029.202601249081,0.5855119210827979
6031,6394.06507388554,6030.686672778332,1.4840715292502864
6032,6395.031740700799,6031.752132508569,1.0654597302373077
6033,6395.66886960756,6032.454388419292,0.7022559107226698
6034,6396.729259797335,6033.62319356975,1.1688051504579562
6035,6397.361130692522,6034.3196806457545,0.6964870760048143
6036,6397.786081170898,6034.788092861419,0.4684122156641024
6037,6399.176640347317,6036.320902638882,1.5328097774636262
6038,6400.746238657757,6038.051124568292,1.7302219294097085
6039,6401.323625925221,6038.687613724153,0.6364891558614545
6040,6402.175290622142,6039.62647072754,0.9388570033870565
6041,6403.110886587122,6040.6578725556965,1.0314018281560493
6042,6403.861397515235,6041.485252200739,0.8273796450421287
6043,6404.767039730847,6042.483670604688,0.9984184039494721
6044,6405.178961948583,6042.937797878447,0.45412727375878603
6045,6406.74828385948,6044.667949255037,1.7301513765896743
6046,6407.612952818618,6045.621258582221,0.9533093271847974
6047,6408.077160917846,6046.133062007714,0.5118034254928716
6048,6409.279021189901,6047.458174059546,1.3251120518316384
6049,6410.353801335845,6048.643204192368,1.1850301328222486
6050,6411.384469328819,6049.779624125433,1.1364199330646443
6051,6412.247558440064,6050.7312909920465,0.9516668666137775
6052,6413.040420058799,6051.605539300426,0.8742483083797197
6053,6413.833451375058,6052.479990331616,0.8744510311898921
6054,6414.570290068342,6053.292493486879,0.8125031552626751
6055,6415.462076135825,6054.275873263803,0.9833797769242665
6056,6416.175908960685,6055.063036764233,0.7871635004303243
6057,6417.378052856021,6056.388703159879,1.325666395645385
6058,6418.79259964324,6057.948643134308,1.5599399744296534
6059,6419.692022861102,6058.940538732039,0.9918955977309452
6060,6420.182578627689,6059.481538450493,0.5409997184533495
6061,6421.255935827849,6060.665290001475,1.1837515509823788
6062,6421.49122864431,6060.924786404379,0.25949640290400566
6063,6423.414486176733,6063.045932824853,2.121146420473451
6064,6423.764508953826,6063.43198019945,0.3860473745971831
6065,6424.401461601266,6064.134496261951,0.7025160625016724
6066,6425.399747335206,6065.235558711696,1.101062449744859
6067,6426.480014181577,6066.427070300815,1.191511589118818
6068,6427.401528361022,6067.443503882737,1.016433581921774
6069,6428.587583738728,6068.751758342657,1.3082544599201356
6070,6429.468848692723,6069.723842426322,0.9720840836653224
6071,6430.694571981499,6071.075915107067,1.3520726807446408
6072,6430.91818613359,6071.322583751519,0.24666864445225656
6073,6431.981683244147,6072.495743749063,1.1731599975437348
6074,6432.433303080168,6072.993940992877,0.49819724381359265
6075,6433.622387485793,6074.305684689647,1.3117436967704634
6076,6434.51494402442,6075.29033534627,0.9846506566227617
6077,6435.774652679148,6076.680054459468,1.3897191131982254
6078,6436.905185937715,6077.927299814554,1.2472453550863065
6079,6437.123406603308,6078.168052418074,0.2407526035194678
6080,6438.740481004521,6079.952131285252,1.784078867178323
6081,6439.140618634674,6080.393603379608,0.4414720943559587
6082,6440.125226420811,6081.479938607179,1.0863352275709985
6083,6441.140573842964,6082.600214511884,1.120275904704613
6084,6441.894099406383,6083.431627714988,0.8314132031046029
6085,6442.897533673154,6084.538803036919,1.107175321930299
6086,6443.565266180877,6085.275583520564,0.7367804836458163
6087,6443.97837208709,6085.731412835366,0.45582931480203115
6088,6445.971515283607,6087.930746102379,2.199333267012662
6089,6447.022174123042,6089.090134768238,1.1593886658592965
6090,6447.474618171751,6089.589409415859,0.4992746476209504
6091,6448.246132866306,6090.440792037636,0.8513826217767928
6092,6449.332054723969,6091.639154439589,1.1983624019530907
6093,6449.896208786239,6092.261734679442,0.6225802398530504
6094,6450.7704490314,6093.22653045159,0.9647957721481362
6095,6451.965072774468,6094.544926163953,1.3183957123628716
6096,6452.616809388042,6095.264202415393,0.7192762514396236
6097,6453.681785667651,6096.4395650155775,1.1753626001845987
6098,6454.861307375189,6097.74137848591,1.3018134703324904
6099,6455.690820622388,6098.656915475411,0.9155369895006515
6100,6456.24375846824,6099.26720454411,0.6102890686997853
6101,6457.653867882111,6100.823605922953,1.5564013788425655
6102,6458.658611072353,6101.932616212127,1.1090102891739662
6103,6459.067827430397,6102.384306075928,0.4516898638012208
6104,6459.952831320827,6103.361180664137,0.9768745882083749
6105,6460.534639476213,6104.003395814034,0.6422151498973108
6106,6461.614784191277,6105.195710081403,1.192314267369511
6107,6462.852814105799,6106.562340762632,1.3666306812283437
6108,6463.724097145994,6107.524151246174,0.9618104835426493
6109,6465.143720813164,6109.091315700744,1.5671644545700474
6110,6465.743873966866,6109.75385739657,0.6625416958258938
6111,6466.295733700455,6110.363093184828,0.6092357882580473
6112,6467.193447823704,6111.354157355327,0.9910641704982481
6113,6468.092790956413,6112.34703981674,0.992882461413501
6114,6469.131125190511,6113.493394388364,1.1463545716242152
6115,6470.19735732795,6114.670576750535,1.1771823621702424
6116,6470.70107781666,6115.2267232263075,0.5561464757729482
6117,6471.560457479093,6116.175559412107,0.9488361857993368
6118,6472.780201590247,6117.522303114532,1.346743702425556
6119,6473.798648696707,6118.6468188200615,1.1245157055291202
6120,6475.021493493021,6119.997053389202,1.3502345691404116
6121,6475.727754605962,6120.776905950037,0.7798525608350246
6122,6476.113123922475,6121.202435395124,0.425529445086795
6123,6477.481705763071,6122.713669456918,1.5112340617943119
6124,6478.027176624624,6123.316009540757,0.6023400838384987
6125,6478.831342932715,6124.204029246204,0.8880197054477321
6126,6479.431139218033,6124.866378853439,0.6623496072343187
6127,6481.273679157493,6126.901134290669,2.03475543723016
6128,6482.002790371316,6127.706330094327,0.8051958036585347
6129,6483.006704609865,6128.815026668611,1.1086965742833854
6130,6483.450189794246,6129.304807962708,0.4897812940971562
6131,6484.519323277324,6130.485569805354,1.1807618426464614
6132,6485.713209326579,6131.8041428009765,1.3185729956221621
6133,6486.163374261584,6132.3013310954375,0.49718829446101154
6134,6487.445215262415,6133.717097968381,1.4157668729430952
6135,6487.830216813243,6134.1423320903905,0.42523412200989696
6136,6488.926620780882,6135.35332993521,1.210997844819758
6137,6489.622575931016,6136.122040177499,0.768710242288762
6138,6490.906097872483,6137.539772547294,1.417732369794976
6139,6492.190210433449,6138.9581977165435,1.4184251692495309
6140,6492.813486515119,6139.646680347431,0.6884826308878473
6141,6494.004710693342,6140.962555753855,1.3158754064234017
6142,6494.622125318581,6141.644591122769,0.6820353689145122
6143,6494.866454095705,6141.9144947720815,0.26990364931225486
6144,6496.00797472486,6143.17552232189,1.2610275498082046
6145,6497.279308277571,6144.579990616064,1.4044682941739666
6146,6498.038769460494,6145.419001877759,0.8390112616953047
6147,6498.834863257907,6146.298498017943,0.879496140183619
6148,6500.031689480679,6147.620738308279,1.3222402903365946
6149,6501.207453991779,6148.919744006148,1.299005697868779
6150,6501.665184352134,6149.425461861852,0.5057178557044608
6151,6502.566972220886,6150.421806293366,0.9963444315135348
6152,6503.701543493513,6151.6753708021615,1.2535645087955345
6153,6504.732509796227,6152.814491624058,1.1391208218965403
6154,6505.408729994136,6153.561665480562,0.7471738565036503
6155,6505.667900631899,6153.848033043769,0.2863675632070226
6156,6507.137020076432,6155.471350437356,1.6233173935870582
6157,6507.477752627869,6155.847853627311,0.3765031899556561
6158,6509.6182528023,6158.213131813816,2.3652781865048382
6159,6510.058208138935,6158.699301580363,0.4861697665464817
6160,6510.892054060109,6159.620750543777,0.9214489634141501
6161,6511.726223192473,6160.542573680695,0.9218231369177374
6162,6512.566938401199,6161.47164795974,0.9290742790453805
6163,6513.360945148273,6162.349120583404,0.8774726236642891
6164,6514.382624269534,6163.478221132856,1.1291005494513229
6165,6515.052647859496,6164.218706217134,0.7404850842785891
6166,6516.171290289174,6165.45501255158,1.236306334445544
6167,6517.240330844651,6166.636528222081,1.1815156705015397
6168,6517.8613878469,6167.322940237369,0.6864120152877149
6169,6518.808197450837,6168.36940254582,1.0464623084508275
6170,6520.32049265101,6170.040913799564,1.671511253744029
6171,6520.909964939856,6170.692461481768,0.6515476822041819
6172,6521.788872386337,6171.663939537898,0.9714780561298539
6173,6522.371597080945,6172.308049893466,0.6441103555680456
6174,6523.377319126223,6173.4197366777225,1.1116867842565625
6175,6524.08912305296,6174.206552499425,0.7868158217024757
6176,6524.898764044252,6175.101530755133,0.8949782557083381
6177,6526.082562690724,6176.410132172916,1.3086014177824836
6178,6527.431766363991,6177.9016182263385,1.4914860534227046
6179,6528.187904465221,6178.737515459926,0.835897233587275
6180,6529.103609831716,6179.749830131038,1.012314671112108
6181,6529.761023940342,6180.476615747877,0.7267856168391518
6182,6530.427671755762,6181.213620185859,0.7370044379822502
6183,6531.59870750185,6182.508270829388,1.2946506435282572
6184,6532.693567137797,6183.718734414207,1.210463584819081
6185,6533.491429406025,6184.600859693576,0.8821252793695749
6186,6533.871387072466,6185.02095051009,0.4200908165139481
6187,6534.762937012055,6186.00668450343,0.9857339933396361
6188,6536.470053698349,6187.894196391704,1.8875118882742754
6189,6537.054650213739,6188.540584964183,0.646388572478827
6190,6538.142600402398,6189.743554020595,1.2029690564122575
6191,6539.169984547961,6190.879580400175,1.1360263795795618
6192,6539.7249609849,6191.493254316439,0.613673916263906
6193,6540.638906760217,6192.5038805554605,1.0106262390218035
6194,6541.35465915519,6193.295361999196,0.7914814437353925
6195,6541.862394583091,6193.856825127308,0.5614631281123366
6196,6543.517657049525,6195.687288205046,1.8304630777374769
6197,6544.117508866736,6196.350647556154,0.6633593511087383
6198,6545.406761305511,6197.776425392475,1.4257778363207763
6199,6546.203853143527,6198.657945496151,0.881520103675939
6200,6546.926187186617,6199.456802773266,0.798857277114621
6201,6547.849360757134,6200.477794749555,1.0209919762892241
6202,6549.129863100257,6201.89401193617,1.416217186614631
6203,6549.691789353556,6202.515506875996,0.6214949398263343
6204,6550.283449195845,6203.169895696153,0.6543888201567825
6205,6551.606750606023,6204.63352699339,1.4636312972370433
6206,6552.137913651266,6205.221029344733,0.5875023513435735
6207,6552.822686785685,6205.978444985055,0.7574156403215966
6208,6554.188696830806,6207.489398929123,1.5109539440682056
6209,6555.776866674193,6209.246142454274,1.7567435251512507
6210,6556.29016415758,6209.813936150966,0.5677936966912966
6211,6556.932787603162,6210.5247952169975,0.7108590660318441
6212,6557.550866183959,6211.2085126301845,0.6837174131869688
6213,6558.710265696091,6212.49106329064,1.282550660455854
6214,6559.459473093714,6213.319868674943,0.8288053843025409
6215,6560.485236248463,6214.454633997311,1.1347653223683665
6216,6561.246375942035,6215.2966722871015,0.8420382897902527
6217,6562.260958255343,6216.419112483571,1.1224401964691424
6218,6563.36942199566,6217.645442960415,1.2263304768439411
6219,6564.166004197383,6218.526746868643,0.8813039082288014
6220,6565.225896725427,6219.699389725434,1.1726428567908442
6221,6565.916463678862,6220.4634331671405,0.7640434417062352
6222,6567.222123704219,6221.908047318016,1.444614150875168
6223,6567.810942958574,6222.559544844078,0.6514975260624851
6224,6568.585110673606,6223.416133475097,0.8565886310188944
6225,6569.319354206835,6224.22856085785,0.8124273827534125
6226,6569.866289055122,6224.833743007475,0.6051821496248522
6227,6571.349397080133,6226.4748350866685,1.6410920791931858
6228,6572.768540538469,6228.045198824224,1.5703637375554536
6229,6573.166263739422,6228.485311136378,0.4401123121542696
6230,6574.230084645373,6229.662532288499,1.177221152121092
6231,6575.279364268425,6230.823688937246,1.1611566487463278
6232,6575.921041736287,6231.533796920892,0.7101079836465942
6233,6576.29000773286,6231.942115131515,0.40831821062238305
6234,6577.842444727396,6233.660163999062,1.7180488675476226
6235,6578.668340544978,6234.574189026359,0.9140250272967023
6236,6579.281726766581,6235.2530387866755,0.6788497603165524
6237,6580.253132475484,6236.328136222198,1.0750974355223661
6238,6581.106726792464,6237.272865446398,0.9447292242002732
6239,6582.366235017423,6238.666878591004,1.394013144606106
6240,6583.647989893461,6240.085553521301,1.4186749302971293
6241,6584.025065236706,6240.502916495703,0.4173629744018399
6242,6585.152149259118,6241.750441359161,1.2475248634582385
6243,6585.766065749252,6242.429974231818,0.6795328726566368
6244,6586.365117607649,6243.093062497044,0.6630882652261789
6245,6587.679935019046,6244.548459382544,1.4553968854997947
6246,6588.133534514996,6245.050567149617,0.5021077670726299
6247,6589.210210194638,6246.2424032366125,1.1918360869958633
6248,6590.863205277398,6248.0722559005135,1.8298526639009651
6249,6591.491048592959,6248.767290844751,0.6950349442377046
6250,6592.144011228694,6249.490143468943,0.7228526241915461
6251,6592.845950010056,6250.267225891191,0.777082422247986
6252,6594.035062429383,6251.583661790295,1.3164358991043628
6253,6595.182141381579,6252.85359585478,1.2699340644849144
6254,6595.672779583989,6253.396792368927,0.5431965141469846
6255,6596.500204522654,6254.312866160141,0.9160737912143304
6256,6597.265170319666,6255.159803742127,0.8469375819859124
6257,6598.340695483693,6256.350603317971,1.190799575843812
6258,6599.176046768408,6257.275506513322,0.9249031953513622
6259,6600.75378045466,6259.022423414055,1.7469169007326855
6260,6601.347457984376,6259.679777592802,0.6573541787465729
6261,6602.390527988638,6260.834745752313,1.1549681595115544
6262,6602.977753481655,6261.48497898705,0.650233234737243
6263,6603.897138837149,6262.50302865196,1.018049664909995
6264,6604.427167138999,6263.08994646939,0.5869178174298213
6265,6605.399554340271,6264.16672048637,1.0767740169794706
6266,6606.694580788018,6265.600804795956,1.4340843095860691
6267,6607.765474189116,6266.786719530081,1.1859147341256175
6268,6607.967781789133,6267.010759463019,0.22403993293755775
6269,6609.741917966225,6268.975519523126,1.9647600601074373
6270,6610.094415677296,6269.365900738468,0.39038121534122183
6271,6611.386797395996,6270.797202420561,1.4313016820933626
6272,6612.007975267011,6271.4851658990165,0.6879634784554582
6273,6612.907977501809,6272.481947870867,0.9967819718503961
6274,6614.103829390388,6273.806423190384,1.3244753195167505
6275,6614.525354351746,6274.2732947342065,0.4668715438228901
6276,6615.245604673416,6275.071037645757,0.797742911550813
6277,6616.001321093094,6275.908075912761,0.8370382670036633
6278,6617.82312034163,6277.925973535274,2.017897622513374
6279,6618.582598754258,6278.767225738563,0.8412522032886045
6280,6619.598203880316,6279.892203746644,1.1249780080806886
6281,6620.243653081774,6280.607175765072,0.7149720184279431
6282,6620.801846220444,6281.225501245714,0.6183254806428522
6283,6621.897593444353,6282.439311557085,1.2138103113702527
6284,6622.896150263723,6283.545484655602,1.1061730985175018
6285,6623.574968353804,6284.297473883648,0.7519892280461136
6286,6624.663719462919,6285.503606737985,1.206132854336829
6287,6625.250125790559,6286.153247210799,0.6496404728140988
6288,6626.636287300496,6287.688915968842,1.5356687580424477
6289,6627.460241761982,6288.601761571143,0.9128456023008766
6290,6628.06183665256,6289.26826895792,0.6665073867770843
6291,6629.891281103424,6291.2951650977075,2.026896139787823
6292,6630.110418429954,6291.537959274623,0.24279417691559502
6293,6631.038268216506,6292.565987350972,1.0280280763490737
6294,6631.547698183339,6293.130428351551,0.5644410005788814
6295,6632.548656711798,6294.239493997204,1.109065645652663
6296,6633.484002020728,6295.275881689739,1.0363876925357545
6297,6634.352598134559,6296.238328280658,0.9624465909182618
6298,6635.696775490742,6297.727777613185,1.4894493325273288
6299,6636.654287338266,6298.7887989900855,1.0610213769004986
6300,6637.625363681346,6299.864873675968,1.076074685882304
6301,6638.090473850529,6300.380282232365,0.515408556397233
6302,6639.075753370519,6301.472129920168,1.091847687803238
6303,6639.859562435548,6302.340732660715,0.8686027405465211
6304,6641.05512083244,6303.665656772802,1.3249241120875013
6305,6641.786228641866,6304.475891176907,0.8102344041044489
6306,6642.644283633696,6305.4268283855035,0.9509372085967698
6307,6643.292547542334,6306.1452768711615,0.7184484856579729
6308,6644.119902868445,6307.06222080943,0.9169439382685596
6309,6645.918402372157,6309.05552400265,1.9933031932196172
6310,6646.611795538477,6309.824042437789,0.7685184351394128
6311,6647.322423863213,6310.611675309833,0.7876328720440142
6312,6648.077919597347,6311.449050738237,0.8373754284039023
6313,6649.384089933558,6312.896814434704,1.447763696466609
6314,6649.647351976543,6313.188619934246,0.29180549954253365
6315,6650.383134979862,6314.0041869647985,0.8155670305523017
6316,6651.545139433753,6315.292218806742,1.2880318419438481
6317,6652.583661009993,6316.443402543154,1.15118373641144
6318,6653.941240679173,6317.948295730611,1.504893187457128
6319,6654.366268486231,6318.419453164444,0.47115743383346853
6320,6655.334573448509,6319.492867493963,1.0734143295185277
6321,6656.446114677306,6320.725094008833,1.23222651487049
6322,6657.053755492812,6321.398721749328,0.6736277404943394
6323,6658.335707229375,6322.81991635034,1.4211946010118481
6324,6659.055077831644,6323.617440660748,0.7975243104083347
6325,6659.521842320746,6324.134921894607,0.5174812338591437
6326,6660.503555598671,6325.2233211650255,1.0883992704184493
6327,6661.461648933386,6326.285555840716,1.0622346756908883
6328,6662.346720631639,6327.266851175428,0.981295334711831
6329,6663.719022678309,6328.788384794465,1.5215336190367452
6330,6664.872916950476,6330.067794602832,1.279409808366836
6331,6665.43291695398,6330.688720399967,0.6209257971349871
6332,6666.236097925819,6331.579297367949,0.8905769679822697
6333,6666.808353082499,6332.213830339884,0.6345329719351867
6334,6667.616350899314,6333.109774863525,0.8959445236405372
6335,6669.097362269837,6334.752027713363,1.6422528498378597
6336,6669.810009517618,6335.542281336265,0.790253622902128
6337,6670.175702313961,6335.947802316045,0.4055209797807038
6338,6671.713778808945,6337.653428097389,1.7056257813437696
6339,6672.526465395132,6338.554666915676,0.9012388182864015
6340,6673.539418182133,6339.678015463261,1.1233485475850102
6341,6674.254359553939,6340.470888816879,0.7928733536182335
6342,6675.608127235226,6341.972256951022,1.5013681341433767
6343,6676.021079514859,6342.430241859611,0.45798490858851437
6344,6677.034062070679,6343.553707828849,1.1234659692381683
6345,6677.773602313435,6344.373923278921,0.8202154500722827
6346,6678.438197868944,6345.111029571808,0.7371062928868923
6347,6679.147300422945,6345.897510408746,0.7864808369376988
6348,6680.890098038189,6347.830535496829,1.9330250880830135
6349,6681.885127241569,6348.934205223222,1.1036697263934911
6350,6682.5656403067,6349.689032496669,0.7548272734466082
6351,6683.184617811498,6350.375613907795,0.6865814111260988
6352,6684.323087144977,6351.638449182793,1.2628352749979967
6353,6685.084637365417,6352.483208075839,0.8447588930457641
6354,6685.936244319489,6353.427879854724,0.9446717788850947
6355,6686.656349751519,6354.226692908337,0.7988130536132303
6356,6688.04074192074,6355.762434001431,1.5357410930937476
6357,6688.503502135188,6356.275795731027,0.5133617295959993
6358,6689.259935461761,6357.1149538658,0.8391581347732426
6359,6690.508707528536,6358.500323513388,1.3853696475880497
6360,6691.704920009262,6359.827419104287,1.3270955908992619
6361,6692.64754125475,6360.873200852163,1.0457817478754805
6362,6693.499651871102,6361.818584668467,0.9453838163044566
6363,6693.981516036085,6362.353201989822,0.5346173213547445
6364,6694.823702884915,6363.287602382073,0.934400392250609
6365,6695.938981836289,6364.525022492699,1.2374201106258624
6366,6696.272310646923,6364.894861960715,0.36983946801683487
6367,6697.779004686451,6366.566622353275,1.6717603925599178
6368,6698.507679622905,6367.37514686166,0.8085245083848349
6369,6699.761639218132,6368.766547245371,1.3914003837107884
6370,6700.871368181451,6369.997939691797,1.2313924464260708
6371,6701.375798236869,6370.557681855355,0.5597421635584396
6372,6701.784678330476,6371.011401182063,0.4537193267078692
6373,6703.336806677939,6372.733777537641,1.7223763555775804
6374,6704.270589493425,6373.770011569734,1.036234032093489
6375,6704.873686015396,6374.439288626279,0.6692770565450701
6376,6705.640106165692,6375.2898240159575,0.8505353896780434
6377,6706.214075997797,6375.9267966374355,0.6369726214779803
6378,6707.535168632614,6377.39293099233,1.4661343548941659
6379,6708.721048689682,6378.709043158257,1.3161121659277342
6380,6709.726991699266,6379.825483931846,1.1164407735886925
6381,6710.545176389563,6380.7335597830515,0.9080758512054672
6382,6711.503024657996,6381.796663746606,1.0631039635545676
6383,6712.08990386812,6382.44804448314,0.6513807365336106
6384,6712.731759929545,6383.160453705248,0.7124092221083629
6385,6713.825345385447,6384.374269155857,1.2138154506092178
6386,6714.552463890874,6385.181343565872,0.8070744100150478
6387,6715.865576387473,6386.638881190722,1.457537624849465
6388,6716.558365972568,6387.407884998029,0.7690038073069445
6389,6717.80967501143,6388.796880160242,1.3889951622131775
6390,6718.186519712512,6389.215197734455,0.4183175742127787
6391,6719.559687205052,6390.73951483103,1.5243170965750323
6392,6720.626196173102,6391.92344918406,1.183934353030054
6393,6721.043429319701,6392.386628105464,0.4631789214045057
6394,6722.047668249346,6393.5014708732915,1.1148427678272128
6395,6722.914170254798,6394.463425978696,0.9619551054047406
6396,6723.649784945101,6395.280089287447,0.8166633087503214
6397,6724.57328441851,6396.305356299066,1.0252670116196896
6398,6725.062801240417,6396.848824945195,0.543468646128531
6399,6727.203484213403,6399.225508720433,2.3766837752382344
6400,6727.86135302885,6399.955926434761,0.7304177143278139
6401,6728.191087298994,6400.322027213935,0.36610077917430317
6402,6729.486019096449,6401.759802378183,1.437775164247796
6403,6729.89523729321,6402.214169504215,0.45436712603168417
6404,6730.934946661612,6403.368607529215,1.1544380250006725
6405,6731.961248879775,6404.508184035335,1.139576506119738
6406,6733.013197272611,6405.676263160063,1.1680791247281377
6407,6733.352651970027,6406.053197828221,0.37693466815744614
6408,6734.491411333636,6407.317710115241,1.264512287020807
6409,6735.744523774782,6408.709238879648,1.3915287644067575
6410,6736.4096053578,6409.447799132156,0.7385602525082504
6411,6737.651227900499,6410.826624950513,1.378825818356745
6412,6738.29718109192,6411.543972443855,0.7173474933415491
6413,6739.552413812179,6412.937968575177,1.3939961313226377
6414,6740.261721734865,6413.725705492443,0.7877369172656472
6415,6740.457697493018,6413.943352610713,0.2176471182701789
6416,6741.36652761748,6414.952694697145,1.0093420864313885
6417,6742.674048332694,6416.404854721321,1.4521600241760098
6418,6743.672183245416,6417.513431523126,1.1085768018056115
6419,6744.725146506195,6418.68292881962,1.169497296494228
6420,6745.670849832026,6419.73331776112,1.0503889414994774
6421,6746.593080879847,6420.757656458343,1.0243386972233566
6422,6747.242437890558,6421.478921066868,0.7212646085245069
6423,6748.029172419819,6422.3527892405555,0.873868173687697
6424,6749.031010237308,6423.465605286548,1.112816045992986
6425,6750.213685342223,6424.779321268728,1.3137159821799287
6426,6750.601759539746,6425.210401429807,0.43108016107817093
6427,6751.786325711448,6426.526261904995,1.315860475188856
6428,6752.178020361092,6426.961378271177,0.4351163661813189
6429,6753.436904757144,6428.3598420901,1.398463818923119
6430,6754.800870274663,6429.875080105311,1.5152380152112528
6431,6755.929060721254,6431.1284272103885,1.2533471050774097
6432,6756.349056164565,6431.595022824396,0.4665956140079288
6433,6756.987912268812,6432.304770530481,0.7097477060842721
6434,6757.968818185655,6433.394542818298,1.0897722878171408
6435,6759.040586961106,6434.585288333548,1.1907455152504554
6436,6759.501932128259,6435.097855620997,0.5125672874482916
6437,6760.462459400595,6436.165044162499,1.0671885415022189
6438,6761.720180324828,6437.562460915796,1.397416753296966
6439,6762.871493911746,6438.841684245651,1.2792233298550855
6440,6763.550805103913,6439.596480838383,0.7547965927324185
6441,6764.315430966511,6440.446085300585,0.8496044622015688
6442,6765.177507003466,6441.4039868024665,0.957901501881679
6443,6766.626418343842,6443.013993626628,1.6100068241612462
6444,6767.055387842122,6443.490667062298,0.47667343566990894
6445,6767.826497444028,6444.347539480368,0.8568724180704521
6446,6768.762729472865,6445.3879180379845,1.04037855761635
6447,6769.585676837072,6446.302427155683,0.914509117698799
6448,6770.093879396388,6446.867180673053,0.5647535173693541
6449,6771.955148424855,6448.935616878757,2.068436205704529
6450,6772.495692995083,6449.536341621139,0.6007247423822264
6451,6773.740383049483,6450.919632225277,1.3832906041379829
6452,6774.572946802578,6451.8449251545,0.9252929292224508
6453,6774.993840108073,6452.312702856425,0.46777770192511525
6454,6776.146685002439,6453.593987441526,1.2812845851012753
6455,6776.359235997388,6453.830222380025,0.23623493849845545
6456,6778.094859514307,6455.759281118144,1.9290587381192381
6457,6778.684172078836,6456.41428864786,0.6550075297163858
6458,6779.586018071242,6457.41668577052,1.0023971226601134
6459,6780.217537107738,6458.118627256324,0.7019414858032178
6460,6781.893987624381,6459.9820688556565,1.863441599332873
6461,6782.353593658475,6460.492950810083,0.5108819544266225
6462,6783.353036592479,6461.603913645661,1.1109628355779932
6463,6784.369341123243,6462.733643562557,1.129729916895485
6464,6785.226455746959,6463.686435904874,0.9527923423174798
6465,6785.783415364001,6464.3055768698405,0.619140964966391
6466,6786.860012200988,6465.502390194719,1.1968133248783488
6467,6787.190723306274,6465.870035091271,0.36764489655251964
6468,6788.359287917739,6467.1691254510715,1.299090359800175
6469,6789.795642994321,6468.765961662793,1.596836211721893
6470,6791.028915455419,6470.137063824346,1.3711021615526988
6471,6791.376409715536,6470.523400246245,0.38633642189870443
6472,6792.196698981652,6471.435390908182,0.911990661937125
6473,6793.061593444637,6472.396990326521,0.9615994183386647
6474,6794.096623844174,6473.5477718341135,1.1507815075929102
6475,6795.007815668105,6474.560886231745,1.0131143976313979
6476,6795.896919249779,6475.549460422886,0.9885741911411969
6477,6796.295555003895,6475.992700525445,0.4432401025587751
6478,6797.774135880899,6477.636756001132,1.6440554756873098
6479,6798.366625614892,6478.29556827649,0.6588122753573771
6480,6799.273322354986,6479.303775398426,1.0082071219367208
6481,6800.772051417368,6480.970338763087,1.6665633646607603
6482,6801.656988280416,6481.954399449266,0.9840606861789638
6483,6802.224132415897,6482.585080345367,0.6306808961007846
6484,6802.957130339656,6483.4002066624125,0.8151263170457241
6485,6803.905959480592,6484.455365565887,1.0551589034748758
6486,6804.369622404881,6484.970996157032,0.515630591144145
6487,6805.731785578892,6486.485860623376,1.5148644663440791
6488,6806.401467743149,6487.230631445775,0.7447708223990048
6489,6807.689586081387,6488.6632105857125,1.4325791399378431
6490,6808.690301596814,6489.776181823358,1.1129712376450698
6491,6809.403080163783,6490.568930927997,0.7927491046393698
6492,6810.366331181337,6491.6402732282695,1.0713423002725904
6493,6811.15703639008,6492.519723684578,0.8794504563084047
6494,6811.850764837749,6493.2913251695845,0.7716014850066131
6495,6813.242160313716,6494.838942729006,1.547617559421269
6496,6813.937310608288,6495.6121595415825,0.7732168125767203
6497,6814.46246595324,6496.196298177252,0.5841386356696603
6498,6815.081096307118,6496.884418813699,0.6881206364469108
6499,6816.335338647445,6498.279576681261,1.3951578675614655
6500,6817.957478321921,6500.084020030307,1.8044433490467782
6501,6818.595648109208,6500.79392717214,0.7099071418324456
6502,6819.200378865692,6501.466645137537,0.6727179653971689
6503,6820.389495636156,6502.789473947946,1.3228288104091916
6504,6821.029054304978,6503.500962408058,0.7114884601114682
6505,6821.70064004942,6504.2480902331345,0.7471278250768592
6506,6822.503719518642,6505.141516426342,0.8934261932072332
6507,6823.68720303324,6506.458169676648,1.3166532503064445
6508,6824.619085022734,6507.4949333007335,1.0367636240853244
6509,6825.43083343018,6508.398059029148,0.9031257284141248
6510,6826.694558727106,6509.8040705976655,1.406011568517897
6511,6827.215195839818,6510.383338489928,0.5792678922625782
6512,6828.196024115884,6511.474638458829,1.0912999689007847
6513,6829.600399880393,6513.037229541076,1.5625910822473088
6514,6830.083027378228,6513.574239895797,0.5370103547211329
6515,6830.870213620892,6514.450138567056,0.8758986712582555
6516,6831.545028254603,6515.201013336488,0.7508747694328122
6517,6832.55623823514,6516.3262193183455,1.125205981857107
6518,6833.389260421885,6517.253167884077,0.9269485657314362
6519,6834.17785865243,6518.130698418001,0.8775305339240731
6520,6835.801628118638,6519.937630261019,1.806931843017992
6521,6836.654339308382,6520.886552477248,0.9489222162292208
6522,6837.608007663348,6521.947842862688,1.061290385439861
6523,6837.961927128304,6522.341707731927,0.3938648692392235
6524,6838.573655317859,6523.022485988657,0.6807782567293543
6525,6840.160959158248,6524.789000603599,1.7665146149420252
6526,6840.629444018782,6525.310389841177,0.52138923757866
6527,6841.652128808351,6526.448580631345,1.138190790167755
6528,6842.568406740923,6527.468367224585,1.019786593239587
6529,6843.097716812179,6528.057480471738,0.5891132471533638
6530,6844.542069426547,6529.66505389749,1.6075734257519798
6531,6845.395596546577,6530.6150576840055,0.9500037865154809
6532,6846.437600649348,6531.774865518668,1.159807834662388
6533,6847.230869124743,6532.6578338516065,0.8829683329386171
6534,6848.211314779072,6533.749164875332,1.0913310237256155
6535,6848.775908203615,6534.377622205697,0.6284573303646539
6536,6849.879668262095,6535.606255323779,1.2286331180821435
6537,6850.113716574125,6535.866786152298,0.26053082851922227
6538,6851.11591127018,6536.9823933563985,1.1156072041003426
6539,6852.988639447484,6539.067109754017,2.0847163976186494
6540,6853.36648507911,6539.487736456428,0.4206267024110275
6541,6854.363467096818,6540.597616356607,1.109879900179294
6542,6855.292491816881,6541.631864272873,1.0342479162654854
6543,6856.262283256446,6542.711517604659,1.0796533317861758
6544,6856.760131671619,6543.265772780258,0.5542551755988825
6545,6858.04941180057,6544.70115647304,1.4353836927821249
6546,6858.558429214378,6545.267867285731,0.5667108126908715
6547,6859.92246395939,6546.78653502961,1.5186677438787228
6548,6860.18785889937,6547.082021328057,0.295486298447031
6549,6861.108305661406,6548.106844057529,1.024822729472362
6550,6862.251552326197,6549.37975891009,1.2729148525604614
6551,6863.661560661958,6550.949733558738,1.5699746486488948
6552,6864.468078714363,6551.847772307103,0.8980387483643426
6553,6865.320196229554,6552.796601361706,0.9488290546032658
6554,6865.947533329549,6553.495149184138,0.6985478224323742
6555,6866.605957422315,6554.228322579497,0.73317339535879
6556,6867.507291743347,6555.231999509148,1.003676929651192
6557,6868.582153641694,6556.428931934317,1.1969324251685975
6558,6869.569127747684,6557.52801885318,1.0990869188626675
6559,6870.02493455084,6558.035609488854,0.5075906356742053
6560,6871.7890738567,6560.000216557439,1.9646070685848827
6561,6872.372448382001,6560.649898638284,0.6496820808451957
6562,6873.072723613971,6561.429779010682,0.7798803723981109
6563,6873.934694034238,6562.389751175546,0.9599721648637569
6564,6875.153324099615,6563.746962763184,1.357211587637721
6565,6876.145315861664,6564.851788324666,1.1048255614823574
6566,6876.698117410311,6565.467477999428,0.6156896747625069
6567,6877.237646576932,6566.06839221177,0.6009142123411948
6568,6878.258863124614,6567.205816331772,1.1374241200028337
6569,6879.112421812894,6568.156522769878,0.9507064381059536
6570,6880.377942410603,6569.566109568244,1.4095867983660355
6571,6881.688038384214,6571.02538520656,1.4592756383153755
6572,6882.445197358526,6571.868779416636,0.8433942100764398
6573,6882.83857721113,6572.306967780874,0.4381883642381581
6574,6884.181301466845,6573.802663971425,1.495696190550916
6575,6884.701384278517,6574.382009220168,0.5793452487423565
6576,6885.263282750262,6575.00794197029,0.6259327501220469
6577,6886.623661119115,6576.523380075831,1.5154381055408521
6578,6887.549968308301,6577.555294829666,1.0319147538357356
6579,6888.2509928671,6578.336255835773,0.780961006106736
6580,6889.289681088247,6579.493404500925,1.157148665151908
6581,6889.977275509067,6580.259431487094,0.7660269861689812
6582,6891.537372835463,6581.997526596142,1.7380951090481176
6583,6892.182738260617,6582.716540796051,0.7190141999089974
6584,6892.950976502118,6583.572462534494,0.8559217384427029
6585,6893.749941560473,6584.462632575687,0.8901700411934144
6586,6894.725796291229,6585.549904929113,1.0872723534257602
6587,6895.615387172351,6586.54108346362,0.9911785345075259
6588,6895.840311975508,6586.791696655731,0.2506131921109045
6589,6897.082003225874,6588.175220971878,1.383524316146577
6590,6898.502343014077,6589.757843706184,1.5826227343059145
6591,6899.560414678569,6590.936837106588,1.178993400404579
6592,6900.318742990246,6591.781846867712,0.8450097611239471
6593,6900.858109754849,6592.382874542852,0.6010276751394485
6594,6901.834315321035,6593.470697898612,1.08782335576052
6595,6902.578676872228,6594.300183330764,0.8294854321520688
6596,6903.937998227295,6595.814987257126,1.51480392636131
6597,6904.535186364929,6596.480496733308,0.6655094761827058
6598,6905.140661438643,6597.155249605489,0.6747528721807612
6599,6906.094062894562,6598.217755345229,1.0625057397401179
6600,6907.140032630446,6599.383446686967,1.165691341737329
6601,6908.442281898068,6600.834786524099,1.451339837132764
6602,6908.903089541293,6601.348359995634,0.5135734715349827
6603,6910.472255698762,6603.0972437839055,1.7488837882710868
6604,6911.048924563072,6603.739973162428,0.6427293785227448
6605,6911.819906831136,6604.599287551917,0.8593143894886452
6606,6912.192144576347,6605.014177804896,0.41489025297869375
6607,6913.303555547398,6606.2529577272935,1.2387799223979528
6608,6914.187543371099,6607.238271857214,0.9853141299208801
6609,6915.329117315662,6608.510724297506,1.2724524402919997
6610,6916.245063928928,6609.531703504252,1.0209792067453236
6611,6917.216468424076,6610.614521103067,1.0828175988153816
6612,6918.357587013807,6611.886545513953,1.2720244108859333
6613,6918.817356663068,6612.399067072853,0.512521558899607
6614,6919.750351056099,6613.439124007733,1.0400569348803401
6615,6920.967473414749,6614.7959431240715,1.3568191163385563
6616,6921.483827935223,6615.371573179632,0.5756300555603957
6617,6922.480973999166,6616.483205170153,1.1116319905213459
6618,6923.354034045865,6617.4565231514325,0.9733179812792514
6619,6924.145884035748,6618.33932046456,0.882797313127412
6620,6924.460427819384,6618.689994932887,0.35067446832727
6621,6926.654831366049,6621.136526185781,2.446531252893692
6622,6927.28679783769,6621.841123459979,0.7045972741980222
6623,6928.07166325656,6622.716204864606,0.8750814046270534
6624,6928.719431898001,6623.438441626796,0.7222367621898229
6625,6929.627051913055,6624.450418745755,1.0119771189592939
6626,6930.528890049633,6625.455967931991,1.0055491862358394
6627,6931.345058650023,6626.366011717465,0.9100437854740449
6628,6932.023250807392,6627.122220734054,0.7562090165893096
6629,6933.304572524187,6628.550970051948,1.428749317893562
6630,6934.184535983196,6629.532203059548,0.9812330076001672
6631,6935.045370894751,6630.492123330978,0.9599202714298372
6632,6936.108134342437,6631.6772383359385,1.1851150049606076
6633,6936.738749030301,6632.380465334733,0.7032269987948894
6634,6938.142460069569,6633.94583984625,1.565374511516893
6635,6938.676824998129,6634.54175872846,0.595918882209844
6636,6939.728174416742,6635.7142331062005,1.1724743777404
6637,6940.311344603756,6636.364600702244,0.6503675960439068
6638,6940.802649579944,6636.912523715547,0.547923013302352
6639,6942.049400324619,6638.302974990351,1.390451274804036
6640,6942.947798550565,6639.30494471619,1.0019697258394444
6641,6944.312163919005,6640.826635814372,1.521691098181691
6642,6945.071500563429,6641.673550469723,0.8469146553507017
6643,6946.31146455827,6643.056553984431,1.3830035147084345
6644,6946.66139110081,6643.44685365726,0.39029967282931466
6645,6947.472631963528,6644.351703049234,0.9048493919735847
6646,6948.143968613257,6645.100516177106,0.7488131278723813
6647,6949.584246728473,6646.707046290194,1.6065301130875014
6648,6950.55803183932,6647.793262804927,1.0862165147327687
6649,6950.778718800411,6648.0394328870825,0.2461700821559134
6650,6951.731756770679,6649.102532675235,1.0630997881526127
6651,6953.170717240911,6650.707711239505,1.605178564270318
6652,6953.807636482949,6651.418217824433,0.710506584927316
6653,6955.26155855198,6653.040155571206,1.6219377467732556
6654,6955.788441534834,6653.627937253566,0.5877816823604007
6655,6956.546043636554,6654.473116388489,0.8451791349225459
6656,6957.755993703884,6655.822961089245,1.3498447007559662
6657,6958.032891659782,6656.131878743071,0.308917653826029
6658,6958.980843288755,6657.189462101116,1.0575833580451217
6659,6959.816566484797,6658.121854721085,0.9323926199685957
6660,6960.901479751521,6659.332285446046,1.2104307249610429
6661,6962.607412061689,6661.2356375333975,1.9033520873517773
6662,6962.870225996558,6661.528871642124,0.29323410872621025
6663,6963.68028448136,6662.432702667305,0.9038310251817165
6664,6964.533684079057,6663.384908204099,0.9522055367933717
6665,6965.79678675497,6664.794282467095,1.4093742629966073
6666,6966.478635398824,6665.555106654172,0.7608241870766506
6667,6967.140998080977,6666.294198076375,0.7390914222032734
6668,6968.316501086581,6667.6058971735965,1.311699097221208
6669,6968.801828338876,6668.147464601734,0.5415674281375686
6670,6969.932237760999,6669.408887780491,1.2614231787565586
6671,6970.535368743666,6670.081933210655,0.6730454301641657
6672,6972.095936145753,6671.82343884894,1.7415056382851617
6673,6973.262414596907,6673.125199643266,1.3017607943256735
6674,6973.654656489091,6673.562938767891,0.4377391246252955
6675,6974.591510670818,6674.608475490846,1.0455367229551484
6676,6975.295197954231,6675.393809271314,0.785333780468136
6677,6976.008257662878,6676.189614453494,0.7958051821797198
6678,6976.919054490707,6677.206119602983,1.0165051494886939
6679,6978.181615018905,6678.615245924503,1.409126321520489
6680,6978.842393158969,6679.35274574959,0.7374998250870703
6681,6979.762843417419,6680.380084321409,1.0273385718192003
6682,6981.004332176592,6681.765772948619,1.3856886272096745
6683,6981.976866683824,6682.851292627121,1.0855196785023509
6684,6982.397415579585,6683.320705889963,0.46941326284195384
6685,6983.385289848011,6684.423378983971,1.102673094007514
6686,6984.843874844216,6686.051503787463,1.6281248034920281
6687,6985.151721856232,6686.395139841706,0.3436360542427792
6688,6986.003674960955,6687.346148807676,0.9510089659706864
6689,6986.850633675517,6688.291599080587,0.9454502729104206
6690,6987.254126322794,6688.742019029238,0.4504199486509606
6691,6989.031870465207,6690.726563850325,1.9845448210871837
6692,6990.113171653696,6691.933685393218,1.2071215428932192
6693,6990.678711334835,6692.565041952181,0.6313565589625796
6694,6991.939520170368,6693.972608526231,1.407566574050179
6695,6992.275498255838,6694.347700457788,0.3750919315571082
6696,6993.159083827505,6695.334163424759,0.9864629669709757
6697,6994.109978417561,6696.395792165476,1.061628740717424
6698,6995.039339733009,6697.433399907678,1.0376077422015442
6699,6995.819351875684,6698.3042783505125,0.8708784428345098
6700,6996.886975870436,6699.496295978155,1.192017627642599
6701,6997.808697348918,6700.525432191102,1.0291362129464687
6702,6998.498795222107,6701.2959647080415,0.7705325169399657
6703,6999.682678654557,6702.617861390891,1.3218966828499106
6704,7000.717687588804,6703.773554383772,1.1556929928801765
6705,7001.85590089074,6705.044513691997,1.2709593082254287
6706,7002.352835851461,6705.5994137485,0.5549000565033566
6707,7002.691508680538,6705.97759436578,0.37818061727921304
6708,7004.043723499323,6707.487577423738,1.5099830579583795
6709,7005.062866174924,6708.625654955874,1.138077532135867
6710,7005.100564672658,6708.667753354435,0.04209839856139297
6711,7006.739662383964,6710.498186125334,1.8304327708983692
6712,7008.1147420574,6712.033828593456,1.5356424681222052
6713,7008.817473633258,6712.818632028466,0.7848034350099624
6714,7009.367750707156,6713.4331836638885,0.6145516354226856
6715,7010.35408047237,6714.5347378940305,1.1015542301420282
6716,7011.000501879778,6715.256687163042,0.7219492690119296
6717,7012.236145978953,6716.636730284137,1.3800431210947863
6718,7013.15843422364,6717.666820952797,1.0300906686597955
6719,7013.706426479036,6718.278874878383,0.6120539255862241
6720,7014.629880155091,6719.310298023962,1.0314231455786285
6721,7015.280466924193,6720.0369624982795,0.7266644743176585
6722,7016.721610295663,6721.646663134568,1.609700636288835
6723,7017.835435823649,6722.890794849308,1.2441317147395239
6724,7018.482223807742,6723.613263320518,0.7224684712100498
6725,7019.437796946047,6724.68066517394,1.0674018534218703
6726,7020.435877382538,6725.795570970762,1.1149057968223133
6727,7021.023066109282,6726.451500716112,0.6559297453495674
6728,7021.657557247156,6727.160279257567,0.7087785414551036
6729,7022.295224444059,6727.872614910557,0.7123356529900775
6730,7024.04283203159,6729.824908079703,1.9522931691462873
6731,7024.45516570243,6730.285545724742,0.46063764503924176
6732,7025.699304046254,6731.675455459714,1.3899097349712974
6733,7026.594723731796,6732.675810076003,1.0003546162888597
6734,7027.30830666374,6733.47303135103,0.7972212750273684
6735,7028.454474427451,6734.753564431767,1.2805330807368591
6736,7029.026736381394,6735.392923824013,0.6393593922466607
6737,7030.160937812433,6736.660131737644,1.2672079136309549
6738,7030.916480678158,6737.504292398426,0.8441606607811991
6739,7031.735908085657,6738.419845240416,0.915552841990575
6740,7032.326789393166,6739.080051114958,0.6602058745420436
6741,7033.374833299674,6740.251075176448,1.1710240614893337
6742,7034.292019875175,6741.275907166617,1.0248319901693321
6743,7036.042983450233,6743.23242507259,1.9565179059727598
6744,7036.590328238249,6743.8440396185115,0.6116145459218387
6745,7037.287650971197,6744.623252481168,0.7792128626560952
6746,7037.826378791676,6745.225253359926,0.6020008787581901
6747,7038.892159117756,6746.416227883469,1.1909745235434457
6748,7039.724690853085,6747.346572631986,0.9303447485172001
6749,7040.828312058793,6748.579880935391,1.2333083034045558
6750,7041.380467339997,6749.196930602115,0.6170496667236876
6751,7042.367190690242,6750.299639949022,1.1027093469074316
6752,7043.660231421897,6751.744706560222,1.4450666111997634
6753,7044.644895546271,6752.845165330362,1.1004587701399942
6754,7044.831635317056,6753.053867817446,0.20870248708433792
6755,7046.487185180729,6754.904163583475,1.8502957660284665
6756,7047.225072049253,6755.728869621995,0.8247060385201621
6757,7047.948438454178,6756.537358666885,0.8084890448899387
6758,7048.949401863967,6757.656130623082,1.1187719561976337
6759,7049.280272516691,6758.025948124411,0.3698175013287255
6760,7050.297213171849,6759.162608533354,1.1366604089425891
6761,7051.126075603252,6760.089066401362,0.9264578680085833
6762,7052.731101998176,6761.883122708723,1.7940563073607336
6763,7053.529831409839,6762.775943110153,0.8928204014300718
6764,7054.22932577632,6763.557850318962,0.7819072088086614
6765,7055.362254325913,6764.824281363416,1.2664310444542934
6766,7055.986004943465,6765.521546118776,0.6972647553602656
6767,7056.614758134823,6766.224411923999,0.7028658052222454
6768,7057.640859333481,6767.3714812269445,1.1470693029459653
6769,7058.629780453733,6768.477009723012,1.1055284960675635
6770,7059.889596893713,6769.8854077539945,1.4083980309824256
6771,7060.046570771797,6770.060897493693,0.17548973969860526
6772,7060.897300346828,6771.011984580731,0.9510870870381041
6773,7062.396671827488,6772.688271240149,1.6762866594181105
6774,7063.516698792153,6773.940486484615,1.252215244465333
6775,7064.111543391221,6774.60554756838,0.6650610837650675
6776,7065.149328525933,6775.765853740427,1.1603061720470578
6777,7065.783828580668,6776.4752748990495,0.7094211586227175
6778,7066.700657475165,6777.500378010301,1.0251031112511555
6779,7067.232275507835,6778.094786904531,0.5944088942305825
6780,7068.407664647506,6779.409027065512,1.3142401609811714
6781,7068.910823584891,6779.971634662414,0.5626075969012163
6782,7070.631775541777,6781.895961653543,1.9243269911294192
6783,7071.257549038726,6782.595703020797,0.6997413672543189
6784,7072.437115054571,6783.914720423884,1.3190174030869457
6785,7072.983187561457,6784.525361657482,0.610641233597562
6786,7073.466662994932,6785.066009812346,0.5406481548643569
6787,7075.067136414841,6786.855782532506,1.7897727201598173
6788,7075.890873553465,6787.776971344284,0.9211888117779381
6789,7076.342464150186,6788.281993542701,0.5050221984165546
6790,7077.065912471996,6789.091048871924,0.8090553292231561
6791,7078.271618865431,6790.439454935826,1.3484060639020754
6792,7078.931890804248,6791.177886275389,0.7384313395632489
6793,7080.137304262403,6792.526015302703,1.3481290273139166
6794,7081.329045567859,6793.85888556451,1.3328702618073294
6795,7082.278642199874,6794.920958632027,1.062073067516394
6796,7083.024206212045,6795.754846322763,0.8338876907364465
6797,7083.620734181047,6796.422051322666,0.6672049999033334
6798,7084.299067796784,6797.180764071718,0.7587127490514831
6799,7085.248728797867,6798.242972507631,1.0622084359129076
6800,7086.306731439245,6799.426386363091,1.1834138554604579
6801,7087.18623923729,6800.410166478306,0.9837801152143584
6802,7088.172775646458,6801.513684928308,1.1035184500024116
6803,7089.062481920449,6802.508910008719,0.9952250804108189
6804,7090.042338353995,6803.604997585097,1.0960875763785225
6805,7090.994773908901,6804.670432258377,1.065434673279924
6806,7091.86750387286,6805.646722764143,0.9762905057659736
6807,7092.676342251269,6806.55155539465,0.904832630506462
6808,7093.502511762345,6807.475791200234,0.9242358055844306
6809,7094.688695951538,6808.80280219272,1.3270109924860662
6810,7095.085720383149,6809.246969425084,0.4441672323637249
6811,7095.725602561626,6809.962838848036,0.7158694229519824
6812,7096.634105638254,6810.979244195441,1.0164053474054526
6813,7098.543092299941,6813.115020167969,2.135775972527881
6814,7099.105747706267,6813.744535127365,0.6295149593961469
6815,7100.148609518811,6814.911337514988,1.166802387622738
6816,7100.374674131556,6815.1642723523255,0.2529348373373068
6817,7101.805060778172,6816.764702477718,1.6004301253924496
6818,7102.326350494873,6817.347974193706,0.5832717159883032
6819,7103.038586280859,6818.144905549116,0.7969313554094697
6820,7104.510386060178,6819.791760515751,1.6468549666351464
6821,7104.853653429335,6820.175862926742,0.3841024109915452
6822,7105.840204617922,6821.279788810905,1.1039258841628907
6823,7107.089407119072,6822.677646162831,1.3978573519252677
6824,7107.734543391729,6823.399567208657,0.7219210458260932
6825,7108.776071695767,6824.565078934845,1.165511726188015
6826,7110.001860578942,6825.936816711946,1.371737777101771
6827,7110.890294249117,6826.93105300729,0.9942362953433985
6828,7111.196220368461,6827.273415633413,0.3423626261228492
6829,7112.280552946117,6828.486911592322,1.2134959589093341
6830,7112.700332233812,6828.95670115714,0.4697895648178019
6831,7113.874906598548,6830.271229030812,1.3145278736719774
6832,7115.004276076472,6831.535194847663,1.2639658168509413
6833,7115.666729177011,6832.276611261404,0.7414164137408079
6834,7117.412224324586,6834.230213543926,1.9536022825222972
6835,7117.750925734542,6834.609304615034,0.3790910711077231
6836,7118.533335836172,6835.485025814544,0.8757211995107355
6837,7119.283665360766,6836.324853328202,0.8398275136578377
6838,7120.250769053209,6837.407330017387,1.0824766891846593
6839,7121.421516882193,6838.717773040216,1.3104430228295314
6840,7122.205851773636,6839.5957129535045,0.8779399132881736
6841,7122.716594278005,6840.167416484208,0.5717035307034166
6842,7123.681370582502,6841.247362127573,1.0799456433651358
6843,7124.489058108264,6842.151482647038,0.904120519465323
6844,7125.915836857432,6843.748645737091,1.5971630900521632
6845,7127.035111899371,6845.00161519154,1.2529694544491576
6846,7127.569883237845,6845.600273413858,0.5986582223185906
6847,7128.564326582397,6846.713535702594,1.1132622887353136
6848,7129.114147836603,6847.3290606563805,0.6155249537869167
6849,7130.3299851236,6848.69021459321,1.3611539368293961
6850,7130.710717138682,6849.116458413287,0.42624382007670647
6851,7131.460814545007,6849.956230156219,0.8397717429324985
6852,7132.874807757899,6851.539300763559,1.5830706073402325
6853,7134.003937657023,6852.803477732737,1.2641769691772424
6854,7134.723114154968,6853.6086845637765,0.8052068310398681
6855,7135.384622834066,6854.349335342746,0.7406507789692114
6856,7136.640749182653,6855.7557699947665,1.4064346520208346
6857,7137.288235953505,6856.480748892534,0.7249788977678691
6858,7138.467686063116,6857.801381273446,1.3206323809117748
6859,7139.026902843551,6858.427548134073,0.6261668606266539
6860,7139.857139271784,6859.35719428694,0.9296461528674627
6861,7140.793842097438,6860.406073213318,1.0488789263781655
6862,7141.546892189483,6861.249320007739,0.8432467944203381
6863,7142.172195163233,6861.949528355107,0.7002083473680614
6864,7143.971077069489,6863.9639478606405,2.014419505533624
6865,7144.642672074679,6864.716030207718,0.7520823470777032
6866,7145.706891491172,6865.907811635998,1.1917814282796826
6867,7146.38588331666,6866.668203584422,0.7603919484245125
6868,7147.152214246962,6867.526417515193,0.858213930770944
6869,7147.421342255996,6867.827817047931,0.30139953273737774
6870,7149.102831303931,6869.710972363247,1.8831553153158893
6871,7149.690649365278,6870.369304141523,0.6583317782760787
6872,7150.675386373472,6871.472185865715,1.1028817241922297
6873,7151.24104072267,6872.105714868539,0.6335290028237068
6874,7152.673138348752,6873.709686251263,1.603971382724012
6875,7153.629414430155,6874.780755591263,1.0710693400005766
6876,7154.183565146985,6875.401436959362,0.6206813680992127
6877,7155.223016558706,6876.565702049812,1.1642650904495895
6878,7156.483767096552,6877.977871341121,1.4121692913086008
6879,7157.069573699552,6878.634046560438,0.656175219317447
6880,7157.560009133951,6879.183400246548,0.5493536861104076
6881,7158.479721559111,6880.213616350521,1.0302161039726343
6882,7159.23061039288,6881.054738611297,0.8411222607755917
6883,7160.332445434676,6882.289002563182,1.234263951885623
6884,7161.81517232119,6883.949980117114,1.6609775539318434
6885,7162.637987016799,6884.8717331436965,0.921753026582337
6886,7163.137487199207,6885.431302443336,0.5595692996394064
6887,7164.371935918648,6886.814227829531,1.3829253861949837
6888,7164.711987143343,6887.195185584537,0.3809577550064205
6889,7166.04252686227,6888.685807533,1.490621948462831
6890,7166.532447389484,6889.234682142958,0.5488746099581476
6891,7167.595613911397,6890.425802049181,1.1911199062224114
6892,7168.643915100564,6891.600292136435,1.1744900872545259
6893,7169.192035856892,6892.2144024556055,0.6141103191703223
6894,7170.161501605524,6893.300600824279,1.0861983686736494
6895,7171.135705960461,6894.392129386381,1.0915285621022122
6896,7172.806744272893,6896.264461225163,1.8723318387819745
6897,7173.355088187844,6896.878872232883,0.6144110077193545
6898,7173.622770905668,6897.1788090657665,0.29993683288375905
6899,7174.907955975351,6898.618873140376,1.440064074609836
6900,7175.547478519791,6899.335478871859,0.7166057314825593
6901,7176.380745980892,6900.269195669713,0.9337167978537764
6902,7177.135820086698,6901.115306301379,0.8461106316663063
6903,7178.280438268984,6902.397951024181,1.282644722801706
6904,7179.369326560171,6903.618172494067,1.2202214698863827
6905,7180.557671965449,6904.949876811529,1.3317043174620267
6906,7181.140798188633,6905.603361320429,0.6534845088999646
6907,7181.855662361213,6906.404489172408,0.8011278519788902
6908,7182.761647877437,6907.419817524161,1.0153283517529417
6909,7183.8504951167,6908.640101132033,1.2202836078722612
6910,7184.720859712176,6909.615547620932,0.9754464888992516
6911,7185.725322573679,6910.7413033451885,1.1257557242561234
6912,7186.027941311945,6911.080468873416,0.33916552822756785
6913,7186.689666428582,6911.822116560081,0.7416476866646917
6914,7188.322594508839,6913.652309727342,1.8301931672613136
6915,7189.14569049937,6914.574861811034,0.9225520836916985
6916,7190.294612842865,6915.862635480814,1.2877736697801083
6917,7191.067900937835,6916.729394626423,0.8667591456087393
6918,7191.983733312582,6917.755945183066,1.0265505566430875
6919,7192.682398727874,6918.539087187363,0.7831420042975878
6920,7193.221050146975,6919.142875058577,0.603787871214081
6921,7194.053741291014,6920.07627205698,0.9333969984027135
6922,7195.421790712331,6921.609806985662,1.5335349286815472
6923,7196.187762765416,6922.4684525956145,0.8586456099528732
6924,7196.957814200187,6923.331684224103,0.8632316284883927
6925,7198.143606364029,6924.660988996683,1.3293047725801443
6926,7198.993453206824,6925.613709193075,0.9527201963919651
6927,7199.744478634551,6926.455659002865,0.8419498097900942
6928,7201.057149777089,6927.92728122001,1.4716222171446134
6929,7201.577794024115,6928.510980718651,0.583699498641181
6930,7202.481414823114,6929.524053300285,1.013072581634333
6931,7203.172044686859,6930.298348416547,0.7742951162617828
6932,7204.265486356893,6931.5242748833725,1.2259264668255128
6933,7204.764022449227,6932.08322392757,0.5589490441971066
6934,7205.5230769748,6932.934271754022,0.8510478264524863
6935,7207.445017114693,6935.089197541552,2.1549257875294643
6936,7208.190170854142,6935.924703887779,0.835506346227703
6937,7208.9277242117,6936.751700351044,0.8269964632645497
6938,7209.383550025777,6937.262810172652,0.5111098216084429
6939,7210.413788577273,6938.418016238029,1.1552060653766603
6940,7211.335323495701,6939.451352814804,1.0333365767746727
6941,7212.363396768572,6940.604175217544,1.1528224027406395
6942,7212.963407701593,6941.277003842494,0.6728286249499433
6943,7213.836766767376,6942.25636849224,0.9793646497455484
6944,7215.101957542794,6943.675154001849,1.4187855096088242
6945,7215.532729521919,6944.158229952709,0.48307595086043875
6946,7216.95309605517,6945.751085193132,1.5928552404229777
6947,7217.710867056886,6946.600897782784,0.8498125896521742
6948,7218.731285313753,6947.745279711823,1.1443819290389001
6949,7219.713045159147,6948.846328550928,1.1010488391048057
6950,7220.432147546482,6949.652819148392,0.8064905974642897
6951,7220.784711972808,6950.0482327839645,0.39541363557236764
6952,7221.858048232405,6951.2520347200625,1.2038019360979888
6953,7222.538863252623,6952.0156170148875,0.7635822948250279
6954,7223.961329509077,6953.611046695134,1.595429680246525
6955,7224.96027579318,6954.7314855432405,1.1204388481064598
6956,7225.664637285447,6955.521525200166,0.7900396569257282
6957,7226.826232421176,6956.824440032926,1.3029148327595976
6958,7227.670652097848,6957.771610484002,0.9471704510760901
6959,7228.104973435515,6958.258787076719,0.4871765927173328
6960,7228.963984592924,6959.222348856247,0.9635617795274811
6961,7230.578979849751,6961.033949870805,1.8116010145586188
6962,7230.781896557166,6961.2615732452405,0.2276233744350975
6963,7231.712168225958,6962.305124233046,1.0435509878052471
6964,7232.507337222347,6963.197136173713,0.892011940667544
6965,7233.305725601915,6964.092773582007,0.8956374082936236
6966,7235.03241035794,6966.029828020502,1.9370544384946697
6967,7235.592047601005,6966.657662431604,0.6278344111024126
6968,7236.715293141726,6967.917807008492,1.2601445768877966
6969,7237.292700988191,6968.565599026545,0.6477920180532237
6970,7237.923815549653,6969.273652822958,0.708053796412969
6971,7239.10713835864,6970.601258231111,1.3276054081534312
6972,7239.492824902632,6971.033978203846,0.432719972734958
6973,7240.744574580113,6972.438397891217,1.4044196873710462
6974,7241.383737522918,6973.15552980959,0.7171319183726155
6975,7242.813003428781,6974.759178733244,1.6036489236539637
6976,7243.908367802518,6975.988217583653,1.2290388504088696
6977,7244.194739883834,6976.309541869519,0.3213242858664671
6978,7245.048351170916,6977.267348570059,0.9578067005395496
6979,7246.521971661735,6978.920883093969,1.6535345239099115
6980,7247.172743211686,6979.651122395616,0.7302393016470887
6981,7247.980135164887,6980.557120435707,0.905998040090708
6982,7248.558877326028,6981.206552688518,0.6494322528114935
6983,7249.575515820298,6982.347385648178,1.1408329596597468
6984,7250.311306882172,6983.173076480276,0.8256908320981893
6985,7251.235573152237,6984.210287471413,1.037210991136817
6986,7252.579133334388,6985.718063248456,1.5077757770432072
6987,7253.776967720477,6987.062335409487,1.3442721610308581
6988,7254.381581372635,6987.74087630903,0.6785408995428952
6989,7255.040228434973,6988.480066512483,0.7391902034532905
6990,7255.894616493428,6989.438948223089,0.958881710605965
6991,7256.728742507304,6990.375105240517,0.9361570174278313
6992,7257.358809297471,6991.082252453098,0.7071472125808214
6993,7258.884140087874,6992.79422354312,1.7119710900224163
6994,7259.519592696921,6993.507445530056,0.7132219869363325
6995,7259.970840182007,6994.013923966277,0.5064784362202772
6996,7261.33379770285,6995.543729331273,1.5298053649967187
6997,7262.445974054865,6996.792084061519,1.2483547302454099
6998,7263.122832007638,6997.551831904368,0.7597478428488103
6999,7264.272994053368,6998.842868986532,1.291037082164621
7000,7264.7482480903,6999.376341918214,0.5334729316818994
7001,7265.962856285731,7000.7397628033605,1.3634208851462972
7002,7266.825071623344,7001.707635590631,0.9678727872706077
7003,7267.022572810924,7001.929341228175,0.2217056375438915
7004,7267.851161907388,7002.859486078765,0.9301448505902954
7005,7269.28179653102,7004.465501359817,1.606015281051441
7006,7270.665196022363,7006.018533597861,1.5530322380445796
7007,7271.162578225271,7006.57691515385,0.5583815559884897
7008,7272.29391609462,7007.847021374337,1.2701062204869231
7009,7272.756819678747,7008.366712152741,0.5196907784038558
7010,7273.701234074717,7009.42699814131,1.060285988569376
7011,7274.639386093639,7010.48027273485,1.0532745935397543
7012,7275.692946628281,7011.663140815991,1.1828680811413506
7013,7276.188510979781,7012.219536087829,0.5563952718375731
7014,7277.313417506349,7013.482545725559,1.2630096377306472
7015,7277.911194920978,7014.153722650546,0.6711769249868667
7016,7279.226323515832,7015.630359919291,1.4766372687445255
7017,7279.768521282347,7016.239155067585,0.6087951482941207
7018,7281.316094067058,7017.976849371043,1.737694303457829
7019,7282.176167149544,7018.942606287515,0.9657569164728557
7020,7282.817681698421,7019.662959219033,0.7203529315174819
7021,7283.495775763904,7020.424396853053,0.761437634019785
7022,7284.023697897274,7021.0172120945435,0.5928152414908254
7023,7285.277302369618,7022.424936210209,1.4077241156655873
7024,7286.139694204908,7023.393371469093,0.968435258883801
7025,7286.779238865985,7024.111567794104,0.7181963250113768
7026,7288.2671704281,7025.782520822353,1.6709530282487322
7027,7289.103758080981,7026.722033298394,0.9395124760412727
7028,7289.940276827094,7027.661483669826,0.9394503714320308
7029,7290.821429929111,7028.651077069383,0.9895933995567248
7030,7291.290043575749,7029.177368191777,0.5262911223935589
7031,7292.741249445308,7030.807220459086,1.6298522673096159
7032,7293.403109651342,7031.55057226568,0.7433518065936369
7033,7294.204147964222,7032.450251282415,0.8996790167348081
7034,7295.048894052713,7033.399035463786,0.9487841813715931
7035,7295.56484955988,7033.978543199481,0.5795077356942784
7036,7296.571619042984,7035.109337081743,1.1307938822628785
7037,7298.368684315486,7037.127838608454,2.018501526710679
7038,7299.138848601892,7037.992924899429,0.8650862909753414
7039,7299.336571426263,7038.215018957435,0.22209405800549575
7040,7300.763476874869,7039.817829453578,1.60281049614332
7041,7301.58131710495,7040.73651082807,0.9186813744918254
7042,7301.848557608593,7041.036705718119,0.30019489004916977
7043,7302.917875819658,7042.23790097398,1.2011952558605117
7044,7303.843900682813,7043.278150911656,1.0402499376759806
7045,7305.060287115028,7044.644606881718,1.3664559700619066
7046,7305.818161576034,7045.495999071732,0.8513921900139394
7047,7306.637205578442,7046.4161228715,0.9201237997685894
7048,7307.660752633696,7047.566008379854,1.149885508353691
7049,7308.671664974056,7048.701722041482,1.1357136616279604
7050,7309.497903971278,7049.629980197267,0.9282581557854428
7051,7310.501357045359,7050.757353775789,1.1273735785216559
7052,7311.190951720799,7051.53212201356,0.7747682377712408
7053,7311.881145968619,7052.307574243794,0.7754522302338955
7054,7312.724372391776,7053.254976406414,0.9474021626201647
7055,7313.555046083628,7054.188290151625,0.9333137452103983
7056,7314.449131441171,7055.192867640595,1.0045774889704262
7057,7315.755628547018,7056.66085449056,1.4679868499652002
7058,7317.100250555227,7058.171717452088,1.5108629615278915
7059,7317.553738653385,7058.681280951433,0.5095634993449494
7060,7318.351002510444,7059.577140137583,0.8958591861501191
7061,7318.871998937911,7060.162574163624,0.5854340260411846
7062,7319.896757099853,7061.314093133301,1.1515189696765447
7063,7321.233781570095,7062.816539540924,1.5024464076232107
7064,7321.717373427296,7063.359972858971,0.5434333180464819
7065,7322.568751053058,7064.316715481656,0.956742622684942
7066,7323.243983122768,7065.075524286611,0.7588088049551516
7067,7324.849333141857,7066.879616014578,1.8040917279668065
7068,7325.226115149936,7067.303051602985,0.4234355884073011
7069,7326.444102995294,7068.671873200666,1.3688215976808351
7070,7327.534497970135,7069.897328361381,1.2254551607156827
7071,7328.283514383425,7070.739135564761,0.8418072033800854
7072,7328.861171711711,7071.388363438406,0.6492278736441222
7073,7329.815578232493,7072.461034824963,1.0726713865569764
7074,7330.58683953359,7073.327881081919,0.8668462569567055
7075,7330.970858435757,7073.759497528865,0.43161644694555434
7076,7332.652130477498,7075.649193933004,1.8896964041396132
7077,7333.517033387613,7076.621341248408,0.9721473154031628
7078,7334.639105970608,7077.882570411726,1.2612291633186032
7079,7335.193963690996,7078.50625026694,0.6236798552135951
7080,7336.016820436063,7079.431182877156,0.924932610216274
7081,7337.312223967174,7080.887311746205,1.4561288690492802
7082,7337.649201460033,7081.266105205052,0.3787934588463031
7083,7338.621251438964,7082.358791902402,1.092686697350473
7084,7339.763136524201,7083.64241734654,1.2836254441381243
7085,7340.495964530865,7084.466225010345,0.8238076638044731
7086,7341.172411124237,7085.226661915338,0.7604369049931847
7087,7341.781448952953,7085.911328800803,0.6846668854650488
7088,7343.507522665943,7087.85178645932,1.940457658516607
7089,7344.429407193065,7088.888198484414,1.0364120250942506
7090,7345.413384428048,7089.994437433803,1.1062389493890805
7091,7345.737188186166,7090.358479233489,0.364041799685765
7092,7346.698927085315,7091.439743695928,1.0812644624393215
7093,7347.601440600783,7092.454440428372,1.0146967324444631
7094,7348.226470588924,7093.157172529645,0.7027321012728862
7095,7349.249777628806,7094.307712722985,1.1505401933400208
7096,7350.347618713708,7095.542079386525,1.2343666635397312
7097,7350.973256492757,7096.2455320489835,0.7034526624584032
7098,7352.631847583583,7098.110454558592,1.864922509608732
7099,7352.880430233776,7098.389966424601,0.279511866008761
7100,7353.913947828912,7099.552090957771,1.1621245331698447
7101,7354.584625580228,7100.306237626621,0.7541466688498986
7102,7356.076801101877,7101.98415614447,1.6779185178493208
7103,7356.713901537035,7102.700576231236,0.7164200867655381
7104,7357.298064962761,7103.357476314144,0.656900082908578
7105,7357.829927024958,7103.955569189856,0.5980928757116999
7106,7359.022424060854,7105.296585705557,1.3410165157010852
7107,7359.818833444008,7106.1922009817645,0.8956152762075362
7108,7361.267013426218,7107.820810755087,1.6286097733227507
7109,7362.058134431229,7108.710517249779,0.8897064946913815
7110,7363.102591149028,7109.885149592536,1.1746323427578318
7111,7363.822093867509,7110.69434108526,0.8091914927235848
7112,7364.469761389724,7111.4227524178295,0.7284113325695216
7113,7365.120059910441,7112.154131872456,0.7313794546262216
7114,7366.176826462234,7113.3426783547,1.1885464822444192
7115,7367.444805267363,7114.7688073306745,1.4261289759742795
7116,7367.716583625247,7115.07448808906,0.30568075838527875
7117,7369.211235568962,7116.7556156554,1.6811275663403649
7118,7369.532613631589,7117.117095759861,0.3614801044604974
7119,7370.778296043783,7118.518237389576,1.4011416297153119
7120,7371.987960977817,7119.87889868296,1.36066129338451
7121,7372.805047996379,7120.797996420492,0.9190977375319562
7122,7373.424035167816,7121.494271768652,0.6962753481593609
7123,7374.349391958721,7122.535186181925,1.04091441327364
7124,7375.199243762276,7123.4911829014445,0.9559967195191348
7125,7375.878151643688,7124.2548963183635,0.7637134169190176
7126,7376.873649474446,7125.3747643884435,1.1198680700799741
7127,7377.190089316886,7125.730742395695,0.3559780072519061
7128,7379.332785005438,7128.141218017028,2.4104756213328073
7129,7379.979603052972,7128.86889056397,0.7276725469419034
7130,7380.464011573228,7129.413857738217,0.5449671742471764
7131,7381.536932090832,7130.620928144727,1.2070704065099562
7132,7382.222713356688,7131.392467330044,0.7715391853171241
7133,7383.173523724596,7132.462194656154,1.069727326109387
7134,7384.202396205881,7133.619769204171,1.1575745480167825
7135,7384.924513067148,7134.432229576474,0.8124603723035762
7136,7385.752633651788,7135.363969553815,0.9317399773408397
7137,7386.461552514134,7136.161604317853,0.7976347640378663
7138,7387.542420641696,7137.377755861168,1.2161515433153909
7139,7388.62953505673,7138.60096087619,1.223205015021449
7140,7389.584509291653,7139.675504724208,1.0745438480180383
7141,7390.664177739965,7140.890379050372,1.2148743261641357
7142,7391.440259727917,7141.763664572901,0.8732855225289313
7143,7392.160733367937,7142.574388462963,0.8107238900620359
7144,7392.988605528524,7143.505977966097,0.9315895031340915
7145,7393.173269331148,7143.713778801257,0.20780083516001469
7146,7394.711617877432,7145.444899769669,1.7311209684121422
7147,7395.69396237984,7146.550369764907,1.105469995238309
7148,7396.403273585962,7147.348597817225,0.7982280523174268
7149,7397.531933665014,7148.618765212797,1.270167395572571
7150,7398.751920761656,7149.991740699919,1.3729754871219484
7151,7399.220386820145,7150.518961681142,0.5272209812228539
7152,7399.828819540768,7151.203710963029,0.6847492818869796
7153,7401.354181203371,7152.920435858339,1.716724895310108
7154,7401.670669618901,7153.276635385303,0.35619952696379187
7155,7403.018090817924,7154.793147202238,1.5165118169352354
7156,7403.448923018036,7155.278053644284,0.4849064420459399
7157,7404.103468670983,7156.014759706482,0.7367060621982091
7158,7405.071527890625,7157.104349321147,1.0895896146648738
7159,7406.434875899131,7158.63888653434,1.5345372131923796
7160,7407.782772520033,7160.156071466854,1.517184932514283
7161,7408.318442247687,7160.759029169301,0.6029577024473838
7162,7408.961023091132,7161.482335724497,0.7233065551954496
7163,7409.69791009999,7162.311806794303,0.8294710698064591
7164,7410.875016639209,7163.636831714112,1.3250249198090387
7165,7411.475578801157,7164.312873600255,0.676041886143139
7166,7412.213344651967,7165.143373781128,0.8305001808721499
7167,7413.328582877763,7166.398815348792,1.2554415676640929
7168,7414.418814788438,7167.626132716792,1.227317368000513
7169,7415.180650157046,7168.483776196717,0.8576434799251729
7170,7416.269504358516,7169.709585892619,1.2258096959012619
7171,7416.713391716672,7170.209312463978,0.49972657135913323
7172,7418.310509223292,7172.007375790623,1.798063326645206
7173,7418.98809835374,7172.770234233235,0.7628584426120142
7174,7419.537617023205,7173.38891277821,0.6186785449754097
7175,7420.41591327506,7174.377760779799,0.988848001588849
7176,7421.420781813854,7175.5091331021285,1.1313723223292982
7177,7421.806962622243,7175.943936312247,0.4348032101188437
7178,7422.910687407876,7177.186644075948,1.2427077637003094
7179,7424.220735433387,7178.661689566654,1.4750454907061794
7180,7425.30620576307,7179.8839002009045,1.2222106342505867
7181,7426.042615765489,7180.713092597283,0.8291923963788577
7182,7427.010358315733,7181.802781460608,1.089688863324227
7183,7427.61888217224,7182.487996361382,0.6852149007745538
7184,7428.124246616228,7183.057056906244,0.5690605448617134
7185,7429.350889131061,7184.438328121576,1.3812712153321627
7186,7430.55536889486,7185.794674148048,1.356346026472238
7187,7431.156635122252,7186.471762371983,0.6770882239343337
7188,7431.634303466923,7187.009672061159,0.5379096891765585
7189,7432.740669966663,7188.255587203454,1.245915142294507
7190,7434.041575198198,7189.7206122393145,1.46502503586089
7191,7435.059191589478,7190.8666344934745,1.146022254160016
7192,7435.590441587658,7191.464928003487,0.5982935100128088
7193,7436.766516776388,7192.789444843157,1.3245168396697409
7194,7437.658181522263,7193.793673301988,1.0042284588307666
7195,7438.125995042936,7194.320550382805,0.5268770808170302
7196,7438.872215940766,7195.160994715924,0.8404443331191942
7197,7439.737648719435,7196.135718434721,0.9747237187966675
7198,7440.703121048363,7197.2231340784265,1.0874156437057536
7199,7441.969323389231,7198.649293450929,1.4261593725022976
7200,7443.17116086286,7200.002988577621,1.3536951266924007
7201,7443.628394354243,7200.518003719165,0.5150151415436994
7202,7444.423866228739,7201.414011860899,0.8960081417344554
7203,7445.518979786399,7202.647554240142,1.2335423792428628
7204,7446.19211231227,7203.405787414644,0.7582331745015836
7205,7447.470379601751,7204.845686054568,1.4398986399246496
7206,7447.915999950697,7205.347661371072,0.5019753165033762
7207,7448.578846008307,7206.094341495986,0.7466801249138371
7208,7450.026851981019,7207.7255180148895,1.6311765189038852
7209,7450.313414658013,7208.048335742938,0.3228177280489035
7210,7451.287377006889,7209.145534002009,1.0971982590708649
7211,7453.156333014424,7211.251026626772,2.105492624762519
7212,7453.562255596975,7211.708332966979,0.4573063402067419
7213,7454.501150895422,7212.766091916952,1.057758949973504
7214,7455.111599984883,7213.453833637039,0.6877417200867058
7215,7455.756248182663,7214.180113256686,0.7262796196473573
7216,7456.879264173986,7215.445357289284,1.2652440325982752
7217,7457.555015683983,7216.206704536169,0.7613472468847249
7218,7458.758896547598,7217.563102093591,1.3563975574215874
7219,7459.317916595857,7218.192953525913,0.629851432322539
7220,7460.74231921863,7219.797867129642,1.6049136037290737
7221,7461.412836776341,7220.5533726830645,0.7555055534221538
7222,7462.345119229533,7221.603837728005,1.0504650449402106
7223,7463.241034353375,7222.613342735101,1.0095050070958678
7224,7463.95342849288,7223.416071003551,0.8027282684506645
7225,7465.235332546495,7224.860552339015,1.4444813354639336
7226,7465.873648618121,7225.579835813059,0.7192834740435501
7227,7466.509567399967,7226.296426549301,0.7165907362423241
7228,7467.23689200276,7227.1160293155,0.819602766198841
7229,7467.893516230213,7227.8559713919,0.739942076400439
7230,7469.742312775721,7229.939407710237,2.0834363183366804
7231,7470.410694722725,7230.692635189472,0.753227479234738
7232,7471.316153957132,7231.713050127004,1.0204149375322231
7233,7472.216337834579,7232.727537268778,1.0144871417742252
7234,7472.938452470044,7233.54135682472,0.8138195559422456
7235,7473.801923221798,7234.51449859071,0.9731417659895669
7236,7474.318375560986,7235.09655408315,0.5820554924403041
7237,7475.457148465555,7236.380001436444,1.2834473532939228
7238,7476.661685380828,7237.737597781019,1.357596344574631
7239,7477.126117162276,7238.261052744108,0.5234549630895344
7240,7477.990220376345,7239.234984349009,0.9739316049008266
7241,7479.360803879442,7240.779802991465,1.5448186424555388
7242,7479.826490146605,7241.304698625895,0.5248956344303224
7243,7481.270585133407,7242.932431438579,1.6277328126843713
7244,7482.088353049578,7243.854210196626,0.9217787580464574
7245,7482.760970559226,7244.612387717934,0.7581775213084256
7246,7483.222684506731,7245.132839352997,0.5204516350622725
7247,7484.435406371245,7246.499861186638,1.3670218336410471
7248,7485.087260837082,7247.2346669039025,0.7348057172648623
7249,7485.836110097768,7248.0788215674,0.8441546634976476
7250,7486.980574712563,7249.368964245525,1.290142678124539
7251,7488.341398400303,7250.903042420545,1.5340781750201131
7252,7489.4107932627,7252.108615866251,1.20557344570625
7253,7489.801649959827,7252.549250992839,0.44063512658794934
7254,7490.288466891318,7253.098072123803,0.5488211309639155
7255,7491.480237437947,7254.441655641805,1.343583518001651
7256,7492.871177010945,7256.009817371816,1.568161730011525
7257,7493.000605946218,7256.15573917464,0.1459218028239775
7258,7494.155593665299,7257.457920397974,1.3021812233337187
7259,7494.893354720954,7258.289717744672,0.8317973466982949
7260,7495.620535550988,7259.109597602677,0.8198798580051516
7261,7496.903234041265,7260.555838365894,1.4462407632163377
7262,7497.87666687117,7261.653405839582,1.0975674736882866
7263,7499.018375212887,7262.9407333783465,1.2873275387646572
7264,7499.635017044761,7263.636036302494,0.6953029241476543
7265,7500.520758701277,7264.6347805311925,0.9987442286983423
7266,7501.394356540357,7265.619847945478,0.9850674142853677
7267,7501.889601165815,7266.178292121309,0.5584441758310277
7268,7502.606128496651,7266.98626671701,0.8079745957011255
7269,7503.815822095972,7268.350372960147,1.36410624313703
7270,7505.007627511299,7269.694338015368,1.343965055220906
7271,7505.855760749128,7270.650772080265,0.9564340648967118
7272,7506.458777844248,7271.330799621246,0.6800275409814276
7273,7507.881582709906,7272.9353394050395,1.6045397837933706
7274,7508.325357727525,7273.435806602212,0.5004671971728385
7275,7509.362857972486,7274.605863606588,1.170057004375849
7276,7510.062014246709,7275.394360813632,0.7884972070442018
7277,7511.268152095441,7276.754648040442,1.3602872268093051
7278,7511.831550094299,7277.390061183318,0.635413142876132
7279,7512.639108892196,7278.300856185442,0.9107950021243596
7280,7513.256478602346,7278.997158142723,0.6963019572804114
7281,7514.327458196642,7280.205084282999,1.207926140276868
7282,7516.017338757153,7282.111099885678,1.9060156026789628
7283,7516.682865383154,7282.861763696658,0.7506638109798587
7284,7517.316546882905,7283.576517324318,0.7147536276597748
7285,7518.233922044485,7284.611274958459,1.0347576341409876
7286,7518.988255293476,7285.462142046944,0.850867088484847
7287,7519.483808585252,7286.0211190402715,0.558976993327633
7288,7521.095478308032,7287.8390952712225,1.8179762309509897
7289,7521.418960158698,7288.203991988279,0.3648967170565811
7290,7522.235955940901,7289.125596297877,0.9216043095975692
7291,7523.583809962571,7290.64606105532,1.520464757443733
7292,7524.576063140948,7291.765410085248,1.1193490299274345
7293,7525.117755066562,7292.37649510303,0.6110850177819884
7294,7526.07788866946,7293.459641245533,1.0831461425032103
7295,7527.339243900152,7294.882631228203,1.4229899826696055
7296,7528.25594529898,7295.916823263006,1.0341920348037092
7297,7528.618824834711,7296.326216796636,0.40939353362955444
7298,7529.572439683573,7297.402079526539,1.0758627299028376
7299,7530.024518136624,7297.912118526067,0.5100389995286605
7300,7531.443037755096,7299.512533230181,1.6004147041139731
7301,7531.918476003772,7300.048945875407,0.536412645225937
7302,7533.701788860478,7302.061009065292,2.0120631898844294
7303,7534.19617675629,7302.618825320455,0.5578162551628338
7304,7535.26941674633,7303.829776280966,1.2109509605115818
7305,7535.795879638123,7304.423800260747,0.5940239797810136
7306,7536.852140836628,7305.615629323053,1.1918290623061694
7307,7537.312581103594,7306.135173050447,0.5195437273932839
7308,7538.513844107821,7307.490654764318,1.355481713871086
7309,7539.507181192063,7308.611539943093,1.1208851787750973
7310,7540.227539900588,7309.424408359561,0.8128684164685183
7311,7540.952212400233,7310.242155603234,0.817747243672784
7312,7541.719927233004,7311.1084854976225,0.8663298943884001
7313,7543.274086810604,7312.862319181605,1.7538336839825206
7314,7544.143089597874,7313.842991248664,0.9806720670585491
7315,7545.017282211255,7314.829536123297,0.9865448746331822
7316,7545.469645335592,7315.340043816819,0.5105076935224133
7317,7546.619778438463,7316.638028906036,1.2979850892170361
7318,7547.346464375384,7317.45814620321,0.8201172971739652
7319,7548.163928908408,7318.380726978371,0.9225807751608954
7320,7548.467009257108,7318.722783445275,0.34205646690406866
7321,7550.120472174725,7320.588915716982,1.8661322717071016
7322,7551.093890396874,7321.687562504165,1.098646787182588
7323,7552.050977943309,7322.767797174221,1.0802346700565977
7324,7552.915722719904,7323.743824059242,0.9760268850204739
7325,7553.422599595428,7324.315937133204,0.5721130739621003
7326,7554.415064430777,7325.436150110539,1.1202129773346314
7327,7555.636986998435,7326.815384675347,1.37923456480803
7328,7556.215633320349,7327.468537696787,0.6531530214406303
7329,7557.123848469489,7328.493709162335,1.0251714655478281
7330,7557.731650015267,7329.179790664533,0.6860815021982489
7331,7558.618693144907,7330.181091784918,1.0013011203845963
7332,7559.643376318825,7331.337782671362,1.1566908864442667
7333,7560.82982002324,7332.677100961957,1.339318290594747
7334,7561.658959993991,7333.6130941264355,0.935993164478532
7335,7563.182814437632,7335.333368964664,1.720274838228761
7336,7563.520415699238,7335.7144926570145,0.38112369235022925
7337,7563.76930189122,7335.995465964078,0.28097330706350476
7338,7564.960243676845,7337.339965388715,1.3444994246374335
7339,7565.732853403868,7338.212209818894,0.872244430178398
7340,7566.845322430029,7339.468163399943,1.2559535810487432
7341,7567.866531115936,7340.621108936545,1.1529455366026014
7342,7568.289067602235,7341.098159429261,0.47705049271553435
7343,7569.797165105974,7342.8008563927515,1.70269696349078
7344,7570.547137990415,7343.647620875263,0.8467644825113894
7345,7571.281289377969,7344.476533389435,0.8289125141718614
7346,7572.278993977848,7345.6030355998955,1.1265022104607851
7347,7573.255184306472,7346.705266427098,1.10223082720222
7348,7574.046802048448,7347.599108342703,0.8938419156056625
7349,7574.749888838467,7348.392998058095,0.7938897153917424
7350,7575.696668164665,7349.462069356693,1.069071298597919
7351,7576.268605073816,7350.107890358435,0.6458210017417514
7352,7576.905770590953,7350.827374437903,0.7194840794682023
7353,7578.917486664981,7353.099050017415,2.2716755795117933
7354,7579.597757316371,7353.867246349899,0.7681963324839671
7355,7580.280088977225,7354.637779840764,0.7705334908650912
7356,7580.959830819928,7355.405398459394,0.7676186186299674
7357,7582.031705549485,7356.615864468508,1.2104660091144979
7358,7582.802983860872,7357.486882458431,0.8710179899226205
7359,7583.462734774583,7358.231960529654,0.7450780712233609
7360,7584.486959736257,7359.388669044492,1.156708514838101
7361,7585.469517629117,7360.49834154118,1.1096724966873808
7362,7586.234994584178,7361.362863136134,0.8645215949545673
7363,7587.283239491649,7362.546759815549,1.1838966794148291
7364,7587.890350603436,7363.2324467895105,0.6856869739613103
7365,7589.356254115858,7364.888107955498,1.6556611659871123
7366,7590.120871486677,7365.75172107345,0.8636131179528093
7367,7590.918224866149,7366.652321620247,0.9006005467963405
7368,7591.966193812055,7367.836009548983,1.1836879287366173
7369,7592.269712605833,7368.178840354987,0.34283080600380345
7370,7593.098313959198,7369.1147726922345,0.9359323372473227
7371,7594.102742542239,7370.249326933304,1.1345542410690541
7372,7595.077658168315,7371.35056497797,1.1012380446663883
7373,7596.016212837803,7372.410749496446,1.0601845184764898
7374,7597.414985716675,7373.990827402267,1.5800779058208718
7375,7598.007882857833,7374.660586581055,0.6697591787878991
7376,7598.982709953077,7375.761804379735,1.1012177986794995
7377,7599.565154718348,7376.41977521879,0.6579708390554515
7378,7600.130858727207,7377.058841315555,0.639066096764509
7379,7601.751366014506,7378.889537641408,1.8306963258537507
7380,7602.40516347041,7379.6281519229615,0.7386142815530548
7381,7603.022366327148,7380.325432417142,0.6972804941806316
7382,7603.560678579997,7380.933593328744,0.6081609116017717
7383,7604.831196490887,7382.368991230038,1.4353979012939817
7384,7605.857934326611,7383.5289974608995,1.1600062308616543
7385,7606.994882980073,7384.813545378085,1.2845479171855914
7386,7608.021354122687,7385.973296767614,1.1597513895285374
7387,7608.420807870142,7386.424622805966,0.4513260383519082
7388,7609.673607809895,7387.840130571342,1.4155077653767876
7389,7610.066214264613,7388.283733680913,0.44360310957108595
7390,7610.854490320337,7389.174410659965,0.890676979051932
7391,7611.794530221127,7390.236583338674,1.0621726787085208
7392,7612.682249514444,7391.239654723926,1.003071385252042
7393,7613.949125482985,7392.671179724482,1.4315250005556663
7394,7614.911019080955,7393.758107848536,1.0869281240547934
7395,7615.58970673295,7394.5250283170935,0.7669204685571458
7396,7616.361441789905,7395.39710451866,0.872076201566415
7397,7617.490687417532,7396.673197314534,1.2760927958743196
7398,7618.50622552972,7397.820818817054,1.1476215025195415
7399,7619.109221400459,7398.5022520116845,0.6814331946306993
7400,7619.749441833421,7399.225760229266,0.723508217581184
7401,7620.983924855111,7400.620864224793,1.395103995527279
7402,7621.693574971435,7401.422862696971,0.8019984721777291
7403,7622.017492708765,7401.788936069069,0.36607337209807156
7404,7623.423298545593,7403.377723119012,1.5887870499436758
7405,7624.9873825473,7405.14543847988,1.7677153608674416
7406,7625.59449350139,7405.831604233024,0.6861657531444507
7407,7626.26529275852,7406.589760391023,0.7581561579991103
7408,7627.127213556265,7407.563941266294,0.9741808752705765
7409,7627.690979947769,7408.201143276368,0.6372020100743612
7410,7628.742026441597,7409.389115690039,1.18797241367065
7411,7629.642702477912,7410.4071463519085,1.0180306618694885
7412,7630.569927977196,7411.455203447334,1.0480570954250652
7413,7631.506758032192,7412.514134930064,1.0589314827302587
7414,7632.009099304125,7413.081956220189,0.5678212901248116
7415,7633.651861591743,7414.938888768298,1.8569325481093983
7416,7634.31230023863,7415.6854460025015,0.7465572342034648
7417,7634.771788000813,7416.204854515442,0.5194085129405721
7418,7636.387151486741,7418.030908800639,1.826054285196733
7419,7636.822989399398,7418.5236020828015,0.4926932821626906
7420,7637.940366202659,7419.786759578599,1.2631574957977136
7421,7638.237099967606,7420.122211651277,0.33545207267798105
7422,7639.039294910679,7421.029087488706,0.9068758374287427
7423,7639.934790875172,7422.041455322806,1.0123678340996776
7424,7641.505667573557,7423.817388705915,1.7759333831090771
7425,7642.166837363397,7424.564880629143,0.7474919232281536
7426,7643.29517716718,7425.840557171127,1.275676541984467
7427,7644.035703917746,7426.677795084359,0.8372379132315473
7428,7644.927813313907,7427.686427165393,1.008632081034193
7429,7645.331599328172,7428.1429590535445,0.4565318881514031
7430,7646.560905687084,7429.532868487158,1.389909433613866
7431,7647.399804109446,7430.481383086178,0.9485145990192905
7432,7648.197821584823,7431.383688548494,0.90230546231669
7433,7649.210368914103,7432.528578524158,1.1448899756633182
7434,7649.787924743954,7433.181632001353,0.653053477195499
7435,7650.778131570511,7434.3012940402605,1.119662038907336
7436,7651.91800085013,7435.590209986161,1.2889159459009534
7437,7653.356680957881,7437.217047151087,1.626837164925746
7438,7653.702814986444,7437.608456569036,0.39140941794903483
7439,7654.580638876737,7438.601113679253,0.9926571102168964
7440,7655.121494572614,7439.212729813731,0.6116161344780267
7441,7656.261966851358,7440.5024306203995,1.2897008066684066
7442,7656.956407644796,7441.2877508540005,0.7853202336009417
7443,7657.717933644822,7442.148947062501,0.8611962085005871
7444,7658.652286327494,7443.205606358602,1.0566592961013157
7445,7660.264422520263,7445.028813570338,1.82320721173528
7446,7660.874842474168,7445.719167641688,0.690354071350157
7447,7661.57868787915,7446.515190778284,0.7960231365959771
7448,7662.331833437668,7447.36698196366,0.851791185375987
7449,7663.456194163917,7448.638631323509,1.271649359849107
7450,7664.203009254391,7449.483291960674,0.8446606371653615
7451,7665.444059487952,7450.8869666103765,1.403674649702225
7452,7665.801809429012,7451.291601232753,0.4046346223767614
7453,7666.502822823471,7452.084493177433,0.792891944679468
7454,7667.549329156074,7453.268179187748,1.1836860103148865
7455,7668.365665795744,7454.191539846692,0.9233606589441479
7456,7669.936029946729,7455.96782202803,1.7762821813385017
7457,7670.581042533544,7456.697428372271,0.7296063442408922
7458,7671.447129920533,7457.677117176248,0.9796888039772966
7459,7672.450691456607,7458.812331558307,1.1352143820586207
7460,7673.103534095301,7459.550828981692,0.7384974233846151
7461,7673.740632528103,7460.271525038288,0.7206960565963527
7462,7674.241511064692,7460.838132854879,0.5666078165913859
7463,7676.061473908756,7462.896969548128,2.0588366932488498
7464,7676.404517064154,7463.285045512794,0.38807596466540417
7465,7677.306367425823,7464.305297443227,1.0202519304330053
7466,7678.489609005651,7465.643909279447,1.3386118362204797
7467,7679.283816647055,7466.542419800338,0.89851052089125
7468,7680.369729689479,7467.770966398502,1.22854659816403
7469,7681.049611798071,7468.54016275846,0.7691963599572773
7470,7681.945482259357,7469.553735894813,1.0135731363534433
7471,7683.018167363957,7470.767376090995,1.2136401961815864
7472,7683.593964876361,7471.418845519507,0.6514694285124278
7473,7684.205667991137,7472.110946825655,0.6921013061482881
7474,7685.305556834081,7473.3554172424265,1.244470416771037
7475,7685.782993532923,7473.895621307802,0.540204065375292
7476,7687.513293015229,7475.853438332673,1.9578170248714741
7477,7688.591692890071,7477.073668650646,1.2202303179728915
7478,7689.156619857496,7477.712904050524,0.6392353998780891
7479,7689.858001083119,7478.506551595781,0.7936475452570448
7480,7690.429650782195,7479.153409033406,0.6468574376249308
7481,7691.802176533043,7480.706535494351,1.5531264609444406
7482,7692.34274338868,7481.3182423218595,0.6117068275088968
7483,7693.479401398156,7482.6045071353865,1.286264813526941
7484,7693.89700596098,7483.077083479353,0.4725763439664661
7485,7695.112272417748,7484.45234323687,1.3752597575166874
7486,7696.136385041086,7485.611306929399,1.1589636925291416
7487,7696.779476828294,7486.339089566745,0.7277826373465359
7488,7697.898469111742,7487.605465971012,1.2663764042663388
7489,7699.07102594423,7488.932489766583,1.3270237955712219
7490,7700.036047546037,7490.024659965804,1.0921701992210728
7491,7700.216724379958,7490.229144422798,0.20448445699366857
7492,7701.157954572199,7491.294410579119,1.0652661563217407
7493,7702.19473138194,7492.46783574282,1.1734251637008128
7494,7702.589229875582,7492.914335417144,0.44649967432360427
7495,7703.831003124176,7494.319815136267,1.4054797191229227
7496,7705.213166786041,7495.884230795127,1.5644156588605256
7497,7705.703216887985,7496.43890834268,0.5546775475531831
7498,7706.962196191281,7497.86394364632,1.4250353036395609
7499,7707.736760360777,7498.740687020569,0.8767433742486901
7500,7708.220972632061,7499.288782054624,0.5480950340552226
7501,7709.242640641287,7500.445255952851,1.1564738982269773
7502,7710.123839877936,7501.442743973255,0.9974880204044894
7503,7711.223648931966,7502.687713471504,1.2449694982487927
7504,7711.928933800223,7503.486099877709,0.7983864062052817
7505,7712.779308288236,7504.448742193565,0.9626423158551916
7506,7712.908648889922,7504.595159860046,0.14641766648128396
7507,7714.904975654683,7506.855108901525,2.259949041479558
7508,7715.806809192833,7507.876059829088,1.020950927562808
7509,7716.493161846611,7508.653079631189,0.7770198021007673
7510,7717.430625538,7509.714397923799,1.0613182926099398
7511,7718.209439895409,7510.59612044027,0.8817225164711999
7512,7718.87182800992,7511.346042646084,0.7499222058140731
7513,7719.753486074996,7512.344225195929,0.9981825498443868
7514,7720.412175074536,7513.089980395611,0.7457551996822076
7515,7721.553996963718,7514.382750685233,1.29277028962224
7516,7722.557228801686,7515.518631552155,1.1358808669219798
7517,7723.618282221129,7516.720001839091,1.2013702869362533
7518,7724.440916671356,7517.651439887288,0.931438048196469
7519,7725.242870633079,7518.559475618129,0.9080357308412204
7520,7725.881074558964,7519.282110069348,0.7226344512191645
7521,7727.365067834386,7520.962459130641,1.6803490612928726
7522,7728.154537020825,7521.856406063134,0.8939469324932361
7523,7728.345321205482,7522.072440406101,0.2160343429668501
7524,7729.50844429846,7523.389518271214,1.3170778651128785
7525,7730.156710684229,7524.123603403121,0.7340851319067951
7526,7731.326343492596,7525.44809633178,1.3244929286593106
7527,7731.904604016613,7526.10292931693,0.6548329851502785
7528,7733.551152377834,7527.967549042276,1.8646197253456194
7529,7734.637209896431,7529.1974762058435,1.2299271635674813
7530,7734.799051748366,7529.380759267076,0.1832830612329417
7531,7735.920191802878,7530.650445530209,1.2696862631328258
7532,7736.39898295363,7531.192682318011,0.5422367878018122
7533,7737.281516673399,7532.1921748218465,0.9994925038354268
7534,7738.68340051495,7533.779877849169,1.5877030273222772
7535,7739.076079126562,7534.224613112472,0.4447352633033006
7536,7740.113547443325,7535.399631873712,1.1750187612396985
7537,7740.932128954656,7536.326758826684,0.9271269529726851
7538,7742.093826817388,7537.6425236507785,1.3157648240940034
7539,7742.86176814846,7538.512326305354,0.8698026545753237
7540,7744.168742339143,7539.992688121398,1.4803618160440237
7541,7744.539185766442,7540.412282214679,0.41959409328137554
7542,7745.564177665552,7541.573285377477,1.161003162797897
7543,7746.617972149766,7542.766935589596,1.1936502121188823
7544,7747.262729142254,7543.497273608804,0.7303380192079203
7545,7747.603843256258,7543.883668539715,0.3863949309106829
7546,7748.560899267973,7544.967780657196,1.084112117481709
7547,7749.950340468416,7546.541713706429,1.573933049232437
7548,7751.41794259056,7548.2042290425425,1.6625153361137563
7549,7751.732240722194,7548.560275067921,0.35604602537841856
7550,7752.412059063886,7549.330399910166,0.7701248422454228
7551,7753.812564124218,7550.916976798448,1.5865768882813427
7552,7754.165808072856,7551.317159279361,0.4001824809129175
7553,7755.042744738064,7552.310633059627,0.9934737802668678
7554,7756.1405459447,7553.554344567633,1.2437115080056174
7555,7756.961660293781,7554.484610545196,0.9302659775630673
7556,7757.748648753477,7555.37622722476,0.8916166795643221
7557,7758.441967610162,7556.161731681127,0.7855044563666524
7558,7759.592954770939,7557.465779062296,1.304047381168857
7559,7760.470136603882,7558.459628265048,0.9938492027522443
7560,7761.852016416726,7560.025333547186,1.5657052821379693
7561,7762.516669838838,7560.778416873198,0.7530833260116196
7562,7763.365536637486,7561.740235717135,0.9618188439371806
7563,7763.887943627446,7562.332162649914,0.5919269327787333
7564,7764.629540608918,7563.172458155549,0.8402955056353676
7565,7765.580549321206,7564.250052321742,1.0775941661931938
7566,7766.648068548924,7565.459687393142,1.2096350714000437
7567,7767.347361427242,7566.252087832379,0.7924004392370989
7568,7768.417093856478,7567.464269495527,1.2121816631479305
7569,7769.913327770864,7569.159786370121,1.6955168745935225
7570,7770.261243682986,7569.554047672983,0.39426130286210537
7571,7770.98388684909,7570.372961044681,0.8189133716978176
7572,7771.801935593385,7571.300002790311,0.9270417456300493
7573,7773.152164235817,7572.830159579415,1.5301567891037848
7574,7774.01889997577,7573.8124140634345,0.9822544840199043
7575,7774.296269528579,7574.126754744211,0.3143406807766951
7576,7775.448785294473,7575.432908449365,1.3061537051535197
7577,7775.977608167172,7576.032235992541,0.5993275431765142
7578,7776.955377123454,7577.1403798884385,1.1081438958972285
7579,7778.619618817803,7579.0265752448595,1.8861953564210125
7580,7779.147738368912,7579.625139961801,0.5985647169418371
7581,7780.294143760094,7580.924482483294,1.2993425214926901
7582,7780.791631249853,7581.488346055393,0.5638635720988532
7583,7781.703703737546,7582.522122788789,1.0337767333958254
7584,7782.448108668123,7583.3658715138345,0.8437487250457707
7585,7783.333189556129,7584.369084708579,1.0032131947446032
7586,7783.869822963324,7584.977350717016,0.608266008436658
7587,7785.543212016224,7586.874150197589,1.8967994805734634
7588,7785.972158398128,7587.360373468872,0.48622327128305187
7589,7786.910885163879,7588.424460838842,1.0640873699694566
7590,7787.847577241962,7589.4862597546835,1.0617989158417913
7591,7788.942037729761,7590.726921721952,1.2406619672683519
7592,7789.846487233922,7591.75220891096,1.0252871890079405
7593,7790.584748288394,7592.589116668677,0.8369077577171993
7594,7791.49812245838,7593.624551627531,1.035434958854239
7595,7792.057000206962,7594.258124650965,0.6335730234341099
7596,7793.208438102894,7595.563474936829,1.305350285863824
7597,7793.73117934919,7596.156099799774,0.592624862944831
7598,7794.330647915022,7596.835716282718,0.6796164829438567
7599,7796.16793990826,7598.918696764853,2.082980482135099
7600,7796.882750797399,7599.729113045693,0.8104162808403998
7601,7797.939994785892,7600.927781703596,1.1986686579029993
7602,7798.642876532042,7601.724698665571,0.7969169619746026
7603,7799.027356176221,7602.160620284218,0.4359216186467165
7604,7800.048866699555,7603.318819845078,1.1581995608603393
7605,7801.085965692596,7604.494715561126,1.1758957160482169
7606,7802.278136743016,7605.846464002113,1.3517484409867393
7607,7802.563043838597,7606.169511470281,0.3230474681677151
7608,7803.341640437316,7607.05234685717,0.8828353868893828
7609,7804.662539155125,7608.550116243061,1.4977693858909333
7610,7805.651244456076,7609.6712342110695,1.121117968008548
7611,7806.365526757545,7610.481189394757,0.8099551836876344
7612,7807.45394705527,7611.715415619923,1.2342262251659122
7613,7808.521694540714,7612.926223146766,1.2108075268424727
7614,7809.148095665498,7613.63656220626,0.7103390594947996
7615,7809.949348552203,7614.545194871837,0.9086326655769881
7616,7810.246422779105,7614.88208477893,0.3368899070928819
7617,7811.425296754866,7616.218976284789,1.3368915058590574
7618,7812.392880857757,7617.316277554975,1.097301270186108
7619,7813.480751249711,7618.550013824096,1.2337362691205271
7620,7814.556090476848,7619.7695623926265,1.2195485685306267
7621,7815.586939345175,7620.938676291959,1.1691138993328423
7622,7815.855841174646,7621.243648771026,0.3049724790662367
7623,7817.152637267742,7622.714418526533,1.4707697555077175
7624,7817.796685739583,7623.444883030887,0.7304645043532219
7625,7818.660115006316,7624.424177279488,0.9792942486010361
7626,7819.635648031588,7625.530636931595,1.1064596521073327
7627,7820.58639743223,7626.60900537779,1.0783684461948724
7628,7821.053880222405,7627.139245106439,0.5302397286495761
7629,7822.09409350154,7628.319117131821,1.1798720253818828
7630,7822.719034353719,7629.027972956305,0.7088558244840897
7631,7824.645471276426,7631.21313539709,2.185162440784552
7632,7825.273177259965,7631.925160242367,0.7120248452774831
7633,7825.82778134102,7632.554270177599,0.6291099352320089
7634,7826.47118029694,7633.284111583771,0.7298414061715448
7635,7827.80645975852,7634.798816441,1.514704857228935
7636,7828.125195235312,7635.160386693093,0.36157025209286076
7637,7828.993878289372,7636.145822315424,0.9854356223313516
7638,7830.128538967397,7637.433006538526,1.2871842231015762
7639,7830.87758193786,7638.282751826838,0.8497452883120786
7640,7832.27446269285,7639.867461520601,1.584709693763216
7641,7832.824494593667,7640.491463305199,0.6240017845984767
7642,7833.920755248589,7641.735170604557,1.2437072993579932
7643,7834.383065914879,7642.2596692005545,0.5244985959971018
7644,7835.733258049545,7643.791507901462,1.5318387009074286
7645,7836.463501636443,7644.6200094096475,0.8285015081855818
7646,7837.396947490321,7645.679070834435,1.0590614247876147
7647,7838.064178062149,7646.436102728382,0.7570318939469871
7648,7838.482550842814,7646.910788135009,0.4746854066270316
7649,7839.568362838759,7648.142766097079,1.231977962070232
7650,7840.782349085686,7649.520200754201,1.3774346571217393
7651,7841.828068608792,7650.706737612637,1.1865368584358293
7652,7842.773773977403,7651.7798114508305,1.0730738381935225
7653,7843.741048100103,7652.877377717769,1.097566266938884
7654,7844.457429440751,7653.690268098767,0.8128903809974872
7655,7845.080327763866,7654.397090134889,0.706822036122503
7656,7845.576147186457,7654.959717429847,0.562627294957565
7657,7847.000089158637,7656.575552410464,1.6158349806173646
7658,7847.835966138218,7657.524092847544,0.9485404370798278
7659,7848.647013323947,7658.4444703579975,0.9203775104533634
7660,7849.322974184129,7659.211561903706,0.7670915457083538
7661,7850.381575865229,7660.412899186661,1.2013372829551372
7662,7851.749375193901,7661.96515814458,1.5522589579186388
7663,7852.055533000646,7662.312609187251,0.34745104267130955
7664,7853.536887110037,7663.993788742747,1.6811795554958735
7665,7854.099209290606,7664.631976329318,0.6381875865708935
7666,7854.705243499413,7665.319780503862,0.6878041745439987
7667,7855.730232864411,7666.483084849001,1.163304345139295
7668,7856.589741467903,7667.4585943959055,0.9755095469045045
7669,7857.007480210243,7667.932717371172,0.4741229752662548
7670,7857.998247520008,7669.057227504523,1.1245101333515777
7671,7859.863876592034,7671.174750198172,2.117522693648425
7672,7860.360848829588,7671.738834552467,0.5640843542951188
7673,7861.074293126311,7672.548632524755,0.8097979722879245
7674,7861.968307522174,7673.56340190078,1.0147693760254697
7675,7862.576808489505,7674.254102658261,0.690700757480954
7676,7863.886469839471,7675.740705976933,1.4866033186717686
7677,7864.68842418612,7676.6510256076035,0.9103196306705286
7678,7865.047548549889,7677.058681408847,0.4076558012438909
7679,7866.327295716895,7678.511392586166,1.4527111773186334
7680,7867.142338041973,7679.436609090009,0.9252165038433304
7681,7867.701391247107,7680.071240653634,0.63463156362468
7682,7869.054058996961,7681.606801603693,1.5355609500593346
7683,7870.100532362201,7682.794793243851,1.1879916401576338
7684,7871.026268506168,7683.845738404401,1.0509451605503273
7685,7871.891593703717,7684.828117498308,0.9823790939062746
7686,7872.421051360312,7685.429203187767,0.6010856894590688
7687,7873.258974733155,7686.380497165655,0.9512939778878717
7688,7873.857411725433,7687.059911065855,0.6794139002004158
7689,7874.89428101069,7688.237100426133,1.1771893602781347
7690,7876.081256282237,7689.584736370153,1.3476359440201122
7691,7876.811378416846,7690.413696873866,0.8289605037125511
7692,7877.833953052452,7691.574717975457,1.1610211015913592
7693,7878.910611220162,7692.7971678138965,1.2224498384393883
7694,7879.774371317584,7693.777907708259,0.9807398943621592
7695,7880.247924997613,7694.315601579318,0.5376938710596733
7696,7881.172597090474,7695.36552837899,1.0499267996719936
7697,7882.440411048756,7696.805106597267,1.4395782182764378
7698,7883.219132091234,7697.689345362658,0.8842387653912738
7699,7883.739288678193,7698.279990669723,0.5906453070647331
7700,7884.386136360235,7699.014503162171,0.7345124924486299
7701,7885.310055570763,7700.063652282859,1.0491491206876162
7702,7886.697844124519,7701.6395769273595,1.5759246445004464
7703,7887.902634545409,7703.007726743281,1.3681498159212424
7704,7888.582508384611,7703.77979865409,0.7720719108092453
7705,7889.247759852945,7704.535274273068,0.7554756189783802
7706,7890.199885171148,7705.616546290773,1.0812720177045776
7707,7890.829109253514,7706.331128641672,0.7145823508990361
7708,7891.738485147039,7707.3638812976815,1.0327526560095066
7709,7892.471581268804,7708.196450110674,0.8325688129925766
7710,7893.753775748136,7709.652649650379,1.456199539705267
7711,7894.146224240496,7710.098363478119,0.4457138277393824
7712,7895.752701737031,7711.9229135819005,1.824550103781803
7713,7896.284146796157,7712.526511538692,0.6035979567914183
7714,7896.810706211279,7713.124566154833,0.5980546161408711
7715,7898.443975525827,7714.979633108702,1.8550669538690272
7716,7899.189387686444,7715.826289953259,0.8466568445574012
7717,7899.737784133993,7716.449178817271,0.6228888640116566
7718,7900.699743497219,7717.541822293882,1.0926434766115563
7719,7901.203724772065,7718.11427787966,0.5724555857777887
7720,7902.431940428291,7719.509388663928,1.395110784267672
7721,7902.845882347639,7719.979585604047,0.4701969401194219
7722,7904.000011350514,7721.2905798364145,1.310994232367193
7723,7905.495359792199,7722.98921076343,1.6986309270150741
7724,7906.307057653096,7723.911272297471,0.922061534041859
7725,7907.033279619341,7724.736247324686,0.8249750272143501
7726,7907.462023026748,7725.223297069637,0.4870497449510367
7727,7908.754089324922,7726.6910984237065,1.4678013540697066
7728,7909.071081108488,7727.051209666601,0.3601112428941633
7729,7910.496345642478,7728.670373723632,1.619164057031412
7730,7911.290474750289,7729.572557527509,0.9021838038770511
7731,7911.974654015074,7730.349841126374,0.7772835988644147
7732,7912.5218947576,7730.971558142602,0.6217170162281036
7733,7913.958900163049,7732.604160279136,1.632602136533933
7734,7914.898228655285,7733.671367091233,1.0672068120975382
7735,7916.139083618646,7735.081176789856,1.4098096986226665
7736,7916.24962036282,7735.206765712004,0.12558892214838124
7737,7917.846984218914,7737.021675656021,1.8149099440170176
7738,7918.206299766422,7737.429933702812,0.4082580467911612
7739,7919.009503413645,7738.342551390047,0.9126176872350698
7740,7919.702077252902,7739.1294794611895,0.7869280711420288
7741,7920.394917845035,7739.916720271657,0.7872408104676651
7742,7922.053034576524,7741.800796217396,1.884075945738914
7743,7922.72331242127,7742.5624315930545,0.7616353756584431
7744,7923.710141380546,7743.683779792512,1.1213481994573158
7745,7924.582047217102,7744.6745554405825,0.9907756480706666
7746,7925.391338795342,7745.594194083807,0.919638643224971
7747,7926.04475027159,7746.3367079392,0.7425138553926445
7748,7927.227859749135,7747.681173816038,1.344465876837603
7749,7928.007764629538,7748.567460082702,0.8862862666646834
7750,7928.684234751107,7749.336212665301,0.7687525825986086
7751,7929.540229147086,7750.308992966871,0.9727803015703103
7752,7930.60494125527,7751.51898749224,1.2099945253685291
7753,7930.94807682602,7751.90894954872,0.38996205647981697
7754,7932.47166617417,7753.640486229168,1.7315366804486985
7755,7933.645643224238,7754.974725492118,1.3342392629492679
7756,7934.495415309209,7755.94051910031,0.9657936081921434
7757,7935.214648402925,7756.757962217894,0.8174431175839345
7758,7935.570718561862,7757.16265697545,0.4046947575561717
7759,7936.442237033273,7758.153199899863,0.9905429244126935
7760,7937.745180588838,7759.634116621559,1.4809167216963033
7761,7938.315574079554,7760.282432669263,0.6483160477037018
7762,7939.086639386133,7761.158845066124,0.8764123968612694
7763,7940.354012879281,7762.599399838809,1.440554772685573
7764,7941.265683750251,7763.635666625358,1.0362667865483672
7765,7942.317604788911,7764.831371938617,1.1957053132591682
7766,7942.745097903531,7765.317304281073,0.4859323424561808
7767,7943.78551598803,7766.4999650553855,1.1826607743123532
7768,7944.959519126584,7767.83450025532,1.3345351999341801
7769,7945.740693786381,7768.722507285862,0.8880070305422123
7770,7946.220788193214,7769.268264807163,0.5457575213013115
7771,7947.289771165842,7770.483470505349,1.215205698185855
7772,7947.729600273443,7770.983469060026,0.4999985546774042
7773,7948.634211573243,7772.011845059814,1.0283759997873858
7774,7950.265470539734,7773.866326684589,1.8544816247749623
7775,7951.314030649734,7775.058400646022,1.1920739614333797
7776,7951.58485170633,7775.366291892813,0.30789124679085944
7777,7952.794489272245,7776.741523481149,1.3752315883357369
7778,7953.594656971267,7777.651246684429,0.9097232032800093
7779,7954.30899726348,7778.463402187603,0.8121555031739263
7780,7954.747608585549,7778.962077982404,0.49867579480087443
7781,7956.152267105716,7780.559119665813,1.5970416834097705
7782,7956.989578249038,7781.511128394769,0.9520087289556614
7783,7957.947945783216,7782.600793420868,1.0896650260992828
7784,7958.317455921221,7783.020931793859,0.4201383729905501
7785,7959.688750437559,7784.580137367696,1.5592055738370618
7786,7960.661379307838,7785.686070187354,1.1059328196579372
7787,7961.649596876388,7786.809747589451,1.1236774020972007
7788,7962.562547058959,7787.847857683724,1.0381100942731791
7789,7962.956507789986,7788.295833178132,0.44797549440772855
7790,7964.203600710389,7789.713931685466,1.4180985073344345
7791,7964.684089862521,7790.260315424917,0.5463837394509028
7792,7965.315678842992,7790.97852793668,0.718212511762431
7793,7966.568849823993,7792.4035971017,1.4250691650204317
7794,7967.26610753854,7793.196511642636,0.7929145409361809
7795,7968.909886518724,7795.0658391906345,1.8693275479981821
7796,7969.629440350559,7795.884142461,0.8183032703655044
7797,7970.220548110797,7796.556379836922,0.6722373759221227
7798,7970.847928248595,7797.269875611439,0.7134957745165593
7799,7971.821330830948,7798.3769052211355,1.1070296096968377
7800,7972.995331891868,7799.71209628832,1.3351910671844962
7801,7973.804869056247,7800.632798698347,0.9207024100269336
7802,7974.458129757066,7801.375774374325,0.7429756759784141
7803,7975.017853871006,7802.012374474938,0.636600100612668
7804,7976.207792148187,7803.365767040965,1.3533925660267414
7805,7977.291194443749,7804.598014024481,1.2322469835162337
7806,7977.975322928937,7805.37614448856,0.7781304640793678
7807,7979.419830145944,7807.019163420314,1.6430189317534314
7808,7980.244153621045,7807.956788378334,0.9376249580200238
7809,7980.592156635671,7808.352627724706,0.39583934637175844
7810,7981.67715895761,7809.586789461886,1.2341617371803295
7811,7982.329229078068,7810.328513446686,0.7417239848000463
7812,7982.856726483099,7810.928543274441,0.6000298277549518
7813,7984.194787625832,7812.4506165870935,1.5220733126525374
7814,7985.078461489261,7813.455834170316,1.0052175832224748
7815,7986.116271568622,7814.636408298643,1.1805741283269526
7816,7986.989921279803,7815.630256340957,0.9938480423143119
7817,7987.776841671902,7816.525455704817,0.8951993638602289
7818,7988.826884442919,7817.720001877057,1.194546172239825
7819,7989.527182533589,7818.516684876881,0.7966829998240428
7820,7990.464730054403,7819.583286216962,1.066601340080524
7821,7991.154615188093,7820.3681455174265,0.7848593004646318
7822,7992.449601868435,7821.841434255679,1.4732887382524495
7823,7992.775448790283,7822.212151126832,0.3707168711534905
7824,7993.535520095777,7823.076894400312,0.8647432734796894
7825,7994.268276831977,7823.91057241341,0.8336780130975967
7826,7996.325873550481,7826.251615402765,2.3410429893556284
7827,7996.702938035544,7826.680631915464,0.4290165126985812
7828,7997.562596959063,7827.658745414028,0.9781134985641984
7829,7998.503621700135,7828.729453192187,1.070707778158976
7830,7998.960515915092,7829.249318556219,0.5198653640318298
7831,8000.086767551566,7830.530812832434,1.2814942762151986
7832,8000.654289531124,7831.1765716610735,0.645758828639373
7833,8001.827414146494,7832.511439967655,1.334868306581484
7834,8002.504226795773,7833.281580113726,0.7701401460708439
7835,8003.544020732095,7834.464771751253,1.183191637526761
7836,8004.486900352286,7835.537702232789,1.0729304815367868
7837,8005.558741555966,7836.757403365664,1.2197011328744338
7838,8006.089452661676,7837.361334243045,0.6039308773815719
7839,8007.166316113009,7838.586784801073,1.22545055802766
7840,8008.486686298688,7840.08937294574,1.5025881446672429
7841,8009.024278312766,7840.701165381566,0.6117924358259188
7842,8009.383936409159,7841.110468014095,0.40930263252903387
7843,8010.212236319678,7842.053110077207,0.9426420631116343
7844,8011.4693808589,7843.483822407362,1.4307123301550746
7845,8011.929391130552,7844.007351891164,0.5235294838021218
7846,8013.442022089033,7845.72887983609,1.7215279449255831
7847,8014.276774716259,7846.678932723352,0.9500528872622453
7848,8015.371885937372,7847.925327236794,1.246394513442283
7849,8016.201731490321,7848.869827021087,0.9444997842929297
7850,8016.491199874103,7849.199292539425,0.329465518338111
7851,8017.361465467252,7850.1898166203355,0.9905240809102906
7852,8018.637826606625,7851.642580145511,1.4527635251752145
7853,8019.35663906583,7852.46075194375,0.8181717982397458
7854,8020.319689666966,7853.556938278882,1.0961863351312786
7855,8020.837459741026,7854.146294441196,0.5893561623142887
7856,8021.895481637485,7855.350613346571,1.2043189053747483
7857,8022.717489709399,7856.286299162495,0.9356858159244439
7858,8024.403582467122,7858.20560824316,1.9193090806647888
7859,8024.670982458978,7858.509999543747,0.304391300586758
7860,8025.752452902288,7859.741091813314,1.2310922695669433
7861,8026.391854103009,7860.468965311229,0.7278734979154251
7862,8027.30587415952,7861.50947004564,1.0405047344111154
7863,8028.12402597859,7862.440854074097,0.931384028456705
7864,8028.746401313329,7863.149375040324,0.7085209662272973
7865,8029.407822326108,7863.902354580051,0.7529795397267662
7866,8031.058009786894,7865.781010345378,1.8786557653265845
7867,8031.95132217381,7866.798024266078,1.0170139207002649
7868,8032.793383790674,7867.756704938496,0.9586806724182679
7869,8033.269191957558,7868.298415087918,0.5417101494222152
7870,8034.386240870655,7869.570198890676,1.2717838027574544
7871,8035.393242316707,7870.716712511007,1.1465136203314614
7872,8035.999510970188,7871.406984631014,0.690272120006739
7873,8037.034489891821,7872.5853851441425,1.1784005131285085
7874,8037.803468786898,7873.460938569826,0.8755534256833926
7875,8038.42846693131,7874.172565251391,0.7116266815646668
7876,8039.310951894777,7875.177381157968,1.004815906577278
7877,8040.363774173745,7876.376166876573,1.198785718604995
7878,8041.485092078733,7877.652968593581,1.2768017170083112
7879,8042.752607553648,7879.096269842897,1.443301249315482
7880,8043.228211967943,7879.637841805013,0.5415719621159951
7881,8044.222079323651,7880.769575552183,1.131733747170074
7882,8044.702036441095,7881.316117924061,0.5465423718778766
7883,8045.412198483427,7882.124810295801,0.8086923717401078
7884,8046.349100762354,7883.191716889141,1.0669065933407182
7885,8047.858586760626,7884.910695288891,1.7189783997491759
7886,8048.092532351146,7885.177112801461,0.2664175125701149
7887,8048.939018671553,7886.141101457678,0.9639886562172251
7888,8050.707855425853,7888.155519456795,2.0144179991175406
7889,8050.928553718139,7888.406863335089,0.2513438782934827
7890,8051.826700970999,7889.42973489208,1.0228715569910491
7891,8052.854735733886,7890.600550804791,1.1708159127110775
7892,8053.850683691921,7891.734843377194,1.1342925724029556
7893,8054.632075493163,7892.6247900615745,0.8899466843804476
7894,8055.387536444196,7893.485214922161,0.8604248605861358
7895,8056.043545401503,7894.232379054463,0.7471641323027143
7896,8056.628566090346,7894.898697974651,0.6663189201881323
7897,8057.849854094792,7896.289725791004,1.391027816352107
7898,8059.163910470731,7897.786448224338,1.496722433334071
7899,8060.41057395789,7899.206441052497,1.419992828159593
7900,8060.656750843527,7899.4868486677215,0.28040761522424873
7901,8061.432878644982,7900.370904348395,0.8840556806735549
7902,8062.591530739173,7901.69070005545,1.3197957070551638
7903,8063.105008848427,7902.275600412311,0.5849003568609987
7904,8064.205515208022,7903.529199254911,1.2535988425997857
7905,8064.758371516304,7904.158972948622,0.6297736937112859
7906,8065.960611559452,7905.5284981792975,1.3695252306752081
7907,8066.852181448752,7906.544143605185,1.0156454258876693
7908,8067.499979187697,7907.282102108409,0.7379585032240357
7909,8068.480997184478,7908.399674367769,1.1175722593598039
7910,8069.6204735256,7909.697785647706,1.2981112799370749
7911,8070.895715103645,7911.150593414896,1.4528077671902793
7912,8071.223812048207,7911.524380164234,0.37378674933734146
7913,8072.006261155457,7912.415799374371,0.8914192101374283
7914,8072.89166095519,7913.42452156952,1.0087221951489482
7915,8073.661638198681,7914.301757209198,0.8772356396775649
7916,8074.476781796317,7915.23046364484,0.9287064356421979
7917,8075.212479534272,7916.0686673575,0.8382037126602881
7918,8076.604646442833,7917.654836360719,1.5861690032188562
7919,8077.69313905423,7918.895039865115,1.2402035043960495
7920,8078.331290952394,7919.6221463497695,0.7271064846545414
7921,8079.345222788621,7920.777430765905,1.1552844161351459
7922,8080.0395116955,7921.568522405544,0.7910916396394896
7923,8080.37162366999,7921.946943167777,0.37842076223296317
7924,8082.095848368997,7923.9116239710265,1.9646808032493936
7925,8082.72735733407,7924.631216260057,0.7195922890305155
7926,8083.188121262285,7925.156252826885,0.525036566828021
7927,8084.353898815798,7926.484665074468,1.3284122475824915
7928,8084.627810373941,7926.796793226946,0.3121281524781807
7929,8086.389367184018,7928.804160652271,2.0073674253253557
7930,8087.201332969661,7929.729450080798,0.9252894285273214
7931,8087.989215922948,7930.627307911067,0.8978578302685492
7932,8089.000277331537,7931.779513956723,1.152206045656385
7933,8090.01170243514,7932.932154593402,1.1526406366783704
7934,8090.302075183273,7933.2630730063875,0.33091841298573854
7935,8091.013047475937,7934.073327610582,0.810254604194597
7936,8092.013186019191,7935.213145342621,1.139817732038864
7937,8093.056821600834,7936.4025558780695,1.1894105354485873
7938,8093.960796848974,7937.432815644891,1.030259766821473
7939,8095.226429752914,7938.875283309333,1.4424676644421197
7940,8095.644649780626,7939.351944137694,0.47666082836076384
7941,8096.881209450587,7940.7613170257655,1.4093728880716299
7942,8097.42280453375,7941.378611240781,0.6172942150151357
7943,8098.601451658409,7942.722018641753,1.3434074009719552
7944,8099.483713019982,7943.72762708581,1.0056084440575432
7945,8100.03395489818,7944.3548048538505,0.6271777680403829
7946,8100.893317320693,7945.334336902735,0.979532048884721
7947,8101.847479883356,7946.42194254275,1.0876056400147718
7948,8102.652891917434,7947.340008275858,0.9180657331080511
7949,8103.081247385366,7947.828283395337,0.4882751194791126
7950,8104.959580645945,7949.969406110977,2.14112271563954
7951,8106.00108259912,7951.156649941422,1.187243830445368
7952,8106.472478547105,7951.694017366684,0.5373674252623459
7953,8106.981007272882,7952.273719163382,0.5797017966979183
7954,8107.990030625678,7953.423979245457,1.1502600820749649
7955,8108.858614987058,7954.414158577753,0.9901793322960657
7956,8109.690218971893,7955.36219444736,0.9480358696064286
7957,8110.637684029409,7956.442329500789,1.0801350534293306
7958,8111.447479981099,7957.3655321193655,0.9232026185763971
7959,8112.26475349516,7958.297272530024,0.9317404106586764
7960,8113.552643128011,7959.765569899678,1.4682973696535555
7961,8114.167019842273,7960.466020041952,0.7004501422743488
7962,8115.107358482818,7961.538113316222,1.0720932742697187
7963,8116.251266964434,7962.842322801148,1.3042094849261048
7964,8116.864424633298,7963.541415555437,0.6990927542892678
7965,8118.004737871156,7964.841565226909,1.300149671471445
7966,8118.4373796532,7965.334856595695,0.49329136878623103
7967,8119.287139450122,7966.303750059071,0.9688934633759345
7968,8119.648862098551,7966.7161893868615,0.41243932779070747
7969,8121.226751668281,7968.51534286954,1.7991534826787756
7970,8122.361423445452,7969.809157283009,1.2938144134686809
7971,8123.010669984644,7970.549474811761,0.7403175287518025
7972,8124.184278678356,7971.887728682945,1.3382538711839516
7973,8124.843587425552,7972.639543474605,0.7518147916598537
7974,8125.501626937458,7973.3899194379765,0.7503759633718801
7975,8126.529528436145,7974.562073589015,1.1721541510387397
7976,8126.964551002275,7975.058152165845,0.49607857682985923
7977,8128.59220878004,7976.914286806214,1.8561346403685093
7978,8129.09763257011,7977.490668277519,0.5763814713054671
7979,8129.501991536929,7977.951799789275,0.46113151175632083
7980,8130.717735754435,7979.338255416048,1.3864556267726584
7981,8131.714724491744,7980.475260120331,1.1370047042828446
7982,8132.854767682943,7981.775433525412,1.3001734050812956
7983,8133.952804659217,7983.0277245778025,1.2522910523903192
7984,8134.457140991121,7983.602918829989,0.5751942521865203
7985,8135.253151706352,7984.510777070585,0.9078582405963971
7986,8135.92598850604,7985.278163886874,0.7673868162883082
7987,8136.958578382119,7986.455875104424,1.1777112175504953
7988,8137.609942436051,7987.198793321671,0.7429182172463697
7989,8138.437429271382,7988.142601681204,0.94380835953325
7990,8139.566538052355,7989.430453204182,1.287851522978599
7991,8140.950740591129,7991.009296430617,1.578843226434401
7992,8141.595750010062,7991.745017131636,0.7357207010190905
7993,8142.276001937053,7992.52094550326,0.7759283716241043
7994,8142.810496643742,7993.130622459086,0.6096769558262167
7995,8144.358563539668,7994.896472597909,1.7658501388232253
7996,8144.926296078329,7995.544085924574,0.6476133266642137
7997,8145.927384407726,7996.686044171584,1.1419582470107343
7998,8146.251283810102,7997.055525844728,0.3694816731440369
7999,8147.375558663971,7998.3380354831825,1.2825096384540302
8000,8148.188405804615,7999.265301248959,0.9272657657766104
8001,8148.986653563432,8000.1759251432595,0.9106238943004428
8002,8150.740615482132,8002.176850931844,2.000925788584027
8003,8151.026671304606,8002.503190095601,0.32633916375743866
8004,8152.217728258409,8003.861992863764,1.3588027681626045
8005,8152.965931127601,8004.715585125971,0.8535922622077123
8006,8153.488253661009,8005.311486769309,0.5959016433380384
8007,8154.272979427266,8006.206766165527,0.8952793962180294
8008,8155.128933992533,8007.183322911826,0.976556746298229
8009,8156.304912385854,8008.525017480577,1.3416945687513362
8010,8157.194764620155,8009.540283584387,1.0152661038100632
8011,8157.981568491565,8010.437990779078,0.8977071946910655
8012,8158.767638742286,8011.334873006579,0.8968822275010098
8013,8160.07820080992,8012.830211231334,1.4953382247549598
8014,8160.950122589706,8013.8250838283475,0.9948725970134547
8015,8161.346145633208,8014.27695548954,0.45187166119285394
8016,8162.59214058652,8015.698685155639,1.4217296660990542
8017,8163.454284500948,8016.682443279664,0.9837581240244617
8018,8164.106957146961,8017.427191709965,0.7447484303011151
8019,8164.870257333312,8018.298184994174,0.8709932842093622
8020,8165.448818475202,8018.958382192723,0.6601971985483033
8021,8166.44808923746,8020.098667289574,1.140285096851585
8022,8168.295104129874,8022.2063790567045,2.1077117671302403
8023,8168.668480129248,8022.632463280162,0.42608422345711006
8024,8169.593836203727,8023.688460442028,1.0559971618667987
8025,8170.415779001677,8024.62645850678,0.9379980647518096
8026,8171.095110983015,8025.401719571124,0.7752610643437947
8027,8171.823553153263,8026.233035705583,0.8313161344585751
8028,8173.111533980958,8027.702936418526,1.4699007129438542
8029,8173.738292657768,8028.4182328390825,0.7152964205561148
8030,8174.366180914142,8029.134826076487,0.7165932374045951
8031,8175.531628952028,8030.464943257527,1.3301171810398955
8032,8176.449213453737,8031.512194232097,1.0472509745695788
8033,8177.331542720256,8032.519223410435,1.0070291783385983
8034,8178.104666952751,8033.401626023191,0.8824026127558682
8035,8179.69038702324,8035.211518421862,1.8098923986708542
8036,8180.035752135503,8035.605714088728,0.3941956668659259
8037,8181.013209816269,8036.7213853384965,1.1156712497686385
8038,8181.282044613567,8037.028236924853,0.3068515863569701
8039,8182.430116793737,8038.338677488372,1.3104405635185685
8040,8183.129990253219,8039.1375445172525,0.7988670288805224
8041,8184.254600673373,8040.421245359611,1.2837008423584848
8042,8185.038683169381,8041.31626083128,0.8950154716685574
8043,8186.605228280464,8043.104478510839,1.7882176795592386
8044,8187.019086128035,8043.576906911245,0.4724284004059882
8045,8187.927398545154,8044.613778425756,1.0368715145114038
8046,8188.675092154904,8045.467309789434,0.8535313636775754
8047,8189.458001683721,8046.361053611978,0.8937438225439109
8048,8190.53885964643,8047.594945162283,1.2338915503050885
8049,8191.317359421743,8048.483683117542,0.8887379552588754
8050,8192.334649942095,8049.645043135772,1.1613600182299706
8051,8192.995406727354,8050.3993875963915,0.7543444606199046
8052,8193.233410994542,8050.6711041756525,0.27171657926101034
8053,8194.929408138007,8052.607364098905,1.9362599232526918
8054,8196.067584918463,8053.906811578029,1.2994474791239554
8055,8196.94832475157,8054.912362583507,1.0055510054780825
8056,8197.513353942915,8055.557470974243,0.6451083907359134
8057,8198.242611792508,8056.390092619467,0.8326216452242079
8058,8199.585117177643,8057.922909483699,1.5328168642317905
8059,8199.884773862703,8058.26504981112,0.3421403274205659
8060,8200.341952211153,8058.787047696835,0.5219978857148817
8061,8201.755260360196,8060.400762773276,1.613715076441622
8062,8202.876646170402,8061.68118853636,1.2804257630841676
8063,8203.529203740132,8062.426305970572,0.7451174342113518
8064,8204.761729330088,8063.833677603058,1.4073716324865018
8065,8205.259250532274,8064.401785496246,0.5681078931875163
8066,8206.22837505801,8065.508420044217,1.1066345479712254
8067,8207.28117526524,8066.710623739773,1.2022036955559088
8068,8208.167607521847,8067.722866779744,1.0122430399715086
8069,8208.846424314348,8068.498037921962,0.7751711422179142
8070,8209.530685579144,8069.2794353914,0.7813974694372519
8071,8210.510348798944,8070.398185219953,1.1187498285535185
8072,8211.030888882606,8070.992635978691,0.5944507587382759
8073,8212.265612418521,8072.402696988336,1.410061009644778
8074,8213.253267546888,8073.5306257989405,1.1279288106043168
8075,8214.668747954198,8075.147175581029,1.6165497820884411
8076,8215.237624958909,8075.796872654022,0.649697072993149
8077,8215.962628469759,8076.624886133504,0.8280134794822516
8078,8216.502661260261,8077.241654494651,0.6167683611465691
8079,8217.268004086898,8078.115757835221,0.8741033405704002
8080,8218.619573329699,8079.659422131237,1.543664296015777
8081,8219.34654382754,8080.4897297035,0.8303075722633366
8082,8220.050014501032,8081.293206751457,0.8034770479562212
8083,8220.85288245003,8082.210223238519,0.9170164870620283
8084,8222.153933481834,8083.696278973237,1.4860557347183203
8085,8222.908793157701,8084.5584919573985,0.8622129841614878
8086,8223.80409321168,8085.581132520225,1.022640562826382
8087,8224.783041493125,8086.699336537375,1.1182040171497647
8088,8225.662484685172,8087.703896644261,1.0045601068859469
8089,8226.606391577561,8088.782108244645,1.0782116003847477
8090,8227.0220323073,8089.256894285156,0.47478604051048023
8091,8227.898063963537,8090.257595421523,1.0007011363668425
8092,8228.756591820185,8091.238316167046,0.9807207455232856
8093,8229.309424342826,8091.869839998976,0.6315238319302807
8094,8231.318604911878,8094.165061203687,2.295221204711197
8095,8231.75203939767,8094.66021261207,0.49515140838229854
8096,8232.534397486112,8095.553980199846,0.893767587775983
8097,8233.385017835937,8096.52574417079,0.9717639709442665
8098,8234.463093964046,8097.757377806124,1.2316336353342194
8099,8234.940463388086,8098.302749287726,0.5453714816021602
8100,8235.903077656301,8099.402502932219,1.099753644492921
8101,8236.852837631774,8100.487588539564,1.0850856073448085
8102,8237.66123932128,8101.41118829371,0.9235997541463803
8103,8238.643824853578,8102.533810265655,1.1226219719446817
8104,8239.166099547594,8103.130526263489,0.5967159978335985
8105,8240.10766016519,8104.206303517023,1.0757772535343975
8106,8241.810539848806,8106.151967068315,1.9456635512915454
8107,8242.26298338045,8106.668926035712,0.5169589673969313
8108,8243.126125160612,8107.655157051109,0.9862310153976068
8109,8244.126672342985,8108.798406311062,1.1432492599524267
8110,8244.522473036399,8109.250663031808,0.45225672074593604
8111,8245.291902817526,8110.1298510185015,0.879187986693978
8112,8246.414750234615,8111.41289173544,1.283040716938558
8113,8247.104523644808,8112.201085131095,0.7881933956550711
8114,8248.198015439499,8113.450620089079,1.2495349579839967
8115,8249.182211673993,8114.575282550646,1.1246624615669134
8116,8250.476640454472,8116.05448294857,1.4792003979237052
8117,8250.905128429848,8116.544142024928,0.48965907635829353
8118,8251.591930804594,8117.328999946936,0.7848579220080865
8119,8252.49596334624,8118.362116100421,1.0331161534850253
8120,8253.795261750578,8119.846964337215,1.4848482367933684
8121,8254.542110873255,8120.7004840082245,0.8535196710099626
8122,8255.238100660737,8121.495889916355,0.7954059081303058
8123,8255.519078691637,8121.817005874622,0.3211159582670007
8124,8256.777714951946,8123.255457969179,1.438452094556851
8125,8257.752236885288,8124.369226545473,1.1137685762942056
8126,8258.99799891104,8125.79301858703,1.4237920415571352
8127,8259.868525257803,8126.7879683226565,0.9949497356265056
8128,8260.782502762526,8127.832595356604,1.0446270339471084
8129,8261.566253507906,8128.728393040417,0.8957976838137256
8130,8262.00212242353,8129.226579971114,0.4981869306966473
8131,8263.16889972611,8130.560194350152,1.3336143790384085
8132,8263.541048290495,8130.9855618225565,0.4253674724041048
8133,8264.798832930119,8132.423235029004,1.4376732064474709
8134,8265.847428254267,8133.621823915826,1.1985888868221082
8135,8266.4591677264,8134.321077831745,0.6992539159191438
8136,8267.620802307136,8135.648913777393,1.3278359456480757
8137,8268.306797080351,8136.433069746272,0.7841559688786219
8138,8269.293837368958,8137.561364693445,1.1282949471733446
8139,8270.597375143778,8139.05147959822,1.4901149047746003
8140,8271.102988988785,8139.6294714403175,0.5779918420976173
8141,8271.527124563272,8140.11432529217,0.4848538518526766
8142,8273.023727020429,8141.825205583289,1.7108802911188832
8143,8273.35908865696,8142.208588930211,0.3833833469216188
8144,8274.260748915804,8143.239372084647,1.0307831544359942
8145,8274.761296174196,8143.811607317814,0.572235233167703
8146,8276.532087621641,8145.836048766447,2.0244414486323876
8147,8277.550531731382,8147.000403178908,1.1643544124608525
8148,8278.311044893739,8147.869886437135,0.8694832582277741
8149,8278.724155121687,8148.342193807066,0.4723073699306042
8150,8279.658220294079,8149.410119101064,1.067925293998087
8151,8280.576684590987,8150.460224124077,1.0501050230132023
8152,8281.427733833265,8151.4332661677345,0.9730420436571876
8153,8282.325186834638,8152.459378749502,1.0261125817678476
8154,8283.364230097244,8153.647399418046,1.188020668543686
8155,8283.68271974392,8154.0115580748825,0.3641586568364801
8156,8284.8370591545,8155.33143737154,1.3198792966577457
8157,8286.15646537832,8156.840086501271,1.5086491297306566
8158,8286.666088558197,8157.422814067868,0.5827275665969864
8159,8287.736512263617,8158.646804072178,1.223990004310508
8160,8288.98043605825,8160.069212667929,1.422408595750312
8161,8289.388001230434,8160.53526392055,0.46605125262158253
8162,8290.178026756239,8161.4386681189135,0.9034041983632051
8163,8290.941297006233,8162.311488700842,0.8728205819288632
8164,8291.360592491897,8162.790969412148,0.47948071130576864
8165,8292.962945185369,8164.62335318682,1.8323837746720528
8166,8293.588170375622,8165.338348027931,0.7149948411106379
8167,8294.846862900662,8166.777786011331,1.4394379834002393
8168,8295.568517315533,8167.603082112344,0.8252961010130093
8169,8296.693739594808,8168.889925131388,1.286843019043772
8170,8297.216960600328,8169.488306997407,0.5983818660188263
8171,8297.84703513832,8170.208898908423,0.7205919110165269
8172,8299.092930897246,8171.633804176418,1.4249052679952001
8173,8300.012435009638,8172.685441146245,1.051636969826177
8174,8300.536369897687,8173.284672795016,0.5992316487718199
8175,8301.505488875302,8174.393081576167,1.1084087811505015
8176,8302.243478656941,8175.237153436316,0.8440718601486878
8177,8302.932610094596,8176.025353253888,0.7881998175726039
8178,8304.59058571364,8177.921713962954,1.8963607090654477
8179,8305.587635161417,8179.062145362474,1.1404313995208213
8180,8306.142916438066,8179.697287821504,0.6351424590293391
8181,8306.723994988384,8180.361944073504,0.6646562519999861
8182,8307.761913372273,8181.549164452782,1.1872203792781875
8183,8308.422654234322,8182.304962006535,0.7557975537529273
8184,8309.351684270006,8183.367659980054,1.0626979735188797
8185,8310.1426259482,8184.272414605932,0.904754625878013
8186,8310.895266168154,8185.133367491098,0.8609528851666255
8187,8312.487888176029,8186.955219941772,1.8218524506737594
8188,8313.144211388339,8187.706023680619,0.7508037388470257
8189,8313.584885345474,8188.21013916152,0.5041154809005093
8190,8314.936714630643,8189.756607428953,1.5464682674337382
8191,8315.508934703108,8190.411227385941,0.6546199569875171
8192,8316.99169701257,8192.107537129392,1.696309743450911
8193,8317.138031600438,8192.274949106299,0.16741197690680565
8194,8318.217082256097,8193.50943411296,1.2344850066619983
8195,8318.759355838361,8194.129829160596,0.6203950476356113
8196,8319.747436440157,8195.260269912033,1.1304407514362538
8197,8320.463512545592,8196.07952812066,0.8192582086267066
8198,8321.89568624028,8197.718098542024,1.6385704213644203
8199,8322.99596407308,8198.976968802794,1.2588702607699815
8200,8323.508788173947,8199.563718524572,0.5867497217786877
8201,8324.656429208133,8200.876814767838,1.3130962432660453
8202,8325.300636981032,8201.61390889844,0.7370941306016903
8203,8325.708797278194,8202.080924692094,0.46701579365435464
8204,8326.619738160314,8203.123232015194,1.0423073230995215
8205,8328.07921169203,8204.793208736613,1.6699767214195163
8206,8328.715589742687,8205.521385786984,0.7281770503705047
8207,8329.271340698187,8206.157311428185,0.6359256412015384
8208,8330.212048924968,8207.233743147794,1.076431719608081
8209,8331.593502849677,8208.814541113752,1.5807979659584817
8210,8332.263071023848,8209.58074120889,0.766200095138629
8211,8333.237664713926,8210.69600333392,1.1152621250294033
8212,8334.05272665746,8211.62872155296,0.9327182190390886
8213,8335.037292360086,8212.755428750464,1.1267071975053113
8214,8335.626392666263,8213.429586165883,0.6741574154184491
8215,8336.461889739046,8214.385727649922,0.956141484039108
8216,8337.076040922298,8215.088569758538,0.7028421086160961
8217,8337.871295467134,8215.998679462478,0.9101097039401793
8218,8339.257480606268,8217.585094158805,1.5864146963267558
8219,8340.393714333013,8218.88548019194,1.30038603313551
8220,8341.28155484261,8219.901604650588,1.0161244586470275
8221,8341.924980693568,8220.638008410935,0.7364037603474571
8222,8342.350313541952,8221.124808092174,0.4867996812390629
8223,8343.649101637255,8222.611311469747,1.4865033775731717
8224,8344.661638669773,8223.770213922178,1.1589024524309934
8225,8345.053008323444,8224.218162532852,0.4479486106738477
8226,8346.083112882301,8225.397199707166,1.1790371743136348
8227,8346.963463358863,8226.404847375909,1.0076476687427203
8228,8347.710096767263,8227.25945429548,0.8546069195708696
8229,8348.747559864036,8228.44696654082,1.1875122453402582
8230,8349.534979215146,8229.348284702724,0.9013181619047828
8231,8351.134421812465,8231.179120215298,1.8308355125736853
8232,8351.661547503143,8231.78251637413,0.6033961588327657
8233,8352.417119848338,8232.647422650982,0.8649062768508884
8234,8352.958073703168,8233.266661081867,0.6192384308851615
8235,8353.845609049024,8234.282648903798,1.0159878219310485
8236,8354.918549437201,8235.510895369567,1.228246465769189
8237,8355.268913974758,8235.911979256442,0.4010838868744031
8238,8356.904040991127,8237.783840880315,1.8718616238729737
8239,8357.317471403421,8238.257136045053,0.4732951647383743
8240,8358.619425855006,8239.747634856738,1.490498811685029
8241,8359.658407185581,8240.937100881707,1.1894660249690787
8242,8359.97076562996,8241.294704932045,0.35760405033761344
8243,8361.073625395231,8242.55733050422,1.2626255721752386
8244,8361.85409931458,8243.450881787061,0.8935512828411447
8245,8362.910269692053,8244.660091704493,1.209209917431508
8246,8363.896584173059,8245.789342745531,1.1292510410385148
8247,8364.27031308473,8246.217237236266,0.42789449073461583
8248,8364.921654252552,8246.962985457962,0.7457482216959761
8249,8365.84246179498,8248.01727097108,1.0542855131188844
8250,8367.570202902089,8249.995504657478,1.9782336863972887
8251,8368.300171089582,8250.831322669866,0.8358180123886996
8252,8368.924192690774,8251.54583923156,0.7145165616930171
8253,8369.98051663173,8252.755367044094,1.2095278125343611
8254,8370.77425990591,8253.66424478223,0.9088777381366526
8255,8371.308043549163,8254.275461825835,0.6112170436044835
8256,8372.087574386334,8255.168085146934,0.8926233210986538
8257,8373.147445440276,8256.38173830841,1.2136531614760315
8258,8374.076460464703,8257.445566430806,1.063828122396444
8259,8374.96751212524,8258.465937584717,1.0203711539106735
8260,8375.843575317225,8259.469159683847,1.003222099130653
8261,8376.964785295106,8260.75313243448,1.283972750632529
8262,8377.391886566344,8261.242241030013,0.4891085955332528
8263,8378.850000555767,8262.912072719519,1.6698316895053722
8264,8379.465601294927,8263.617070620148,0.704997900629678
8265,8380.556228744112,8264.86609598978,1.2490253696323634
8266,8380.966154321457,8265.335563190958,0.4694672011773946
8267,8381.564090254533,8266.020354943641,0.6847917526829406
8268,8382.905500683482,8267.556642555692,1.536287612050728
8269,8383.40269045703,8268.126071653762,0.5694290980700316
8270,8384.243264855642,8269.088788214,0.9627165602378227
8271,8386.020866344516,8271.124733542809,2.035945328809248
8272,8386.716772953245,8271.921794557433,0.7970610146239778
8273,8387.240328394948,8272.521458136096,0.5996635786632396
8274,8388.199827520239,8273.620451102024,1.0989929659281188
8275,8388.63553822229,8274.119512036816,0.49906093479148694
8276,8389.78519438712,8275.43633994776,1.316827910944994
8277,8391.04304505189,8276.877123667053,1.4407837192920852
8278,8391.3457694468,8277.223878673498,0.3467550064451643
8279,8392.202609092723,8278.205353223319,0.9814745498206321
8280,8393.253383485224,8279.408991050539,1.2036378272205184
8281,8394.048747018991,8280.320075552683,0.9110845021441492
8282,8395.25815389382,8281.705467383292,1.3853918306085689
8283,8396.238183231037,8282.828124500615,1.1226571173228876
8284,8396.956726475999,8283.651251925592,0.8231274249774287
8285,8397.801538602687,8284.619039221585,0.9677872959928209
8286,8398.740715654843,8285.694943560495,1.0759043389098224
8287,8399.52515221057,8286.593592780662,0.8986492201674992
8288,8399.73328037669,8286.83202602056,0.23843323989785858
8289,8400.790029634321,8288.042658821703,1.2106328011432197
8290,8402.071249479739,8289.510477931957,1.467819110253913
8291,8403.287132730924,8290.903473459985,1.3929955280273134
8292,8403.814434922655,8291.507594109098,0.6041206491136109
8293,8404.739289499226,8292.56719610154,1.0596019924414577
8294,8405.705195480421,8293.673847806986,1.1066517054459837
8295,8406.56935548675,8294.663942728132,0.9900949211460102
8296,8407.08486351502,8295.254582997259,0.5906402691271069
8297,8408.331513209207,8296.682945291464,1.4283622942057264
8298,8408.928736382753,8297.367230587583,0.6842852961181052
8299,8410.102479272857,8298.712099280856,1.3448686932733835
8300,8410.36524130749,8299.013174268735,0.30107498787947407
8301,8411.254384288655,8300.031971596072,1.0187973273368698
8302,8412.634141842294,8301.61295426301,1.580982666937416
8303,8413.680979399163,8302.812487603273,1.1995333402628603
8304,8414.783450748682,8304.075792108226,1.2633045049533393
8305,8415.403499856648,8304.786306687416,0.7105145791902032
8306,8415.723254017677,8305.152715980204,0.36640929278837575
8307,8416.838129918142,8306.430277856845,1.2775618766409025
8308,8417.55652739518,8307.253518462385,0.8232406055394677
8309,8418.527239230454,8308.36591175467,1.1123932922855602
8310,8419.569109017362,8309.55986876693,1.1939570122594887
8311,8420.005248982217,8310.05968047447,0.4998117075392656
8312,8421.508390247804,8311.782291742004,1.7226112675343757
8313,8422.378527635417,8312.77949528828,0.9972035462760687
8314,8423.240648284422,8313.767525521946,0.9880302336659952
8315,8423.389063749011,8313.937617942196,0.17009242025051208
8316,8425.250971770316,8316.071503991776,2.1338860495798144
8317,8425.839729271382,8316.746277814564,0.6747738227877562
8318,8426.287467350237,8317.259433935804,0.5131561212401721
8319,8427.283348871031,8318.400835128854,1.1414011930501147
8320,8428.018573119378,8319.243503444019,0.8426683151647012
8321,8428.62483003245,8319.938365098098,0.6948616540794319
8322,8429.995855684125,8321.509792405534,1.5714273074354423
8323,8431.177000629288,8322.863612761092,1.3538203555581276
8324,8431.95536041931,8323.755777889099,0.8921651280070364
8325,8432.97595883297,8324.925617098419,1.1698392093203438
8326,8433.31248029141,8325.31135196741,0.3857348689907667
8327,8434.41542130202,8326.575603731682,1.264251764272558
8328,8435.058137203256,8327.31233070048,0.7367269687983935
8329,8435.811385398178,8328.175767615736,0.8634369152550789
8330,8437.04392377202,8329.588630639748,1.4128630240120401
8331,8437.890770505877,8330.559390604729,0.9707599649809708
8332,8438.581508721452,8331.351209787006,0.7918191822773224
8333,8439.280453877012,8332.15244605276,0.8012362657536869
8334,8440.622495639605,8333.690922389133,1.538476336372696
8335,8441.680875471997,8334.904241167713,1.2133187785802875
8336,8442.342548491253,8335.662788931164,0.7585477634511335
8337,8443.184375820363,8336.627879108742,0.9650901775785314
8338,8443.859358820964,8337.401704767179,0.7738256584361807
8339,8445.01955065598,8338.731811975293,1.3301072081139864
8340,8445.343743347072,8339.10348869582,0.3716767205278302
8341,8446.186349822425,8340.06951977328,0.9660310774597747
8342,8447.097012278587,8341.113590682759,1.0440709094782505
8343,8448.6341766362,8342.875978994443,1.7623883116848447
8344,8449.49601887889,8343.864117070621,0.9881380761780747
8345,8450.170450781585,8344.637391133845,0.7732740632236528
8346,8451.011051485952,8345.601199056022,0.9638079221767839
8347,8451.672354837661,8346.359439285585,0.7582402295629436
8348,8452.526787586836,8347.33913089932,0.979691613734758
8349,8453.840544327524,8348.845509693658,1.5063787943381612
8350,8454.385593869503,8349.470483538498,0.6249738448404969
8351,8455.129114744626,8350.323040929095,0.8525573905972124
8352,8455.68220131,8350.957243778212,0.6342028491162637
8353,8457.256933894872,8352.762959908257,1.8057161300457665
8354,8457.584956675284,8353.139103311843,0.37614340358595655
8355,8459.077902974868,8354.85108896123,1.7119856493864063
8356,8459.817317810839,8355.699003432006,0.8479144707762316
8357,8460.913889072826,8356.956501387043,1.2574979550372518
8358,8461.562867847113,8357.70073132769,0.7442299406466191
8359,8462.069886427542,8358.282170968325,0.581439640634926
8360,8462.646579164099,8358.943517534886,0.6613465665614058
8361,8463.89949984571,8360.380378395534,1.4368608606473572
8362,8464.878542529874,8361.503174017065,1.1227956215316226
8363,8465.537510486056,8362.258908453023,0.7557344359574927
8364,8466.826335992042,8363.73701578362,1.4781073305966856
8365,8467.635630188772,8364.665181969047,0.9281661854274716
8366,8468.44430712262,8365.592652522124,0.9274705530770007
8367,8469.241866818204,8366.50738476683,0.9147322447061015
8368,8470.285462154494,8367.704316744015,1.1969319771851588
8369,8470.85556788222,8368.358197393198,0.6538806491826108
8370,8472.106756704898,8369.79326517808,1.4350677848815394
8371,8472.581593585823,8370.337893399463,0.5446282213833911
8372,8473.42214252929,8371.30199628487,0.9641028854075557
8373,8474.178986718229,8372.170101843345,0.868105558474781
8374,8474.840320404315,8372.92866499688,0.7585631535348512
8375,8476.90466491753,8375.296562861451,2.367897864571205
8376,8477.38869410161,8375.85177812202,0.5552152605687297
8377,8477.921861024892,8376.463362890296,0.6115847682758613
8378,8478.84281676781,8377.519784776043,1.0564218857471133
8379,8479.721517905517,8378.527751541698,1.0079667656555102
8380,8480.498098395823,8379.418586766089,0.8908352243906847
8381,8481.301917570463,8380.340680098281,0.922093332192162
8382,8481.98775704632,8381.127443754867,0.7867636565861176
8383,8483.482314466088,8382.841962194798,1.7145184399305435
8384,8483.709365226572,8383.102432746711,0.26047055191338586
8385,8485.134315483056,8384.737144703553,1.6347119568417838
8386,8485.731595822059,8385.422359818393,0.6852151148395933
8387,8486.695524389843,8386.528217169105,1.1058573507125402
8388,8487.794494038859,8387.789020299055,1.260803129949636
8389,8488.692418611325,8388.81918940993,1.0301691108743398
8390,8489.3358435967,8389.557386039824,0.7381966298944462
8391,8490.03561117806,8390.360232915526,0.8028468757020164
8392,8490.800705906939,8391.238040461974,0.8778075464488211
8393,8491.507454767121,8392.04891644708,0.8108759851056675
8394,8492.596487046623,8393.298416976671,1.249500529591387
8395,8493.823574635215,8394.706341812733,1.4079248360612837
8396,8494.552018029912,8395.542150057785,0.8358082450522488
8397,8496.029850063813,8397.237829443568,1.6956793857825687
8398,8496.29000222563,8397.536334893899,0.2985054503315041
8399,8497.053886706819,8398.412843416694,0.8765085227951204
8400,8497.63735629614,8399.082344767385,0.6695013506905525
8401,8498.955065489745,8400.59437176774,1.5120270003553742
8402,8499.848538084945,8401.619620032132,1.0252482643918484
8403,8500.58762332892,8402.467722101326,0.8481020691942831
8404,8501.302755466844,8403.28834766003,0.8206255587028863
8405,8501.90854484317,8403.983508142503,0.6951604824735114
8406,8503.528225473843,8405.842171318589,1.8586631760863384
8407,8504.088873613564,8406.48555407026,0.6433827516702877
8408,8505.263513054684,8407.83355363677,1.3479995665111346
8409,8506.184467090156,8408.890445486215,1.0568918494445825
8410,8506.655630248315,8409.431161020033,0.5407155338180019
8411,8507.568430665197,8410.478719438152,1.0475584181185695
8412,8508.34183918496,8411.366319537097,0.887600098945768
8413,8509.20509275978,8412.357043273429,0.990723736331347
8414,8509.605168068929,8412.816199420684,0.4591561472552712
8415,8511.16818114929,8414.610058043563,1.7938586228792701
8416,8512.237298970786,8415.837103019692,1.2270449761290365
8417,8513.180504244767,8416.919653735897,1.0825507162044232
8418,8513.428366856158,8417.204137355551,0.2844836196545657
8419,8514.60312241479,8418.552475386397,1.3483380308462074
8420,8515.510306167103,8419.59372271823,1.0412473318319826
8421,8516.5207109856,8420.753463227631,1.1597405094016722
8422,8517.066793398943,8421.380263406572,0.6268001789412665
8423,8517.836912409935,8422.264225046463,0.8839616398909129
8424,8518.994229230282,8423.592642743788,1.3284176973247668
8425,8519.543241912981,8424.22283171072,0.6301889669321099
8426,8520.204192768442,8424.981517349464,0.7586856387442822
8427,8521.698529412679,8426.696851588838,1.7153342393739877
8428,8522.883461465877,8428.057053008266,1.3602014194275398
8429,8523.581766092819,8428.858659726504,0.8016067182379629
8430,8524.072959892594,8429.422522607914,0.5638628814103868
8431,8525.19274084186,8430.70798505639,1.2854624484753003
8432,8525.580145939872,8431.152715616823,0.444730560433527
8433,8526.384967075473,8432.076637439597,0.9239218227739912
8434,8527.801285476007,8433.702577725795,1.6259402861978742
8435,8528.335279661198,8434.315615318725,0.6130375929296861
8436,8529.165725244557,8435.268996500334,0.9533811816090747
8437,8530.392088474891,8436.676928811004,1.4079323106707307
8438,8531.215969405233,8437.622805104565,0.9458762935610139
8439,8532.311647984254,8438.88074483609,1.2579397315239476
8440,8532.610707275002,8439.224096283924,0.3433514478347206
8441,8533.78019448951,8440.566806344212,1.3427100602875726
8442,8535.042150484167,8442.015710146292,1.4489038020801672
8443,8535.467449844382,8442.504020599326,0.4883104530345008
8444,8536.03331008077,8443.153722240324,0.6497016409975913
8445,8536.749664145822,8443.97622438319,0.8225021428661421
8446,8537.778374013586,8445.157383392798,1.1811590096076543
8447,8539.057118233906,8446.625657971763,1.4682745789650653
8448,8540.19259571983,8447.929456940341,1.3037989685781213
8449,8540.966649371092,8448.818268919007,0.8888119786661264
8450,8541.53998280859,8449.476609846017,0.6583409270097036
8451,8542.56539246823,8450.65407108972,1.177461243703874
8452,8543.339096416792,8451.542515723975,0.8884446342544834
8453,8543.751519717898,8452.01610616521,0.4735904412355012
8454,8545.303334073615,8453.798100906813,1.78199474160283
8455,8545.618122407253,8454.159587217906,0.3614863110924489
8456,8546.69149145283,8455.392201463213,1.232614245307559
8457,8547.709108139341,8456.560811732728,1.1686102695148293
8458,8548.380388381305,8457.331706840587,0.7708951078584505
8459,8549.305495770688,8458.394109611809,1.0624027712219686
8460,8550.742265127923,8460.044141796952,1.6500321851435729
8461,8551.451183851783,8460.85830103902,0.8141592420670349
8462,8552.036847251915,8461.530914493445,0.6726134544260276
8463,8552.704688816772,8462.297914418601,0.7669999251556874
8464,8553.65769523164,8463.392433666311,1.0945192477101955
8465,8554.540035259277,8464.405808273295,1.0133746069841436
8466,8555.129548602585,8465.082877153453,0.6770688801570941
8467,8556.062209076877,8466.154071172588,1.0711940191358735
8468,8557.527026799398,8467.836499547631,1.6824283750429458
8469,8558.612656240035,8469.083433868527,1.246934320895889
8470,8558.92346087613,8469.440422482228,0.35698861370110535
8471,8559.960124311472,8470.63114178353,1.1907193013012147
8472,8560.426167011668,8471.166448392061,0.535306608531755
8473,8561.800541026574,8472.74510727961,1.5786588875489542
8474,8562.354829384678,8473.38179415646,0.6366868768491258
8475,8563.58251128426,8474.791999174406,1.4102050179462822
8476,8563.91039263417,8475.168632359257,0.37663318485101627
8477,8564.757382722131,8476.14156847231,0.9729361130539473
8478,8565.618743675628,8477.131026046995,0.9894575746839109
8479,8567.2046071499,8478.952766023192,1.8217399761979323
8480,8567.74453973355,8479.573017196244,0.6202511730516562
8481,8568.74674832049,8480.724325380183,1.151308183938454
8482,8569.695230961153,8481.813931936555,1.0896065563720185
8483,8570.473144254971,8482.707602750721,0.8936708141663985
8484,8570.946215417389,8483.251074843152,0.5434720924313297
8485,8571.818896200673,8484.253636079671,1.0025612365188863
8486,8572.426464758291,8484.951636978018,0.6980008983464359
8487,8573.882934741583,8486.62492026196,1.67328328394251
8488,8574.913003319523,8487.80835086952,1.1834306075597851
8489,8575.175968707243,8488.110471083364,0.30212021384431864
8490,8576.70893463109,8489.871716982841,1.7612458994772169
8491,8577.398701995902,8490.664214540344,0.7924975575024291
8492,8577.97124676393,8491.322037711474,0.6578231711300759
8493,8579.236900975935,8492.776227969995,1.4541902585206117
8494,8579.917964132033,8493.55875684946,0.7825288794647349
8495,8580.702003920609,8494.459614615353,0.9008577658933064
8496,8581.55635473493,8495.441272376842,0.9816577614892594
8497,8582.296736735663,8496.291989763064,0.8507173862217314
8498,8582.98242641862,8497.079873378816,0.7878836157524347
8499,8583.91302138096,8498.149176452887,1.0693030740712857
8500,8585.651463150218,8500.146781459836,1.9976050069490157
8501,8586.174833980533,8500.748186283729,0.6014048238921532
8502,8587.19732092682,8501.923139515986,1.1749532322573941
8503,8587.711288194938,8502.513753399004,0.5906138830177952
8504,8588.094852601425,8502.954520967596,0.44076756859249144
8505,8589.642476710262,8504.732978837794,1.7784578701975988
8506,8590.127188416553,8505.289996183641,0.5570173458472709
8507,8591.09556730246,8506.402843569322,1.1128473856806522
8508,8591.803792343195,8507.216736816674,0.8138932473520981
8509,8592.9209017735,8508.500539485365,1.2838026686913508
8510,8594.055748658853,8509.804750030244,1.304210544878515
8511,8594.502062461293,8510.317677889292,0.5129278590484319
8512,8595.550909469966,8511.52308387955,1.2054059902584413
8513,8596.78724121508,8512.943986177637,1.4209022980867303
8514,8597.384498850857,8513.630417860582,0.6864316829451127
8515,8598.230072427952,8514.602251795022,0.9718339344399283
8516,8599.006813111067,8515.4949864264,0.892734631377607
8517,8599.431780758707,8515.983421003684,0.4884345772843517
8518,8600.495518301923,8517.206037425365,1.2226164216808684
8519,8601.33616304364,8518.172254919058,0.966217493692966
8520,8602.800930632691,8519.855855923683,1.6836010046245065
8521,8603.667158055498,8520.851514708942,0.9956587852593657
8522,8604.204875745892,8521.469584948749,0.6180702398069116
8523,8605.372037845811,8522.811177512307,1.3415925635581516
8524,8606.065011944547,8523.607727375162,0.7965498628545902
8525,8606.59684704791,8524.219059535195,0.6113321600332711
8526,8607.469584159036,8525.222262008472,1.0032024732772697
8527,8608.874054411912,8526.836715912617,1.6144539041451935
8528,8609.476576483577,8527.529332796841,0.692616884223753
8529,8609.969946522662,8528.096481199254,0.5671484024132951
8530,8610.90054917449,8529.166258056379,1.0697768571244524
8531,8612.007241031539,8530.438479583541,1.272221527162401
8532,8613.349092570395,8531.981064361484,1.5425847779424657
8533,8614.153530621094,8532.905857649519,0.9247932880352892
8534,8614.57029761756,8533.384983547397,0.47912589787847537
8535,8615.77899089576,8534.7745461104,1.3895625630029826
8536,8616.334145127392,8535.41278285981,0.6382367494097707
8537,8617.170423146716,8536.374226185515,0.9614433257047494
8538,8617.68238800768,8536.962822941578,0.5885967560625431
8539,8619.004610240154,8538.482980360906,1.5201574193288252
8540,8619.61007525638,8539.179093588054,0.6961132271480892
8541,8621.154330974116,8540.954580788964,1.7754872009099927
8542,8621.95265015747,8541.87245477443,0.9178739854651212
8543,8622.390314620145,8542.375668049122,0.5032132746928255
8544,8623.28460366974,8543.403905365269,1.0282373161462601
8545,8624.220096516316,8544.4795338556,1.0756284903309279
8546,8625.481069982621,8545.929425106468,1.4498912508679496
8547,8626.01658294401,8546.545176960475,0.6157518540076126
8548,8626.570046898996,8547.181575065695,0.6363981052199961
8549,8627.46944040971,8548.215750809526,1.0341757438309287
8550,8628.431748372686,8549.322285828544,1.106535019018338
8551,8629.276843947524,8550.294055199754,0.9717693712100299
8552,8630.330799696214,8551.50600985196,1.2119546522062592
8553,8631.669465392839,8553.04538496046,1.539375108499371
8554,8632.398793410634,8553.88407681145,0.8386918509895622
8555,8633.071914191361,8554.65814176805,0.7740649566003412
8556,8633.591393342438,8555.255530025912,0.5973882578618941
8557,8634.592755997288,8556.40708650786,1.1515564819474093
8558,8635.206921731364,8557.113379762852,0.7062932549924881
8559,8636.439865707613,8558.531291663778,1.4179119009259011
8560,8637.187563977981,8559.391174286724,0.8598826229463157
8561,8638.150805591882,8560.498955475095,1.1077811883715185
8562,8638.929026205096,8561.393964753526,0.8950092784307344
8563,8640.056739782065,8562.690935696237,1.2969709427106864
8564,8640.930858833448,8563.696266489702,1.0053307934649638
8565,8641.656960761906,8564.531372394724,0.8351059050219192
8566,8642.643422719759,8565.665939691002,1.1345672962779645
8567,8643.454487335077,8566.598789277856,0.9328495868539903
8568,8644.166494252548,8567.417717195567,0.8189279177113349
8569,8645.31489092089,8568.738586519923,1.3208693243559537
8570,8645.629539138188,8569.100494609647,0.3619080897242384
8571,8646.021671929315,8569.551527935817,0.451033326169636
8572,8648.18081766284,8572.035040113213,2.4835121773958235
8573,8648.77461921737,8572.718062962711,0.6830228494982293
8574,8649.780880842649,8573.875534636632,1.1574716739214637
8575,8650.239461088637,8574.403031512675,0.527496876042278
8576,8651.375577780704,8575.709903437899,1.3068719252241863
8577,8651.868483746322,8576.276899208713,0.5669957708141737
8578,8652.861534419748,8577.41923113634,1.1423319276273105
8579,8653.778576965078,8578.474145053493,1.0549139171525894
8580,8654.501099440586,8579.305304969203,0.831159915709577
8581,8655.647399977164,8580.62398130306,1.3186763338580931
8582,8656.072710341728,8581.113254176036,0.48927287297556177
8583,8657.33880075427,8582.569771858272,1.4565176822361536
8584,8658.222107503618,8583.585950467697,1.0161786094249692
8585,8659.065463815254,8584.556182458657,0.9702319909592916
8586,8660.464749771569,8586.166007750671,1.6098252920146479
8587,8660.8949853178,8586.660984621933,0.49497687126131495
8588,8661.46917873335,8587.321587267814,0.6606026458812266
8589,8662.186065276712,8588.146365151346,0.8247778835320787
8590,8663.16087484403,8589.26789859308,1.1215334417338454
8591,8664.068204986472,8590.31181160247,1.0439130093909625
8592,8664.933277766944,8591.307120217236,0.9953086147652357
8593,8666.008296742531,8592.544001368982,1.2368811517462746
8594,8667.232034709075,8593.952019487031,1.408018118048858
8595,8668.106266273993,8594.957916602376,1.005897115344851
8596,8668.375532887168,8595.26773952755,0.3098229251736484
8597,8669.317504225812,8596.35159887572,1.083859348171245
8598,8670.233446195978,8597.405523703601,1.0539248278801097
8599,8671.639127701577,8599.022995248359,1.617471544757791
8600,8671.820091555088,8599.231227046595,0.20823179823673854
8601,8672.77680695155,8600.33211195245,1.1008849058544001
8602,8673.524006099668,8601.191919836054,0.8598078836039349
8603,8674.349201864055,8602.14149093844,0.9495711023864715
8604,8675.596120099392,8603.57637116176,1.4348802233198512
8605,8676.924281050593,8605.104772099,1.5284009372389846
8606,8677.51936782775,8605.78958754129,0.6848154422914376
8607,8677.98774653028,8606.328594118055,0.5390065767642227
8608,8679.291278167586,8607.828709392019,1.5001152739641839
8609,8679.74865745212,8608.355072740096,0.5263633480772114
8610,8680.584051407364,8609.31647458479,0.9614018446936825
8611,8681.161852779129,8609.981436971235,0.6649623864450405
8612,8682.385865916402,8611.390112023722,1.4086750524875242
8613,8683.50122395803,8612.673763540191,1.2836515164690354
8614,8684.34513814124,8613.645028893026,0.971265352834962
8615,8685.162576754763,8614.585835815229,0.9408069222026825
8616,8685.791259887646,8615.309408500534,0.7235726853050437
8617,8687.189699001747,8616.918945355805,1.6095368552705622
8618,8687.777364110732,8617.595330615592,0.6763852597869118
8619,8688.479057296972,8618.402967126292,0.8076365107008314
8620,8689.55133512989,8619.637157466528,1.2341903402357275
8621,8690.364817869786,8620.573489052122,0.936331585593507
8622,8690.662797621833,8620.916471523842,0.34298247172046104
8623,8691.92622685276,8622.370729606426,1.4542580825836922
8624,8692.523178293997,8623.05785499766,0.6871253912340762
8625,8694.228413294897,8625.020714351489,1.962859353829117
8626,8694.902289443238,8625.796413374974,0.7756990234847763
8627,8695.905093298257,8626.950756562075,1.1543431871014036
8628,8696.258314852636,8627.357359795978,0.4066032339032972
8629,8697.336511435271,8628.59851623223,1.241156436251913
8630,8697.610485681203,8628.913902645918,0.31538641368751996
8631,8699.091219709502,8630.618478584911,1.7045759389930026
8632,8699.93642645779,8631.591472849057,0.9729942641461093
8633,8700.59752199626,8632.352529084075,0.761056235018259
8634,8701.161157565171,8633.001395266008,0.6488661819330446
8635,8702.804254878281,8634.89298804116,1.8915927751513664
8636,8703.417101021723,8635.598531225105,0.7055431839453377
8637,8704.079332236732,8636.360937020467,0.7624057953617012
8638,8705.318810428646,8637.787930502793,1.4269934823259973
8639,8706.154650750803,8638.750237346216,0.9623068434229936
8640,8707.005236581808,8639.729533873833,0.9792965276174073
8641,8707.597537700995,8640.411469843151,0.6819359693181468
8642,8708.113872195472,8641.005948143305,0.5944783001541509
8643,8709.159693738642,8642.210062779082,1.2041146357769321
8644,8709.949365152497,8643.119270247493,0.9092074684103864
8645,8711.450294477421,8644.847433293116,1.7281630456236599
8646,8712.275399475056,8645.797472882974,0.9500395898576244
8647,8712.986720708,8646.616509939982,0.819037057008245
8648,8714.030953900323,8647.818888767724,1.2023788277419953
8649,8714.366502800902,8648.205259658685,0.3863708909611887
8650,8715.58577995079,8649.609224942522,1.4039652838364418
8651,8716.35642696799,8650.496618535337,0.8873935928149876
8652,8717.003515227569,8651.241743628081,0.7451250927442743
8653,8718.139853934954,8652.55026135113,1.3085177230495901
8654,8719.090250677114,8653.644681125517,1.0944197743865516
8655,8719.382554052763,8653.981283442365,0.33660231684734754
8656,8720.447893299268,8655.2080893803,1.2268059379348415
8657,8721.974942171499,8656.966619458395,1.7585300780956459
8658,8722.755721398911,8657.865771336525,0.8991518781294872
8659,8723.599098642273,8658.837024108945,0.9712527724204847
8660,8724.108198074106,8659.42332109027,0.5862969813242671
8661,8724.859676038095,8660.28875843564,0.8654373453700828
8662,8725.956761584506,8661.552232214648,1.2634737790085637
8663,8726.536842209522,8662.220298980998,0.6680667663495115
8664,8727.253773684011,8663.04598249802,0.825683517023208
8665,8728.498800855315,8664.479891341694,1.4339088436736347
8666,8729.628006989606,8665.780432511743,1.3005411700487457
8667,8730.322892932982,8666.580765416553,0.800332904809693
8668,8731.474828184222,8667.907522950292,1.32675753373951
8669,8731.879802245323,8668.373963234659,0.4664402843663993
8670,8732.623377538743,8669.230404810973,0.856441576313955
8671,8734.08139817294,8670.909765665656,1.679360854683182
8672,8734.675973837624,8671.594614210271,0.6848485446153063
8673,8735.41458654017,8672.445377533528,0.850763323256615
8674,8736.080091411663,8673.211940878135,0.7665633446067659
8675,8736.767658872635,8674.003925542509,0.7919846643744677
8676,8737.88659970119,8675.292812358306,1.2888868157970137
8677,8739.389508169816,8677.024020135113,1.7312077768074232
8678,8739.714814518675,8677.398747559924,0.3747274248107715
8679,8741.112495669393,8679.00878865785,1.6100410979252047
8680,8741.683325895483,8679.666359536557,0.6575708787077019
8681,8742.525510714968,8680.636529598018,0.9701700614605215
8682,8742.997118093943,8681.17981190262,0.5432823046030535
8683,8743.749048929467,8682.046029617964,0.8662177153437369
8684,8745.053827139449,8683.54914707349,1.5031174555260804
8685,8745.977161412507,8684.61285604664,1.0637089731499145
8686,8746.4435324959,8685.150135519261,0.5372794726208667
8687,8747.807308511758,8686.72128663663,1.5711511173685722
8688,8748.384570855764,8687.38633739828,0.665050761650491
8689,8749.516423498662,8688.690336572256,1.3039991739751713
8690,8750.33008664551,8689.627766346375,0.9374297741196642
8691,8751.346430863812,8690.798724005312,1.1709576589364588
8692,8751.999141009404,8691.550738921624,0.752014916311964
8693,8752.672763590088,8692.326856060992,0.77611713936858
8694,8753.775489788957,8693.59738457952,1.2705285185274988
8695,8754.258907091735,8694.154370671638,0.5569860921186773
8696,8755.009176121686,8695.018827694517,0.8644570228789235
8697,8756.043831127348,8696.210969905007,1.192142210489692
8698,8757.903052120733,8698.353236074818,2.142266169810682
8699,8758.330109659324,8698.845317121686,0.4920810468684067
8700,8758.806686423186,8699.394461072314,0.5491439506276947
8701,8759.591981369533,8700.299339976566,0.9048789042517456
8702,8760.797760691636,8701.688756022184,1.3894160456184181
8703,8761.335651596279,8702.308574684426,0.6198186622423236
8704,8762.328890282304,8703.453110310627,1.1445356262011046
8705,8763.396469367102,8704.683330356478,1.2302200458507286
8706,8763.655686196538,8704.982040848832,0.29871049235407554
8707,8765.005865643436,8706.537950172858,1.5559093240262882
8708,8765.741131577497,8707.385264151624,0.8473139787656692
8709,8766.709274467541,8708.50095845211,1.1156943004862114
8710,8767.797892850296,8709.755509835131,1.254551383020953
8711,8768.800400513366,8710.91084407181,1.1553342366787547
8712,8769.371308012005,8711.56879131344,0.6579472416306089
8713,8770.321068743482,8712.663364317272,1.0945730038311012
8714,8771.029690955946,8713.480042502884,0.8166781856125453
8715,8771.396367344527,8713.902636005361,0.42259350247695693
8716,8772.41378899858,8715.075224364342,1.1725883589806472
8717,8773.892563781475,8716.779560179248,1.7043358149057894
8718,8774.336921665974,8717.291704778894,0.51214459964649
8719,8775.643665408927,8718.797812796345,1.5061080174509698
8720,8776.412826980883,8719.684336521532,0.8865237251866347
8721,8777.32547764099,8720.736257466486,1.051920944953963
8722,8778.016754195503,8721.533032719628,0.7967752531421866
8723,8778.547501528248,8722.14478557342,0.6117528537924954
8724,8779.87415238875,8723.673939381435,1.5291538080145983
8725,8780.75104862925,8724.684704534491,1.010765153056127
8726,8781.399843069607,8725.432554334802,0.7478498003110872
8727,8781.999405250277,8726.123662072094,0.6911077372915315
8728,8782.7635328465,8727.00447172332,0.880809651225718
8729,8784.098180392602,8728.542944929271,1.5384732059519592
8730,8785.349005620332,8729.984823877525,1.4418789482533612
8731,8786.001416919757,8730.73689712167,0.7520732441444125
8732,8786.925723642418,8731.802413564674,1.065516443004526
8733,8787.516533268485,8732.48349144612,0.6810778814469813
8734,8788.234123962118,8733.310729444749,0.827237998628334
8735,8789.166704652082,8734.385821680264,1.075092235514603
8736,8790.055912968552,8735.410928296078,1.0251066158143658
8737,8790.605373030885,8736.04436986226,0.6334415661822277
8738,8791.865750060682,8737.49740821806,1.4530383557994355
8739,8792.938115377126,8738.733718018457,1.2363098003970663
8740,8793.748087605065,8739.667533561535,0.9338155430777988
8741,8794.528210802313,8740.566947435575,0.8994138740399649
8742,8795.102194578154,8741.228707603457,0.6617601678826759
8743,8796.60534861524,8742.961759519314,1.7330519158567768
8744,8797.281339330115,8743.74115205419,0.779392534876024
8745,8797.933469184169,8744.493041725025,0.7518896708352258
8746,8798.459711536963,8745.099791814308,0.6067500892822864
8747,8799.627566551528,8746.446330242883,1.3465384285755135
8748,8800.40279079784,8747.34017848112,0.8938482382363873
8749,8800.87533574094,8747.885037081955,0.5448586008351413
8750,8802.633957952015,8749.912817118186,2.027780036230979
8751,8803.428243939237,8750.828687221801,0.9158701036158163
8752,8804.220472211775,8751.742195990617,0.9135087688155181
8753,8805.171186874197,8752.838468461841,1.096272471224438
8754,8805.599435361213,8753.332288658188,0.49382019634686003
8755,8806.272540598553,8754.108463798453,0.7761751402649679
8756,8807.488748833905,8755.51092588215,1.4024620836971735
8757,8808.22331383788,8756.357997364557,0.8470714824070456
8758,8809.413500175126,8757.730494151152,1.3724967865946383
8759,8809.849477655009,8758.233260225645,0.5027660744926834
8760,8810.602647387454,8759.1018182001,0.8685579744560528
8761,8812.167774579548,8760.906761133028,1.8049429329275881
8762,8812.725714811277,8761.55020214282,0.6434410097917862
8763,8813.832162750617,8762.826222792828,1.276020650007922
8764,8814.311277665616,8763.378773068913,0.5525502760847303
8765,8815.594893298596,8764.859152696377,1.480379627464572
8766,8816.333686040043,8765.711207632701,0.8520549363238388
8767,8816.597902423999,8766.015932664262,0.3047250315612473
8768,8817.604528338501,8767.176902168318,1.1609695040551742
8769,8818.26704219553,8767.941007700592,0.7641055322746979
8770,8819.823257463868,8769.735888405017,1.7948807044249406
8771,8820.831983668506,8770.89933896813,1.1634505631136562
8772,8821.428062324363,8771.586856304331,0.6875173362004716
8773,8822.438231460546,8772.752000386548,1.1651440822170116
8774,8822.98243919598,8773.379705299929,0.6277049133805122
8775,8823.926324358186,8774.468422364349,1.0887170644200523
8776,8824.82159660002,8775.501082079696,1.0326597153471084
8777,8825.747064035055,8776.568585903426,1.0675038237295666
8778,8826.471286823935,8777.40396977183,0.835383868405188
8779,8827.19634436745,8778.24032599538,0.8363562235499558
8780,8828.126900136682,8779.31373897634,1.0734129809588921
8781,8829.200853015416,8780.552582532493,1.2388435561533697
8782,8829.757344107913,8781.19452334788,0.6419408153869881
8783,8831.476274008275,8783.17743177582,1.9829084279408562
8784,8832.0959034411,8783.89223164577,0.7147998699492746
8785,8832.66773353436,8784.55189669448,0.6596650487099396
8786,8833.353272701484,8785.342744665195,0.7908479707148217
8787,8834.227333953715,8786.351086740355,1.0083420751598169
8788,8834.898748526264,8787.12565915345,0.7745724130945746
8789,8836.17494085791,8788.597951303898,1.4722921504489932
8790,8836.623445374284,8789.115380027772,0.5174287238733086
8791,8837.776447826209,8790.445587469323,1.3302074415514653
8792,8839.10387863609,8791.977060816836,1.5314733475133835
8793,8839.78645248893,8792.764567067297,0.787506250460865
8794,8840.183848849723,8793.223059220056,0.4584921527584811
8795,8841.40193008941,8794.62842621384,1.4053669937839004
8796,8842.186429293526,8795.533560022835,0.9051338089957426
8797,8843.085298044887,8796.570663917293,1.0371038944576867
8798,8844.20989606689,8797.868231991719,1.297568074425726
8799,8844.421280321556,8798.1121309784,0.2438989866805059
8800,8845.399046170998,8799.24030540933,1.1281744309308124
8801,8845.929067541601,8799.851866539622,0.6115611302921025
8802,8847.529970809928,8801.69908729643,1.8472207568083832
8803,8848.664758577926,8803.008503213454,1.309415917023216
8804,8849.293012163467,8803.733446301536,0.724943088082
8805,8849.940859439543,8804.481006023192,0.7475597216562164
8806,8850.968666279154,8805.667021702933,1.1860156797411037
8807,8851.906343481167,8806.749050788621,1.0820290856881911
8808,8852.149291308355,8807.029402100015,0.28035131139404257
8809,8853.023070043142,8808.037713835278,1.0083117352623958
8810,8854.558251386008,8809.809295527086,1.7715816918080236
8811,8854.95555121707,8810.267781883458,0.4584863563723047
8812,8856.079945291824,8811.565354675993,1.297572792534993
8813,8856.73452378416,8812.320761545065,0.7554068690715212
8814,8857.96306480515,8813.738562379098,1.4178008340331871
8815,8858.680999708133,8814.567109501688,0.8285471225899528
8816,8859.693494672752,8815.735615288633,1.1685057869453885
8817,8860.6754963889,8816.868946850873,1.1333315622396185
8818,8861.04669526819,8817.297353267035,0.42840641616203357
8819,8861.974859877244,8818.368573349459,1.0712200824236788
8820,8862.808651073865,8819.330887695516,0.9623143460576102
8821,8863.498357024211,8820.126916485238,0.796028789722186
8822,8864.37800396814,8821.142179351984,1.0152628667456156
8823,8865.753819372403,8822.73013325228,1.5879539002962701
8824,8866.791201368256,8823.92749279375,1.1973595414692682
8825,8867.75378713926,8825.038538855497,1.1110460617474018
8826,8868.092270036921,8825.429230164202,0.39069130870484514
8827,8868.75096701519,8826.189532032608,0.7603018684058043
8828,8869.691904788888,8827.27562422205,1.0860921894418425
8829,8871.07818095441,8828.875784182137,1.6001599600876943
8830,8871.6899208856,8829.581918333588,0.7061341514508968
8831,8872.005432888387,8829.946117880405,0.36419954681696254
8832,8873.297980868781,8831.438141215276,1.4920233348711918
8833,8874.050059551382,8832.306299911483,0.8681586962065921
8834,8875.172814314832,8833.602365775838,1.2960658643551142
8835,8876.122838582176,8834.699055709545,1.096689933707239
8836,8876.890060628384,8835.5847340502,0.8856783406554314
8837,8878.289574606815,8837.20035508181,1.6156210316094075
8838,8878.480878109604,8837.421201593514,0.22084651170371217
8839,8879.175609722504,8838.223226159118,0.8020245656043699
8840,8880.343782096936,8839.571828228294,1.348602069176195
8841,8880.621668525397,8839.892639118245,0.32081088995073515
8842,8881.726078190097,8841.167658019536,1.2750189012913324
8843,8883.028741255179,8842.671584605992,1.5039265864561457
8844,8884.16574960495,8843.984287409416,1.3127028034232353
8845,8884.446684814879,8844.308637265627,0.3243498562114837
8846,8885.602305364964,8845.642857837656,1.3342205720291531
8847,8886.584181468497,8846.776500725542,1.1336428878857987
8848,8887.058666340989,8847.324332040604,0.5478313150615577
8849,8888.146956750707,8848.580866920187,1.2565348795833415
8850,8888.831196779793,8849.370898030045,0.7900311098583188
8851,8889.952996222662,8850.666158219039,1.2952601889937796
8852,8890.537948368927,8851.34156883528,0.675410616240697
8853,8891.306737048071,8852.229254243259,0.8876854079790064
8854,8891.87437935685,8852.884691853033,0.6554376097737986
8855,8893.684840402359,8854.975209266968,2.090517413935231
8856,8894.604473093548,8856.037120448611,1.0619111816431541
8857,8895.038202753998,8856.537958674942,0.5008382263313251
8858,8896.103336814678,8857.767909257203,1.2299505822611536
8859,8896.531323011317,8858.262126820944,0.49421756374067627
8860,8897.67349406504,8859.581066229073,1.318939408129154
8861,8898.051507139095,8860.017587719294,0.4365214902209118
8862,8899.302724466765,8861.462485214339,1.4448974950446427
8863,8900.12694677048,8862.414306976281,0.9518217619424831
8864,8900.854875977542,8863.254938422222,0.840631445940744
8865,8902.243765061543,8864.85888968674,1.6039512645184004
8866,8903.054487161953,8865.79516378776,0.9362741010190803
8867,8903.453422784503,8866.255884653976,0.46072086621643393
8868,8904.497639306031,8867.4618379112,1.2059532572238822
8869,8905.780057620079,8868.942914253765,1.4810763425648474
8870,8906.334722625175,8869.58351091772,0.6405966639558756
8871,8907.29643917988,8870.694234756736,1.1107238390159182
8872,8907.620487927708,8871.068494976525,0.3742602197889937
8873,8908.365865371996,8871.92937604947,0.8608810729438119
8874,8909.714669787565,8873.487216320158,1.5578402706887573
8875,8910.428989513737,8874.312253499038,0.8250371788799384
8876,8911.756517260452,8875.84556834215,1.5333148431127483
8877,8912.717343387963,8876.955356842474,1.1097885003237025
8878,8913.324972960743,8877.6571992144,0.7018423719255225
8879,8914.111116780208,8878.565244200476,0.9080449860757653
8880,8914.741188912258,8879.293024650493,0.7277804500172351
8881,8915.623803671877,8880.312522646633,1.019497996139762
8882,8916.514178386547,8881.340998166384,1.028475519751737
8883,8917.678078159368,8882.685444951945,1.344446785560649
8884,8918.3021686439,8883.406355854424,0.7209109024788631
8885,8918.917303083199,8884.116928086736,0.7105722323121881
8886,8920.276287088844,8885.686781700515,1.5698536137788324
8887,8920.80742492218,8886.300343607725,0.613561907210169
8888,8922.34832923668,8888.080400040591,1.7800564328663313
8889,8922.962986121951,8888.790464995114,0.7100649545227498
8890,8923.430369163905,8889.330400524403,0.5399355292884138
8891,8924.452124840513,8890.510778253616,1.1803777292134328
8892,8925.46953440759,8891.686153662626,1.1753754090095754
8893,8925.913861820396,8892.199474377414,0.5133207147882786
8894,8926.590671425492,8892.981382911672,0.7819085342580365
8895,8927.543910280876,8894.082660088507,1.1012771768346283
8896,8929.299323788684,8896.110732298295,2.028072209788661
8897,8929.808678924304,8896.699213039934,0.5884807416387048
8898,8930.62218435503,8897.639101794215,0.9398887542811281
8899,8931.360853742508,8898.49253845898,0.8534366647654679
8900,8932.15153217433,8899.406075602437,0.9135371434567787
8901,8933.161556855912,8900.573058078411,1.1669824759737821
8902,8934.02358973578,8901.569065208458,0.9960071300465643
8903,8934.749925304202,8902.408295683648,0.8392304751905613
8904,8935.684604088347,8903.488266151286,1.079970467637395
8905,8936.2537650703,8904.14590831347,0.6576421621848567
8906,8937.198156762437,8905.23712689423,1.0912185807592323
8907,8938.346035492337,8906.563490525234,1.3263636310039146
8908,8939.308181977256,8907.675260278711,1.111769753477347
8909,8940.290249827749,8908.810066363574,1.1348060848631576
8910,8941.181572192281,8909.84002843666,1.0299620730856986
8911,8942.047712429572,8910.84090500542,1.0008765687598498
8912,8942.474071166498,8911.33359279315,0.4926877877296647
8913,8942.9017971835,8911.82786382094,0.49427102779009147
8914,8944.315501548008,8913.461533481455,1.6336696605158068
8915,8945.056384872774,8914.317708731614,0.85617525015914
8916,8946.156952171697,8915.589557899426,1.2718491678115242
8917,8946.789546432175,8916.320612890846,0.7310549914200237
8918,8948.09486613715,8917.829122812738,1.508509921892255
8919,8948.871203070621,8918.726321194797,0.8971983820592868
8920,8949.659174962517,8919.636976846432,0.9106556516344426
8921,8950.08543840025,8920.12961222987,0.49263538343802793
8922,8951.679585354741,8921.972006705053,1.8423944751830277
8923,8952.132146366203,8922.495050726715,0.5230440216619172
8924,8952.910570342161,8923.394716962772,0.8996662360568735
8925,8953.663140523775,8924.264512826587,0.869795863814943
8926,8954.570266105708,8925.312952119571,1.0484392929847672
8927,8955.021105983404,8925.834030113114,0.5210779935423488
8928,8956.90408611121,8928.01040616236,2.1763760492467554
8929,8957.719764459243,8928.953198718145,0.942792555784763
8930,8958.32961299507,8929.65809294601,0.7048942278652248
8931,8959.083915903635,8930.529964090045,0.8718711440342304
8932,8959.872529807255,8931.441504866063,0.9115407760182279
8933,8960.757465936536,8932.464395453264,1.0228905872008909
8934,8961.51427756727,8933.339198992557,0.8748035392927704
8935,8962.376098409864,8934.335395757353,0.9961967647959682
8936,8963.12259527416,8935.198297780185,0.8629020228327136
8937,8964.501768867309,8936.792559149346,1.5942613691604492
8938,8965.04232264706,8937.417423719184,0.6248645698378823
8939,8965.909132690284,8938.41944194271,1.002018223525738
8940,8966.831852556912,8939.48610566266,1.0666637199501565
8941,8968.083142598416,8940.93262048755,1.4465148248909827
8942,8968.730830804889,8941.681371151386,0.7487506638353807
8943,8969.576813396186,8942.659368407156,0.9779972557698784
8944,8970.156460463086,8943.329476100733,0.6701076935769379
8945,8971.008144511876,8944.314086106973,0.984610006240473
8946,8971.900341569515,8945.345545961416,1.0314598544428009
8947,8972.398475358716,8945.921439461643,0.5758935002268117
8948,8973.827888982763,8947.574011934039,1.6525724723960593
8949,8974.779544770536,8948.674259514319,1.1002475802797562
8950,8976.046813314546,8950.139424644974,1.4651651306558051
8951,8976.339748017885,8950.478108067626,0.3386834226512292
8952,8977.2677544702,8951.55105483801,1.0729467703840783
8953,8978.139157900685,8952.558571965554,1.007517127543906
8954,8978.484856067782,8952.958272106634,0.399700141080757
8955,8980.105035039647,8954.831569635413,1.8732975287784939
8956,8980.789975095,8955.623531020146,0.7919613847334404
8957,8981.364598450196,8956.28794522288,0.664414202734406
8958,8981.893809432897,8956.89985607567,0.6119108527891512
8959,8983.298016881798,8958.523523260656,1.6236671849856066
8960,8984.458470334755,8959.865367169592,1.3418439089364256
8961,8984.976927663607,8960.464872263037,0.5995050934452593
8962,8986.278143617255,8961.969521576766,1.5046493137288053
8963,8986.765638638719,8962.533239763221,0.5637181864549348
8964,8987.708763258457,8963.62384028449,1.0906005212691525
8965,8988.513243868865,8964.554129553577,0.9302892690866429
8966,8988.936179401067,8965.043210433063,0.4890808794862096
8967,8989.737246620047,8965.969569892832,0.9263594597687188
8968,8991.143647230732,8967.595968394,1.6263985011682962
8969,8991.847222467362,8968.409614364315,0.8136459703146102
8970,8993.20652274789,8969.981595010488,1.5719806461729604
8971,8993.843872416928,8970.718677659297,0.737082648809519
8972,8994.28529682888,8971.229180725415,0.5105030661179626
8973,8995.438088516588,8972.562389430288,1.333208704872959
8974,8996.52006032405,8973.813716019518,1.2513265892303025
8975,8997.025737752292,8974.39855130898,0.5848352894608979
8976,8997.967571698086,8975.487830353446,1.0892790444668208
8977,8998.648899442067,8976.275830455797,0.7880001023513614
8978,8999.718728031805,8977.513173765627,1.237343309829157
8979,9000.243406943078,8978.120014768987,0.6068410033603868
8980,9001.129405308298,8979.14476709552,1.0247523265334166
8981,9002.623776992958,8980.873199994638,1.7284328991172515
8982,9003.873677515272,8982.318900896731,1.4457009020934493
8983,9004.052178244037,8982.525366512766,0.20646561603462033
8984,9004.805111170263,8983.39626417165,0.8708976588841324
8985,9005.606797077064,8984.323564131377,0.9272999597269518
8986,9006.56563058918,8985.432649656947,1.1090855255697534
8987,9007.260756057402,8986.236713475828,0.8040638188813318
8988,9008.304703037775,8987.444281294178,1.2075678183500713
8989,9009.07007528533,8988.329624787073,0.8853434928951174
8990,9010.088962863381,8989.508237913456,1.178613126383425
8991,9011.033504193105,8990.600866307785,1.0926283943281305
8992,9012.04228401698,8991.767822036303,1.1669557285185874
8993,9012.644453437733,8992.46441972748,0.6965976911760663
8994,9013.551021066802,8993.513161439914,1.0487417124350031
8995,9014.56522967923,8994.686442323413,1.1732808834985917
8996,9015.596687046413,8995.879695947347,1.1932536239346518
8997,9015.977933055114,8996.320749644332,0.4410536969844543
8998,9016.814019972604,8997.288006067613,0.9672564232805598
8999,9017.345160193772,8997.902480637591,0.6144745699784835
9000,9018.42447561036,8999.15115282858,1.2486721909881453
9001,9020.072493601838,9001.057803108944,1.9066502803652838
9002,9020.646017117475,9001.72134398218,0.663540873236343
9003,9021.257036937264,9002.42827277526,0.7069287930789869
9004,9022.745934352795,9004.150903155005,1.7226303797451692
9005,9022.965488033278,9004.404926542966,0.25402338796084223
9006,9023.565193774033,9005.098789816175,0.69386327320899
9007,9024.667245992581,9006.373887628404,1.2750978122294327
9008,9025.628559533674,9007.486165293602,1.1122776651973254
9009,9026.521713970003,9008.51959479112,1.0334294975182274
9010,9027.231504803192,9009.340872403389,0.8212776122691139
9011,9028.106836457531,9010.353704549114,1.0128321457250422
9012,9028.987081386136,9011.372235386527,1.0185308374129818
9013,9030.147631956572,9012.715128574975,1.3428931884482154
9014,9031.032976776789,9013.739592380214,1.0244638052390656
9015,9032.149738849157,9015.031856974301,1.2922645940871007
9016,9032.444258621346,9015.372665077537,0.3408081032357586
9017,9033.515720830412,9016.612537015648,1.2398719381108094
9018,9033.854034846005,9017.004030576985,0.3914935613374837
9019,9035.168949367602,9018.525655527028,1.5216249500426784
9020,9035.749059047583,9019.196970719058,0.6713151920303062
9021,9036.429306613503,9019.984175141453,0.787204422395007
9022,9038.302210472739,9022.151601999776,2.1674268583228695
9023,9038.744798376165,9022.663797969812,0.5121959700354637
9024,9039.773178757525,9023.853930319066,1.1901323492547817
9025,9040.140208823976,9024.278694345841,0.4247640267749375
9026,9040.975491231653,9025.245375814202,0.966681468360548
9027,9042.313865996188,9026.794317176598,1.5489413623963628
9028,9043.01942131907,9027.610890260767,0.8165730841683398
9029,9043.610772971062,9028.295296696884,0.6844064361175697
9030,9044.618071147821,9029.461116953016,1.165820256132065
9031,9045.10859088237,9030.028837978703,0.5677210256872058
9032,9046.31502970164,9031.425172255362,1.3963342766583082
9033,9047.178898921222,9032.425031645895,0.9998593905329471
9034,9048.588554505273,9034.05662320265,1.6315915567556658
9035,9049.087937802135,9034.634637718462,0.5780145158114465
9036,9049.992714867447,9035.681889117941,1.047251399479137
9037,9050.882205632552,9036.711461132554,1.0295720146132226
9038,9051.428509000663,9037.343805858061,0.6323447255072097
9039,9052.224339386075,9038.264986846516,0.9211809884545801
9040,9052.755417231303,9038.879720530369,0.6147336838530464
9041,9054.40010678206,9040.783514447598,1.9037939172285405
9042,9054.931264072118,9041.398360406743,0.6148459591458959
9043,9055.9052405861,9042.525808675091,1.127448268347507
9044,9056.785351956469,9043.544615589182,1.0188069140913285
9045,9057.930288444319,9044.870001419553,1.3253858303705783
9046,9058.352731342004,9045.359029847774,0.48902842822099046
9047,9059.695201794213,9046.91312156403,1.5540917162561527
9048,9059.901550740713,9047.152001277682,0.23887971365184058
9049,9061.261010259073,9048.72579733486,1.573796057178697
9050,9062.010375428283,9049.593323583445,0.8675262485849089
9051,9062.55664082289,9050.225731180473,0.63240759702785
9052,9063.065987666105,9050.815403152028,0.5896719715547079
9053,9064.398647013108,9052.358247390866,1.54284423883837
9054,9065.6764450113,9053.837606921104,1.4793595302380709
9055,9066.715937218882,9055.041091137182,1.2034842160774133
9056,9067.344319123522,9055.768616808395,0.7275256712127884
9057,9067.890693026053,9056.40120119217,0.6325843837748835
9058,9068.707565890807,9057.346975422694,0.9457742305239663
9059,9069.651864013751,9058.440297027577,1.0933216048833856
9060,9070.419820652425,9059.329459527224,0.8891624996467726
9061,9071.485275093295,9060.563090760044,1.2336312328206986
9062,9072.068890118191,9061.238835015662,0.6757442556172464
9063,9072.950481989126,9062.259605951582,1.0207709359201544
9064,9074.381551780916,9063.916631258951,1.6570253073696222
9065,9074.869755813135,9064.481927375637,0.5652961166852037
9066,9075.539800390921,9065.257785204012,0.7758578283755924
9067,9076.905342562264,9066.838997782168,1.581212578155828
9068,9077.941193163162,9068.038469913816,1.1994721316477808
9069,9078.388813148846,9068.55680115546,0.5183312416447734
9070,9078.88506880999,9069.131455235023,0.5746540795626061
9071,9079.958594688502,9070.374591392312,1.2431361572889728
9072,9080.600278836755,9071.117667211498,0.7430758191858331
9073,9081.525029640732,9072.188549371824,1.0708821603257093
9074,9082.687459166014,9073.53469007881,1.3461407069862616
9075,9083.817684467947,9074.84355968711,1.3088696082995739
9076,9084.719189339048,9075.887573177864,1.0440134907548781
9077,9085.261991006195,9076.516187034938,0.628613857074015
9078,9086.216791442004,9077.621945582221,1.1057585472826759
9079,9086.854064628998,9078.359983324244,0.7380377420231525
9080,9087.619989058994,9079.247023837459,0.8870405132147425
9081,9088.908988499885,9080.739876716725,1.4928528792661382
9082,9089.425998602173,9081.338659410829,0.5987826941036474
9083,9090.498988662222,9082.58137323437,1.242713823541635
9084,9090.953967030522,9083.10832540173,0.5269521673599229
9085,9091.778385807691,9084.063169614954,0.9548442132236232
9086,9093.55454059272,9086.120357653817,2.057188038863387
9087,9094.08065373882,9086.729725997073,0.6093683432554826
9088,9094.81793616185,9087.58368841983,0.8539624227578315
9089,9095.70728336486,9088.61379357453,1.030105154699413
9090,9096.611589238442,9089.661239115718,1.0474455411876988
9091,9097.164150723314,9090.30127082279,0.6400317070729216
9092,9098.092115417232,9091.3761439075,1.0748730847099068
9093,9098.532042167059,9091.885721815077,0.5095779075763858
9094,9099.83663563567,9093.396884223039,1.5111624079618196
9095,9101.042374240877,9094.79356558741,1.3966813643710339
9096,9101.885250829855,9095.769936605024,0.9763710176139284
9097,9102.497480971078,9096.479139279334,0.7092026743102906
9098,9103.493787094456,9097.633266619821,1.154127340487321
9099,9104.193256141503,9098.443546374667,0.8102797548453964
9100,9105.074920829637,9099.46489760279,1.0213512281225121
9101,9106.47416154683,9101.085854908459,1.6209573056694353
9102,9106.705267547537,9101.353584086775,0.2677291783165856
9103,9107.191202663578,9101.916527985195,0.5629438984196895
9104,9108.61364318407,9103.564414114713,1.647886129518156
9105,9109.023970775528,9104.039781965103,0.47536785038937523
9106,9110.230386514642,9105.43744144519,1.3976594800878956
9107,9111.37508487864,9106.763623481405,1.3261820362149592
9108,9112.381582610455,9107.929713082061,1.1660896006560506
9109,9113.302297846683,9108.99643387507,1.0667207930091536
9110,9113.658797282165,9109.409470399638,0.4130365245673602
9111,9114.444853438543,9110.320194698928,0.9107242992904503
9112,9115.04293063619,9111.013133891225,0.6929391922967625
9113,9116.424405314448,9112.613750383733,1.60061649250747
9114,9117.137058329912,9113.439463793433,0.8257134097002563
9115,9117.860968025157,9114.278228800425,0.8387650069926167
9116,9118.810944247423,9115.378941865172,1.100713064746742
9117,9120.116281592987,9116.891428432777,1.5124865676043555
9118,9120.569264316975,9117.416303753147,0.5248753203704837
9119,9121.584902244998,9118.593145936513,1.1768421833658067
9120,9122.504965210948,9119.659258829839,1.0661128933261352
9121,9123.3938549389,9120.689264101344,1.0300052715047059
9122,9124.08487439227,9121.489995757833,0.8007316564890061
9123,9125.059677152574,9122.619580767056,1.1295850092228648
9124,9125.604247738102,9123.25062719905,0.6310464319940365
9125,9126.235472796692,9123.98209499421,0.7314677951599151
9126,9127.121392691024,9125.00871657828,1.0266215840711084
9127,9128.945962237458,9127.123107155006,2.114390576725782
9128,9129.473000953558,9127.733873354797,0.6107661997903051
9129,9130.446701653587,9128.862272789282,1.1283994344848907
9130,9130.768159170791,9129.234806170341,0.3725333810598386
9131,9131.957373712514,9130.612988739664,1.3781825693222345
9132,9132.87702227629,9131.67878778131,1.0657990416457324
9133,9133.253132722164,9132.11467391634,0.4358861350301595
9134,9134.299136950121,9133.32693382492,1.2122599085796537
9135,9135.427457334488,9134.634614889628,1.3076810647089587
9136,9136.139601993793,9135.459975293987,0.8253604043584346
9137,9136.679196436497,9136.085359576897,0.6253842829100904
9138,9138.105910779159,9137.738930924912,1.653571348015248
9139,9138.60038278962,9138.31203552446,0.5731045995471504
9140,9140.231969818215,9140.20311317165,1.8910776471911959
9141,9140.578259697128,9140.604483596737,0.40137042508649756
9142,9141.357179362336,9141.50730512988,0.9028215331436513
9143,9142.266523219929,9142.561310648089,1.0540055182082142
9144,9142.836907708737,9143.222441280188,0.6611306320992298
9145,9143.596977939633,9144.10344478279,0.8810035026017431
9146,9144.619980820205,9145.289231504155,1.18578672136573
9147,9145.63852232216,9146.469865031688,1.1806335275323363
9148,9146.526358405506,9147.499007236689,1.0291422050013352
9149,9147.80889496309,9148.985693829985,1.4866865932963265
9150,9148.555047141639,9149.85062927566,0.8649354456738365
9151,9149.117996849554,9150.503203849083,0.6525745734234079
9152,9149.55812385304,9151.013405469597,0.5102016205146356
9153,9151.02645517349,9152.715540852627,1.7021353830295993
9154,9151.81767210036,9153.63275969578,0.917218843153023
9155,9152.6490185669,9154.596510468407,0.9637507726274634
9156,9153.267808749677,9155.313860005344,0.7173495369370357
9157,9153.74020009562,9155.861497145936,0.5476371405911777
9158,9155.111134265138,9157.450825258325,1.5893281123899214
9159,9156.088026232414,9158.583358995013,1.1325337366870372
9160,9157.2008538602,9159.873506337855,1.290147342842829
9161,9157.957603481645,9160.750849936403,0.8773435985476681
9162,9158.83011689725,9161.762417548522,1.011567612118597
9163,9159.438824974986,9162.468144475959,0.7057269274373539
9164,9160.35384771106,9163.52902009277,1.060875616811245
9165,9160.79613941842,9164.041817470828,0.5127973780581669
9166,9161.926432339946,9165.352305698383,1.3104882275547425
9167,9162.627075284894,9166.16465876881,0.8123530704269797
9168,9164.011258568751,9167.769560535944,1.6049017671339243
9169,9164.765021488882,9168.643530643134,0.8739701071899617
9170,9165.448663414387,9169.436205663964,0.7926750208298472
9171,9166.381734370749,9170.51810390046,1.0818982364962721
9172,9167.382447422928,9171.678450125555,1.1603462250950543
9173,9168.304925878112,9172.748097215697,1.069647090142098
9174,9169.005615313923,9173.560581798249,0.8124845825514058
9175,9169.689672310456,9174.353788453454,0.7932066552057222
9176,9170.658946113632,9175.477735651652,1.1239471981971292
9177,9171.402013820587,9176.33939060034,0.8616549486887379
9178,9172.21332178222,9177.28018730584,0.9407967054994515
9179,9172.683910450402,9177.825889475447,0.5457021696074662
9180,9174.799448248375,9180.279148508185,2.4532590327380603
9181,9175.20883588123,9180.753899125872,0.47475061768636806
9182,9175.927458354556,9181.587264166463,0.8333650405911612
9183,9176.891017123544,9182.704688577736,1.1174244112735323
9184,9177.479208892979,9183.386813518353,0.6821249406166316
9185,9178.130377598334,9184.14197969639,0.7551661780362338
9186,9179.285979755696,9185.482159967845,1.34018027145612
9187,9180.321113395796,9186.68264959341,1.2004896255639323
9188,9180.739286973818,9187.167628996904,0.48497940349443525
9189,9181.702974296286,9188.285282895162,1.1176538982581405
9190,9182.811173984772,9189.570557537874,1.2852746427124657
9191,9183.699837538326,9190.60123259147,1.0306750535964966
9192,9184.767194414182,9191.83917486701,1.237942275538444
9193,9185.136000609178,9192.2669284037,0.4277535366909433
9194,9186.578146636386,9193.939599352467,1.6726709487666085
9195,9187.34508688957,9194.82914855368,0.8895492012125032
9196,9187.811497032342,9195.370127579887,0.5409790262074239
9197,9188.464829562721,9196.127920172543,0.7577925926561875
9198,9189.187313215267,9196.96592893387,0.8380087613277283
9199,9190.366779364116,9198.334011101735,1.368082167864486
9200,9191.463118656115,9199.605694666563,1.2716835648279812
9201,9192.438691653935,9200.737314542484,1.1316198759213876
9202,9193.368911875734,9201.816342627904,1.07902808541985
9203,9194.036497583256,9202.590731637989,0.7743890100846329
9204,9194.998618070027,9203.706789970085,1.116058332096145
9205,9195.415993341563,9204.190949646647,0.48415967656183057
9206,9196.541376822499,9205.49642126953,1.3054716228834877
9207,9197.375793024767,9206.464378074177,0.9679568046467466
9208,9198.428751554567,9207.685870080946,1.22149200676904
9209,9198.789347491285,9208.104186363369,0.418316282422893
9210,9200.006746344035,9209.516470038565,1.4122836751957948
9211,9200.451077571463,9210.03193751474,0.5154674761743081
9212,9201.837434832796,9211.640268840589,1.6083313258495764
9213,9203.050941490621,9213.048101187978,1.407832347389558
9214,9203.761790100945,9213.872793838149,0.8246926501706184
9215,9204.44993035458,9214.671149659773,0.7983558216237725
9216,9204.760708258407,9215.031705802789,0.3605561430158559
9217,9206.165350791596,9216.661355019996,1.6296492172077706
9218,9206.847375416248,9217.45264401299,0.7912889929939411
9219,9207.189750328565,9217.849872437522,0.3972284245319315
9220,9208.520414152958,9219.393747479407,1.5438750418852578
9221,9209.480933056158,9220.508188588945,1.114441109537438
9222,9210.87397897429,9222.124497070266,1.6163084813215391
9223,9211.22022062268,9222.52623584546,0.4017387751937349
9224,9211.878326613833,9223.289831655375,0.7635958099144773
9225,9212.942543018013,9224.524650390036,1.2348187346615305
9226,9213.953457242504,9225.697640302591,1.17298991255484
9227,9214.80981538286,9226.691308605079,0.993668302488004
9228,9215.383063606698,9227.356479663007,0.6651710579280916
9229,9216.396499883134,9228.532438718543,1.1759590555357136
9230,9216.88916299864,9229.10411565409,0.5716769355476572
9231,9217.632413626703,9229.966577517604,0.8624618635130901
9232,9219.125065265656,9231.698666909633,1.732089392029593
9233,9220.020083391239,9232.73727424095,1.038607331316598
9234,9220.852137981723,9233.70282909823,0.9655548572809494
9235,9222.000798287754,9235.035807592445,1.3329784942143306
9236,9222.354047560484,9235.445745099698,0.4099375072528346
9237,9223.237859070792,9236.471397090805,1.0256519911072246
9238,9223.870046096285,9237.20505034397,0.733653253164448
9239,9224.578163424443,9238.02682892673,0.8217785827600892
9240,9226.173215900617,9239.877937989942,1.851109063212789
9241,9226.625762799938,9240.403141033856,0.5252030439132795
9242,9227.262194971401,9241.141758002115,0.738616968259521
9243,9228.502157991703,9242.580828083639,1.4390700815238233
9244,9229.55836412936,9243.806655434102,1.225827350463078
9245,9230.16070477899,9244.505737473164,0.6990820390619774
9246,9231.116341546649,9245.614871037678,1.1091335645141953
9247,9232.082594097692,9246.73634152823,1.1214704905523831
9248,9232.764557616516,9247.527864741285,0.7915232130544609
9249,9233.690366508916,9248.602420722691,1.0745559814058652
9250,9234.086401679779,9249.062090252908,0.45966953021707013
9251,9235.30907430578,9250.481237206239,1.41914695333071
9252,9235.520669016887,9250.726836216669,0.2455990104299417
9253,9237.255825767934,9252.740870201942,2.0140339852732723
9254,9238.525524178483,9254.214669488478,1.4737992865357228
9255,9238.873162118123,9254.6181942094,0.40352472092308744
9256,9239.599760445377,9255.461608264506,0.8434140551053133
9257,9240.463318406566,9256.464012877694,1.0024046131875366
9258,9241.168927233486,9257.283082134465,0.8190692567713995
9259,9242.438747055547,9258.757107939562,1.4740258050969715
9260,9243.002727144769,9259.411793351052,0.6546854114894813
9261,9243.629625414069,9260.139522546127,0.7277291950758809
9262,9244.72225615466,9261.40790924919,1.268386703062788
9263,9245.730317259871,9262.578141031123,1.1702317819326709
9264,9246.372479217975,9263.32361918036,0.745478149237897
9265,9247.32368200893,9264.42787218601,1.1042530056492978
9266,9248.859664427933,9266.211029772658,1.783157586647576
9267,9249.097134244814,9266.486717610125,0.275687837467558
9268,9250.217232551691,9267.787095867701,1.3003782575760852
9269,9250.850268731174,9268.522028840227,0.7349329725257121
9270,9251.325332009917,9269.073565301365,0.551536461138312
9271,9252.301982660401,9270.207444220774,1.133878919408744
9272,9253.266895877883,9271.327712243676,1.120268022901655
9273,9254.03996375022,9272.225258624592,0.8975463809165376
9274,9255.629242734974,9274.070473786078,1.845215161485612
9275,9255.870307159363,9274.350362820287,0.27988903420919087
9276,9257.09097636954,9275.767642143479,1.4172793231919059
9277,9257.92285105221,9276.733519462741,0.9658773192622903
9278,9258.513197988888,9277.418969726014,0.685450263272287
9279,9259.199490496889,9278.215829668337,0.7968599423238629
9280,9260.46268608954,9279.682557747252,1.466728078914457
9281,9261.410917752191,9280.783591328689,1.1010335814371501
9282,9261.832615530931,9281.273248171845,0.48965684315589897
9283,9262.57190534142,9282.13168623537,0.8584380635256821
9284,9263.278863899335,9282.952591137368,0.8209049019969825
9285,9264.808555510763,9284.728865158708,1.776274021340214
9286,9265.914999339102,9286.013689980147,1.2848248214395426
9287,9266.523355586283,9286.720134446423,0.7064444662755704
9288,9267.157637377175,9287.456691325788,0.7365568793647981
9289,9268.35988508367,9288.85281503183,1.3961237060429994
9290,9268.846663836464,9289.418099406943,0.5652843751122418
9291,9269.38531260405,9290.043623916004,0.6255245090615063
9292,9270.504925928492,9291.34382954643,1.3002056304248981
9293,9271.301028118582,9292.268355170454,0.9245256240246817
9294,9272.394102687185,9293.53777707447,1.269421904016781
9295,9273.266843198504,9294.551332826271,1.0135557518005953
9296,9274.33813383982,9295.795492315367,1.244159489095182
9297,9274.986375913177,9296.54834755561,0.7528552402436617
9298,9275.555512461768,9297.20933718302,0.6609896274094353
9299,9277.16051444452,9299.07340074209,1.864063559070928
9300,9277.608768374497,9299.594014733093,0.5206139910023921
9301,9278.356214546104,9300.462126186481,0.8681114533883374
9302,9279.040933077735,9301.257391864036,0.7952656775541982
9303,9279.938256160904,9302.299599067213,1.0422072031778953
9304,9280.769267593454,9303.264800084427,0.9652010172139853
9305,9281.537438793173,9304.157024123218,0.8922240387910279
9306,9282.734288937201,9305.547175119387,1.3901509961688134
9307,9284.093681675076,9307.126150425,1.5789753056124027
9308,9284.762478436965,9307.90298948527,0.776839060270504
9309,9285.3441596894,9308.57864599662,0.6756565113500983
9310,9285.849431118959,9309.165552773877,0.5869067772564449
9311,9286.90156916403,9310.387695979023,1.2221432051464944
9312,9287.799427530867,9311.43064589614,1.0429499171168573
9313,9288.657678861051,9312.42760129717,0.9969554010294814
9314,9289.634716492792,9313.562555703033,1.1349544058630272
9315,9290.238472558107,9314.263903913448,0.7013482104157447
9316,9291.071149949048,9315.231186922536,0.9672830090876232
9317,9292.450151019331,9316.833135132387,1.6019482098508888
9318,9293.020371572758,9317.49555443048,0.6624192980925727
9319,9294.077099796137,9318.723159360727,1.227604930247253
9320,9294.99441428598,9319.788822366185,1.065663005458191
9321,9295.564223471827,9320.450788606931,0.6619662407465512
9322,9296.607047273232,9321.6622860203,1.2114974133692158
9323,9297.328597821592,9322.500556096205,0.8382700759048021
9324,9297.791417094675,9323.038246675742,0.5376905795365019
9325,9298.415822954259,9323.763669874654,0.7254231989118125
9326,9300.174304705342,9325.80667736479,2.043007490136006
9327,9301.095504972087,9326.87695073419,1.0702733693997288
9328,9301.630677861674,9327.498734569323,0.6217838351331011
9329,9302.76116916232,9328.812197660285,1.313463090962614
9330,9303.238852584413,9329.367201465004,0.5550038047185808
9331,9304.478169097738,9330.807138550277,1.4399370852734137
9332,9304.747219152914,9331.119745902579,0.3126073523017112
9333,9306.002925382834,9332.578758445852,1.4590125432732748
9334,9306.808098667525,9333.514308268008,0.9355498221557355
9335,9307.50114415439,9334.319583036622,0.8052747686142538
9336,9308.397687577843,9335.36132164688,1.0417386102581077
9337,9309.059307208767,9336.130099375143,0.7687777282626485
9338,9310.294182822765,9337.564999535376,1.4349001602331555
9339,9311.394263390732,9338.843292569069,1.2782930336925347
9340,9312.287090010514,9339.880771832051,1.0374792629827425
9341,9313.137110976715,9340.868522879025,0.9877510469741537
9342,9313.642041786632,9341.455274177119,0.5867512980930769
9343,9314.191767555907,9342.094084096503,0.6388099193845846
9344,9315.257777092698,9343.33285730614,1.2387732096376567
9345,9316.091993796661,9344.30228553745,0.9694282313084841
9346,9317.221478360376,9345.614858184814,1.3125726473645045
9347,9317.520864381382,9345.962777972012,0.347919787198407
9348,9319.337900163971,9348.074408078097,2.1116301060847036
9349,9319.82779519436,9348.643738985475,0.5693309073776618
9350,9320.592913364355,9349.532928325121,0.8891893396466912
9351,9321.35503746478,9350.418648015984,0.8857196908629703
9352,9322.199858975797,9351.400487955203,0.9818399392188439
9353,9323.579903835333,9353.004383317451,1.603895362248295
9354,9324.038642999947,9353.537539576482,0.5331562590308749
9355,9324.66247803088,9354.262579470811,0.7250398943288019
9356,9325.359891018405,9355.073141749936,0.8105622791244969
9357,9326.496593790362,9356.394282613985,1.3211408640490845
9358,9327.029340176412,9357.01347847098,0.6191958569961571
9359,9328.93727621006,9359.231057573368,2.21757910238739
9360,9329.235940410043,9359.578198254829,0.3471406814605871
9361,9330.23065958298,9360.734382253735,1.1561839989062719
9362,9330.921834157542,9361.537759620242,0.8033773665065382
9363,9331.875838210985,9362.646646642139,1.108887021897317
9364,9332.545535709058,9363.425079089895,0.7784324477561313
9365,9332.990177777223,9363.941919370669,0.5168402807739767
9366,9334.305898779172,9365.471298710858,1.5293793401888252
9367,9335.206489196418,9366.51815193062,1.046853219762852
9368,9336.031511109679,9367.477175876813,0.9590239461922465
9369,9336.966415719895,9368.563943955003,1.086768078190289
9370,9337.535506027163,9369.22548310327,0.6615391482664563
9371,9338.970532754689,9370.893654735857,1.6681716325874731
9372,9339.734206712099,9371.781415040294,0.8877603044365969
9373,9340.336005010404,9372.481004154472,0.6995891141777975
9374,9341.340822196089,9373.6491155363,1.1681113818285667
9375,9341.999574596013,9374.414932013018,0.7658164767181006
9376,9342.923902156086,9375.489498855568,1.074566842549757
9377,9343.47876154498,9376.134551528461,0.6450526728931436
9378,9344.189903972403,9376.96129896636,0.82674743789903
9379,9345.473934989936,9378.454086948077,1.4927879817169014
9380,9346.909626243472,9380.12322524114,1.669138293062133
9381,9347.350886762293,9380.636242891167,0.5130176500279049
9382,9348.412153406316,9381.870104718011,1.2338618268440769
9383,9348.847438791954,9382.376186680758,0.5060819627469755
9384,9349.534174825501,9383.174622801353,0.7984361205944879
9385,9350.701823059297,9384.532211651222,1.3575888498689892
9386,9351.640126343531,9385.623164967135,1.0909533159137936
9387,9352.399663267566,9386.506279879297,0.8831149121615454
9388,9353.014453103451,9387.221104287786,0.7148244084892212
9389,9353.743506760979,9388.068793113813,0.8476888260265696
9390,9355.23510615785,9389.803141021674,1.7343479078608652
9391,9355.820175981833,9390.483437650568,0.6802966288942116
9392,9356.673033797417,9391.475118260018,0.9916806094497588
9393,9357.97051388961,9392.9838176728,1.508699412783244
9394,9358.838675557572,9393.993325064122,1.0095073913216766
9395,9359.076903405527,9394.270341117604,0.2770160534819297
9396,9360.02505741508,9395.372882917556,1.102541799951723
9397,9360.682314260677,9396.137169778262,0.764286860705397
9398,9361.5270525325,9397.119478985918,0.9823092076567264
9399,9362.64821472774,9398.423248225614,1.3037692396956118
9400,9363.690016544968,9399.634750577428,1.211502351814488
9401,9364.532422656037,9400.614390871073,0.9796402936444792
9402,9365.565561378697,9401.815851994601,1.2014611235281336
9403,9366.263485245106,9402.627494206841,0.8116422122402582
9404,9366.85645210705,9403.31708442965,0.6895902228079649
9405,9367.99462155823,9404.640734200653,1.3236497710040567
9406,9368.900918158317,9405.694739999533,1.0540057988800982
9407,9369.264875034442,9406.11801888735,0.4232788878161955
9408,9370.763366235002,9407.860775673376,1.7427567860268027
9409,9371.178734814528,9408.343859275665,0.48308360228838865
9410,9371.587599990185,9408.819382125272,0.47552284960693214
9411,9372.784751974936,9410.211723248916,1.3923411236446555
9412,9374.379510450137,9412.066536246777,1.8548129978607903
9413,9375.170795001106,9412.986870236697,0.9203339899195271
9414,9375.736537521141,9413.644885392667,0.6580151559701335
9415,9376.328130229522,9414.332972715323,0.688087322656429
9416,9377.450651133642,9415.63860419665,1.3056314813275094
9417,9377.983702594425,9416.258616859688,0.6200126630374143
9418,9379.018437925035,9417.462171099272,1.203554239584264
9419,9379.494344123485,9418.01572834009,0.5535572408170992
9420,9380.793873689145,9419.527314696112,1.5115863560222351
9421,9381.675840485115,9420.553216854041,1.0259021579295222
9422,9382.560440804547,9421.582195576846,1.0289787228048226
9423,9383.568374417502,9422.75465338699,1.1724578101438965
9424,9384.090451459151,9423.36195542064,0.6073020336498303
9425,9385.110359164362,9424.548368414526,1.186412993885824
9426,9386.234914019049,9425.856533202445,1.3081647879189404
9427,9386.888612207835,9426.616972794995,0.7604395925500285
9428,9387.733832772214,9427.600218906868,0.9832461118730862
9429,9388.121802783691,9428.05154894939,0.45133004252238607
9430,9388.97916960421,9429.0489428286,0.9973938792099943
9431,9390.090466518719,9430.341757772861,1.2928149442614085
9432,9391.049764368448,9431.457763123746,1.116005350884734
9433,9392.305852528509,9432.919064979365,1.46130185561924
9434,9392.964477181185,9433.685303272856,0.7662382934904599
9435,9393.984756238855,9434.872301723039,1.1869984501827275
9436,9394.689784015247,9435.692545346452,0.820243623413262
9437,9395.103416035849,9436.17377715322,0.4812318067688466
9438,9395.826310147315,9437.014820642218,0.8410434889974567
9439,9397.472564246871,9438.930170550428,1.915349908209464
9440,9397.818267625122,9439.33238824827,0.4022176978414791
9441,9398.618868891881,9440.263876642939,0.931488394669941
9442,9399.494206831578,9441.282332534054,1.0184558911150816
9443,9400.580871303544,9442.546684943338,1.2643524092836742
9444,9401.427516665659,9443.531784933251,0.9850999899135786
9445,9402.552909281882,9444.841235393546,1.3094504602941015
9446,9403.382930753849,9445.807020526521,0.965785132975725
9447,9403.920835263563,9446.432914391351,0.6258938648297772
9448,9405.062878277397,9447.761786776045,1.3288723846944777
9449,9405.517985108352,9448.29135170167,0.5295649256240722
9450,9406.317820404489,9449.22205314408,0.9307014424102817
9451,9407.247627536479,9450.304005547692,1.0819524036123767
9452,9407.745436535877,9450.883277543753,0.5792719960609247
9453,9409.471336663333,9452.891641741813,2.0083641980600078
9454,9410.6039370828,9454.209633063456,1.317991321642694
9455,9410.808666731073,9454.447876416869,0.23824335341305414
9456,9411.457048111903,9455.202400802264,0.7545243853946886
9457,9412.787360568496,9456.75051376326,1.54811296099615
9458,9413.355204753261,9457.411335257175,0.6608214939151367
9459,9414.366649962945,9458.588405341245,1.1770700840697828
9460,9415.106792479155,9459.449757680788,0.8613523395433731
9461,9415.82315130121,9460.283440195906,0.8336825151181984
9462,9416.804191133097,9461.425166675544,1.141726479638237
9463,9417.532924976707,9462.273271949607,0.8481052740626183
9464,9418.349184602921,9463.223250965504,0.9499790158970427
9465,9419.744269401397,9464.84690417274,1.6236532072362024
9466,9420.582583616912,9465.822582233795,0.9756780610550777
9467,9421.526892048425,9466.921636649009,1.0990544152136863
9468,9422.040011768904,9467.518848788915,0.5972121399063326
9469,9422.810743700471,9468.415900170896,0.8970513819804182
9470,9423.591008663043,9469.324057224483,0.9081570535872743
9471,9424.174561788017,9470.00326641101,0.6792091865263501
9472,9425.411963546647,9471.443522162504,1.4402557514949876
9473,9426.506903687976,9472.717983351085,1.2744611885809718
9474,9426.874533970336,9473.145893041374,0.4279096902882884
9475,9428.235207719003,9474.7296928754,1.5837998340266495
9476,9429.379144119795,9476.061238507316,1.3315456319160148
9477,9429.574025269549,9476.288082991361,0.2268444840447046
9478,9430.53551411711,9477.407279333984,1.119196342622672
9479,9431.485551950744,9478.513161742723,1.1058824087394896
9480,9432.71382610467,9479.94294504042,1.4297832976972131
9481,9433.12501823133,9480.421602527957,0.47865748753611115
9482,9433.826715940171,9481.238436191219,0.8168336632625142
9483,9434.666665734316,9482.216217539579,0.9777813483597129
9484,9435.196314279321,9482.832784876562,0.6165673369832803
9485,9437.178849319267,9485.140708893094,2.307924016531615
9486,9437.419496808174,9485.420857819792,0.28014892669853
9487,9438.83519154762,9487.068953636372,1.6480958165793709
9488,9439.288351898243,9487.59651213166,0.5275584952887584
9489,9439.978628849722,9488.400122784456,0.8036106527961238
9490,9440.80406991168,9489.361100127608,0.9609773431511712
9491,9441.857096238968,9490.587048595278,1.2259484676706052
9492,9442.27463449708,9491.07315784443,0.486109249151923
9493,9443.44924971215,9492.440692171995,1.367534327564499
9494,9444.311353870484,9493.44440334087,1.0037111688761797
9495,9445.24761081652,9494.534461630541,1.0900582896701962
9496,9446.16280421465,9495.600010484808,1.0655488542670355
9497,9446.796122036843,9496.33738320008,0.7373727152717038
9498,9447.907524955042,9497.631407311706,1.2940241116266407
9499,9449.201580600953,9499.138123120294,1.5067158085876144
9500,9449.609725389102,9499.613346715212,0.47522359491813404
9501,9450.152313575516,9500.245113894483,0.6317671792712645
9502,9451.0440254692,9501.283397007732,1.0382831132483261
9503,9452.148976996905,9502.569988657853,1.2865916501214087
9504,9452.58121409302,9503.07328568568,0.5032970278261928
9505,9453.384466732685,9504.00860169843,0.9353160127502633
9506,9454.941836695376,9505.822050979144,1.813449280714849
9507,9455.879794581775,9506.914257567394,1.09220658824961
9508,9456.638848993118,9507.798150553263,0.8838929858684423
9509,9457.28993894884,9508.556330337153,0.7581797838902276
9510,9457.97239729463,9509.351045572028,0.7947152348751843
9511,9458.826684385933,9510.345864536244,0.9948189642163925
9512,9459.769410651757,9511.443685342047,1.0978208058022574
9513,9460.903772501188,9512.764688871917,1.3210035298707226
9514,9461.40492205624,9513.34830172186,0.5836128499431652
9515,9462.137989879677,9514.20200220092,0.8537004790596256
9516,9462.936516167905,9515.13194318742,0.929940986499787
9517,9464.217904346366,9516.624233799517,1.4922906120973494
9518,9465.261895534528,9517.840074894311,1.2158410947940865
9519,9465.99117718908,9518.689413438762,0.8493385444508021
9520,9466.722587065206,9519.541239541433,0.8518261026711116
9521,9467.860632792304,9520.866666184398,1.325426642964885
9522,9468.494804378252,9521.605264508464,0.738598324065606
9523,9469.13203933702,9522.34743744901,0.7421729405468795
9524,9469.45600650506,9522.724757195938,0.3773197469272418
9525,9470.882771001474,9524.38650959561,1.6617523996719683
9526,9471.819269688123,9525.477268074865,1.0907584792548732
9527,9472.907942701793,9526.745285515342,1.2680174404777063
9528,9473.723079554979,9527.694718380726,0.9494328653836419
9529,9474.392245663756,9528.474139767908,0.779421387182083
9530,9475.565521140301,9529.840748352817,1.366608584909045
9531,9475.919635500875,9530.253218454198,0.4124701013806771
9532,9477.137885718801,9531.67224446129,1.4190260070918157
9533,9477.827320467828,9532.47531371492,0.8030692536303832
9534,9478.85569995458,9533.673208329139,1.197894614218967
9535,9479.229478691414,9534.10860408181,0.4353957526709564
9536,9480.235271344674,9535.280212201811,1.1716081200011104
9537,9481.143882258963,9536.338631755065,1.0584195532537706
9538,9481.839788621108,9537.149286133917,0.8106543788526324
9539,9483.688815646474,9539.30323876088,2.153952626962564
9540,9484.207298377049,9539.907235495473,0.6039967345932382
9541,9484.640388958233,9540.411759704768,0.5045242092946864
9542,9485.753856656418,9541.708896358461,1.2971366536930873
9543,9486.030868859607,9542.031605567678,0.3227092092165549
9544,9487.21581024631,9543.41203400722,1.3804284395428112
9545,9488.107214893485,9544.450514674765,1.038480667544718
9546,9488.903784852237,9545.378524818861,0.9280101440963335
9547,9489.546258565251,9546.127019402118,0.7484945832566154
9548,9491.036789278054,9547.863543824256,1.7365244221382454
9549,9491.622337134984,9548.545739325458,0.6821955012019316
9550,9492.559851589389,9549.638007267835,1.0922679423765658
9551,9493.134847953395,9550.307924331702,0.6699170638676151
9552,9494.478852244827,9551.873819172446,1.5658948407435673
9553,9495.156477923672,9552.663330034276,0.7895108618304221
9554,9495.860072044987,9553.483105225012,0.8197751907355268
9555,9496.823908854261,9554.6061091789,1.1230039538877463
9556,9497.255442783198,9555.108911278836,0.5028020999361615
9557,9497.951007264424,9555.919355355225,0.8104440763891034
9558,9499.13722292901,9557.301505383006,1.382150027780881
9559,9500.595321344586,9559.000478968044,1.6989735850384022
9560,9501.217267713875,9559.725180566864,0.7247015988195926
9561,9501.922520025646,9560.546959387217,0.8217788203528471
9562,9503.04249830292,9561.852005093508,1.3050457062909118
9563,9503.601117763334,9562.50293979242,0.650934698913261
9564,9504.264017632142,9563.275394647102,0.7724548546812002
9565,9505.086080346835,9564.233326817764,0.9579321706623887
9566,9506.113854057057,9565.430985546685,1.197658728920942
9567,9507.2237905808,9566.724407986947,1.2934224402615655
9568,9507.961501776314,9567.584083164373,0.8596751774257427
9569,9508.12963744922,9567.780017570296,0.1959344059232535
9570,9509.769913842882,9569.691514096497,1.9114965262015176
9571,9510.615551924728,9570.6769962488,0.985482152302211
9572,9511.550977665867,9571.767128281464,1.0901320326647692
9573,9512.380208554101,9572.733514565363,0.966386283898828
9574,9513.335229212826,9573.846510594856,1.1129960294929333
9575,9513.53389333842,9574.078038794762,0.23152819990536955
9576,9514.814322806686,9575.570299544162,1.4922607494008844
9577,9515.333335579306,9576.175184397169,0.6048848530062969
9578,9516.04785176982,9577.00792661335,0.8327422161819413
9579,9517.248001838854,9578.40667638472,1.398749771369694
9580,9518.401462280206,9579.751033072343,1.3443566876230761
9581,9519.48065735368,9581.008853711652,1.2578206393081928
9582,9520.014543684854,9581.631114721127,0.622261009475551
9583,9520.830643941692,9582.582313987074,0.9511992659463431
9584,9521.162437132305,9582.96903612653,0.38672213945574185
9585,9522.916082653632,9585.013031326385,2.043995199855999
9586,9523.293287273886,9585.452696129167,0.43966480278140807
9587,9524.172145197426,9586.477090726321,1.0243945971542416
9588,9524.673999746043,9587.06205692238,0.5849661960583035
9589,9525.837508223143,9588.418269104004,1.3562121816248691
9590,9526.52798121293,9589.223110960333,0.804841856328494
9591,9527.680937490484,9590.567058866825,1.3439479064927582
9592,9528.632397360561,9591.676148436742,1.1090895699162502
9593,9529.771681927856,9593.00419977914,1.3280513423978846
9594,9530.405942179317,9593.743559289811,0.7393595106714201
9595,9531.14792359209,9594.60849828127,0.8649389914589847
9596,9531.625571622497,9595.165304701895,0.5568064206254348
9597,9532.674849336541,9596.38848771528,1.2231830133841868
9598,9533.237985855254,9597.0449649932,0.656477277920203
9599,9534.471660705845,9598.483141883837,1.4381768906368961
9600,9535.377269524699,9599.538886534072,1.0557446502352832
9601,9536.209876871111,9600.509539283274,0.9706527492016903
9602,9537.253631706382,9601.72636389075,1.2168246074761555
9603,9537.834915534642,9602.404040936093,0.6776770453434438
9604,9539.182796449744,9603.97546013317,1.571419197076466
9605,9539.514744272636,9604.36246424137,0.38700410820092657
9606,9540.396197262096,9605.390122403885,1.0276581625148538
9607,9541.667102046187,9606.871852912791,1.481730508905457
9608,9542.028340453084,9607.29302074903,0.4211678362389648
9609,9543.16150440657,9608.61419065431,1.3211699052808399
9610,9543.327342114095,9608.807544690413,0.19335403610239155
9611,9544.333386339598,9609.980524856857,1.1729801664441766
9612,9546.148062138918,9612.096357940394,2.115833083536927
9613,9546.850958230862,9612.915918975115,0.8195610347211186
9614,9547.451494516014,9613.616137301928,0.700218326812319
9615,9548.202699749705,9614.492042334645,0.875905032717128
9616,9549.109408072234,9615.549276441508,1.0572341068636888
9617,9550.023825186954,9616.615512981318,1.0662365398093243
9618,9550.29743581862,9616.934553521256,0.31904053993821435
9619,9551.802310112951,9618.689317237853,1.7547637165971537
9620,9552.369737287714,9619.350977394266,0.6616601564128359
9621,9553.055529832434,9620.150667090526,0.7996896962595201
9622,9554.438731024915,9621.763615639424,1.6129485488982027
9623,9555.132351125929,9622.572456853148,0.8088412137240084
9624,9555.765517186339,9623.310808663979,0.7383518108308635
9625,9557.033450242658,9624.789399252357,1.4785905883782107
9626,9557.86407354558,9625.75803887834,0.9686396259839967
9627,9558.778597586112,9626.824533471825,1.0664945934840944
9628,9559.49787739189,9627.663349005577,0.838815533752495
9629,9559.651002786863,9627.841923127593,0.17857412201556144
9630,9560.804275858354,9629.186877350268,1.3449542226753692
9631,9561.82685517403,9630.379434222035,1.1925568717670103
9632,9562.595160265602,9631.275461759824,0.8960275377885409
9633,9563.767484768305,9632.642691516328,1.3672297565044573
9634,9564.941586598357,9634.012017013538,1.369325497209502
9635,9565.719270210826,9634.919022521155,0.9070055076172139
9636,9565.998473754089,9635.244657595038,0.32563507388294965
9637,9567.084762807113,9636.511608784178,1.2669511891399452
9638,9567.68066864288,9637.206628827716,0.6950200435385341
9639,9568.92013674961,9638.652270740686,1.4456419129692222
9640,9569.757583804238,9639.629033663445,0.9767629227590078
9641,9570.282928700379,9640.241779745798,0.6127460823536239
9642,9571.225835960802,9641.341569201362,1.0997894555639505
9643,9571.87299312137,9642.096409807978,0.7548406066161988
9644,9573.170828778937,9643.610219274537,1.5138094665580866
9645,9574.260212103278,9644.880909315889,1.2706900413522817
9646,9575.159596766069,9645.92999397182,1.0490846559314377
9647,9575.627693113065,9646.476008930855,0.5460149590344372
9648,9576.504120426487,9647.498334805894,1.0223258750393143
9649,9577.462720728043,9648.616527596034,1.1181927901398012
9650,9578.082268990222,9649.339229421208,0.7227018251742265
9651,9578.752937349978,9650.121569928531,0.7823405073231697
9652,9579.449577446087,9650.934214606725,0.8126446781934646
9653,9581.125284055393,9652.888993079456,1.95477847273105
9654,9581.813931393477,9653.692341139427,0.8033480599715404
9655,9582.531012948883,9654.528867775989,0.8365266365617572
9656,9583.488437066879,9655.645784419752,1.1169166437630338
9657,9584.16333528716,9656.433119728312,0.7873353085597046
9658,9585.143063862839,9657.576083157794,1.1429634294818243
9659,9586.255233920485,9658.873573767498,1.297490609704255
9660,9586.572222390227,9659.243385688495,0.3698119209966535
9661,9587.581534661284,9660.420902436836,1.177516748341077
9662,9588.5624223678,9661.565273797172,1.1443713603366632
9663,9588.897946175894,9661.956722716164,0.391448918991955
9664,9589.946539842007,9663.180108027127,1.2233853109628399
9665,9591.313819408708,9664.775328877044,1.5952208499165863
9666,9592.130272134988,9665.727908488092,0.9525796110483498
9667,9593.20518049366,9666.982052817226,1.254144329133851
9668,9593.910165406047,9667.804601094476,0.822548277250462
9669,9594.431429784407,9668.412796882301,0.608195787825025
9670,9594.988285872661,9669.062524999103,0.6497281168012705
9671,9595.993695246838,9670.235628799372,1.1731038002690184
9672,9597.3402462298,9671.806800225871,1.571171426499859
9673,9597.61834209473,9672.131289478039,0.32448925216704083
9674,9598.76616977242,9673.470617262217,1.3393277841787494
9675,9599.449375097212,9674.267816873218,0.7971996110009059
9676,9601.023594442615,9676.104727579805,1.8369107065864227
9677,9601.374051672794,9676.513671505909,0.4089439261042571
9678,9601.972952765043,9677.212526014826,0.6988545089170657
9679,9603.387320427235,9678.862967738602,1.650441723775657
9680,9604.113455998882,9679.71031648207,0.8473487434675917
9681,9604.831331501784,9680.548034899983,0.8377184179134929
9682,9605.509080556902,9681.3389359542,0.7909010542171018
9683,9606.208589671676,9682.155237949026,0.8163019948260626
9684,9606.948842119687,9683.019094778245,0.863856829219003
9685,9608.036444605874,9684.288317227078,1.2692224488328065
9686,9609.580310488152,9686.090028657556,1.8017114304784627
9687,9610.210766394499,9686.825790197538,0.7357615399814676
9688,9610.802823321588,9687.516744934632,0.6909547370942164
9689,9611.665887777872,9688.523986981261,1.0072420466294716
9690,9612.606349754926,9689.621570087022,1.09758310576035
9691,9613.167963417456,9690.277018420798,0.6554483337768033
9692,9614.252323364499,9691.54256850526,1.2655500844612106
9693,9614.790927447397,9692.17117738206,0.6286088768010814
9694,9616.080125100234,9693.67582916306,1.5046517809987563
9695,9616.576304356222,9694.254938542359,0.5791093792995525
9696,9617.711563455023,9695.57995724982,1.325018707460913
9697,9618.147803718693,9696.08912114958,0.5091638997600967
9698,9619.66265755698,9697.857228359,1.7681072094201227
9699,9620.711570046185,9699.081520358013,1.2242919990130758
9700,9621.165759368627,9699.611656363093,0.5301360050798394
9701,9621.757407603287,9700.302241413232,0.6905850501389068
9702,9622.960401194608,9701.706420290102,1.4041788768699917
9703,9623.378434431064,9702.194369840467,0.4879495503646467
9704,9624.134944535434,9703.07741406899,0.8830442285234312
9705,9625.222075594958,9704.346395592574,1.2689815235844435
9706,9626.015526809157,9705.2725841449,0.9261885523246747
9707,9627.410922590327,9706.90144249101,1.6288583461100643
9708,9628.224711924471,9707.851401135764,0.949958644754588
9709,9628.81417604542,9708.539505633493,0.6881044977290003
9710,9629.72436646565,9709.602017751296,1.0625121178036352
9711,9630.301966897596,9710.276287561517,0.6742698102207214
9712,9631.28020929021,9711.41826485252,1.1419772910030588
9713,9632.562265478027,9712.914931205529,1.4966663530085498
9714,9633.111145441411,9713.55569939115,0.6407681856217096
9715,9633.589919581047,9714.11462937246,0.5589299813091202
9716,9634.275150158082,9714.914587090178,0.7999577177179162
9717,9635.651739530143,9716.521680225213,1.6070931350350293
9718,9636.586190719116,9717.61261894169,1.090938716477467
9719,9637.636829868488,9718.83922021559,1.226601273900087
9720,9638.333970206399,9719.653128394557,0.8139081789668126
9721,9639.40037227257,9720.898163491613,1.2450350970557338
9722,9639.941632652452,9721.53009759199,0.6319341003782029
9723,9640.66762444503,9722.377717514046,0.8476199220549461
9724,9641.27192764064,9723.083268527535,0.70555101348873
9725,9642.172583672367,9724.134835921644,1.0515673941099521
9726,9643.651510536876,9725.861596607987,1.726760686342459
9727,9643.850300727234,9726.093702173242,0.23210556525555148
9728,9645.268004100863,9727.749018269758,1.6553160965158895
9729,9646.033601387988,9728.642946497706,0.8939282279479812
9730,9646.68212024231,9729.400178938688,0.7572324409811699
9731,9647.77687428721,9730.67846634976,1.278287411072597
9732,9648.593127494622,9731.63157567107,0.9531093213099666
9733,9649.697627600657,9732.921277957968,1.2897022868983186
9734,9649.853790958861,9733.10362835552,0.18235039755199978
9735,9650.999123887981,9734.441034498319,1.3374061427984998
9736,9651.871456186811,9735.459672107887,1.0186376095680316
9737,9652.538464027652,9736.238557239281,0.7788851313944178
9738,9653.014874566616,9736.79488065561,0.5563234163291781
9739,9654.96334535877,9739.070225960711,2.2753453051009274
9740,9655.670242556973,9739.895727361003,0.8255014002916141
9741,9656.509156429003,9740.87540606516,0.9796787041577772
9742,9657.00607367616,9741.455708585008,0.5803025198474643
9743,9657.625816863727,9742.17945357317,0.7237449881613429
9744,9658.780678230383,9743.528134136808,1.3486805636384815
9745,9659.637116337266,9744.528321563546,1.0001874267381936
9746,9660.202999377105,9745.189192180665,0.6608706171191443
9747,9661.371533562067,9746.553890008776,1.3646978281103657
9748,9661.95783604131,9747.238624467707,0.6847344589314162
9749,9663.085768151968,9748.555936516539,1.317312048831809
9750,9663.881076548494,9749.484789885755,0.9288533692160854
9751,9665.039454448803,9750.837696558308,1.3529066725532175
9752,9665.485661646611,9751.358842139502,0.5211455811931955
9753,9666.807212489644,9752.902360414662,1.54351827516075
9754,9667.564227300301,9753.786536244557,0.8841758298949571
9755,9668.135428970978,9754.453692859825,0.6671566152672312
9756,9668.70012812391,9755.113259892974,0.6595670331498695
9757,9669.745616207287,9756.334400908932,1.2211410159579827
9758,9670.162113845694,9756.820879517847,0.48647860891469463
9759,9671.94951272671,9758.908634025624,2.0877545077764808
9760,9672.494340342317,9759.5450252698,0.6363912441756838
9761,9673.396190895943,9760.598451394872,1.053426125072292
9762,9674.547299394771,9761.943048116436,1.3445967215648125
9763,9675.122226685426,9762.614622296478,0.6715741800417163
9764,9675.734272080006,9763.329560213046,0.7149379165675782
9765,9676.482970442665,9764.20413255776,0.8745723447136697
9766,9677.762490773552,9765.69879199621,1.4946594384509808
9767,9678.441444797378,9766.491916580379,0.7931245841682539
9768,9679.309646020158,9767.506122562174,1.014205981795385
9769,9679.806168479681,9768.08615040837,0.5800278461956623
9770,9680.762833610206,9769.203719370598,1.1175689622286882
9771,9681.933181545262,9770.570931429893,1.3672120592946158
9772,9683.097742918038,9771.931405918896,1.3604744890035363
9773,9683.867021673073,9772.830111975618,0.898706056721494
9774,9684.589585901778,9773.674252878796,0.8441409031784133
9775,9685.308004229366,9774.513558809296,0.8393059304999042
9776,9685.960000518484,9775.275273266257,0.7617144569612719
9777,9686.93890170551,9776.418917410023,1.143644143765414
9778,9687.63565037452,9777.232934120051,0.814016710028227
9779,9688.452504117911,9778.187280647844,0.9543465277929499
9780,9689.424900299013,9779.323364799791,1.136084151947216
9781,9691.007692604953,9781.172629109304,1.849264309512364
9782,9691.345099412727,9781.566845574764,0.39421646545997646
9783,9692.129608962687,9782.483451325505,0.9166057507409278
9784,9692.775465087983,9783.238064687623,0.754613362118107
9785,9694.16001879274,9784.855789736936,1.6177250493128668
9786,9694.810249048604,9785.615535499765,0.7597457628289703
9787,9695.587265123237,9786.52343017859,0.9078946788249596
9788,9696.340584322437,9787.40364600275,0.8802158241596771
9789,9696.969092912941,9788.138033997906,0.7343879951567942
9790,9697.964078699752,9789.300649688143,1.1626156902366347
9791,9698.735918071114,9790.202535634013,0.9018859458701627
9792,9699.909751127412,9791.574165585796,1.3716299517836887
9793,9701.268636037585,9793.162057813825,1.5878922280280676
9794,9701.750955885438,9793.725668338288,0.5636105244630016
9795,9702.343670704515,9794.418285140899,0.6926168026111554
9796,9703.640136866694,9795.933290545729,1.5150054048299353
9797,9703.83738824714,9796.163794085984,0.23050354025508568
9798,9704.480325775092,9796.915120894495,0.7513268085112941
9799,9705.87621598749,9798.546359851185,1.6312389566901402
9800,9706.802865517515,9799.629261236072,1.082901384887009
9801,9707.41464704485,9800.34420921994,0.7149479838681145
9802,9708.186078193508,9801.245737741432,0.9015285214918549
9803,9709.502438605256,9802.784117201416,1.5383794599838438
9804,9710.185679567854,9803.582605665217,0.7984884638008225
9805,9711.156381036051,9804.717055963338,1.1344502981210098
9806,9711.887312336947,9805.571299160545,0.8542431972073246
9807,9712.668956896418,9806.484820893229,0.9135217326838756
9808,9713.803909573426,9807.811277853585,1.326456960356154
9809,9714.476372679776,9808.597217820023,0.7859399664375815
9810,9714.689105558251,9808.845850506526,0.2486326865036972
9811,9715.654426519524,9809.97408384443,1.128233337904021
9812,9716.864893947728,9811.38885736054,1.4147735161095625
9813,9718.217323919807,9812.969582643127,1.580725282587082
9814,9719.003948229436,9813.889005899206,0.9194232560785167
9815,9719.58460540928,9814.567696885364,0.6786909861584718
9816,9720.464454076306,9815.59610312782,1.0284062424561853
9817,9721.104473046971,9816.344193721221,0.7480905934007751
9818,9721.996753309983,9817.387152860334,1.0429591391130089
9819,9723.058455125076,9818.628160656312,1.2410077959775663
9820,9723.73731326519,9819.421677724606,0.7935170682940225
9821,9724.373873216513,9820.165759305897,0.7440815812915389
9822,9725.549128994302,9821.539545494687,1.3737861887893814
9823,9726.187902553736,9822.286233537785,0.746688043098402
9824,9727.403728478152,9823.70747969182,1.4212461540355434
9825,9727.88033535186,9824.264618420184,0.5571387283634976
9826,9729.496025752605,9826.153338294765,1.8887198745815112
9827,9730.11958617859,9826.882283284143,0.728944989377851
9828,9730.576904308751,9827.416894312195,0.5346110280515859
9829,9731.372827729494,9828.347347623985,0.9304533117901883
9830,9732.006893644666,9829.088593096496,0.7412454725108546
9831,9733.303859799551,9830.60481286475,1.516219768254814
9832,9733.610464090427,9830.96325298189,0.35844011713925283
9833,9734.855515621142,9832.418814016812,1.4555610349216295
9834,9736.090792315415,9833.862972561607,1.4441585447948455
9835,9736.730369148972,9834.610709858503,0.7477372968969576
9836,9737.8555829495,9835.926227652977,1.3155177944736351
9837,9738.240421320168,9836.376157317978,0.4499296650010365
9838,9739.02107219875,9837.288854377955,0.9126970599772903
9839,9740.135575736946,9838.59189214195,1.3030377639952349
9840,9741.076087748448,9839.691521013016,1.0996288710648514
9841,9741.65797210635,9840.371856445357,0.6803354323419626
9842,9742.623564743646,9841.500833325144,1.1289768797869328
9843,9743.232096252092,9842.21233995034,0.7115066251953976
9844,9743.733762360303,9842.7989020639,0.5865621135599213
9845,9745.639066617381,9845.02667480413,2.227772740230648
9846,9746.440268750825,9845.963496313385,0.9368215092545142
9847,9746.825728279777,9846.414206258913,0.4507099455277057
9848,9748.002697060167,9847.79042680122,1.3762205423081468
9849,9748.63928222325,9848.534790360889,0.7443635596682725
9850,9749.482254346998,9849.520493842785,0.9857034818960528
9851,9750.074742139965,9850.213308131588,0.6928142888027651
9852,9750.773005612462,9851.029816547772,0.8165084161846607
9853,9751.983307432256,9852.44509147503,1.4152749272579968
9854,9753.034700475617,9853.674564713625,1.2294732385944371
9855,9753.717213061294,9854.472687847994,0.7981231343692343
9856,9754.68049929017,9855.599157701216,1.1264698532213515
9857,9755.49511224822,9856.551780393318,0.9526226921025227
9858,9756.380104702497,9857.586718373203,1.0349379798844893
9859,9757.260899468929,9858.616760130746,1.0300417575435858
9860,9758.307454097416,9859.840665516644,1.223905385897524
9861,9758.81466516659,9860.433835780765,0.5931702641209995
9862,9759.592246659127,9861.343205428433,0.9093696476684272
9863,9760.270891381359,9862.136878096415,0.7936726679818094
9864,9761.363189250922,9863.414332468466,1.2774543720515794
9865,9761.887569295264,9864.027607608967,0.6132751405002637
9866,9763.294099801655,9865.672601182596,1.6449935736291081
9867,9764.416349965642,9866.985140679013,1.3125394964172301
9868,9765.298077292486,9868.016388558975,1.0312478799623932
9869,9765.798045051539,9868.601144911085,0.5847563521092525
9870,9766.23875474344,9869.116597109882,0.5154521987969929
9871,9767.289858684195,9870.345976626912,1.2293795170298836
9872,9768.168596164698,9871.37376877963,1.0277921527176659
9873,9769.341847581769,9872.74605101506,1.372282235430248
9874,9769.963460333971,9873.473123480224,0.7270724651643832
9875,9770.298585892204,9873.865107377416,0.3919838971924037
9876,9771.872279801797,9875.70582305974,1.8407156823232071
9877,9772.654168675863,9876.620396540433,0.9145734806934342
9878,9773.284337854802,9877.357511115122,0.737114574689258
9879,9774.703617455914,9879.017678954195,1.6601678390725283
9880,9775.088283540137,9879.467638412156,0.4499594579610857
9881,9776.251533919407,9880.82835403042,1.3607156182642939
9882,9776.730381885562,9881.388494274943,0.5601402445226995
9883,9777.692679375588,9882.514168799167,1.1256745242244506
9884,9778.148806606654,9883.04774170804,0.533572908872884
9885,9778.880763275067,9883.903984112,0.856242403959186
9886,9780.31332942509,9885.579824235421,1.675840123421949
9887,9781.383732402814,9886.832021551007,1.252197315585363
9888,9782.385525671763,9888.003973559848,1.17195200884089
9889,9782.61081633975,9888.267533030707,0.2635594708590361
9890,9783.722534561652,9889.568104389691,1.3005713589845982
9891,9784.68067756339,9890.689028068362,1.1209236786708061
9892,9785.381062853276,9891.508412550693,0.8193844823308609
9893,9785.900034116523,9892.115564942904,0.6071523922109918
9894,9787.276920186632,9893.726426172547,1.6108612296429783
9895,9787.953486118466,9894.517972696372,0.7915465238256729
9896,9788.477759390458,9895.131349943822,0.6133772474495345
9897,9789.402370599819,9896.213116302397,1.081766358574896
9898,9790.364384932043,9897.33865790514,1.1255416027433967
9899,9791.983400038898,9899.232914021231,1.8942561160911282
9900,9792.246728932381,9899.541014227965,0.3081002067337977
9901,9793.549999292021,9901.065883872694,1.524869644728824
9902,9793.647618792525,9901.180103044639,0.1142191719445691
9903,9794.761051811067,9902.482880320404,1.3027772757650382
9904,9795.420031375645,9903.253931792264,0.7710514718601189
9905,9796.201811061876,9904.168677013633,0.9147452213692304
9906,9797.293024611317,9905.445501388753,1.2768243751197588
9907,9798.034191396093,9906.312748551009,0.8672471622558078
9908,9799.096192514176,9907.555422942365,1.2426743913565588
9909,9800.348712492729,9909.021051817277,1.4656288749119994
9910,9800.831815354952,9909.586358594339,0.5653067770617781
9911,9801.52759848898,9910.400541595971,0.8141830016320455
9912,9802.247218201908,9911.242625663592,0.8420840676208172
9913,9803.78272436747,9913.03947125256,1.7968455889676989
9914,9804.33938674675,9913.690885671676,0.651414419116918
9915,9804.771010774444,9914.195981853964,0.5050961822871614
9916,9805.672191920603,9915.250574126005,1.0545922720411909
9917,9806.373069561852,9916.070773659972,0.8201995339677524
9918,9807.415268673012,9917.290418155679,1.219644495706234
9919,9808.5794268412,9918.652807364595,1.3623892089162837
9920,9809.662905147587,9919.920798427907,1.2679910633123654
9921,9810.291826875666,9920.65683217403,0.736033746123212
9922,9811.323107614278,9921.863764811162,1.2069326371311035
9923,9812.026190727496,9922.686609768869,0.8228449577072752
9924,9812.268979445575,9922.970756519378,0.2841467505095352
9925,9813.488974531114,9924.39858708624,1.427830566861303
9926,9814.292509387762,9925.339023428452,0.9404363422127062
9927,9815.145409875073,9926.337247478827,0.9982240503741195
9928,9816.280725472368,9927.666024938311,1.3287774594846269
9929,9816.937616013127,9928.434861534462,0.7688365961512318
9930,9817.66581607033,9929.287168257282,0.852306722819776
9931,9818.915101401564,9930.749388504895,1.4622202476130042
9932,9819.703209234134,9931.671838692087,0.9224501871922257
9933,9820.652109742503,9932.782503936392,1.1106652443049825
9934,9821.399312628915,9933.657097230074,0.8745932936817553
9935,9821.902829739243,9934.246463931757,0.589366701682593
9936,9823.078061393204,9935.622088389737,1.3756244579799386
9937,9823.702895700078,9936.353474461832,0.7313860720951197
9938,9824.29534670968,9937.046960818652,0.6934863568203582
9939,9825.0340702251,9937.91167265165,0.8647118329972727
9940,9826.946695210843,9940.150534367642,2.2388617159922433
9941,9827.54783222736,9940.85421965247,0.7036852848286799
9942,9828.155753564819,9941.56585255067,0.711632898199241
9943,9828.97328730527,9942.522867225776,0.9570146751066204
9944,9829.93347333592,9943.646886180302,1.1240189545260364
9945,9830.307902371358,9944.08520667651,0.4383204962068703
9946,9831.760429334101,9945.785610016006,1.7004033394969156
9947,9832.237602064833,9946.344220597108,0.558610581101675
9948,9833.139694319809,9947.400280701635,1.0560601045272051
9949,9833.898350380037,9948.288433317934,0.888152616298612
9950,9834.670764972763,9949.192702508764,0.9042691908307461
9951,9836.112660501276,9950.88076183561,1.6880593268451776
9952,9836.485906520356,9951.31773477491,0.4369729393001762
9953,9837.756654900435,9952.805463871464,1.487729096554176
9954,9838.631071530686,9953.82920261088,1.0237387394154212
9955,9839.435359540705,9954.770847947992,0.941645337112277
9956,9840.0382496889,9955.476707302198,0.7058593542060407
9957,9840.729469971686,9956.28599016277,0.8092828605731484
9958,9841.1655654245,9956.796576053091,0.5105858903207263
9959,9842.6616646852,9958.548250741618,1.7516746885266912
9960,9843.426278643088,9959.443496037744,0.8952452961257222
9961,9844.269014987098,9960.43022157837,0.9867255406261393
9962,9845.514484924075,9961.888512445967,1.4582908675965882
9963,9846.234022220622,9962.73101283136,0.8425003853935777
9964,9846.883790560718,9963.491828502285,0.7608156709247851
9965,9847.700262244547,9964.447847286014,0.9560187837287231
9966,9848.563597129893,9965.458750605347,1.0109033193330106
9967,9849.559686381093,9966.625114744858,1.1663641395116429
9968,9850.340915387203,9967.539900915497,0.914786170638763
9969,9851.16811571531,9968.508528311153,0.968627395655858
9970,9851.623956975882,9969.04230982238,0.5337815112270619
9971,9852.55223672661,9970.129318265723,1.087008443342711
9972,9853.637530407183,9971.400206462782,1.270888197059321
9973,9855.04580374647,9973.049334966372,1.6491285035899637
9974,9856.03138699954,9974.203500297543,1.1541653311705886
9975,9856.177060904494,9974.374092768177,0.17059247063480143
9976,9856.910175667164,9975.232617267728,0.8585244995501853
9977,9858.164581111083,9976.701626782502,1.4690095147743705
9978,9858.732414135968,9977.366613209459,0.6649864269566024
9979,9859.381159522505,9978.126362070734,0.7597488612755114
9980,9860.360205325467,9979.272940210776,1.1465781400420383
9981,9861.363515492229,9980.44795083489,1.175010624114293
9982,9862.37901319693,9981.63725124225,1.1893004073590419
9983,9863.480482964545,9982.927256668543,1.2900054262936465
9984,9863.698339983146,9983.182406014172,0.2551493456285243
9985,9864.78982909805,9984.460745573782,1.2783395596106857
9986,9866.12199398397,9986.020987887128,1.5602423133459524
9987,9866.51526810941,9986.481599204186,0.4606113170575554
9988,9867.44422559854,9987.56962458106,1.088025376873702
9989,9868.27445268734,9988.542025464427,0.9724008833672997
9990,9868.714659330642,9989.057620629648,0.5155951652213844
9991,9869.812878325987,9990.343931070613,1.286310440964371
9992,9870.332258556597,9990.9522720806,0.6083410099872708
9993,9872.000623378131,9992.90642813806,1.9541560574598407
9994,9872.558666059604,9993.560073660778,0.6536455227178521
9995,9873.802220903648,9995.016690081466,1.4566164206880785
9996,9874.323957629042,9995.627824778203,0.611134696737281
9997,9875.218994098846,9996.676233193159,1.048408414955702
9998,9875.600956248754,9997.123651665723,0.4474184725640953
9999,9876.479017063784,9998.15219345704,1.0285417913164565
10000,9877.782654005501,9999.679269000871,1.527075543832325
