14.134725142
21.022039639
25.010857580
30.424876126
32.935061588
37.586178159
40.918719012
43.327073281
48.005150881
49.773832478
52.970321478
56.446247697
59.347044003
60.831778525
65.112544048
67.079810529
69.546401711
72.067157674
75.704690699
77.144840069
79.337375020
82.910380854
84.735492981
87.425274613
88.809111208
92.491899271
94.651344041
95.870634228
98.831194218
101.317851006
103.725538040
105.446623052
107.168611184
111.029535543
111.874659177
114.320220915
116.226680321
118.790782866
121.370125002
122.946829294
124.256818554
127.516683880
129.578704200
131.087688531
133.497737203
134.756509753
138.116042055
139.736208952
141.123707404
143.111845808
146.000982487
147.422765343
150.053520421
150.925257612
153.024693811
156.112909294
157.597591818
158.849988171
161.188964138
163.030709687
165.537069188
167.184439978
169.094515416
169.911976479
173.411536520
174.754191523
176.441434298
178.377407776
179.916484020
182.207078484
184.874467848
185.598783678
187.228922584
189.416158656
192.026656361
193.079726604
195.265396680
196.876481841
198.015309676
201.264751944
202.493594514
204.189671803
205.394697202
207.906258888
209.576509717
211.690862595
213.347919360
214.547044783
216.169538508
219.067596349
220.714918839
221.430705555
224.007000255
224.983324670
227.421444280
229.337413306
231.250188700
231.987235253
233.693404179
236.524229666
237.769820481
239.555477573
241.049157796
242.823271934
244.070898497
247.136990075
248.101990060
249.573689645
251.014947795
253.069986748
255.306256455
256.380713694
258.610439492
259.874406990
260.805084505
263.573893905
265.557851839
266.614973782
267.921915083
269.970449024
271.494055642
273.459609188
275.587492649
276.452049503
278.250743530
279.229250928
282.465114765
283.211185733
284.835963981
286.667445363
287.911920501
289.579854929
291.846291329
293.558434139
294.965369619
295.573254879
297.979277062
299.840326054
301.649325462
302.696749590
304.864371341
305.728912602
307.219496128
310.109463147
311.165141530
312.427801181
313.985285731
315.475616089
317.734805942
318.853104256
321.160134309
322.144558672
323.466969558
324.862866052
327.443901262
329.033071680
329.953239728
331.474467583
333.645378525
334.211354833
336.841850428
338.339992851
339.858216725
341.042261111
342.054877510
344.661702940
346.347870566
347.272677584
349.316260871
350.408419349
351.878649025
353.488900489
356.017574977
357.151302252
357.952685102
359.743754953
361.289361696
363.331330579
364.736024114
366.212710288
367.993575482
368.968438096
370.050919212
373.061928372
373.864873911
375.825912767
376.324092231
378.436680250
379.872975347
381.484468617
383.443529450
384.956116815
385.861300846
387.222890222
388.846128354
391.456083564
392.245083340
393.427743844
395.582870011
396.381854223
397.918736210
399.985119876
401.839228601
402.861917764
404.236441800
405.134387460
407.581460387
408.947245502
410.513869193
411.972267804
413.262736070
415.018809755
415.455214996
418.387705790
419.861364818
420.643827625
422.076710059
423.716579627
425.069882494
427.208825084
428.127914077
430.328745431
431.301306931
432.138641735
433.889218481
436.161006433
437.581698168
438.621738656
439.918442214
441.683199201
442.904546303
444.319336278
446.860622696
447.441704194
449.148545685
450.126945780
451.403308445
453.986737807
454.974683769
456.328426689
457.903893064
459.513415281
460.087944422
462.065367275
464.057286911
465.671539211
466.570286931
467.439046210
469.536004559
470.773655478
472.799174662
473.835232345
475.600339369
476.769015237
478.075263767
478.942181535
481.830339376
482.834782791
483.851427212
485.539148129
486.528718262
488.380567090
489.661761578
491.398821594
493.314441582
493.957997805
495.358828822
496.429696216
498.580782430
500.309084942
501.604446965
502.276270327
504.499773313
505.415231742
506.464152710
508.800700336
510.264227944
511.562289700
512.623144531
513.668985555
515.435057167
517.589668572
518.234223148
520.106310412
521.525193449
522.456696178
523.960530892
525.077385687
527.903641601
528.406213852
529.806226319
530.866917884
532.688183028
533.779630754
535.664314076
537.069759083
538.428526176
540.213166376
540.631390247
541.847437121
544.323890101
545.636833249
547.010912058
547.931613364
549.497567563
550.970010039
552.049572201
553.764972119
555.792020562
556.899476407
557.564659172
559.316237029
560.240807497
562.559207616
564.160879111
564.506055938
566.698787683
567.731757901
568.923955180
570.051114782
572.419984132
573.614610527
575.093886014
575.807247141
577.039003472
579.098834672
580.136959362
581.946576266
583.236088219
584.561705903
585.984563205
586.742771891
588.139663266
590.660397517
591.725858065
592.571358300
593.974714682
595.728153697
596.362768328
598.493077346
599.545640364
601.602136736
602.579167886
603.625618904
604.616218494
606.383460422
608.413217311
609.389575155
610.839162938
611.774209621
613.599778676
614.646237872
615.538563369
618.112831366
619.184482598
620.272893672
621.709294528
622.375002740
624.269900018
626.019283428
627.268396851
628.325862359
630.473887438
630.805780927
632.225141167
633.546858252
635.523800311
637.397193160
637.925513981
638.927938267
640.694794669
641.945499666
643.278883781
644.990578230
646.348191596
647.761753004
648.786400889
650.197519345
650.668683891
653.649571605
654.301920586
655.709463022
656.964084599
658.175614419
659.663845973
660.716732595
662.296586431
664.244604652
665.342763096
666.515147704
667.148494895
668.975848820
670.323585206
672.458183584
673.043578286
674.355897810
676.139674364
677.230180669
677.800444746
679.742197883
681.894991533
682.602735020
684.013549814
684.972629862
686.163223588
687.961543185
689.368941362
690.474735032
692.451684416
693.176970061
694.533908700
695.726335921
696.626069900
699.132095476
700.296739132
701.301742955
702.227343146
704.033839296
705.125813955
706.184654800
708.269070885
709.229588570
711.130274180
711.900289914
712.749383470
714.082771821
716.112396454
717.482569703
718.742786545
719.697100988
721.351162219
722.277504976
723.845821045
724.562613890
727.056403230
728.405481589
728.758749796
730.416482123
731.417354919
732.818052715
734.789643252
735.765459209
737.052928912
738.580421171
739.909523674
740.573807447
741.757335573
743.895013142
745.344989551
746.499305899
747.674563624
748.242754465
750.655950362
750.966381067
752.887621567
754.322370472
755.839308976
756.768248440
758.101729246
758.900238225
760.282366984
762.700033250
763.593066173
764.307522724
766.087540100
767.218472156
768.281461807
769.693407253
771.070839314
772.961617566
774.117744628
775.047847097
775.999711963
777.299748530
779.157076949
780.348925004
782.137664391
782.597943946
784.288822612
785.739089701
786.461147451
787.468463816
790.059092364
790.831620468
792.427707609
792.888652563
794.483791870
795.606596156
797.263470038
798.707570166
799.654336211
801.604246463
802.541984878
803.243096204
804.762239113
805.861635667
808.151814936
809.197783363
810.081804886
811.184358847
812.771108389
814.045913608
814.870539626
816.727737714
818.380668866
819.204642171
820.721898444
821.713454133
822.197757493
824.526293872
826.039287377
826.905810954
828.340174300
829.437010968
830.895884053
831.799777659
833.003640909
834.651915148
836.693576188
837.347335060
838.249021993
839.465394810
841.036389829
842.041354207
844.166196607
844.805993976
846.194769928
847.971717640
848.489281181
849.862274349
850.645448466
853.163112583
854.095511720
855.286710244
856.484117491
857.310740603
858.904026466
860.410670896
861.171098213
863.189719772
864.340823930
865.594664327
866.423739904
867.693122612
868.670494229
870.846902326
872.188750822
873.098978971
873.908389235
875.985285109
876.600825833
877.654698341
879.380951970
880.834648848
882.386696627
883.430331839
884.198743115
885.272304480
886.852801963
888.475566674
889.735294294
890.813132113
892.386433260
893.119117567
894.886292321
895.397919675
896.632251556
899.221522668
899.858884608
900.849739861
902.243207587
903.099674443
904.702902722
905.829940758
907.656729469
908.333543645
910.186334057
911.234951486
912.331045600
912.823999247
914.730096958
916.355000809
917.825377570
918.836535244
919.448344440
921.156395507
922.500629307
923.285719802
924.773483933
926.551552785
927.850858986
928.663659329
929.874092851
931.009211337
931.852740746
934.385306837
934.995424864
936.228649379
937.532925712
939.024300899
939.660940615
941.156999642
942.052341643
944.188035810
945.333562503
946.765842205
947.079183096
948.346646255
950.151612685
951.033248734
952.727988620
954.129719270
954.829308938
956.675479343
957.510052596
958.414593390
959.459168807
961.669572474
963.182086671
963.567040192
965.055579624
966.110754818
967.371153766
968.636301906
970.125610557
971.071491486
973.185361294
973.873078993
974.774635066
976.178502421
976.917202117
978.766671535
980.578000640
981.288615302
982.396485169
983.575076006
985.186928656
986.130515110
986.756008408
988.992622371
990.223917804
991.374294148
992.728696337
993.214580957
994.404590571
996.205336164
997.511934752
998.827547137
999.791571557
1001.349482638
1002.404305488
1003.267808179
1004.675044121
1005.543420304
1008.006704307
1008.795709901
1009.806590747
1010.569757011
1012.410042516
1013.058638098
1014.689632622
1016.060178943
1017.266402364
1018.605572519
1019.912439744
1020.917475017
1021.544344500
1022.885270912
1025.265724198
1025.707944371
1027.467693516
1028.128964255
1029.227297444
1030.897368791
1031.833180297
1032.812883035
1034.612915530
1036.195917358
1037.024707646
1038.087752241
1039.077401437
1040.264037938
1041.621528015
1043.623954350
1044.514975829
1045.107042353
1047.089817484
1047.987147490
1048.953785195
1049.996284257
1051.576571843
1053.245785158
1054.781039478
1055.002146476
1056.688847364
1057.100043660
1059.133769107
1060.139518562
1061.501304465
1062.915381508
1064.071551072
1065.121855106
1066.463223469
1067.418860121
1067.990000079
1070.535041997
1071.618623215
1072.543998011
1073.570353165
1074.747771044
1076.266625594
1076.924056066
1078.647198481
1079.809965429
1081.171002343
1082.952749723
1083.295466514
1084.183264310
1085.647831209
1086.911998990
1088.755724675
1089.795337924
1090.863191026
1091.728472967
1093.440873272
1094.284457524
1095.433084759
1096.401917795
1098.841015467
1099.360667179
1100.574460622
1101.839111169
1102.551779900
1103.732297175
1105.617188831
1106.774371676
1107.774531955
1109.158918857
1110.444142994
1111.443504765
1112.432995408
1113.397595115
1115.065359462
1116.787253881
1117.965919669
1118.684134861
1119.473247426
1121.155937676
1122.458621357
1123.101117388
1125.314729398
1125.763442429
1127.658023527
1128.430224614
1129.728996777
1130.391597896
1131.495085562
1133.708625669
1134.885654592
1135.562213975
1136.929293481
1138.151589780
1138.992341820
1140.721848172
1141.261022964
1142.858659608
1144.782299519
1145.485327517
1146.576814925
1147.501776523
1148.615277209
1149.982601028
1151.562814724
1152.943128531
1153.890303716
1154.697519535
1156.621567834
1157.432314576
1158.001609027
1159.480657019
1161.396644634
1162.487528602
1163.701031683
1164.737586351
1165.271227706
1166.943613410
1168.086271610
1169.698356885
1170.463638578
1172.120681866
1173.305687764
1174.232766856
1175.215452396
1176.632875810
1177.106304422
1179.701223502
1180.653543787
1181.267318152
1182.582270347
1183.712775296
1185.155842847
1185.875358695
1187.345161493
1188.856444298
1189.963636498
1191.482605926
1192.218611478
1193.324021427
1193.857427135
1196.034671749
1197.071786659
1198.686569105
1199.356513708
1200.532692031
1201.810334857
1203.137350861
1203.855247594
1204.985492171
1206.870499794
1208.471459950
1208.989484168
1209.898030088
1211.416115893
1212.113153066
1213.598372680
1215.389975065
1216.183722033
1217.174482498
1219.050028177
1219.614471311
1220.816347691
1221.692242483
1222.952484095
1225.018330024
1225.855020761
1227.231827641
1227.917141614
1228.793154363
1230.584603154
1231.562273878
1232.529587041
1234.277816653
1235.502548527
1236.399017466
1237.977298514
1238.457232796
1239.490807147
1240.813471785
1243.078076398
1243.538146526
1244.851433967
1245.655866188
1247.372561970
1248.063061053
1249.159887953
1250.672397276
1251.659832004
1253.673577852
1254.431328422
1255.408230645
1256.181214198
1257.541219413
1258.779233489
1260.344548316
1261.611717161
1262.556614000
1263.676732844
1264.957223007
1266.179037761
1267.200345612
1267.570571779
1270.118921886
1271.134299632
1272.083959599
1273.261144633
1274.196220889
1275.092030316
1276.842171556
1277.763091986
1279.332843317
1280.155794409
1281.828726960
1283.000491387
1283.335032139
1284.854795155
1285.695023331
1287.410026617
1289.165351533
1290.104771520
1290.417708073
1291.945870968
1293.493981557
1294.118474378
1295.365363505
1296.801110992
1298.256527068
1299.405171251
1300.490018982
1301.495516681
1302.346742379
1303.273200229
1305.401672188
1306.508393313
1307.267242108
1308.988196518
1309.421532493
1311.056570511
1311.966940608
1313.031599369
1314.052565652
1316.212112603
1317.072986035
1318.171279132
1318.947880597
1319.931082878
1321.628138552
1322.258067123
1324.224978719
1325.237624359
1325.981969630
1327.635281108
1329.043517997
1329.205018785
1330.429937120
1331.827591385
1333.673522610
1334.747329052
1335.694974526
1336.690184653
1337.688791810
1338.923164599
1340.426400457
1341.166272253
1342.608507884
1344.156044004
1345.477106261
1345.731413255
1347.519471751
1348.017238019
1349.085194014
1351.296206374
1352.210465159
1353.483338358
1353.886781972
1355.680595321
1356.605655710
1357.771742829
1358.460160399
1360.393144762
1361.393074714
1363.022328603
1363.879190797
1364.576584897
1365.493733551
1367.104090970
1368.330193308
1369.686949077
1370.973522768
1371.686553553
1373.202914562
1374.154798659
1375.302392345
1376.161779994
1377.177633642
1379.683283029
1380.148578442
1381.073977149
1382.345662978
1383.297591008
1384.444415848
1385.663777011
1387.326647663
1387.921454127
1389.565831798
1390.705490286
1391.853200443
1392.644027789
1393.433401741
1394.884184676
1396.544163124
1397.834623321
1398.837675201
1399.839472941
1400.426946297
1402.564347250
1402.973747641
1404.006292171
1405.666975059
1407.085142776
1408.136307496
1409.320681080
1410.024810726
1411.257056816
1411.965653462
1413.843148789
1415.585784795
1415.781581303
1417.102822934
1418.696963852
1419.422480946
1420.416526324
1421.850567187
1422.461310988
1424.463045670
1425.873469245
1426.645979682
1427.365671109
1428.592305876
1429.650477276
1431.218313673
1432.049740893
1433.821940737
1434.584942168
1435.692907383
1437.226721624
1438.006284842
1438.949552747
1439.622793078
1441.960987505
1442.911059581
1444.041930706
1445.072278459
1445.830084780
1447.226227100
1448.323853516
1449.488771281
1450.773561858
1451.835297999
1453.737596757
1454.226011260
1455.312091240
1456.167797608
1457.539001668
1458.393777369
1460.688270535
1461.245443345
1462.266123266
1463.286891190
1464.696903298
1465.889557614
1466.505621108
1467.703989586
1469.347649878
1470.966589127
1471.388764527
1473.020132324
1473.745649186
1474.203221566
1476.092127038
1477.435191148
1478.441395973
1479.759918706
1480.766879018
1481.964684210
1483.032959958
1484.143580882
1484.817883231
1486.171349028
1488.116337976
1489.252466946
1489.970892205
1490.670693815
1492.180090544
1493.330835421
1494.155368614
1495.768832979
1497.065505572
1497.747360933
1499.640824747
1500.351951517
1501.119324922
1502.346063292
1503.090933127
1505.261529655
1506.152986138
1507.407505164
1508.253031030
1509.280419363
1510.391797446
1511.923005459
1512.589764705
1513.589765540
1515.708343587
1516.435989719
1517.719806254
1518.414791487
1519.741009494
1520.273622220
1521.901909065
1523.486047149
1524.724892161
1525.227837234
1526.552311910
1528.040930429
1529.034456729
1529.369975365
1531.020742970
1532.222326939
1533.886977913
1535.042277471
1535.769502395
1536.620701824
1537.651062168
1539.302854856
1540.030270140
1541.742248763
1542.496522923
1544.118670055
1544.834608228
1546.091197786
1547.297581121
1547.806563802
1548.871348179
1551.273845326
1552.006872838
1552.736105330
1554.156519110
1554.921285165
1556.162987498
1557.394507018
1558.339152852
1559.781154391
1560.876475778
1562.410153180
1563.385400958
1564.177940460
1564.915788262
1566.266415602
1567.623450717
1569.022477804
1570.509277867
1571.045381486
1571.845352088
1573.806563330
1574.230915430
1575.638154952
1576.161352363
1578.118826946
1579.514055068
1580.372081625
1581.363551773
1582.329486944
1583.394693435
1584.234848066
1586.293210750
1587.004342107
1588.163404029
1589.357945950
1590.835904321
1591.293884374
1592.637167039
1593.584808189
1594.442689656
1596.484492410
1597.715895944
1598.420798550
1599.619348950
1600.048044903
1601.911946229
1602.815404794
1603.655202996
1605.521646647
1606.293418127
1607.556905212
1608.836295305
1610.003264190
1610.253823163
1611.437141270
1613.078855451
1614.710627852
1615.574608719
1616.398394842
1617.734684841
1618.537517832
1619.952501261
1620.774310821
1622.098751698
1622.977767699
1625.021856658
1625.987020164
1626.399919312
1627.755441276
1628.715316857
1629.658668955
1631.194814552
1632.798183571
1633.512516890
1634.516822662
1635.718366326
1637.089190173
1637.994643586
1638.599658304
1639.821235730
1641.899819009
1642.489779822
1644.152065960
1644.713745775
1645.573760363
1646.624866593
1648.270598223
1649.118535409
1650.416988983
1651.732693341
1652.671065900
1654.205896759
1654.726652393
1655.822775677
1657.114236400
1657.567101179
1660.019980338
1660.860056833
1661.836892884
1662.377202549
1664.057265418
1664.968004486
1665.877640414
1667.241125052
1668.368229327
1669.669728452
1671.047182433
1671.984259334
1672.963370831
1673.687445334
1674.648462097
1676.362486324
1677.691227142
1678.630368091
1680.077946717
1680.504770113
1681.812320174
1683.273289261
1684.171656837
1684.558863253
1686.421121948
1688.080142693
1688.933868510
1689.703154256
1691.051559917
1691.515192892
1693.053020930
1694.017564653
1695.832554474
1696.654997440
1697.342514287
1699.229547188
1699.966817267
1700.820303245
1701.825550997
1702.923249764
1704.291412427
1706.256032432
1706.615665035
1707.912312493
1708.512116178
1709.780842299
1711.137603259
1712.155397654
1713.055341728
1714.717145255
1715.825283040
1716.769983717
1717.974485066
1718.954152499
1719.724469322
1720.498070948
1722.844661740
1723.532822631
1724.733958738
1725.638628020
1726.605700740
1728.166506761
1728.644486480
1730.023872545
1731.014193762
1732.430169859
1733.840825021
1735.175466021
1735.624715343
1736.305662733
1737.893884787
1738.783237589
1740.169115680
1741.779167809
1742.467680721
1743.426436859
1744.721511938
1746.097498596
1746.595456627
1747.781695528
1748.563987381
1750.822818490
1751.617794946
1752.511511141
1753.661355243
1754.763369874
1755.169694068
1757.046518461
1757.984077033
1759.240085647
1760.215166243
1761.854899939
1762.497688871
1763.719121496
1764.591476849
1765.400493992
1766.676243599
1768.295971136
1769.940952052
1770.243677312
1771.212944984
1772.328000364
1773.894915511
1774.660430990
1775.341987574
1777.255860224
1778.041734762
1779.552270809
1780.665228493
1781.355637723
1782.439067320
1783.084829520
1784.607946397
1786.342201179
1787.049273087
1788.215123480
1789.242179964
1790.449562370
1791.254409819
1792.616102735
1793.525390652
1794.178482007
1796.465140537
1797.376335671
1798.147067458
1799.231647210
1800.024724020
1801.309636945
1802.301283491
1803.796843813
1804.904160975
1806.289667019
1806.578391751
1808.714431865
1809.119273788
1810.108892988
1810.873719159
1812.420077002
1814.024140348
1814.973082363
1816.338611220
1816.758023365
1817.710608563
1819.260334099
1820.187882187
1821.305708365
1822.427671440
1823.766265896
1825.213676893
1825.915683615
1826.795455271
1828.211270500
1828.621091758
1829.832529710
1831.936379902
1832.984940244
1833.273239033
1834.721559749
1835.883754438
1836.827672516
1838.086943306
1838.640288708
1840.195563473
1841.478582571
1842.875955279
1843.771057743
1844.759043650
1845.417534146
1846.353253421
1848.330980622
1848.722760911
1850.601184048
1851.400361995
1852.342204733
1853.519342921
1854.855632116
1855.592934937
1856.389179154
1857.498074815
1859.495271569
1860.541388109
1861.379671547
1862.121464929
1863.425464845
1864.353981336
1865.367433794
1866.836547019
1868.085190999
1868.706745684
1870.421471768
1871.416043098
1872.441566428
1872.865667638
1874.508361413
1874.913774010
1877.095064167
1878.022251483
1879.153303090
1880.082325419
1880.611766480
1882.321974797
1883.408724270
1884.005778350
1885.198075130
1887.053894807
1887.808841417
1888.938182637
1890.348128614
1890.612128588
1891.678510540
1892.867701336
1894.558537572
1895.697155654
1896.585494347
1897.513692860
1898.829372819
1900.006144829
1900.571884272
1901.891305751
1902.805059207
1904.089325323
1906.102756198
1906.597678004
1907.332780124
1908.433063045
1909.465930026
1910.733659616
1911.704690943
1913.182489776
1914.352300052
1915.054629333
1916.606371840
1917.344704042
1918.786498910
1919.207778398
1919.937457371
1922.101625622
1923.280837936
1924.055831101
1925.231987975
1926.211583080
1926.820092795
1928.417518550
1929.487560181
1930.258387180
1931.760069437
1932.875754550
1934.416436369
1934.907943434
1935.924848804
1936.873093814
1937.968633498
1939.050029151
1940.977326706
1941.822862216
1942.633568692
1943.367947449
1945.153796306
1945.922716949
1946.609945362
1947.917047738
1949.030030074
1950.743201553
1951.536695873
1952.850129212
1953.448556325
1954.418588175
1955.315809284
1956.848164578
1958.314403555
1958.851883463
1960.418845269
1961.359277880
1962.233571849
1963.621184573
1964.357390938
1965.377829505
1966.117658574
1968.471602019
1969.047617547
1970.305009517
1970.855547580
1971.970312805
1973.182663406
1974.347201910
1975.080610302
1977.173943698
1977.271446200
1978.801448168
1980.371772287
1980.910043091
1981.748768897
1982.663279195
1983.923804622
1985.416540175
1986.757107716
1987.873473361
1988.251876807
1989.702002708
1990.478352526
1992.001706394
1992.784987875
1993.577493138
1995.168739612
1996.796176966
1997.390914060
1998.279006926
1999.545764176
2000.434515302
2000.929620689
2002.896408374
2004.139669233
2005.077848124
2005.900934886
2007.125180170
2008.418240330
2009.176634123
2010.153324768
2011.020705074
2012.538935477
2013.872097714
2015.186728609
2016.029638032
2016.800075656
2017.386767252
2019.264600216
2019.884367140
2021.196042769
2022.545617685
2023.572911777
2024.488262158
2025.878906202
2026.738258912
2027.573317056
2028.582459354
2029.385479551
2031.750550691
2032.420780856
2033.017892746
2034.554828789
2035.077440096
2036.527526483
2037.217111094
2038.841738251
2039.443218740
2040.839119673
2042.344586251
2043.217116563
2044.121593292
2045.037320860
2045.802760432
2047.098336346
2048.454094066
2049.847525606
2050.906055385
2051.718388196
2052.407790192
2054.059916898
2055.180267326
2055.572602899
2056.620866690
2058.450651119
2059.448021744
2060.868247208
2061.367059202
2062.572650920
2063.283559498
2064.304867700
2065.832672282
2066.985229378
2068.345638527
2068.669941083
2070.504717593
2071.377083170
2071.990454815
2073.397603716
2074.171064902
2075.028065545
2077.117570137
2078.155484639
2078.939288115
2079.567628462
2080.910343458
2081.799686564
2083.300276859
2083.779992550
2085.389813692
2086.580318534
2087.473340988
2088.712281199
2090.036206757
2090.447550027
2091.221580661
2092.473218110
2094.335917469
2095.138256660
2096.346529979
2097.371606357
2097.951922200
2099.311651265
2100.593745237
2101.135489459
2102.535100215
2103.390454809
2105.372206592
2105.994704339
2107.172362432
2107.617911408
2108.938384889
2109.963143181
2110.822371848
2112.907087523
2113.483966448
2114.396137326
2115.506602795
2116.900056068
2117.722399441
2118.618646217
2119.456428469
2120.691562592
2122.465151175
2123.344042303
2124.370368738
2125.512400029
2125.958784840
2126.975711193
2128.752290554
2129.406080228
2130.555102283
2132.080620993
2132.798516468
2134.154933985
2134.950772504
2136.086897525
2136.967470548
2137.509940526
2139.380759985
2140.949362639
2141.710035960
2142.355043196
2143.374444181
2144.895337431
2145.505753734
2146.625894476
2147.785367346
2149.151849383
2149.910639858
2151.776885116
2152.390226597
2153.011964165
2154.263623952
2154.935345848
2156.394727256
2157.856489565
2158.878072291
2159.902286017
2160.853062328
2161.692172189
2163.107122286
2164.049720356
2165.011437174
2165.503949023
2167.693444255
2168.890615852
2169.263829283
2170.787074973
2171.396361926
2172.250962828
2173.528296969
2174.745020803
2176.204119466
2176.939451699
2178.004209155
2179.232185030
2180.495318259
2181.252367011
2181.725783030
2183.330584017
2184.103190761
2185.965528321
2187.085690959
2187.798455878
2188.558763203
2189.497072903
2191.093363046
2191.778017401
2192.826770540
2194.231530050
2195.231687681
2196.715977667
2197.258747040
2198.687512684
2199.302965321
2200.351020913
2200.915953026
2203.277453731
2203.906364584
2204.997801755
2205.855761246
2207.172161915
2207.802741337
2209.153744400
2210.208014989
2210.850941099
2212.343568400
2213.700256248
2214.949925632
2215.820565691
2216.296375888
2217.469375116
2218.521006913
2219.799815698
2220.852158849
2222.636604588
2223.055057919
2223.777772507
2225.564645117
2226.332734406
2227.246229377
2227.970573882
2229.127958910
2230.898690856
2231.977154074
2232.924853869
2233.720222250
2234.814934531
2235.546662136
2236.773643845
2238.154799519
2239.167743960
2240.021209470
2241.536186524
2242.621180159
2243.373668419
2244.370701700
2245.565286531
2246.016558178
2247.364431251
2249.550198574
2249.770766553
2251.046641942
2251.845318339
2252.678432674
2254.562246994
2254.759079001
2255.824565572
2257.346384683
2258.501847291
2259.517842057
2260.890259417
2261.660064449
2262.674430648
2262.878305381
2264.676399706
2265.768446115
2267.384501068
2267.879175337
2269.226998262
2269.919103217
2271.326282468
2272.049015701
2273.347534053
2273.956289146
2275.068664776
2277.079317757
2278.012628393
2278.525942156
2279.507305841
2280.870719853
2281.356483615
2282.690375138
2284.056011459
2285.222242365
2286.149814141
2287.046158671
2288.578849446
2289.336284710
2290.241458211
2291.097663612
2291.928901252
2293.896145106
2294.687918412
2296.115091188
2296.998522473
2297.372647580
2298.612363366
2299.961577620
2301.234125799
2301.454840352
2303.295481983
2304.305138670
2305.508356789
2306.517733070
2307.355553370
2308.210284635
2309.370358240
2309.931122384
2312.047996450
2313.190914171
2313.689359967
2314.621182114
2316.049454720
2316.962494505
2317.851531864
2318.826035336
2320.088523204
2320.949531629
2322.812632607
2323.534274241
2324.512455232
2325.557096492
2325.903015928
2327.376855820
2328.634875101
2329.705723406
2331.013110290
2331.942707806
2332.987765433
2333.720863374
2335.531712574
2335.867153806
2336.621036786
2337.761730159
2339.615683896
2340.826726707
2341.324596186
2342.654041658
2343.259158955
2344.311216236
2345.570483634
2346.464119530
2347.934254642
2348.843423633
2349.730054258
2351.455046928
2352.195701503
2352.750870075
2353.912135852
2354.951081235
2355.810813978
2357.608315920
2358.904705198
2359.434859076
2360.314285090
2361.342541642
2362.718317923
2363.495617654
2364.751176089
2365.191515064
2367.249219843
2367.957701823
2369.220577767
2370.093390284
2371.100747930
2371.938137795
2372.440347260
2374.444230718
2375.543967037
2376.355463516
2377.755407914
2378.212961680
2379.726502950
2380.545657219
2381.500123710
2382.530830566
2383.356013916
2384.965071641
2386.430937110
2387.299084122
2387.813568556
2388.748207635
2389.955988114
2391.260549872
2391.754982337
2393.630593292
2394.485367856
2395.270169995
2396.603878763
2397.791643762
2398.558311383
2399.433832906
2400.152356522
2401.482998376
2403.418798445
2403.975315149
2404.921593490
2406.253988718
2406.732851182
2407.715910422
2409.441502352
2409.881602683
2411.126193381
2412.222935837
2413.976123195
2414.379879801
2415.576893466
2416.534054628
2417.278087422
2418.229443267
2419.507917163
2421.142943993
2422.152084925
2422.996230123
2423.504146889
2425.124760213
2426.193437542
2426.907064294
2427.640896949
2429.185595990
2430.265812636
2431.611135096
2432.727569299
2433.705896805
2433.916873238
2435.348894365
2436.191600375
2437.794076108
2438.671790794
2439.927127219
2440.826160291
2441.929836550
2443.033560058
2443.775436396
2445.154381015
2445.744952101
2446.398523306
2448.988312286
2449.231032009
2450.503650580
2451.181708310
2452.283365741
2453.257485812
2454.300561842
2455.482288384
2456.514551841
2457.907999090
2458.546799837
2460.013579466
2461.202295375
2461.731628648
2462.464294914
2463.569667295
2464.927816361
2466.183097013
2467.640860784
2468.186816301
2469.336263892
2469.781485032
2471.539297742
2472.336417589
2473.107124735
2474.237849734
2475.539353861
2477.021755096
2478.014854025
2478.397597583
2479.977351981
2480.433606985
2481.356767280
2482.683411519
2484.503238275
2485.087590537
2485.785620712
2487.333836443
2488.113831754
2489.261157452
2490.051090516
2491.105516422
2491.907473934
2493.489295449
2494.866177828
2495.846840419
2496.485336703
2497.648465247
2497.969973967
2499.862042821
2500.564386412
2501.577744672
2503.185227212
2504.008933659
2504.772152511
2506.305351937
2507.151885648
2507.871039580
2508.766046104
2509.652997441
2511.660189787
2512.538220985
2513.579517021
2514.259859060
2515.286482925
2516.571049143
2517.146931880
2518.552852041
2519.634252640
2520.402323518
2521.885175646
2523.263480156
2523.967055819
2524.642045796
2525.687993325
2526.868810059
2527.418791161
2529.378043463
2530.273672274
2531.543961220
2531.969384082
2533.067317099
2534.408614098
2535.505886074
2536.091884921
2536.867485223
2538.559826936
2539.998407119
2540.531661937
2541.998729154
2542.687650515
2543.343955089
2544.290953657
2545.878017730
2546.761141283
2548.181615394
2548.895987575
2549.996484492
2551.411141993
2551.880445960
2553.275677996
2553.723069201
2555.050875291
2555.832350747
2558.009105943
2558.752211368
2559.234296597
2560.263289514
2561.405635748
2562.426113338
2563.501718904
2564.332107854
2565.975270478
2566.557557897
2567.958599725
2569.043090173
2569.948111597
2570.958525662
2571.540774148
2572.368208186
2574.207163950
2575.404511997
2576.141011184
2577.519835533
2578.070129925
2578.971298336
2580.346111565
2581.398140582
2582.138733931
2583.003294535
2584.758402442
2585.772739404
2586.925178957
2587.591000924
2588.368210424
2589.579264554
2590.371692926
2591.549378448
2593.275876807
2594.023618335
2594.905011552
2595.687530139
2597.546141488
2597.979353418
2598.598768320
2600.121355062
2600.641952319
2602.412300558
2603.628781118
2604.573564824
2605.368075916
2606.243664548
2607.003639114
2608.364899649
2609.552086741
2610.444520939
2611.543670381
2612.956807037
2613.731929438
2614.737136165
2615.847707268
2616.902118244
2617.335046935
2618.292915478
2620.279393694
2621.429055213
2622.048696798
2622.994507976
2624.050603855
2624.909501777
2626.460502230
2626.710471396
2628.098026524
2629.604139511
2629.994800764
2632.043116637
2632.443658949
2633.676399940
2633.966543434
2635.217331617
2636.432585995
2637.510683358
2639.062573045
2640.054245884
2640.462942829
2641.801744784
2642.755759063
2643.970900958
2644.887867143
2645.395567279
2646.689940173
2648.577429284
2649.325653552
2650.058544458
2651.227331332
2652.160775242
2652.770642827
2653.897069746
2655.615772326
2656.238998498
2657.537760758
2658.341557630
2659.658316021
2660.610245803
2661.582573758
2662.183573436
2663.393945622
2664.235489083
2666.030101479
2666.982849071
2668.291859037
2668.663651401
2669.253744888
2670.998998582
2671.918382669
2672.603779588
2673.874618711
2675.271759130
2676.066490230
2677.246193893
2678.538156522
2679.025281596
2680.039021548
2680.843117133
2681.841051456
2683.882275551
2684.529156904
2685.377113427
2686.496160151
2687.489939808
2688.385081596
2689.423275981
2690.633186856
2691.318382840
2692.368718959
2694.102820613
2695.208957969
2695.750049240
2696.695372582
2697.857558217
2698.290961321
2699.942027500
2700.731207011
2702.433544848
2703.143657511
2703.981714245
2704.955737551
2706.528247327
2707.090764646
2708.117069229
2708.476524961
2710.368359824
2711.458227864
2712.786687335
2713.525289303
2714.367906689
2715.339871631
2716.025049050
2717.665774871
2718.308652474
2719.770998978
2720.493474900
2721.798775617
2723.086082744
2723.768928850
2724.523924437
2725.882989203
2726.479701034
2727.274459432
2729.395041669
2730.492891807
2730.797702080
2732.004049914
2732.830123557
2734.200782968
2734.938856084
2736.000479107
2736.922048440
2738.266444164
2739.513547296
2740.311109421
2741.878852421
2742.254107878
2742.993068160
2743.953469810
2745.321831898
2746.714798952
2747.514097998
2748.916191066
2749.643649789
2750.314083410
2751.823671459
2752.715502494
2753.487796417
2754.458663083
2755.416876191
2757.301868214
2758.278103328
2758.858670969
2759.898613920
2760.657151540
2762.082880143
2762.444580468
2764.041846252
2765.407691146
2766.157035590
2766.887269747
2768.664523888
2769.144698796
2770.279093643
2771.017392143
2771.896293662
2773.029713424
2774.670010732
2775.725707342
2776.619160308
2777.512125203
2778.289695300
2779.127539134
2780.771118379
2781.656070228
2781.989239655
2783.943665287
2784.705283876
2786.043335739
2786.702566351
2787.932021259
2788.796278015
2789.197561121
2790.493080791
2792.113378557
2793.301469241
2794.238093335
2794.653824665
2796.034761604
2797.174539352
2797.972901230
2798.798140177
2800.067444818
2800.937603116
2802.224801536
2803.864955138
2804.418935676
2805.205300363
2806.002732417
2807.132318371
2808.153501198
2809.291652245
2810.724634083
2811.460992226
2812.861997588
2813.201488028
2814.656757981
2815.838653993
2816.337954815
2817.458907317
2817.949462161
2820.488842022
2820.660841054
2821.891930075
2822.923026217
2823.866992057
2824.281884122
2825.872656690
2826.712170375
2828.029973946
2828.851526591
2830.087545290
2831.128425437
2832.416550858
2833.138035852
2833.658717233
2834.980248463
2835.775847745
2837.014472081
2838.812881529
2839.485753395
2840.285754911
2840.920672973
2842.332641081
2843.469837885
2844.198986963
2845.025433610
2846.390776213
2847.535935530
2848.770308555
2849.797086647
2850.471888197
2851.678938036
2852.303726568
2852.926214765
2854.832394232
2855.853721193
2856.816133544
2857.736139808
2858.857860356
2859.838748954
2860.577436498
2862.120208234
2862.506966278
2863.363589552
2864.911426759
2866.493209756
2867.149356094
2868.224163663
2868.657629194
2869.843456575
2870.909506375
2872.023511114
2872.858555183
2874.569154073
2875.282119166
2875.889914340
2877.546649154
2878.527002624
2879.119907547
2879.868973937
2880.978994738
2882.153646391
2884.013657553
2884.346757790
2885.773055403
2886.308874640
2887.224885507
2888.394382456
2889.404168048
2890.642626362
2891.280078215
2892.462624017
2894.174448737
2894.746550356
2895.641103862
2896.825405168
2897.428300567
2898.541353180
2899.177779837
2901.263850362
2902.065102481
2902.855785529
2903.957879043
2904.598196022
2906.176417597
2906.923339343
2907.605736911
2908.658045520
2910.028233435
2911.142903665
2912.345904726
2913.522785867
2914.044611072
2914.802702224
2915.685975327
2917.274173441
2917.982416702
2919.321772327
2920.615555992
2921.083198937
2922.396084557
2923.390932357
2924.333434994
2925.261509119
2926.295436226
2926.624014686
2928.761073847
2930.004366372
2930.711168697
2931.069101110
2932.806414416
2933.174857162
2934.290717836
2935.552463706
2936.550374849
2937.708958982
2938.581220351
2939.847529163
2941.261601535
2941.425217756
2942.724885865
2943.353684960
2944.321648794
2945.944499286
2946.922394896
2948.374261865
2948.867577209
2949.790143026
2950.521108352
2952.283829639
2952.827176584
2953.589030994
2954.711275291
2956.258730424
2957.236259247
2958.290776254
2959.221014235
2960.033617812
2960.814839266
2961.825970575
2962.819636335
2964.633921495
2965.398341584
2966.065269746
2967.270190426
2968.405348995
2969.401136656
2970.049930111
2971.122238125
2972.308884109
2972.811686391
2975.018020413
2975.619957166
2976.526232137
2977.553574913
2977.981978513
2979.319042212
2980.487381007
2981.343947482
2982.523719896
2983.825333267
2984.639177804
2985.547666235
2986.805393383
2987.856151502
2988.634699667
2988.855046367
2990.423270574
2992.163668675
2992.868866378
2993.974353093
2994.865507047
2995.540266916
2996.736506016
2997.647203114
2998.959301098
2999.494492995
3001.023331163
3001.707332456
3003.477042853
3004.290975917
3004.662308408
3005.772929285
3006.990738365
3007.468699216
3008.882120872
3010.514962129
3011.344380181
3012.074694786
3012.788450549
3014.459082207
3014.911666503
3016.348394170
3016.700060813
3017.783440192
3019.461775780
3020.487633897
3021.420400693
3022.447483793
3023.338509068
3023.930996074
3024.793963871
3026.510826908
3027.299522807
3028.401522529
3029.499388370
3030.594529651
3031.289217468
3032.756029360
3033.218123973
3034.360907192
3035.074103948
3036.133113238
3037.980383590
3039.033651044
3039.521601572
3040.500427565
3041.256803550
3042.653049854
3043.670541622
3044.055127982
3046.050030225
3046.454504219
3047.708817641
3048.922632490
3050.019676757
3050.801233316
3051.342383341
3052.476848524
3053.348265937
3054.986520867
3056.242923310
3056.765138113
3058.013703010
3058.901494693
3059.437861758
3061.062700118
3061.837584445
3062.726873165
3063.435086485
3065.286555585
3066.320250404
3067.071320241
3068.013501342
3068.984266186
3069.782904780
3070.542621550
3072.000993378
3073.185237780
3074.523494285
3075.033872877
3075.833479242
3077.427473307
3078.286226918
3078.897379147
3079.871394643
3080.856382342
3082.163163759
3083.361357990
3084.838451504
3085.377268994
3085.965522259
3087.018815359
3088.083437042
3089.222308945
3090.282194903
3091.154469698
3092.687667040
3093.185445718
3094.833068430
3095.132031239
3096.515485513
3097.342606531
3098.038354973
3098.758089849
3101.079373087
3101.657370790
3102.436089123
3103.589916060
3104.362546342
3105.391402370
3106.396352646
3107.484255857
3108.303596266
3109.533099790
3110.557200380
3111.920727714
3112.840737859
3113.755213669
3114.473416204
3115.002672414
3116.720450816
3117.269723387
3118.955013666
3119.957556604
3120.986214976
3121.337219763
3122.610128875
3124.150225164
3124.525922646
3125.374441472
3126.450116435
3127.693012373
3129.468612610
3129.796205505
3130.877663730
3131.861090216
3132.698331366
3133.398883823
3134.635445901
3136.015560752
3137.175172667
3137.613495212
3139.049508498
3140.138494141
3141.001174828
3141.748032543
3142.979456728
3143.567499184
3144.490488146
3146.283528376
3147.344606626
3148.379041870
3148.861228784
3149.771738699
3150.824652722
3152.151059466
3152.994559996
3153.596976530
3155.312108218
3156.300357950
3156.905761454
3158.578287708
3159.265204660
3159.804097579
3161.061912578
3161.402435208
3163.311959558
3164.350531321
3165.540597894
3166.139586714
3167.121094757
3168.197515714
3169.179764608
3170.014131566
3171.343958069
3171.837774346
3173.011633917
3174.815385976
3175.528722744
3176.480343516
3176.915636009
3178.371705005
3178.902595536
3180.011213373
3181.328501713
3182.839446920
3183.205673346
3184.451499960
3185.214344580
3186.545869430
3187.646162708
3188.055482329
3188.877460715
3190.168661962
3191.706256363
3192.681791618
3193.557208472
3194.786707379
3195.326699929
3195.793895634
3197.547165657
3198.430125768
3199.248977114
3200.663270231
3201.424866361
3202.778286501
3203.630891153
3204.557410188
3205.497580563
3206.228893304
3207.270062357
3208.086133892
3210.352420540
3210.670388299
3211.618832523
3212.319227343
3213.606498798
3214.667562488
3215.325298904
3216.491524692
3217.430804778
3218.659983744
3219.639171306
3221.198341683
3221.609476301
3222.813840823
3223.372566375
3224.213706520
3225.366715965
3227.044102375
3227.525149515
3229.016311630
3229.981066960
3230.336636732
3231.741347918
3232.738713125
3233.913360603
3234.306591245
3235.154617182
3237.087579532
3237.998236327
3239.090434563
3239.767314075
3240.605747278
3241.595312938
3242.568307582
3243.501652711
3244.884157091
3246.040157816
3246.841676162
3247.570503534
3249.308085747
3249.906446318
3250.613324267
3251.510637744
3252.723990907
3253.369017244
3255.142076593
3256.346612818
3256.941943205
3257.831340013
3258.706714275
3259.539730686
3261.192124421
3261.535312602
3262.718968695
3263.784940489
3265.198771601
3266.153786420
3266.803954480
3268.188517856
3268.909408589
3269.516785360
3270.310803458
3272.019397611
3273.363032965
3274.059953012
3274.863567638
3276.124154985
3276.694554681
3278.059478289
3278.986193732
3279.489509640
3280.976418714
3281.706690821
3283.239124300
3284.499863132
3285.202828752
3285.682259710
3286.718540342
3287.773091993
3288.936972845
3289.724306536
3291.385725928
3292.222642049
3292.856716098
3293.975869246
3295.266663233
3296.021754765
3296.873142163
3297.836842311
3298.357878622
3300.450576192
3301.413776304
3302.017097666
3303.317261842
3303.813719206
3305.076177241
3305.472088699
3307.221711602
3308.045402223
3308.832877513
3310.235706774
3311.155306118
3312.349459451
3313.199876673
3313.842662273
3315.015013828
3315.619742541
3316.752453418
3318.387470170
3319.412648993
3320.476699682
3320.887941461
3321.663572699
3323.490923180
3323.875124914
3324.925684146
3325.691627038
3327.338441751
3327.988269208
3329.465583948
3330.290400360
3331.299404161
3331.892288244
3332.700898576
3333.781382961
3335.045996424
3336.575968429
3337.044211897
3338.150407356
3339.256673695
3340.117152697
3340.972263638
3342.211554859
3343.051722278
3343.604908510
3344.852255868
3346.848430817
3347.397830991
3347.936001611
3349.301027927
3349.856252115
3350.803704025
3352.153804097
3352.845364543
3354.278231280
3355.483680306
3355.880578183
3357.198154118
3358.402699623
3359.359283067
3359.852404381
3360.584153298
3361.887588621
3363.233878349
3364.355763554
3365.600957469
3366.120883811
3367.055542540
3367.769443868
3369.183728555
3370.061651747
3370.997536143
3371.922445601
3373.160140925
3374.427471990
3375.379955756
3376.298386044
3376.820970848
3378.258956963
3378.780608495
3379.460192668
3381.634647447
3382.296714922
3383.348489576
3383.871212415
3385.177310828
3386.166295750
3387.149564459
3387.808777785
3389.091880157
3389.648879041
3391.481233732
3392.147572631
3393.651785893
3394.137666351
3394.991106311
3395.614850938
3396.890066311
3398.271677189
3398.841197220
3400.322476549
3401.387450697
3402.000441415
3403.008864820
3404.362761573
3405.132918695
3405.809942805
3406.679482812
3407.728314290
3409.578736852
3410.424565212
3411.223633497
3411.855830276
3413.219036005
3413.710819477
3415.006415298
3415.806623573
3417.201725528
3418.194842709
3418.744246675
3420.540582987
3421.307537318
3421.882420408
3423.128594192
3423.611394671
3424.728989863
3425.830917736
3427.431811006
3428.345014649
3429.077161459
3430.158809529
3430.611618680
3432.026366532
3433.306331160
3433.769710164
3434.432930181
3436.183607570
3437.219161607
3438.212616154
3439.112430154
3440.229299589
3440.844025771
3441.467977670
3442.683392445
3444.036570702
3445.277432469
3446.015386158
3447.158925421
3447.700517605
3449.497002715
3449.685001064
3450.723487593
3451.940669428
3452.569816772
3453.677893918
3455.488799435
3456.258614559
3457.184172895
3457.573598858
3458.665410625
3460.046064019
3460.484230469
3461.915971198
3462.896732402
3464.083832160
3464.977695252
3465.827155727
3467.204403986
3467.909471078
3468.775551367
3469.551913133
3470.214108961
3472.249018221
3473.168763395
3473.814882020
3475.219106733
3475.717792819
3476.519931771
3477.700190285
3479.049830179
3479.465965313
3480.682915951
3481.776396694
3483.057856801
3484.159388046
3484.884585353
3485.691497728
3486.534339669
3487.539477843
3488.455776622
3489.665123316
3491.550561368
3491.811099965
3492.414435580
3493.720613083
3494.816408482
3495.988931968
3496.350361364
3497.372960542
3498.576136539
3499.686553821
3501.145919590
3501.897095233
3502.775867949
3503.636215792
3504.588927775
3504.992627195
3506.860778987
3507.545273797
3508.772500867
3509.636408038
3510.845083645
3511.731091113
3512.473586843
3513.877573874
3514.366752244
3515.416808850
3515.901814499
3518.026445239
3518.868409209
3519.870186740
3520.491665966
3521.365040903
3522.382212894
3523.635835724
3524.215220738
3525.386566637
3526.670256711
3527.615207051
3528.351824583
3529.955744346
3530.835046798
3531.201023964
3532.038508847
3533.328243396
3534.062588280
3535.772576943
3536.633250706
3537.708013056
3538.500568907
3539.089936527
3540.456758807
3541.357522375
3542.340883918
3543.322306535
3543.816796287
3545.699212171
3546.864134595
3547.314781396
3548.351252964
3549.458356776
3550.065059226
3550.853298372
3552.080209750
3553.840680597
3554.165034789
3555.534145072
3556.065234536
3557.427102353
3558.349345038
3559.265664700
3560.019248824
3560.776183334
3562.162435083
3563.215121486
3564.760770714
3565.396422887
3566.284910776
3566.916683895
3567.733251749
3569.343132086
3570.008671365
3570.822916555
3572.513965628
3573.079804301
3574.100016309
3575.493155747
3575.955379644
3577.205283986
3577.981184111
3578.410382619
3579.750102615
3581.585338242
3582.394916620
3582.923042186
3583.945574775
3585.206278713
3585.684448662
3586.840745006
3587.968813668
3588.859444520
3589.745006545
3590.983471293
3592.405889080
3593.028558840
3594.227274785
3594.469272698
3595.779063754
3596.421772540
3597.802641295
3598.948560206
3600.166323797
3601.104013685
3601.791282752
3602.418894263
3604.248053633
3604.754984018
3605.494474972
3606.359317624
3607.574809645
3609.283333034
3609.700266169
3611.101631552
3611.910994677
3612.324192687
3613.549021241
3614.327814642
3615.606268125
3616.840689134
3617.802842397
3618.452558516
3619.885723507
3620.705570450
3621.886132366
3622.179274502
3623.558468473
3624.437503557
3624.881726598
3627.060315519
3627.949114791
3628.610375056
3629.407217612
3630.363425045
3631.308684289
3632.478178336
3633.440157775
3634.056193093
3635.673633428
3636.439638357
3637.540657718
3638.553707679
3639.679806518
3640.362976494
3641.010538146
3641.707123241
3643.479573648
3644.403358342
3645.632116644
3646.450894370
3647.284261680
3648.158454686
3649.166164132
3650.302043571
3651.253106163
3651.783523375
3653.088326196
3654.211437503
3655.905726441
3656.334529766
3656.892829633
3658.129372194
3658.921689551
3659.907500748
3660.735665815
3662.368949297
3663.448288855
3664.002007105
3664.878137729
3666.237025973
3667.307339233
3667.735638946
3669.030191157
3669.423746309
3670.731997269
3672.349351295
3673.159176144
3674.087608956
3675.262610130
3675.662484246
3676.368938137
3677.893295663
3678.847783057
3679.818311650
3680.583983908
3682.418731436
3682.571730549
3683.971024204
3684.859893088
3685.974442142
3686.271337181
3687.538413760
3688.177027972
3690.184258111
3691.039162253
3691.756939721
3692.647653927
3693.370984735
3694.791126718
3695.672790133
3696.121982634
3697.585963645
3698.547362767
3699.430292631
3700.838316760
3702.050756988
3702.460155933
3703.347476076
3704.209894383
3705.129228188
3706.294721356
3707.579055361
3708.658452869
3709.582271723
3710.371491777
3711.404818176
3712.170139467
3713.583581051
3714.424676840
3714.739333590
3715.846459035
3717.751095917
3718.498355474
3719.483495399
3720.182048933
3721.296040000
3722.058836768
3722.627320553
3724.388127501
3724.882319990
3726.517718265
3727.105295973
3727.938465956
3729.472791702
3730.187320676
3731.075159248
3731.652937303
3732.847475613
3733.671696807
3735.007644637
3736.462855617
3737.426702785
3737.847779332
3738.588055468
3739.831690660
3740.875153687
3741.925079349
3742.485013547
3743.859616212
3744.846671965
3746.135972513
3746.840953103
3747.997127045
3748.752860723
3749.672707911
3750.303158431
3751.164644510
3753.186449130
3753.946989066
3754.507321883
3755.922818842
3756.524972712
3757.481439850
3758.696426296
3759.359216676
3760.582729133
3761.085334952
3762.475079096
3763.999842698
3764.644280170
3765.746026064
3766.455967532
3766.872421484
3768.338640156
3769.293394313
3770.105497899
3771.728992762
3772.512331217
3773.467327741
3773.941580305
3775.752711840
3776.258807342
3777.143244334
3777.833370602
3778.839373785
3780.226486451
3781.668646123
3782.390575662
3783.126649464
3784.265550345
3784.865105100
3785.791018601
3786.935697906
3788.263664870
3788.800050332
3790.041776673
3791.020914405
3792.560247672
3792.872479502
3793.790990276
3795.021653416
3795.808588148
3796.139177933
3797.854055843
3799.298497077
3800.132426403
3800.877635579
3801.590617176
3802.640239733
3803.829200466
3804.790840394
3805.434646755
3806.297896755
3808.093049896
3808.459507837
3809.874248313
3811.184712334
3811.428221765
3812.544754399
3812.978308902
3814.327017462
3815.531819858
3816.602598128
3817.768707914
3818.505533966
3819.414498548
3820.438313369
3821.438059667
3822.371913386
3823.148110408
3824.418553125
3824.541037159
3826.947627238
3827.576335686
3828.339520520
3829.144810487
3830.161823923
3831.034679120
3831.932487130
3832.941548849
3834.353094561
3835.220398724
3836.022881981
3837.238847224
3838.084058667
3839.426268466
3839.974002766
3840.504678748
3841.682344812
3842.678532636
3844.403553213
3844.897010964
3846.487475476
3846.747301183
3847.681749671
3848.415301006
3850.170201815
3850.603920438
3851.410102461
3852.703102475
3853.860293846
3854.902586333
3855.955254474
3856.703867396
3857.610583015
3858.448586236
3859.285738177
3860.093008505
3861.852719325
3862.983783667
3863.658286019
3864.150190997
3865.565077205
3866.822404113
3866.972328125
3868.412859074
3869.144666921
3870.114034539
3871.291750189
3872.666546573
3873.810208381
3874.229614844
3875.105197585
3876.173740690
3876.657964938
3878.256174941
3879.110338710
3880.082213597
3881.540350511
3882.116845260
3882.899992550
3884.209799208
3885.109963086
3886.225209766
3886.451289791
3887.352013760
3889.155346344
3890.309181969
3891.086883002
3891.929936986
3893.001131077
3893.407062083
3894.783730289
3895.567931274
3896.642632275
3897.870750291
3898.651961795
3899.623743456
3901.007764610
3902.077427042
3902.411160511
3903.351543073
3904.379191304
3905.344851666
3906.119319112
3908.188165438
3908.606362666
3909.465847404
3910.632716857
3910.911438236
3912.642948599
3913.259137862
3914.219923269
3914.949001245
3916.176538560
3917.658165954
3918.443052988
3919.222740961
3920.540431095
3921.152570240
3921.652560348
3922.665203224
3924.193310525
3925.247119257
3926.176083584
3927.080517370
3928.142218295
3928.886559207
3930.099281280
3930.891086382
3931.745217361
3932.624568087
3933.516881842
3934.938347809
3936.443286120
3936.974234314
3937.905380854
3938.214616537
3939.775186812
3940.434637597
3941.630029648
3942.352722188
3944.030362807
3944.650915652
3945.333063669
3946.878983571
3947.703864075
3948.434192200
3949.313705822
3950.132375511
3950.859466440
3952.942870157
3953.356526591
3954.778621165
3955.176546373
3956.420217192
3957.019901777
3957.954717947
3959.470755506
3960.071028757
3960.770534614
3962.168461927
3963.470348861
3964.312649523
3965.132707099
3966.138714993
3966.753894106
3967.818761421
3968.484653608
3969.914600220
3971.318070212
3972.115760265
3973.010681504
3973.457014784
3974.893413368
3976.066183196
3976.731418901
3977.113908695
3978.686119979
3979.497341176
3980.844099782
3982.048502087
3982.764068117
3983.749795369
3984.227435181
3985.098725242
3986.516179038
3987.230709155
3988.719449265
3989.352175809
3990.481409607
3991.570890985
3992.331105100
3993.293163732
3994.395873998
3995.168459723
3995.797813413
3996.689040233
3998.809292300
3999.519248285
4000.017285179
4001.144258635
4002.112349428
4002.695719415
4004.022451395
4004.806731029
4005.876737437
4006.931920818
4008.142030891
4008.689596252
4010.361019024
4010.983311280
4011.663881542
4012.568916001
4013.233688805
4014.657294818
4015.657651052
4016.968938010
4018.029268459
4018.776951600
4019.106065041
4020.570773104
4021.628014217
4022.380106438
4023.428504974
4023.905151400
4025.583199027
4026.602759102
4027.866297572
4028.247172920
4029.195557081
4030.383280199
4030.916107786
4031.654311716
4033.374476877
4034.520820162
4035.105599030
4036.079389602
4037.126014571
4038.290698859
4038.948310434
4039.857819222
4040.940563222
4041.464677645
4042.702480396
4044.322287003
4045.055147387
4046.214784829
4046.738210817
4047.468044326
4048.380709828
4049.973704687
4050.431390624
4051.384379551
4052.997625982
4053.566272078
4054.690712870
4055.477852503
4056.996361903
4057.428904234
4057.993493539
4059.085428288
4060.048996007
4061.743933050
4062.850288693
4063.157725455
4064.358380196
4065.178475193
4066.109592651
4067.074106869
4068.083223826
4068.969297626
4070.281912570
4070.603677650
4072.705128706
4073.126450172
4074.087681133
4074.817064511
4075.741346670
4076.719781864
4077.413345485
4078.922771360
4080.108304481
4081.066083421
4081.698568432
4082.588348141
4083.630042860
4084.942883203
4085.515370586
4086.379221075
4086.967478975
4088.781881483
4089.730285638
4090.591265910
4091.910846159
4092.297206465
4093.248362229
4093.905911945
4095.137930751
4096.510847297
4097.063684460
4098.475186448
4099.244845294
4100.107534131
4101.578447922
4102.037362535
4102.825941826
4104.141331202
4104.613098580
4105.512852569
4107.327219356
4108.624233430
4108.852443161
4109.710931286
4110.634319887
4111.859845445
4112.667206019
4113.485989227
4114.687567837
4115.615773798
4116.813980891
4117.600710740
4118.974352669
4119.596332884
4120.634210584
4121.348656803
4121.794658785
4123.240086670
4124.648829380
4125.592128453
4126.378063881
4127.593370808
4128.298166700
4128.777675203
4130.466763780
4131.136979899
4131.928002433
4132.724451307
4134.050648828
4135.441760021
4136.396688873
4136.974853483
4137.962941380
4138.838339555
4139.464099155
4140.892830116
4141.373775320
4143.347062500
4143.897624856
4144.603298798
4145.564792568
4147.071922280
4147.595069548
4148.652520779
4149.069451051
4150.445097952
4151.146851510
4152.768725266
4153.839146745
4154.630899006
4155.334787262
4156.296304963
4156.913907992
4158.129334414
4159.480461699
4159.921665841
4161.096281182
4162.377914593
4163.278853051
4164.135351441
4165.139162956
4166.078428062
4166.984173408
4167.509875346
4168.303453626
4170.482806111
4170.875114382
4172.130758052
4172.876966852
4173.416864023
4174.873181875
4175.512052252
4176.643071920
4177.322188624
4178.530304183
4179.574699430
4180.503181765
4181.922493184
4182.850792879
4183.377504372
4183.846344459
4185.312727675
4185.957936687
4187.200718846
4188.419977240
4189.615279793
4190.233269291
4190.985912226
4192.109712346
4193.175851166
4194.092245882
4194.899013888
4195.541351655
4196.604548356
4198.425989112
4199.335192631
4199.633002830
4200.997463467
4201.827002237
4202.416698746
4203.280813660
4204.736011073
4205.627365267
4206.870191888
4207.354542104
4208.734782098
4209.642902759
4210.549793194
4211.527980700
4212.170228130
4212.967293233
4214.117686584
4215.179293282
4216.832135764
4217.495524252
4218.230788627
4219.086410356
4219.672061531
4221.306739710
4222.126671441
4222.507243705
4223.901179992
4225.282365846
4225.722307333
4227.210630502
4227.984705072
4228.980834107
4229.533411498
4230.657847975
4231.008079755
4232.660327379
4234.137260751
4234.672186485
4235.502814785
4236.708778081
4237.343105089
4238.581562429
4239.083355091
4240.609223276
4241.104024290
4241.783753083
4243.573652494
4244.575822633
4245.621059996
4246.010961502
4247.050666369
4247.882863620
4248.798229921
4249.842360551
4251.024571917
4252.063770377
4253.452157043
4253.641943495
4254.606741245
4256.253977915
4256.903916380
4257.398426071
4258.412309499
4259.219971504
4260.828780400
4261.801316154
4262.834917759
4263.851070090
4264.326484097
4265.197753530
4266.175526298
4267.375018116
4268.223032064
4269.311963383
4270.228945852
4271.219357724
4272.626546683
4273.266070376
4274.006198485
4275.106732634
4275.863648070
4276.733176340
4277.420042959
4279.548867188
4280.161625525
4280.973787693
4281.587159761
4282.943479139
4283.493728633
4284.844965401
4285.629053648
4286.158107287
4287.680518179
4288.504766274
4289.812145761
4290.683826358
4291.674919394
4292.726444975
4292.817263391
4293.813814960
4295.348211448
4296.247687554
4297.269668493
4298.663179090
4299.054947283
4300.089148378
4301.012050609
4302.145194882
4303.183384179
4303.534636904
4304.617528001
4305.613823712
4307.449077599
4307.998991754
4309.172964977
4309.358615070
4310.632176097
4311.662007244
4312.226430124
4313.401370259
4314.799283160
4315.573741805
4316.464656307
4317.356190740
4318.867542854
4319.406828392
4320.162243602
4321.074891627
4322.076165190
4322.664566486
4324.546748008
4325.293085728
4326.350118584
4327.394690704
4327.700362559
4328.615769054
4330.027835915
4330.890065792
4331.851915622
4332.303902287
4334.020581084
4335.063147371
4335.606667165
4337.133662606
4337.451842981
4338.719122163
4339.027061507
4340.087832541
4341.413050962
4342.901618175
4343.563201207
4344.334641491
4345.249657155
4346.242896210
4347.628030072
4347.788735322
4348.975430852
4350.013922106
4350.871384355
4351.952516633
4353.700189732
4354.220757625
4354.724596590
4355.893110782
4356.482766408
4357.587591693
4358.755643132
4359.500185598
4361.191076818
4361.486734503
4362.761583186
4363.525581319
4364.546908846
4365.671997009
4366.527307543
4367.000511849
4367.711048430
4369.537964927
4370.734627510
4371.362633022
4372.227906507
4373.433178291
4373.863804411
4374.695096161
4376.083223911
4376.982953297
4377.768463362
4379.103315875
4379.759864529
4381.091028310
4382.125949499
4382.875748523
4383.466427318
4384.419601139
4385.579886329
4386.083678707
4387.756260026
4389.029478392
4389.719630869
4390.351108275
4391.021213067
4392.574337675
4393.358662553
4394.028511127
4395.060893844
4395.951097931
4397.223222687
4398.451719633
4399.177467304
4400.270180039
4401.175471548
4401.533574080
4402.808234517
4403.239569924
4405.218604640
4405.832303994
4406.706876416
4407.973180940
4408.623707863
4409.666097134
4410.491141982
4411.715201531
4412.237247491
4413.216561165
4413.934044512
4415.850961827
4416.593999029
4417.580116976
4418.241556473
4418.971524791
4419.922457573
4421.141217997
4421.904701208
4422.790749621
4424.339666554
4425.244909575
4425.495648732
4427.164720656
4428.073175843
4428.881802432
4429.488009567
4430.247448795
4431.424340483
4432.575627455
4434.029253196
4434.779104836
4435.529083293
4436.423737984
4437.394173678
4437.976869629
4439.557560714
4440.107585509
4441.064996265
4441.984948578
4443.365941871
4444.564424110
4445.238338541
4445.772758249
4447.263096017
4447.732962462
4448.301901068
4449.635268124
4451.098120800
4452.188083705
4452.680702066
4453.734551271
4454.462905440
4455.762657973
4456.703250194
4457.245826340
4458.188749331
4459.171279016
4460.548529288
4461.404140479
4462.734622195
4463.647648067
4464.038523257
4464.812716128
4465.805997569
4467.228532883
4467.739817015
4469.170662737
4469.978032832
4471.361757252
4471.550195590
4472.959272015
4474.186277577
4474.317091779
4475.801110932
4476.246519158
4477.015857063
4479.269423276
4479.730664772
4480.533629739
4481.410040221
4482.366885689
4483.238277467
4484.123623369
4485.052226104
4486.327219163
4487.084191428
4488.070667249
4489.240895548
4490.295506995
4491.218481252
4492.008277879
4492.638034669
4493.533634735
4494.493755902
4495.810018030
4496.893451767
4498.107112046
4498.778394072
4499.585223107
4500.164602396
4501.627186644
4502.673855554
4503.329854346
4503.715555682
4505.458867093
4506.311496729
4507.745182883
4508.211436903
4509.371444648
4509.943668937
4511.040014029
4511.462718597
4512.809991107
4514.077139590
4515.191306765
4516.089845214
4516.365671041
4518.275389222
4518.584679215
4519.574800020
4520.538555009
4521.475485153
4522.144077728
4523.237464379
4524.973397161
4525.790882297
4526.348586359
4527.353633124
4527.943893545
4529.069234592
4530.025233174
4531.318968338
4531.643575987
4533.297976471
4534.135598244
4534.935556005
4535.907562517
4537.252568547
4537.806098344
4538.508935088
4539.188862924
4540.347726623
4542.129666251
4542.620486098
4543.746922274
4544.720271321
4545.263343636
4546.141207421
4547.593415369
4547.938636006
4549.281071828
4550.068688879
4550.979693585
4552.321926161
4553.536850281
4554.197951051
4554.959391487
4555.595473599
4556.891310536
4557.533974071
4558.396623828
4560.215941098
4560.999833506
4561.629346602
4562.596817089
4563.416046268
4564.815955845
4565.416958272
4566.253326082
4567.121450991
4567.941686478
4569.615770295
4570.433329175
4571.457898786
4572.249860419
4573.246173187
4573.924130512
4574.297621384
4576.189954392
4576.793917800
4577.859111430
4578.927025832
4579.956917854
4580.717084506
4581.894187213
4582.568249086
4583.673687921
4584.380768499
4584.977258165
4586.207762605
4587.674877077
4588.977914220
4589.643449489
4589.748811534
4591.204146513
4592.049309088
4593.159791573
4593.836891986
4594.787190560
4596.263664401
4596.829908459
4597.820812342
4599.373672440
4599.907579438
4600.630054113
4601.602961817
4602.256123514
4603.209690545
4604.641681401
4605.883451695
4606.462472402
4607.753032587
4608.216380944
4609.224160777
4610.084231646
4611.484674458
4612.028597459
4612.788854014
4613.684307641
4615.536616091
4616.222300662
4616.958582781
4618.107678910
4618.767170619
4619.465593897
4620.544365613
4621.348279219
4622.819323121
4623.805611944
4624.726278755
4625.409262502
4626.342985704
4627.790229823
4628.463443402
4628.974234757
4629.888782939
4631.226406989
4631.762401044
4633.564438992
4634.307105419
4635.357160887
4636.028343961
4636.392280747
4637.792071980
4638.748153748
4639.715380823
4640.561739731
4641.758272380
4642.685758177
4643.751735864
4644.753105527
4645.362987352
4646.739486074
4647.117263732
4648.112608175
4648.564886817
4650.614330328
4651.664121146
4652.088399129
4653.119156055
4654.068949600
4654.947323958
4655.721560896
4656.922418573
4657.820890195
4658.394949958
4659.918687610
4660.563963934
4662.080004603
4662.945890919
4663.505025594
4664.322897246
4665.141375953
4666.090798753
4667.424428268
4668.055177752
4669.829513522
4670.350631746
4671.032106499
4671.877847965
4673.282690521
4674.126716049
4674.741639863
4675.727566686
4676.334095816
4677.930219147
4679.087491041
4680.088468859
4680.606397111
4681.604890747
4682.648662425
4683.021291067
4684.186914790
4685.407789642
4686.708155146
4687.072177975
4688.252603006
4689.505062437
4690.178840007
4691.296768789
4691.862100091
4692.866432862
4693.939417293
4694.173942793
4696.095849873
4697.354147472
4697.774403761
4698.924504209
4699.497252231
4700.158603281
4701.842587035
4702.437645696
4703.015173841
4704.338118407
4705.482138782
4706.468570903
4707.187171952
4708.595427452
4709.332678157
4709.944940346
4710.552242005
4711.691980185
4712.777797477
4714.247723107
4714.997962825
4715.952621727
4716.660239219
4717.733401082
4718.529894767
4719.595704167
4720.386694374
4721.537540940
4721.954561820
4723.234934939
4724.996421878
4725.487196575
4726.271143853
4726.949295825
4728.211604353
4728.750507230
4729.661501548
4730.962714324
4732.021907045
4733.193764940
4733.844098700
4734.527817833
4736.044923936
4736.596840064
4737.784035548
4738.432582517
4738.793733317
4740.332565971
4741.721885804
4742.414037310
4743.717920629
4744.421811484
4744.996853270
4745.842419030
4746.839593743
4748.335806690
4748.700881129
4749.728100218
4751.215949059
4751.682732579
4753.084026101
4753.918835840
4754.589564976
4755.588948859
4756.356140490
4757.222671633
4757.970669573
4760.158590209
4760.441048059
4761.516430763
4761.983993808
4763.158188506
4764.275424407
4764.998476804
4765.803255385
4766.884818058
4767.868858831
4768.726470929
4770.256497158
4770.891284039
4772.057494829
4772.644938936
4773.439797773
4774.056619726
4775.395711249
4776.429201254
4777.635676983
4778.374124696
4779.596151378
4780.479123089
4780.708587502
4782.356874432
4783.343224125
4783.714516795
4784.640967679
4785.525415338
4787.252675346
4788.152570124
4788.999015740
4789.698347934
4790.733815869
4791.291170821
4792.408824019
4793.347319652
4794.286764715
4795.780117832
4796.352903432
4797.097933598
4798.420841863
4799.673211404
4800.097767615
4800.671002186
4802.188369509
4802.377850870
4803.704592677
4805.072216480
4806.371973581
4806.921270594
4807.541012034
4808.604499169
4809.346880320
4810.531881343
4811.632288845
4812.160772204
4813.045552124
4814.681559818
4815.324276550
4816.451758257
4817.232875408
4818.240133484
4819.028426196
4819.754628169
4820.210030017
4822.221164873
4822.905726969
4824.137537480
4824.678397755
4825.736295502
4826.494341215
4827.767321263
4828.337946621
4829.386309919
4830.136823559
4831.185693209
4832.224866731
4833.663263959
4834.665341190
4835.144026610
4835.951966776
4836.608965379
4838.026709907
4838.660483733
4839.647158112
4841.064723645
4842.043504688
4842.585412400
4843.621336001
4844.699612969
4845.696734419
4846.657760144
4846.916049335
4848.107405391
4848.885041904
4850.871518792
4851.468722998
4852.001065083
4853.425815432
4854.027006706
4854.574296103
4855.718462364
4856.921830082
4857.815380260
4858.604172218
4859.680531624
4860.809330726
4862.076654388
4862.359349646
4863.760153920
4864.191948668
4865.055351273
4866.071578271
4866.954021269
4868.588327039
4869.466636286
4870.517253832
4870.696564723
4871.705539530
4873.193181376
4873.818446227
4874.789996783
4875.237660837
4876.743142327
4877.725299568
4878.629005583
4880.058127359
4880.609661002
4881.311012340
4882.304462235
4882.890785936
4883.927414234
4885.362074724
4886.270478880
4887.198480647
4888.175610835
4888.908079346
4890.214451316
4890.627756888
4891.783056075
4892.934979042
4893.388337636
4893.963169530
4895.963739546
4896.957746691
4897.650781298
4898.457291766
4899.161200689
4900.429563379
4900.742881746
4902.307209903
4902.821632069
4904.228632937
4905.142489081
4906.098238142
4906.699541974
4908.330089351
4908.913521444
4909.624111715
4910.245081667
4911.291910102
4912.451308936
4913.660637618
4914.792645832
4915.700240690
4916.332164478
4917.230780504
4917.807535043
4919.487036337
4919.889325052
4920.840430544
4921.970590628
4922.718991374
4924.317098250
4925.077606689
4925.795026681
4926.727642210
4927.597951291
4928.526064803
4928.957136246
4930.240318443
4932.036812774
4932.600670527
4933.068125844
4934.352289122
4935.200994250
4936.133949524
4937.207162986
4937.770365700
4938.753815526
4939.641724785
4940.852294863
4942.135528578
4942.976896462
4943.977866732
4944.641603020
4945.186898518
4946.119253479
4947.500490322
4948.389808797
4949.085915385
4950.615812591
4951.502384929
4951.878797918
4953.200555669
4954.255067680
4954.976576379
4955.822259816
4956.466055279
4957.331889630
4959.028989321
4960.163928408
4960.758090265
4961.688462943
4962.261952448
4963.526118617
4964.307031405
4964.925235090
4966.633216270
4966.868645587
4968.394640927
4968.836094655
4970.479982679
4971.339245556
4971.824996149
4972.713491617
4973.711578032
4974.430478147
4975.310997142
4976.964034078
4977.755154087
4978.847855753
4979.580892327
4980.118762529
4981.192703748
4982.512361526
4983.225027315
4983.979975830
4984.568543575
4986.252566836
4987.187900983
4988.191597308
4988.905166592
4990.345480286
4990.449701819
4991.214774409
4992.379462341
4993.495748984
4994.632742172
4995.879247705
4996.220820877
4997.396150707
4998.370030196
4999.329681373
5000.234316931
5000.834381432
5001.889773627
5002.854002892
5003.484944378
5005.495907488
5006.208381106
5006.788558806
5007.485982920
5008.626199656
5009.229044117
5010.811172545
5010.933198106
5012.396833740
5013.533605873
5014.238442056
5015.357927938
5016.192546914
5017.347756568
5018.084913548
5018.939831850
5019.395831473
5020.352759395
5022.203022984
5022.834526019
5023.904889141
5024.725752595
5025.730993594
5026.185476882
5027.221563711
5028.537886821
5029.216956939
5030.026936939
5030.967858187
5032.399063541
5033.166566080
5034.550361163
5035.013416409
5035.523058437
5036.841667107
5037.500692757
5038.324319637
5039.621887453
5041.041398994
5041.798034522
5042.492149716
5043.015445394
5044.656791091
5045.467130480
5045.941675502
5046.997617430
5047.863086184
5048.790228820
5050.308459699
5051.106699534
5052.279310473
5052.772155290
5053.712365320
5054.434547343
5055.192672473
5056.605813080
5057.589996236
5058.345409417
5059.439905819
5060.559080915
5061.326249329
5062.168472727
5063.182715937
5064.333813619
5064.628972968
5065.480124961
5066.576539185
5068.384815239
5069.095935944
5069.675544139
5070.868551266
5071.249797277
5072.410372661
5073.482256177
5074.356062042
5074.911470243
5076.598637948
5077.152989531
5078.001109183
5079.612726167
5080.123622144
5081.130097771
5081.694344430
5082.317781512
5083.769848919
5084.387439341
5085.944230786
5086.999761578
5087.532668938
5088.598901322
5089.178093913
5090.345876812
5091.262957884
5092.401941911
5092.837760452
5093.668880111
5095.086913062
5096.637933186
5096.959423856
5097.814429759
5098.956789006
5099.610743038
5100.491462416
5101.034063049
5102.645948615
5103.728341253
5104.418093047
5105.638635526
5106.052225950
5107.385740124
5108.447770149
5108.959096698
5109.838982091
5110.806041672
5111.503124654
5113.010157222
5113.946042880
5115.372842953
5115.726762098
5116.560557464
5117.025993413
5118.533838769
5119.365669162
5120.240023466
5121.083490156
5122.454781410
5123.302893478
5124.061784988
5125.253686757
5126.279118015
5126.729993292
5127.741716959
5128.681624974
5128.964483859
5131.043898974
5132.007167838
5132.683137054
5133.306575990
5134.663043879
5135.171964074
5136.129936082
5137.206291398
5138.042957957
5139.121530962
5139.679125650
5141.096623936
5142.447907865
5142.902032223
5143.933700534
5144.587752602
5145.480449174
5146.149645920
5147.562791840
5148.253527357
5149.768260281
5150.709614962
5151.141849587
5152.186214623
5152.953127295
5154.656845439
5154.899143798
5155.493362583
5156.509447328
5157.819065556
5158.954824001
5160.057736252
5160.852779928
5161.605392922
5162.587186685
5163.060164468
5164.102312022
5165.306771505
5166.191972908
5167.483594402
5167.990828057
5169.070194564
5170.291516087
5171.235927501
5171.585481171
5172.801688877
5173.675024556
5174.359901137
5175.093122777
5177.237132249
5177.609630023
5178.752194620
5179.202606391
5180.106626203
5181.189792409
5182.130914017
5182.998826329
5183.950307013
5184.685795032
5186.355746810
5186.709472601
5187.887847767
5189.076719614
5189.859588662
5190.355291128
5191.126801598
5192.046486956
5193.404415344
5194.707488902
5195.159163854
5196.707324198
5197.117498332
5197.718324176
5199.223858199
5199.776329230
5200.961311213
5201.555843874
5202.457989722
5203.521216950
5205.099606995
5205.900595705
5206.633161679
5207.215066682
5208.288522940
5209.138239302
5210.010911049
5210.808218700
5212.419404470
5213.316674242
5213.896943192
5214.775252559
5216.054491352
5216.932009341
5217.650795320
5218.691413008
5219.057877220
5220.220855174
5221.422951323
5222.858787673
5223.434428938
5224.457463496
5225.256065097
5226.148424105
5226.351540382
5228.183098672
5229.198557199
5229.241811259
5230.897209709
5231.815083588
5232.884620192
5233.658115095
5234.640289889
5235.574735166
5236.300461229
5236.957439365
5237.801695402
5239.192789208
5240.607636041
5241.502825460
5241.822720416
5242.792985389
5243.882548869
5244.845451001
5245.755732518
5246.279250857
5247.610320392
5248.441539016
5249.366336132
5250.675238104
5251.798558627
5252.522037867
5252.890575148
5253.944070492
5254.912630871
5255.613164304
5257.081180065
5257.924941008
5259.108320960
5259.771904522
5260.959190246
5261.180476047
5262.848835686
5263.396965102
5264.411378018
5265.088374535
5265.605936327
5267.885364151
5268.198270778
5269.201393021
5270.259454505
5270.886227526
5271.696969115
5272.517960360
5273.578737968
5274.691509015
5275.643878878
5276.683503025
5277.475759503
5278.379390382
5279.775667718
5280.315445981
5281.239950686
5281.633380066
5283.163868560
5283.478719186
5284.926926629
5286.437161558
5287.137482205
5287.711380226
5288.515549598
5289.353245222
5290.674974348
5291.399590509
5292.275016391
5293.024355515
5294.464760714
5295.126355475
5296.581056719
5297.125394920
5297.981183439
5299.274679238
5299.627300320
5300.144736871
5301.458131809
5302.981454220
5303.885255546
5304.508457855
5305.526333012
5306.498769767
5307.300388636
5308.072790500
5309.361753482
5310.032764727
5310.606801112
5311.859049892
5312.980209159
5314.439426792
5314.954794050
5315.726296859
5316.639253906
5317.139734906
5318.445240959
5319.364734298
5320.109753010
5321.536694998
5322.633280585
5323.137231112
5323.796327876
5325.466411143
5326.038512792
5326.867763790
5327.480222283
5328.463844665
5329.377158593
5331.015051848
5331.855033783
5332.582449339
5333.746349453
5334.061217957
5335.195388352
5335.947926227
5337.059672761
5338.214274772
5338.933125465
5339.674564987
5341.264957859
5341.907714557
5342.986689834
5343.623359433
5344.507532612
5345.528297342
5346.069965615
5346.890937422
5348.769669282
5349.489057840
5350.395904772
5351.225419926
5351.771637383
5352.900178207
5354.185202829
5354.773479714
5355.347063676
5356.538865829
5357.711619892
5358.669106442
5359.633917927
5360.877126531
5361.630997292
5361.916637017
5362.990405327
5363.717280477
5365.296267419
5365.742257681
5367.380123852
5367.905543115
5368.813641601
5369.807596453
5370.713539814
5371.538329751
5372.680867258
5373.219972947
5374.114835213
5374.869738245
5376.722663659
5377.719730869
5378.207038130
5378.768713720
5380.103731883
5380.877056511
5381.348150697
5382.809993371
5383.528600988
5384.819764524
5385.689781134
5386.311049248
5387.705534129
5388.449137495
5389.608146494
5389.909513561
5390.992260083
5391.505965627
5392.981959683
5394.083717253
5395.116663428
5396.115859472
5397.003429727
5397.261960158
5398.277621995
5399.712504640
5400.418887868
5401.194496185
5401.947143075
5403.389590115
5404.287687737
5405.354453323
5406.184132744
5407.075537997
5407.735014384
5408.588715768
5409.577739476
5410.101872017
5412.119660739
5412.756931862
5413.448942338
5414.391884655
5415.225062964
5416.511814309
5417.190777293
5417.730775966
5419.145769366
5419.647914017
5420.595118618
5422.107201544
5423.364285030
5423.582839997
5424.990137502
5425.205579332
5426.077473621
5427.327787267
5428.200793508
5429.307069478
5430.093232395
5431.518550462
5432.081300564
5432.867061874
5433.939314658
5435.224510669
5435.614214161
5436.658400672
5436.820644930
5438.486077902
5439.874947382
5440.645160132
5441.565050361
5442.197196541
5443.283539712
5443.795137321
5444.966959570
5445.925027100
5446.765247873
5447.861998301
5448.908413286
5449.427630168
5451.309407660
5451.666775613
5452.330950202
5453.276425897
5454.232766091
5454.948555511
5455.867963983
5457.254335832
5458.715645087
5459.062182611
5459.714513943
5460.815544165
5461.682968831
5462.745000550
5463.764554544
5464.243875227
5465.083241510
5466.418306246
5467.790444992
5468.244535554
5469.480888388
5470.220068672
5471.082873142
5471.760866920
5472.264037693
5473.925204188
5474.871452902
5475.749436824
5476.748893801
5477.671940619
5478.463436458
5479.396814760
5480.654805801
5480.956733202
5481.993734078
5483.066851690
5483.473148968
5485.379530335
5486.250958079
5487.158642326
5487.814448203
5488.239469787
5489.539886310
5490.606477202
5491.198488462
5492.137050601
5493.792469127
5494.038480583
5495.280875462
5496.089727275
5497.373490396
5498.174123945
5498.633565305
5499.612797509
5500.353983646
5501.331224223
5503.211694479
5503.522536239
5504.579491041
5505.571935829
5506.330011486
5506.908179898
5508.017009501
5509.291230677
5509.945930302
5510.544264813
5511.757773875
5513.109958056
5514.001848704
5514.844462098
5515.501482955
5516.629656666
5517.161633411
5517.948299556
5519.095837607
5520.215397939
5521.614204753
5522.249630994
5522.970046466
5523.601350977
5525.239782350
5525.717122329
5526.662765224
5527.355332469
5528.166412502
5529.660934020
5530.203159249
5531.929612603
5532.461117365
5533.275825277
5533.953358476
5534.810789007
5535.656868325
5536.899525056
5537.790908369
5538.740727318
5539.814585079
5540.694583143
5541.576351544
5542.764646057
5543.113256673
5544.515208609
5545.192999163
5545.667895222
5546.535304578
5548.523919661
5549.358839814
5549.834823142
5550.807899779
5551.929911750
5552.207947117
5553.659789786
5554.238599944
5555.402430795
5556.199245744
5557.363922456
5558.202004497
5559.248178603
5560.367211777
5561.310135214
5561.791548798
5562.261884446
5563.637870901
5564.430162551
5565.566217327
5566.912177257
5567.644318652
5568.798580122
5568.912933770
5570.006356173
5571.437867777
5572.175581208
5572.586024226
5573.899529405
5574.441283883
5576.064762433
5577.183679281
5577.672276828
5578.644644374
5579.495916493
5580.333270376
5581.025573784
5581.822277194
5583.389191418
5584.323740891
5585.244570956
5585.708717008
5587.160081275
5587.886525281
5588.751061185
5589.691727171
5590.385173139
5591.400963624
5591.925240793
5593.555617029
5594.574594283
5595.711374712
5596.227736682
5596.856616830
5597.841768955
5598.606006813
5600.162150310
5600.549747048
5601.300750967
5603.081362652
5603.564840051
5604.347254350
5605.644654187
5606.542579546
5607.273178719
5608.005403503
5608.695582164
5609.563895925
5611.146743754
5612.157114644
5613.121400282
5613.727896997
5614.492287917
5615.741026438
5616.254524796
5617.320271438
5618.289089574
5619.268082017
5619.902394519
5621.023391661
5622.488604142
5623.413625843
5623.777120107
5624.755579135
5625.592184743
5626.502242712
5627.213187208
5628.348462444
5629.890648798
5630.380502230
5631.520288040
5632.197465155
5632.847100006
5634.370016212
5635.016250808
5635.929470274
5636.236694482
5637.490237063
5638.788714458
5640.134252592
5640.385710966
5641.872250768
5642.463399098
5643.093319441
5643.663127488
5645.328117415
5645.769016095
5647.161576573
5647.857206977
5648.974462993
5649.800756925
5650.839075233
5651.883418463
5652.345479579
5653.407356205
5654.192151374
5655.000372762
5655.819252624
5657.866738716
5658.411247460
5658.921215889
5659.894412873
5660.630422803
5661.929696761
5662.457451148
5663.557248249
5664.336708256
5665.460459802
5666.472615778
5667.316170463
5668.525315609
5669.472767900
5669.978563814
5671.149659068
5671.479959154
5672.290954891
5673.937158397
5674.814995126
5675.707528740
5676.972536523
5677.385026083
5678.347908882
5679.113903985
5680.339045053
5681.241565137
5682.099169925
5682.288150147
5683.970509043
5685.123793485
5686.093541226
5687.024519731
5687.481856548
5688.363844470
5689.508631787
5689.952695062
5691.140945771
5692.205217959
5693.589608697
5694.311966528
5694.609217468
5696.031917372
5697.172049668
5697.902079625
5698.374747828
5699.372993197
5700.481014348
5700.983872396
5702.732811445
5703.616227812
5704.505840610
5705.177927108
5706.077414327
5706.596075748
5707.768652251
5709.039424444
5709.520369132
5710.601740935
5711.559224969
5712.815871228
5713.793844101
5714.099754696
5715.633644359
5716.333560486
5716.750279152
5717.771496603
5718.472339582
5720.363389999
5721.050534732
5721.964323486
5722.591357948
5723.779045994
5724.163357935
5725.671140915
5726.233386879
5726.988743536
5728.120700254
5729.152376853
5729.883193187
5731.347862115
5732.341189147
5732.882093180
5733.599967910
5734.289092687
5735.448992420
5736.325416948
5737.255261081
5738.609819842
5739.569634432
5740.311894799
5740.865372181
5742.146698513
5743.006062922
5743.891993556
5744.857530427
5745.316395043
5746.105037294
5747.944351267
5748.737621329
5749.840045598
5750.072418941
5751.510678658
5752.022580454
5752.725353415
5753.688438232
5755.267001495
5755.666768504
5756.764768472
5757.942007978
5758.475340727
5759.896683465
5760.646107948
5761.131645054
5762.451906741
5762.733907455
5763.832280946
5764.963556715
5766.305389090
5767.382918923
5767.985095806
5768.708111307
5769.217379490
5770.681886992
5771.717742973
5772.110310914
5773.085986223
5774.269143736
5775.404901666
5776.052509871
5777.400076385
5778.091121756
5779.005201101
5779.661555491
5780.378597204
5781.253921951
5782.400466795
5784.048432518
5784.468467316
5785.212894534
5786.493575401
5787.134878800
5787.969440945
5788.985799825
5789.954351321
5790.692267031
5791.546976217
5792.289593635
5794.301907788
5794.668781596
5795.563939738
5796.419040669
5797.217839236
5797.884282193
5798.939664255
5800.041030274
5800.719277321
5802.371718407
5802.781136075
5803.871206258
5804.409409032
5805.820188754
5806.798661009
5807.373949620
5807.786383388
5808.950049547
5810.033203191
5811.356821179
5812.204788291
5813.345051567
5813.946414929
5814.499327315
5815.624714250
5816.295670203
5817.687141956
5818.292158757
5819.263873661
5820.323072484
5821.199580318
5822.554932362
5823.160120590
5824.034446196
5824.644070750
5826.022417685
5826.437166473
5826.894313623
5828.890322957
5829.884397342
5830.591034346
5831.348619829
5832.010437995
5833.320748988
5834.000771326
5834.935242019
5835.952597528
5836.409775793
5837.694816937
5838.887811771
5839.657148890
5840.870745780
5841.773244697
5842.257347261
5843.004016164
5843.745504057
5845.043540779
5846.122346476
5846.858967154
5848.182987415
5848.996958343
5849.661517376
5850.489268139
5851.711059760
5852.668145588
5853.095554595
5854.191539972
5854.715491773
5856.094228894
5857.843809341
5858.083358309
5858.833953060
5859.861397252
5860.649383000
5861.434868986
5862.557428298
5863.094038513
5864.656763606
5865.522792511
5866.040235325
5867.201546981
5868.543660975
5868.986917035
5870.008991856
5870.718884648
5871.419724498
5872.402794856
5873.387593706
5874.881588208
5875.798358154
5876.374963621
5877.609748607
5877.933293920
5878.676214479
5880.463284727
5880.709560928
5881.825024121
5882.270516172
5884.032826245
5884.684250048
5885.744730540
5886.621191165
5887.486300389
5888.387576534
5888.845470522
5889.698291835
5890.842689358
5892.225848294
5893.121091670
5894.085613220
5894.544410863
5895.557133652
5896.814625874
5897.528508395
5898.045615593
5899.335294403
5900.026130768
5900.832883796
5902.160660214
5903.459104336
5904.359224850
5904.786649649
5905.377904297
5906.654294834
5907.305604481
5908.304130378
5909.432316005
5910.297428639
5911.489176577
5912.332412221
5912.935296613
5914.115666542
5915.019576754
5916.088332581
5916.441169128
5917.380890968
5917.975417961
5920.055550869
5920.538476512
5921.438418563
5922.552080088
5923.106480528
5924.023918206
5924.612567997
5925.982652112
5926.867806898
5927.479356434
5928.899161985
5929.345382898
5930.860362894
5931.570134864
5932.736065547
5933.033536560
5933.987898044
5934.829981307
5935.948347328
5936.465147329
5938.287679988
5939.265303267
5939.695838711
5940.379099853
5941.441894804
5942.467736154
5943.543979175
5944.130246624
5944.725413371
5946.143331991
5946.820062653
5948.301613869
5949.142426313
5949.777706352
5950.989084393
5951.430121674
5952.261902585
5952.902618768
5954.465995761
5955.342138477
5956.365914061
5957.027692949
5958.332640101
5958.866457495
5959.876516605
5960.740693076
5961.788662548
5962.574245886
5962.943559513
5964.146533460
5965.736509168
5966.619515144
5967.433133231
5968.178918743
5968.735878785
5969.779680207
5970.844216767
5971.604971543
5972.485368405
5973.620902248
5974.886211179
5975.356163230
5976.141901893
5978.026590419
5978.139309726
5978.832670353
5979.862288578
5980.592613333
5981.506260799
5982.914976764
5984.012615640
5984.792817507
5985.669034670
5986.419145205
5987.055919518
5988.313841463
5988.973948251
5990.294284874
5990.809755143
5991.472985430
5993.084653615
5994.057233175
5995.024532494
5995.409540651
5996.609465538
5997.392505689
5998.052919753
5998.734794943
6000.121020998
6001.495519090
6002.154589633
6002.914838346
6003.878519365
6004.591820725
6005.855784942
6006.678028615
6007.325565908
6007.978287458
6009.204540380
6010.190820410
6011.253025428
6012.651122635
6013.047245646
6014.042373170
6014.663869379
6015.161467300
6016.736803704
6017.530542899
6018.180474530
6019.650285836
6020.485477165
6021.078533685
6022.496991537
6022.866086751
6024.235928622
6024.765822155
6025.652989059
6026.328429368
6027.149989355
6029.083879336
6029.871336491
6030.366565545
6031.190552494
6032.274114807
6033.146731331
6033.644977208
6034.942132630
6035.782357605
6036.735104464
6037.621814971
6038.620819010
6039.780188462
6040.747929474
6041.398240993
6042.397652237
6042.668644064
6043.995010269
6044.552572124
6046.181521954
6046.796932396
6048.263607361
6048.952645864
6049.241142992
6050.246128122
6051.626971034
6052.439739294
6053.067413924
6053.778846036
6054.804164558
6056.260886232
6057.072842116
6058.000876271
6059.134493786
6059.466828728
6060.341627593
6061.493619822
6061.793911748
6063.253687208
6064.593399933
6065.104446594
6066.142573933
6066.829934379
6068.165352787
6068.884377848
6069.569709881
6070.456730949
6071.607124380
6071.987031737
6072.986930282
6074.835751881
6075.456209880
6076.319580411
6076.896595429
6077.923525598
6078.464257000
6079.725372515
6080.817594640
6081.177170653
6082.501083707
6083.644016758
6084.383007366
6085.230905162
6086.325556913
6087.278392364
6088.144768072
6088.537541405
6089.128616020
6090.717153107
6091.689881768
6093.192335326
6093.283426818
6094.550261330
6095.331193380
6095.911728318
6097.096728489
6098.071498010
6098.786888081
6099.667065247
6100.713939635
6101.542636011
6103.111062056
6103.890836008
6104.369986546
6105.080112319
6106.427937948
6106.698870787
6107.888398280
6108.683780717
6110.531011476
6110.830996155
6111.844532848
6112.464435385
6113.552617474
6114.761891753
6115.274791544
6116.167495931
6117.090753291
6117.552359428
6119.215997842
6120.281534697
6120.933301686
6122.094398759
6122.857424920
6123.356607973
6124.138883221
6125.172619880
6126.568586519
6127.130221394
6128.046863130
6129.268751548
6130.291606465
6130.686768649
6132.121687397
6132.762353487
6133.489892704
6134.455051668
6135.143074922
6135.892613201
6137.781389320
6138.445601390
6139.589346959
6139.813239834
6140.675863383
6141.872358756
6142.911451640
6143.356666103
6144.405867208
6145.505364044
6146.604329605
6147.070023448
6148.593113946
6149.398925230
6150.275374104
6150.879887871
6151.572502081
6152.585599027
6153.326365653
6154.805638424
6155.704809902
6156.737464495
6157.381128650
6158.397686173
6159.096947190
6159.829468996
6161.429368946
6161.827253697
6162.415562412
6163.378477444
6164.773220518
6166.200513435
6166.483048994
6167.464531359
6168.379809680
6169.394736468
6169.538152648
6170.820008109
6171.920474772
6172.839930458
6174.235069962
6174.747542413
6175.309013705
6176.744162203
6177.630404450
6178.410285632
6179.094486918
6179.764681614
6181.012825755
6181.678420747
6183.062480335
6184.336316582
6185.079974864
6185.460103700
6186.457283968
6187.126750723
6188.458683360
6189.118029682
6190.169795887
6190.926665972
6192.097286029
6193.133431144
6193.902824193
6194.965274092
6195.672078990
6196.664752126
6197.387063257
6198.065389561
6198.652216561
6200.674034464
6201.593088509
6201.832569639
6203.190910737
6203.867876242
6204.585656187
6205.731342331
6206.513025685
6207.353677367
6208.562086127
6208.813972411
6210.470030163
6211.207816547
6212.549686058
6213.187976900
6213.799999957
6214.501304730
6215.400957017
6216.668292162
6217.188858909
6218.517119864
6219.844220203
6220.276866168
6221.350127563
6221.641300961
6223.447708927
6223.854786960
6224.732447313
6225.470678081
6226.232883566
6227.450045327
6228.832840928
6229.761584418
6230.323749796
6231.186984214
6232.234236964
6232.811490701
6233.436150635
6234.905356028
6235.691811529
6236.871797214
6237.401188052
6238.507790150
6239.720298749
6240.518432488
6240.987478338
6242.263742648
6242.916128110
6243.536571206
6244.467501007
6245.846353793
6247.220803895
6247.765900413
6248.617590057
6249.223567202
6250.125998033
6251.160830039
6252.337721681
6252.960641624
6253.372699433
6255.212382593
6255.709995715
6256.737988104
6257.821913768
6258.863142202
6259.511130503
6259.969134480
6260.941865602
6261.776846422
6263.065904932
6264.199277451
6265.060898277
6265.972125306
6266.645735922
6267.560486576
6268.625266755
6269.267355566
6270.349148875
6271.148771757
6271.964363396
6272.586182981
6274.619334058
6275.133981984
6275.846693888
6276.916164708
6277.229194883
6278.607595709
6279.122462096
6279.993148665
6281.406047967
6282.275812910
6283.220407902
6284.054280278
6284.788411119
6285.899070663
6287.173743024
6287.425952941
6288.211245409
6289.114831893
6290.037006599
6291.549652025
6292.329914869
6293.297335720
6294.349329654
6295.006181306
6295.221568857
6296.546591928
6297.771255865
6298.458690160
6299.172745574
6300.374887381
6301.383220878
6302.230259740
6303.490771613
6303.949179389
6304.900391852
6305.747858386
6306.557291346
6307.144720876
6308.253824516
6309.939810025
6310.837756045
6311.201065750
6311.879397195
6313.321021467
6313.825911946
6315.031008723
6315.483979856
6316.769600866
6317.255760099
6318.603143127
6319.382478612
6320.918880338
6321.415499802
6322.118186694
6323.182594445
6323.689061224
6324.348503494
6325.991157332
6326.550698606
6327.709329596
6328.768971502
6329.665095499
6330.240406355
6331.108424755
6332.346151109
6333.196346147
6333.916050928
6334.410684882
6335.356899772
6337.044248810
6337.822038198
6339.041957468
6339.248808949
6340.441439655
6341.029239096
6341.954159170
6343.025918905
6343.639577677
6345.124572355
6345.812781596
6346.708588292
6347.512774839
6348.864774976
6349.694650325
6350.349366018
6350.797904043
6352.124095647
6352.824041916
6353.487236191
6355.408107879
6355.930130900
6356.984106933
6357.606857658
6358.315701848
6359.169623810
6360.503448521
6361.108114371
6362.082499057
6362.685361831
6363.900839548
6365.283583744
6365.852321021
6366.671353345
6367.958813533
6368.438094220
6369.245882999
6369.770229024
6370.898050448
6372.415682394
6373.173152452
6374.053534359
6375.032404909
6375.599195636
6376.764549170
6377.511439944
6378.550145730
6379.246624189
6379.959409796
6381.143665232
6381.848039062
6383.410238912
6384.459219016
6384.920488511
6385.578203508
6386.357077119
6387.528294106
6388.197850517
6389.360853368
6390.006152213
6391.686645484
6392.187328678
6392.718575158
6394.065073886
6395.031740701
6395.668869608
6396.729259797
6397.361130693
6397.786081171
6399.176640347
6400.746238658
6401.323625925
6402.175290622
6403.110886587
6403.861397515
6404.767039731
6405.178961949
6406.748283859
6407.612952819
6408.077160918
6409.279021190
6410.353801336
6411.384469329
6412.247558440
6413.040420059
6413.833451375
6414.570290068
6415.462076136
6416.175908961
6417.378052856
6418.792599643
6419.692022861
6420.182578628
6421.255935828
6421.491228644
6423.414486177
6423.764508954
6424.401461601
6425.399747335
6426.480014182
6427.401528361
6428.587583739
6429.468848693
6430.694571981
6430.918186134
6431.981683244
6432.433303080
6433.622387486
6434.514944024
6435.774652679
6436.905185938
6437.123406603
6438.740481005
6439.140618635
6440.125226421
6441.140573843
6441.894099406
6442.897533673
6443.565266181
6443.978372087
6445.971515284
6447.022174123
6447.474618172
6448.246132866
6449.332054724
6449.896208786
6450.770449031
6451.965072774
6452.616809388
6453.681785668
6454.861307375
6455.690820622
6456.243758468
6457.653867882
6458.658611072
6459.067827430
6459.952831321
6460.534639476
6461.614784191
6462.852814106
6463.724097146
6465.143720813
6465.743873967
6466.295733700
6467.193447824
6468.092790956
6469.131125191
6470.197357328
6470.701077817
6471.560457479
6472.780201590
6473.798648697
6475.021493493
6475.727754606
6476.113123922
6477.481705763
6478.027176625
6478.831342933
6479.431139218
6481.273679157
6482.002790371
6483.006704610
6483.450189794
6484.519323277
6485.713209327
6486.163374262
6487.445215262
6487.830216813
6488.926620781
6489.622575931
6490.906097872
6492.190210433
6492.813486515
6494.004710693
6494.622125319
6494.866454096
6496.007974725
6497.279308278
6498.038769460
6498.834863258
6500.031689481
6501.207453992
6501.665184352
6502.566972221
6503.701543494
6504.732509796
6505.408729994
6505.667900632
6507.137020076
6507.477752628
6509.618252802
6510.058208139
6510.892054060
6511.726223192
6512.566938401
6513.360945148
6514.382624270
6515.052647859
6516.171290289
6517.240330845
6517.861387847
6518.808197451
6520.320492651
6520.909964940
6521.788872386
6522.371597081
6523.377319126
6524.089123053
6524.898764044
6526.082562691
6527.431766364
6528.187904465
6529.103609832
6529.761023940
6530.427671756
6531.598707502
6532.693567138
6533.491429406
6533.871387072
6534.762937012
6536.470053698
6537.054650214
6538.142600402
6539.169984548
6539.724960985
6540.638906760
6541.354659155
6541.862394583
6543.517657050
6544.117508867
6545.406761306
6546.203853144
6546.926187187
6547.849360757
6549.129863100
6549.691789354
6550.283449196
6551.606750606
6552.137913651
6552.822686786
6554.188696831
6555.776866674
6556.290164158
6556.932787603
6557.550866184
6558.710265696
6559.459473094
6560.485236248
6561.246375942
6562.260958255
6563.369421996
6564.166004197
6565.225896725
6565.916463679
6567.222123704
6567.810942959
6568.585110674
6569.319354207
6569.866289055
6571.349397080
6572.768540538
6573.166263739
6574.230084645
6575.279364268
6575.921041736
6576.290007733
6577.842444727
6578.668340545
6579.281726767
6580.253132475
6581.106726792
6582.366235017
6583.647989893
6584.025065237
6585.152149259
6585.766065749
6586.365117608
6587.679935019
6588.133534515
6589.210210195
6590.863205277
6591.491048593
6592.144011229
6592.845950010
6594.035062429
6595.182141382
6595.672779584
6596.500204523
6597.265170320
6598.340695484
6599.176046768
6600.753780455
6601.347457984
6602.390527989
6602.977753482
6603.897138837
6604.427167139
6605.399554340
6606.694580788
6607.765474189
6607.967781789
6609.741917966
6610.094415677
6611.386797396
6612.007975267
6612.907977502
6614.103829390
6614.525354352
6615.245604673
6616.001321093
6617.823120342
6618.582598754
6619.598203880
6620.243653082
6620.801846220
6621.897593444
6622.896150264
6623.574968354
6624.663719463
6625.250125791
6626.636287300
6627.460241762
6628.061836653
6629.891281103
6630.110418430
6631.038268217
6631.547698183
6632.548656712
6633.484002021
6634.352598135
6635.696775491
6636.654287338
6637.625363681
6638.090473851
6639.075753371
6639.859562436
6641.055120832
6641.786228642
6642.644283634
6643.292547542
6644.119902868
6645.918402372
6646.611795538
6647.322423863
6648.077919597
6649.384089934
6649.647351977
6650.383134980
6651.545139434
6652.583661010
6653.941240679
6654.366268486
6655.334573449
6656.446114677
6657.053755493
6658.335707229
6659.055077832
6659.521842321
6660.503555599
6661.461648933
6662.346720632
6663.719022678
6664.872916950
6665.432916954
6666.236097926
6666.808353082
6667.616350899
6669.097362270
6669.810009518
6670.175702314
6671.713778809
6672.526465395
6673.539418182
6674.254359554
6675.608127235
6676.021079515
6677.034062071
6677.773602313
6678.438197869
6679.147300423
6680.890098038
6681.885127242
6682.565640307
6683.184617811
6684.323087145
6685.084637365
6685.936244319
6686.656349752
6688.040741921
6688.503502135
6689.259935462
6690.508707529
6691.704920009
6692.647541255
6693.499651871
6693.981516036
6694.823702885
6695.938981836
6696.272310647
6697.779004686
6698.507679623
6699.761639218
6700.871368181
6701.375798237
6701.784678330
6703.336806678
6704.270589493
6704.873686015
6705.640106166
6706.214075998
6707.535168633
6708.721048690
6709.726991699
6710.545176390
6711.503024658
6712.089903868
6712.731759930
6713.825345385
6714.552463891
6715.865576387
6716.558365973
6717.809675011
6718.186519713
6719.559687205
6720.626196173
6721.043429320
6722.047668249
6722.914170255
6723.649784945
6724.573284419
6725.062801240
6727.203484213
6727.861353029
6728.191087299
6729.486019096
6729.895237293
6730.934946662
6731.961248880
6733.013197273
6733.352651970
6734.491411334
6735.744523775
6736.409605358
6737.651227900
6738.297181092
6739.552413812
6740.261721735
6740.457697493
6741.366527617
6742.674048333
6743.672183245
6744.725146506
6745.670849832
6746.593080880
6747.242437891
6748.029172420
6749.031010237
6750.213685342
6750.601759540
6751.786325711
6752.178020361
6753.436904757
6754.800870275
6755.929060721
6756.349056165
6756.987912269
6757.968818186
6759.040586961
6759.501932128
6760.462459401
6761.720180325
6762.871493912
6763.550805104
6764.315430967
6765.177507003
6766.626418344
6767.055387842
6767.826497444
6768.762729473
6769.585676837
6770.093879396
6771.955148425
6772.495692995
6773.740383049
6774.572946803
6774.993840108
6776.146685002
6776.359235997
6778.094859514
6778.684172079
6779.586018071
6780.217537108
6781.893987624
6782.353593658
6783.353036592
6784.369341123
6785.226455747
6785.783415364
6786.860012201
6787.190723306
6788.359287918
6789.795642994
6791.028915455
6791.376409716
6792.196698982
6793.061593445
6794.096623844
6795.007815668
6795.896919250
6796.295555004
6797.774135881
6798.366625615
6799.273322355
6800.772051417
6801.656988280
6802.224132416
6802.957130340
6803.905959481
6804.369622405
6805.731785579
6806.401467743
6807.689586081
6808.690301597
6809.403080164
6810.366331181
6811.157036390
6811.850764838
6813.242160314
6813.937310608
6814.462465953
6815.081096307
6816.335338647
6817.957478322
6818.595648109
6819.200378866
6820.389495636
6821.029054305
6821.700640049
6822.503719519
6823.687203033
6824.619085023
6825.430833430
6826.694558727
6827.215195840
6828.196024116
6829.600399880
6830.083027378
6830.870213621
6831.545028255
6832.556238235
6833.389260422
6834.177858652
6835.801628119
6836.654339308
6837.608007663
6837.961927128
6838.573655318
6840.160959158
6840.629444019
6841.652128808
6842.568406741
6843.097716812
6844.542069427
6845.395596547
6846.437600649
6847.230869125
6848.211314779
6848.775908204
6849.879668262
6850.113716574
6851.115911270
6852.988639447
6853.366485079
6854.363467097
6855.292491817
6856.262283256
6856.760131672
6858.049411801
6858.558429214
6859.922463959
6860.187858899
6861.108305661
6862.251552326
6863.661560662
6864.468078714
6865.320196230
6865.947533330
6866.605957422
6867.507291743
6868.582153642
6869.569127748
6870.024934551
6871.789073857
6872.372448382
6873.072723614
6873.934694034
6875.153324100
6876.145315862
6876.698117410
6877.237646577
6878.258863125
6879.112421813
6880.377942411
6881.688038384
6882.445197359
6882.838577211
6884.181301467
6884.701384279
6885.263282750
6886.623661119
6887.549968308
6888.250992867
6889.289681088
6889.977275509
6891.537372835
6892.182738261
6892.950976502
6893.749941560
6894.725796291
6895.615387172
6895.840311976
6897.082003226
6898.502343014
6899.560414679
6900.318742990
6900.858109755
6901.834315321
6902.578676872
6903.937998227
6904.535186365
6905.140661439
6906.094062895
6907.140032630
6908.442281898
6908.903089541
6910.472255699
6911.048924563
6911.819906831
6912.192144576
6913.303555547
6914.187543371
6915.329117316
6916.245063929
6917.216468424
6918.357587014
6918.817356663
6919.750351056
6920.967473415
6921.483827935
6922.480973999
6923.354034046
6924.145884036
6924.460427819
6926.654831366
6927.286797838
6928.071663257
6928.719431898
6929.627051913
6930.528890050
6931.345058650
6932.023250807
6933.304572524
6934.184535983
6935.045370895
6936.108134342
6936.738749030
6938.142460070
6938.676824998
6939.728174417
6940.311344604
6940.802649580
6942.049400325
6942.947798551
6944.312163919
6945.071500563
6946.311464558
6946.661391101
6947.472631964
6948.143968613
6949.584246728
6950.558031839
6950.778718800
6951.731756771
6953.170717241
6953.807636483
6955.261558552
6955.788441535
6956.546043637
6957.755993704
6958.032891660
6958.980843289
6959.816566485
6960.901479752
6962.607412062
6962.870225997
6963.680284481
6964.533684079
6965.796786755
6966.478635399
6967.140998081
6968.316501087
6968.801828339
6969.932237761
6970.535368744
6972.095936146
6973.262414597
6973.654656489
6974.591510671
6975.295197954
6976.008257663
6976.919054491
6978.181615019
6978.842393159
6979.762843417
6981.004332177
6981.976866684
6982.397415580
6983.385289848
6984.843874844
6985.151721856
6986.003674961
6986.850633676
6987.254126323
6989.031870465
6990.113171654
6990.678711335
6991.939520170
6992.275498256
6993.159083828
6994.109978418
6995.039339733
6995.819351876
6996.886975870
6997.808697349
6998.498795222
6999.682678655
7000.717687589
7001.855900891
7002.352835851
7002.691508681
7004.043723499
7005.062866175
7005.100564673
7006.739662384
7008.114742057
7008.817473633
7009.367750707
7010.354080472
7011.000501880
7012.236145979
7013.158434224
7013.706426479
7014.629880155
7015.280466924
7016.721610296
7017.835435824
7018.482223808
7019.437796946
7020.435877383
7021.023066109
7021.657557247
7022.295224444
7024.042832032
7024.455165702
7025.699304046
7026.594723732
7027.308306664
7028.454474427
7029.026736381
7030.160937812
7030.916480678
7031.735908086
7032.326789393
7033.374833300
7034.292019875
7036.042983450
7036.590328238
7037.287650971
7037.826378792
7038.892159118
7039.724690853
7040.828312059
7041.380467340
7042.367190690
7043.660231422
7044.644895546
7044.831635317
7046.487185181
7047.225072049
7047.948438454
7048.949401864
7049.280272517
7050.297213172
7051.126075603
7052.731101998
7053.529831410
7054.229325776
7055.362254326
7055.986004943
7056.614758135
7057.640859333
7058.629780454
7059.889596894
7060.046570772
7060.897300347
7062.396671827
7063.516698792
7064.111543391
7065.149328526
7065.783828581
7066.700657475
7067.232275508
7068.407664648
7068.910823585
7070.631775542
7071.257549039
7072.437115055
7072.983187561
7073.466662995
7075.067136415
7075.890873553
7076.342464150
7077.065912472
7078.271618865
7078.931890804
7080.137304262
7081.329045568
7082.278642200
7083.024206212
7083.620734181
7084.299067797
7085.248728798
7086.306731439
7087.186239237
7088.172775646
7089.062481920
7090.042338354
7090.994773909
7091.867503873
7092.676342251
7093.502511762
7094.688695952
7095.085720383
7095.725602562
7096.634105638
7098.543092300
7099.105747706
7100.148609519
7100.374674132
7101.805060778
7102.326350495
7103.038586281
7104.510386060
7104.853653429
7105.840204618
7107.089407119
7107.734543392
7108.776071696
7110.001860579
7110.890294249
7111.196220368
7112.280552946
7112.700332234
7113.874906599
7115.004276076
7115.666729177
7117.412224325
7117.750925735
7118.533335836
7119.283665361
7120.250769053
7121.421516882
7122.205851774
7122.716594278
7123.681370583
7124.489058108
7125.915836857
7127.035111899
7127.569883238
7128.564326582
7129.114147837
7130.329985124
7130.710717139
7131.460814545
7132.874807758
7134.003937657
7134.723114155
7135.384622834
7136.640749183
7137.288235954
7138.467686063
7139.026902844
7139.857139272
7140.793842097
7141.546892189
7142.172195163
7143.971077069
7144.642672075
7145.706891491
7146.385883317
7147.152214247
7147.421342256
7149.102831304
7149.690649365
7150.675386373
7151.241040723
7152.673138349
7153.629414430
7154.183565147
7155.223016559
7156.483767097
7157.069573700
7157.560009134
7158.479721559
7159.230610393
7160.332445435
7161.815172321
7162.637987017
7163.137487199
7164.371935919
7164.711987143
7166.042526862
7166.532447389
7167.595613911
7168.643915101
7169.192035857
7170.161501606
7171.135705960
7172.806744273
7173.355088188
7173.622770906
7174.907955975
7175.547478520
7176.380745981
7177.135820087
7178.280438269
7179.369326560
7180.557671965
7181.140798189
7181.855662361
7182.761647877
7183.850495117
7184.720859712
7185.725322574
7186.027941312
7186.689666429
7188.322594509
7189.145690499
7190.294612843
7191.067900938
7191.983733313
7192.682398728
7193.221050147
7194.053741291
7195.421790712
7196.187762765
7196.957814200
7198.143606364
7198.993453207
7199.744478635
7201.057149777
7201.577794024
7202.481414823
7203.172044687
7204.265486357
7204.764022449
7205.523076975
7207.445017115
7208.190170854
7208.927724212
7209.383550026
7210.413788577
7211.335323496
7212.363396769
7212.963407702
7213.836766767
7215.101957543
7215.532729522
7216.953096055
7217.710867057
7218.731285314
7219.713045159
7220.432147546
7220.784711973
7221.858048232
7222.538863253
7223.961329509
7224.960275793
7225.664637285
7226.826232421
7227.670652098
7228.104973436
7228.963984593
7230.578979850
7230.781896557
7231.712168226
7232.507337222
7233.305725602
7235.032410358
7235.592047601
7236.715293142
7237.292700988
7237.923815550
7239.107138359
7239.492824903
7240.744574580
7241.383737523
7242.813003429
7243.908367803
7244.194739884
7245.048351171
7246.521971662
7247.172743212
7247.980135165
7248.558877326
7249.575515820
7250.311306882
7251.235573152
7252.579133334
7253.776967720
7254.381581373
7255.040228435
7255.894616493
7256.728742507
7257.358809297
7258.884140088
7259.519592697
7259.970840182
7261.333797703
7262.445974055
7263.122832008
7264.272994053
7264.748248090
7265.962856286
7266.825071623
7267.022572811
7267.851161907
7269.281796531
7270.665196022
7271.162578225
7272.293916095
7272.756819679
7273.701234075
7274.639386094
7275.692946628
7276.188510980
7277.313417506
7277.911194921
7279.226323516
7279.768521282
7281.316094067
7282.176167150
7282.817681698
7283.495775764
7284.023697897
7285.277302370
7286.139694205
7286.779238866
7288.267170428
7289.103758081
7289.940276827
7290.821429929
7291.290043576
7292.741249445
7293.403109651
7294.204147964
7295.048894053
7295.564849560
7296.571619043
7298.368684315
7299.138848602
7299.336571426
7300.763476875
7301.581317105
7301.848557609
7302.917875820
7303.843900683
7305.060287115
7305.818161576
7306.637205578
7307.660752634
7308.671664974
7309.497903971
7310.501357045
7311.190951721
7311.881145969
7312.724372392
7313.555046084
7314.449131441
7315.755628547
7317.100250555
7317.553738653
7318.351002510
7318.871998938
7319.896757100
7321.233781570
7321.717373427
7322.568751053
7323.243983123
7324.849333142
7325.226115150
7326.444102995
7327.534497970
7328.283514383
7328.861171712
7329.815578232
7330.586839534
7330.970858436
7332.652130477
7333.517033388
7334.639105971
7335.193963691
7336.016820436
7337.312223967
7337.649201460
7338.621251439
7339.763136524
7340.495964531
7341.172411124
7341.781448953
7343.507522666
7344.429407193
7345.413384428
7345.737188186
7346.698927085
7347.601440601
7348.226470589
7349.249777629
7350.347618714
7350.973256493
7352.631847584
7352.880430234
7353.913947829
7354.584625580
7356.076801102
7356.713901537
7357.298064963
7357.829927025
7359.022424061
7359.818833444
7361.267013426
7362.058134431
7363.102591149
7363.822093868
7364.469761390
7365.120059910
7366.176826462
7367.444805267
7367.716583625
7369.211235569
7369.532613632
7370.778296044
7371.987960978
7372.805047996
7373.424035168
7374.349391959
7375.199243762
7375.878151644
7376.873649474
7377.190089317
7379.332785005
7379.979603053
7380.464011573
7381.536932091
7382.222713357
7383.173523725
7384.202396206
7384.924513067
7385.752633652
7386.461552514
7387.542420642
7388.629535057
7389.584509292
7390.664177740
7391.440259728
7392.160733368
7392.988605529
7393.173269331
7394.711617877
7395.693962380
7396.403273586
7397.531933665
7398.751920762
7399.220386820
7399.828819541
7401.354181203
7401.670669619
7403.018090818
7403.448923018
7404.103468671
7405.071527891
7406.434875899
7407.782772520
7408.318442248
7408.961023091
7409.697910100
7410.875016639
7411.475578801
7412.213344652
7413.328582878
7414.418814788
7415.180650157
7416.269504359
7416.713391717
7418.310509223
7418.988098354
7419.537617023
7420.415913275
7421.420781814
7421.806962622
7422.910687408
7424.220735433
7425.306205763
7426.042615765
7427.010358316
7427.618882172
7428.124246616
7429.350889131
7430.555368895
7431.156635122
7431.634303467
7432.740669967
7434.041575198
7435.059191589
7435.590441588
7436.766516776
7437.658181522
7438.125995043
7438.872215941
7439.737648719
7440.703121048
7441.969323389
7443.171160863
7443.628394354
7444.423866229
7445.518979786
7446.192112312
7447.470379602
7447.915999951
7448.578846008
7450.026851981
7450.313414658
7451.287377007
7453.156333014
7453.562255597
7454.501150895
7455.111599985
7455.756248183
7456.879264174
7457.555015684
7458.758896548
7459.317916596
7460.742319219
7461.412836776
7462.345119230
7463.241034353
7463.953428493
7465.235332546
7465.873648618
7466.509567400
7467.236892003
7467.893516230
7469.742312776
7470.410694723
7471.316153957
7472.216337835
7472.938452470
7473.801923222
7474.318375561
7475.457148466
7476.661685381
7477.126117162
7477.990220376
7479.360803879
7479.826490147
7481.270585133
7482.088353050
7482.760970559
7483.222684507
7484.435406371
7485.087260837
7485.836110098
7486.980574713
7488.341398400
7489.410793263
7489.801649960
7490.288466891
7491.480237438
7492.871177011
7493.000605946
7494.155593665
7494.893354721
7495.620535551
7496.903234041
7497.876666871
7499.018375213
7499.635017045
7500.520758701
7501.394356540
7501.889601166
7502.606128497
7503.815822096
7505.007627511
7505.855760749
7506.458777844
7507.881582710
7508.325357728
7509.362857972
7510.062014247
7511.268152095
7511.831550094
7512.639108892
7513.256478602
7514.327458197
7516.017338757
7516.682865383
7517.316546883
7518.233922044
7518.988255293
7519.483808585
7521.095478308
7521.418960159
7522.235955941
7523.583809963
7524.576063141
7525.117755067
7526.077888669
7527.339243900
7528.255945299
7528.618824835
7529.572439684
7530.024518137
7531.443037755
7531.918476004
7533.701788860
7534.196176756
7535.269416746
7535.795879638
7536.852140837
7537.312581104
7538.513844108
7539.507181192
7540.227539901
7540.952212400
7541.719927233
7543.274086811
7544.143089598
7545.017282211
7545.469645336
7546.619778438
7547.346464375
7548.163928908
7548.467009257
7550.120472175
7551.093890397
7552.050977943
7552.915722720
7553.422599595
7554.415064431
7555.636986998
7556.215633320
7557.123848469
7557.731650015
7558.618693145
7559.643376319
7560.829820023
7561.658959994
7563.182814438
7563.520415699
7563.769301891
7564.960243677
7565.732853404
7566.845322430
7567.866531116
7568.289067602
7569.797165106
7570.547137990
7571.281289378
7572.278993978
7573.255184306
7574.046802048
7574.749888838
7575.696668165
7576.268605074
7576.905770591
7578.917486665
7579.597757316
7580.280088977
7580.959830820
7582.031705549
7582.802983861
7583.462734775
7584.486959736
7585.469517629
7586.234994584
7587.283239492
7587.890350603
7589.356254116
7590.120871487
7590.918224866
7591.966193812
7592.269712606
7593.098313959
7594.102742542
7595.077658168
7596.016212838
7597.414985717
7598.007882858
7598.982709953
7599.565154718
7600.130858727
7601.751366015
7602.405163470
7603.022366327
7603.560678580
7604.831196491
7605.857934327
7606.994882980
7608.021354123
7608.420807870
7609.673607810
7610.066214265
7610.854490320
7611.794530221
7612.682249514
7613.949125483
7614.911019081
7615.589706733
7616.361441790
7617.490687418
7618.506225530
7619.109221400
7619.749441833
7620.983924855
7621.693574971
7622.017492709
7623.423298546
7624.987382547
7625.594493501
7626.265292759
7627.127213556
7627.690979948
7628.742026442
7629.642702478
7630.569927977
7631.506758032
7632.009099304
7633.651861592
7634.312300239
7634.771788001
7636.387151487
7636.822989399
7637.940366203
7638.237099968
7639.039294911
7639.934790875
7641.505667574
7642.166837363
7643.295177167
7644.035703918
7644.927813314
7645.331599328
7646.560905687
7647.399804109
7648.197821585
7649.210368914
7649.787924744
7650.778131571
7651.918000850
7653.356680958
7653.702814986
7654.580638877
7655.121494573
7656.261966851
7656.956407645
7657.717933645
7658.652286327
7660.264422520
7660.874842474
7661.578687879
7662.331833438
7663.456194164
7664.203009254
7665.444059488
7665.801809429
7666.502822823
7667.549329156
7668.365665796
7669.936029947
7670.581042534
7671.447129921
7672.450691457
7673.103534095
7673.740632528
7674.241511065
7676.061473909
7676.404517064
7677.306367426
7678.489609006
7679.283816647
7680.369729689
7681.049611798
7681.945482259
7683.018167364
7683.593964876
7684.205667991
7685.305556834
7685.782993533
7687.513293015
7688.591692890
7689.156619857
7689.858001083
7690.429650782
7691.802176533
7692.342743389
7693.479401398
7693.897005961
7695.112272418
7696.136385041
7696.779476828
7697.898469112
7699.071025944
7700.036047546
7700.216724380
7701.157954572
7702.194731382
7702.589229876
7703.831003124
7705.213166786
7705.703216888
7706.962196191
7707.736760361
7708.220972632
7709.242640641
7710.123839878
7711.223648932
7711.928933800
7712.779308288
7712.908648890
7714.904975655
7715.806809193
7716.493161847
7717.430625538
7718.209439895
7718.871828010
7719.753486075
7720.412175075
7721.553996964
7722.557228802
7723.618282221
7724.440916671
7725.242870633
7725.881074559
7727.365067834
7728.154537021
7728.345321205
7729.508444298
7730.156710684
7731.326343493
7731.904604017
7733.551152378
7734.637209896
7734.799051748
7735.920191803
7736.398982954
7737.281516673
7738.683400515
7739.076079127
7740.113547443
7740.932128955
7742.093826817
7742.861768148
7744.168742339
7744.539185766
7745.564177666
7746.617972150
7747.262729142
7747.603843256
7748.560899268
7749.950340468
7751.417942591
7751.732240722
7752.412059064
7753.812564124
7754.165808073
7755.042744738
7756.140545945
7756.961660294
7757.748648753
7758.441967610
7759.592954771
7760.470136604
7761.852016417
7762.516669839
7763.365536637
7763.887943627
7764.629540609
7765.580549321
7766.648068549
7767.347361427
7768.417093856
7769.913327771
7770.261243683
7770.983886849
7771.801935593
7773.152164236
7774.018899976
7774.296269529
7775.448785294
7775.977608167
7776.955377123
7778.619618818
7779.147738369
7780.294143760
7780.791631250
7781.703703738
7782.448108668
7783.333189556
7783.869822963
7785.543212016
7785.972158398
7786.910885164
7787.847577242
7788.942037730
7789.846487234
7790.584748288
7791.498122458
7792.057000207
7793.208438103
7793.731179349
7794.330647915
7796.167939908
7796.882750797
7797.939994786
7798.642876532
7799.027356176
7800.048866700
7801.085965693
7802.278136743
7802.563043839
7803.341640437
7804.662539155
7805.651244456
7806.365526758
7807.453947055
7808.521694541
7809.148095665
7809.949348552
7810.246422779
7811.425296755
7812.392880858
7813.480751250
7814.556090477
7815.586939345
7815.855841175
7817.152637268
7817.796685740
7818.660115006
7819.635648032
7820.586397432
7821.053880222
7822.094093502
7822.719034354
7824.645471276
7825.273177260
7825.827781341
7826.471180297
7827.806459759
7828.125195235
7828.993878289
7830.128538967
7830.877581938
7832.274462693
7832.824494594
7833.920755249
7834.383065915
7835.733258050
7836.463501636
7837.396947490
7838.064178062
7838.482550843
7839.568362839
7840.782349086
7841.828068609
7842.773773977
7843.741048100
7844.457429441
7845.080327764
7845.576147186
7847.000089159
7847.835966138
7848.647013324
7849.322974184
7850.381575865
7851.749375194
7852.055533001
7853.536887110
7854.099209291
7854.705243499
7855.730232864
7856.589741468
7857.007480210
7857.998247520
7859.863876592
7860.360848830
7861.074293126
7861.968307522
7862.576808490
7863.886469839
7864.688424186
7865.047548550
7866.327295717
7867.142338042
7867.701391247
7869.054058997
7870.100532362
7871.026268506
7871.891593704
7872.421051360
7873.258974733
7873.857411725
7874.894281011
7876.081256282
7876.811378417
7877.833953052
7878.910611220
7879.774371318
7880.247924998
7881.172597090
7882.440411049
7883.219132091
7883.739288678
7884.386136360
7885.310055571
7886.697844125
7887.902634545
7888.582508385
7889.247759853
7890.199885171
7890.829109254
7891.738485147
7892.471581269
7893.753775748
7894.146224240
7895.752701737
7896.284146796
7896.810706211
7898.443975526
7899.189387686
7899.737784134
7900.699743497
7901.203724772
7902.431940428
7902.845882348
7904.000011351
7905.495359792
7906.307057653
7907.033279619
7907.462023027
7908.754089325
7909.071081108
7910.496345642
7911.290474750
7911.974654015
7912.521894758
7913.958900163
7914.898228655
7916.139083619
7916.249620363
7917.846984219
7918.206299766
7919.009503414
7919.702077253
7920.394917845
7922.053034577
7922.723312421
7923.710141381
7924.582047217
7925.391338795
7926.044750272
7927.227859749
7928.007764630
7928.684234751
7929.540229147
7930.604941255
7930.948076826
7932.471666174
7933.645643224
7934.495415309
7935.214648403
7935.570718562
7936.442237033
7937.745180589
7938.315574080
7939.086639386
7940.354012879
7941.265683750
7942.317604789
7942.745097904
7943.785515988
7944.959519127
7945.740693786
7946.220788193
7947.289771166
7947.729600273
7948.634211573
7950.265470540
7951.314030650
7951.584851706
7952.794489272
7953.594656971
7954.308997263
7954.747608586
7956.152267106
7956.989578249
7957.947945783
7958.317455921
7959.688750438
7960.661379308
7961.649596876
7962.562547059
7962.956507790
7964.203600710
7964.684089863
7965.315678843
7966.568849824
7967.266107539
7968.909886519
7969.629440351
7970.220548111
7970.847928249
7971.821330831
7972.995331892
7973.804869056
7974.458129757
7975.017853871
7976.207792148
7977.291194444
7977.975322929
7979.419830146
7980.244153621
7980.592156636
7981.677158958
7982.329229078
7982.856726483
7984.194787626
7985.078461489
7986.116271569
7986.989921280
7987.776841672
7988.826884443
7989.527182534
7990.464730054
7991.154615188
7992.449601868
7992.775448790
7993.535520096
7994.268276832
7996.325873550
7996.702938036
7997.562596959
7998.503621700
7998.960515915
8000.086767552
8000.654289531
8001.827414146
8002.504226796
8003.544020732
8004.486900352
8005.558741556
8006.089452662
8007.166316113
8008.486686299
8009.024278313
8009.383936409
8010.212236320
8011.469380859
8011.929391131
8013.442022089
8014.276774716
8015.371885937
8016.201731490
8016.491199874
8017.361465467
8018.637826607
8019.356639066
8020.319689667
8020.837459741
8021.895481637
8022.717489709
8024.403582467
8024.670982459
8025.752452902
8026.391854103
8027.305874160
8028.124025979
8028.746401313
8029.407822326
8031.058009787
8031.951322174
8032.793383791
8033.269191958
8034.386240871
8035.393242317
8035.999510970
8037.034489892
8037.803468787
8038.428466931
8039.310951895
8040.363774174
8041.485092079
8042.752607554
8043.228211968
8044.222079324
8044.702036441
8045.412198483
8046.349100762
8047.858586761
8048.092532351
8048.939018672
8050.707855426
8050.928553718
8051.826700971
8052.854735734
8053.850683692
8054.632075493
8055.387536444
8056.043545402
8056.628566090
8057.849854095
8059.163910471
8060.410573958
8060.656750844
8061.432878645
8062.591530739
8063.105008848
8064.205515208
8064.758371516
8065.960611559
8066.852181449
8067.499979188
8068.480997184
8069.620473526
8070.895715104
8071.223812048
8072.006261155
8072.891660955
8073.661638199
8074.476781796
8075.212479534
8076.604646443
8077.693139054
8078.331290952
8079.345222789
8080.039511695
8080.371623670
8082.095848369
8082.727357334
8083.188121262
8084.353898816
8084.627810374
8086.389367184
8087.201332970
8087.989215923
8089.000277332
8090.011702435
8090.302075183
8091.013047476
8092.013186019
8093.056821601
8093.960796849
8095.226429753
8095.644649781
8096.881209451
8097.422804534
8098.601451658
8099.483713020
8100.033954898
8100.893317321
8101.847479883
8102.652891917
8103.081247385
8104.959580646
8106.001082599
8106.472478547
8106.981007273
8107.990030626
8108.858614987
8109.690218972
8110.637684029
8111.447479981
8112.264753495
8113.552643128
8114.167019842
8115.107358483
8116.251266964
8116.864424633
8118.004737871
8118.437379653
8119.287139450
8119.648862099
8121.226751668
8122.361423445
8123.010669985
8124.184278678
8124.843587426
8125.501626937
8126.529528436
8126.964551002
8128.592208780
8129.097632570
8129.501991537
8130.717735754
8131.714724492
8132.854767683
8133.952804659
8134.457140991
8135.253151706
8135.925988506
8136.958578382
8137.609942436
8138.437429271
8139.566538052
8140.950740591
8141.595750010
8142.276001937
8142.810496644
8144.358563540
8144.926296078
8145.927384408
8146.251283810
8147.375558664
8148.188405805
8148.986653563
8150.740615482
8151.026671305
8152.217728258
8152.965931128
8153.488253661
8154.272979427
8155.128933993
8156.304912386
8157.194764620
8157.981568492
8158.767638742
8160.078200810
8160.950122590
8161.346145633
8162.592140587
8163.454284501
8164.106957147
8164.870257333
8165.448818475
8166.448089237
8168.295104130
8168.668480129
8169.593836204
8170.415779002
8171.095110983
8171.823553153
8173.111533981
8173.738292658
8174.366180914
8175.531628952
8176.449213454
8177.331542720
8178.104666953
8179.690387023
8180.035752136
8181.013209816
8181.282044614
8182.430116794
8183.129990253
8184.254600673
8185.038683169
8186.605228280
8187.019086128
8187.927398545
8188.675092155
8189.458001684
8190.538859646
8191.317359422
8192.334649942
8192.995406727
8193.233410995
8194.929408138
8196.067584918
8196.948324752
8197.513353943
8198.242611793
8199.585117178
8199.884773863
8200.341952211
8201.755260360
8202.876646170
8203.529203740
8204.761729330
8205.259250532
8206.228375058
8207.281175265
8208.167607522
8208.846424314
8209.530685579
8210.510348799
8211.030888883
8212.265612419
8213.253267547
8214.668747954
8215.237624959
8215.962628470
8216.502661260
8217.268004087
8218.619573330
8219.346543828
8220.050014501
8220.852882450
8222.153933482
8222.908793158
8223.804093212
8224.783041493
8225.662484685
8226.606391578
8227.022032307
8227.898063964
8228.756591820
8229.309424343
8231.318604912
8231.752039398
8232.534397486
8233.385017836
8234.463093964
8234.940463388
8235.903077656
8236.852837632
8237.661239321
8238.643824854
8239.166099548
8240.107660165
8241.810539849
8242.262983380
8243.126125161
8244.126672343
8244.522473036
8245.291902818
8246.414750235
8247.104523645
8248.198015439
8249.182211674
8250.476640454
8250.905128430
8251.591930805
8252.495963346
8253.795261751
8254.542110873
8255.238100661
8255.519078692
8256.777714952
8257.752236885
8258.997998911
8259.868525258
8260.782502763
8261.566253508
8262.002122424
8263.168899726
8263.541048290
8264.798832930
8265.847428254
8266.459167726
8267.620802307
8268.306797080
8269.293837369
8270.597375144
8271.102988989
8271.527124563
8273.023727020
8273.359088657
8274.260748916
8274.761296174
8276.532087622
8277.550531731
8278.311044894
8278.724155122
8279.658220294
8280.576684591
8281.427733833
8282.325186835
8283.364230097
8283.682719744
8284.837059155
8286.156465378
8286.666088558
8287.736512264
8288.980436058
8289.388001230
8290.178026756
8290.941297006
8291.360592492
8292.962945185
8293.588170376
8294.846862901
8295.568517316
8296.693739595
8297.216960600
8297.847035138
8299.092930897
8300.012435010
8300.536369898
8301.505488875
8302.243478657
8302.932610095
8304.590585714
8305.587635161
8306.142916438
8306.723994988
8307.761913372
8308.422654234
8309.351684270
8310.142625948
8310.895266168
8312.487888176
8313.144211388
8313.584885345
8314.936714631
8315.508934703
8316.991697013
8317.138031600
8318.217082256
8318.759355838
8319.747436440
8320.463512546
8321.895686240
8322.995964073
8323.508788174
8324.656429208
8325.300636981
8325.708797278
8326.619738160
8328.079211692
8328.715589743
8329.271340698
8330.212048925
8331.593502850
8332.263071024
8333.237664714
8334.052726657
8335.037292360
8335.626392666
8336.461889739
8337.076040922
8337.871295467
8339.257480606
8340.393714333
8341.281554843
8341.924980694
8342.350313542
8343.649101637
8344.661638670
8345.053008323
8346.083112882
8346.963463359
8347.710096767
8348.747559864
8349.534979215
8351.134421812
8351.661547503
8352.417119848
8352.958073703
8353.845609049
8354.918549437
8355.268913975
8356.904040991
8357.317471403
8358.619425855
8359.658407186
8359.970765630
8361.073625395
8361.854099315
8362.910269692
8363.896584173
8364.270313085
8364.921654253
8365.842461795
8367.570202902
8368.300171090
8368.924192691
8369.980516632
8370.774259906
8371.308043549
8372.087574386
8373.147445440
8374.076460465
8374.967512125
8375.843575317
8376.964785295
8377.391886566
8378.850000556
8379.465601295
8380.556228744
8380.966154321
8381.564090255
8382.905500683
8383.402690457
8384.243264856
8386.020866345
8386.716772953
8387.240328395
8388.199827520
8388.635538222
8389.785194387
8391.043045052
8391.345769447
8392.202609093
8393.253383485
8394.048747019
8395.258153894
8396.238183231
8396.956726476
8397.801538603
8398.740715655
8399.525152211
8399.733280377
8400.790029634
8402.071249480
8403.287132731
8403.814434923
8404.739289499
8405.705195480
8406.569355487
8407.084863515
8408.331513209
8408.928736383
8410.102479273
8410.365241307
8411.254384289
8412.634141842
8413.680979399
8414.783450749
8415.403499857
8415.723254018
8416.838129918
8417.556527395
8418.527239230
8419.569109017
8420.005248982
8421.508390248
8422.378527635
8423.240648284
8423.389063749
8425.250971770
8425.839729271
8426.287467350
8427.283348871
8428.018573119
8428.624830032
8429.995855684
8431.177000629
8431.955360419
8432.975958833
8433.312480291
8434.415421302
8435.058137203
8435.811385398
8437.043923772
8437.890770506
8438.581508721
8439.280453877
8440.622495640
8441.680875472
8442.342548491
8443.184375820
8443.859358821
8445.019550656
8445.343743347
8446.186349822
8447.097012279
8448.634176636
8449.496018879
8450.170450782
8451.011051486
8451.672354838
8452.526787587
8453.840544328
8454.385593870
8455.129114745
8455.682201310
8457.256933895
8457.584956675
8459.077902975
8459.817317811
8460.913889073
8461.562867847
8462.069886428
8462.646579164
8463.899499846
8464.878542530
8465.537510486
8466.826335992
8467.635630189
8468.444307123
8469.241866818
8470.285462154
8470.855567882
8472.106756705
8472.581593586
8473.422142529
8474.178986718
8474.840320404
8476.904664918
8477.388694102
8477.921861025
8478.842816768
8479.721517906
8480.498098396
8481.301917570
8481.987757046
8483.482314466
8483.709365227
8485.134315483
8485.731595822
8486.695524390
8487.794494039
8488.692418611
8489.335843597
8490.035611178
8490.800705907
8491.507454767
8492.596487047
8493.823574635
8494.552018030
8496.029850064
8496.290002226
8497.053886707
8497.637356296
8498.955065490
8499.848538085
8500.587623329
8501.302755467
8501.908544843
8503.528225474
8504.088873614
8505.263513055
8506.184467090
8506.655630248
8507.568430665
8508.341839185
8509.205092760
8509.605168069
8511.168181149
8512.237298971
8513.180504245
8513.428366856
8514.603122415
8515.510306167
8516.520710986
8517.066793399
8517.836912410
8518.994229230
8519.543241913
8520.204192768
8521.698529413
8522.883461466
8523.581766093
8524.072959893
8525.192740842
8525.580145940
8526.384967075
8527.801285476
8528.335279661
8529.165725245
8530.392088475
8531.215969405
8532.311647984
8532.610707275
8533.780194490
8535.042150484
8535.467449844
8536.033310081
8536.749664146
8537.778374014
8539.057118234
8540.192595720
8540.966649371
8541.539982809
8542.565392468
8543.339096417
8543.751519718
8545.303334074
8545.618122407
8546.691491453
8547.709108139
8548.380388381
8549.305495771
8550.742265128
8551.451183852
8552.036847252
8552.704688817
8553.657695232
8554.540035259
8555.129548603
8556.062209077
8557.527026799
8558.612656240
8558.923460876
8559.960124311
8560.426167012
8561.800541027
8562.354829385
8563.582511284
8563.910392634
8564.757382722
8565.618743676
8567.204607150
8567.744539734
8568.746748320
8569.695230961
8570.473144255
8570.946215417
8571.818896201
8572.426464758
8573.882934742
8574.913003320
8575.175968707
8576.708934631
8577.398701996
8577.971246764
8579.236900976
8579.917964132
8580.702003921
8581.556354735
8582.296736736
8582.982426419
8583.913021381
8585.651463150
8586.174833981
8587.197320927
8587.711288195
8588.094852601
8589.642476710
8590.127188417
8591.095567302
8591.803792343
8592.920901773
8594.055748659
8594.502062461
8595.550909470
8596.787241215
8597.384498851
8598.230072428
8599.006813111
8599.431780759
8600.495518302
8601.336163044
8602.800930633
8603.667158055
8604.204875746
8605.372037846
8606.065011945
8606.596847048
8607.469584159
8608.874054412
8609.476576484
8609.969946523
8610.900549174
8612.007241032
8613.349092570
8614.153530621
8614.570297618
8615.778990896
8616.334145127
8617.170423147
8617.682388008
8619.004610240
8619.610075256
8621.154330974
8621.952650157
8622.390314620
8623.284603670
8624.220096516
8625.481069983
8626.016582944
8626.570046899
8627.469440410
8628.431748373
8629.276843948
8630.330799696
8631.669465393
8632.398793411
8633.071914191
8633.591393342
8634.592755997
8635.206921731
8636.439865708
8637.187563978
8638.150805592
8638.929026205
8640.056739782
8640.930858833
8641.656960762
8642.643422720
8643.454487335
8644.166494253
8645.314890921
8645.629539138
8646.021671929
8648.180817663
8648.774619217
8649.780880843
8650.239461089
8651.375577781
8651.868483746
8652.861534420
8653.778576965
8654.501099441
8655.647399977
8656.072710342
8657.338800754
8658.222107504
8659.065463815
8660.464749772
8660.894985318
8661.469178733
8662.186065277
8663.160874844
8664.068204986
8664.933277767
8666.008296743
8667.232034709
8668.106266274
8668.375532887
8669.317504226
8670.233446196
8671.639127702
8671.820091555
8672.776806952
8673.524006100
8674.349201864
8675.596120099
8676.924281051
8677.519367828
8677.987746530
8679.291278168
8679.748657452
8680.584051407
8681.161852779
8682.385865916
8683.501223958
8684.345138141
8685.162576755
8685.791259888
8687.189699002
8687.777364111
8688.479057297
8689.551335130
8690.364817870
8690.662797622
8691.926226853
8692.523178294
8694.228413295
8694.902289443
8695.905093298
8696.258314853
8697.336511435
8697.610485681
8699.091219710
8699.936426458
8700.597521996
8701.161157565
8702.804254878
8703.417101022
8704.079332237
8705.318810429
8706.154650751
8707.005236582
8707.597537701
8708.113872195
8709.159693739
8709.949365152
8711.450294477
8712.275399475
8712.986720708
8714.030953900
8714.366502801
8715.585779951
8716.356426968
8717.003515228
8718.139853935
8719.090250677
8719.382554053
8720.447893299
8721.974942171
8722.755721399
8723.599098642
8724.108198074
8724.859676038
8725.956761585
8726.536842210
8727.253773684
8728.498800855
8729.628006990
8730.322892933
8731.474828184
8731.879802245
8732.623377539
8734.081398173
8734.675973838
8735.414586540
8736.080091412
8736.767658873
8737.886599701
8739.389508170
8739.714814519
8741.112495669
8741.683325895
8742.525510715
8742.997118094
8743.749048929
8745.053827139
8745.977161413
8746.443532496
8747.807308512
8748.384570856
8749.516423499
8750.330086646
8751.346430864
8751.999141009
8752.672763590
8753.775489789
8754.258907092
8755.009176122
8756.043831127
8757.903052121
8758.330109659
8758.806686423
8759.591981370
8760.797760692
8761.335651596
8762.328890282
8763.396469367
8763.655686197
8765.005865643
8765.741131577
8766.709274468
8767.797892850
8768.800400513
8769.371308012
8770.321068743
8771.029690956
8771.396367345
8772.413788999
8773.892563781
8774.336921666
8775.643665409
8776.412826981
8777.325477641
8778.016754196
8778.547501528
8779.874152389
8780.751048629
8781.399843070
8781.999405250
8782.763532847
8784.098180393
8785.349005620
8786.001416920
8786.925723642
8787.516533268
8788.234123962
8789.166704652
8790.055912969
8790.605373031
8791.865750061
8792.938115377
8793.748087605
8794.528210802
8795.102194578
8796.605348615
8797.281339330
8797.933469184
8798.459711537
8799.627566552
8800.402790798
8800.875335741
8802.633957952
8803.428243939
8804.220472212
8805.171186874
8805.599435361
8806.272540599
8807.488748834
8808.223313838
8809.413500175
8809.849477655
8810.602647387
8812.167774580
8812.725714811
8813.832162751
8814.311277666
8815.594893299
8816.333686040
8816.597902424
8817.604528339
8818.267042196
8819.823257464
8820.831983669
8821.428062324
8822.438231461
8822.982439196
8823.926324358
8824.821596600
8825.747064035
8826.471286824
8827.196344367
8828.126900137
8829.200853015
8829.757344108
8831.476274008
8832.095903441
8832.667733534
8833.353272701
8834.227333954
8834.898748526
8836.174940858
8836.623445374
8837.776447826
8839.103878636
8839.786452489
8840.183848850
8841.401930089
8842.186429294
8843.085298045
8844.209896067
8844.421280322
8845.399046171
8845.929067542
8847.529970810
8848.664758578
8849.293012163
8849.940859440
8850.968666279
8851.906343481
8852.149291308
8853.023070043
8854.558251386
8854.955551217
8856.079945292
8856.734523784
8857.963064805
8858.680999708
8859.693494673
8860.675496389
8861.046695268
8861.974859877
8862.808651074
8863.498357024
8864.378003968
8865.753819372
8866.791201368
8867.753787139
8868.092270037
8868.750967015
8869.691904789
8871.078180954
8871.689920886
8872.005432888
8873.297980869
8874.050059551
8875.172814315
8876.122838582
8876.890060628
8878.289574607
8878.480878110
8879.175609723
8880.343782097
8880.621668525
8881.726078190
8883.028741255
8884.165749605
8884.446684815
8885.602305365
8886.584181468
8887.058666341
8888.146956751
8888.831196780
8889.952996223
8890.537948369
8891.306737048
8891.874379357
8893.684840402
8894.604473094
8895.038202754
8896.103336815
8896.531323011
8897.673494065
8898.051507139
8899.302724467
8900.126946770
8900.854875978
8902.243765062
8903.054487162
8903.453422785
8904.497639306
8905.780057620
8906.334722625
8907.296439180
8907.620487928
8908.365865372
8909.714669788
8910.428989514
8911.756517260
8912.717343388
8913.324972961
8914.111116780
8914.741188912
8915.623803672
8916.514178387
8917.678078159
8918.302168644
8918.917303083
8920.276287089
8920.807424922
8922.348329237
8922.962986122
8923.430369164
8924.452124841
8925.469534408
8925.913861820
8926.590671425
8927.543910281
8929.299323789
8929.808678924
8930.622184355
8931.360853743
8932.151532174
8933.161556856
8934.023589736
8934.749925304
8935.684604088
8936.253765070
8937.198156762
8938.346035492
8939.308181977
8940.290249828
8941.181572192
8942.047712430
8942.474071166
8942.901797184
8944.315501548
8945.056384873
8946.156952172
8946.789546432
8948.094866137
8948.871203071
8949.659174963
8950.085438400
8951.679585355
8952.132146366
8952.910570342
8953.663140524
8954.570266106
8955.021105983
8956.904086111
8957.719764459
8958.329612995
8959.083915904
8959.872529807
8960.757465937
8961.514277567
8962.376098410
8963.122595274
8964.501768867
8965.042322647
8965.909132690
8966.831852557
8968.083142598
8968.730830805
8969.576813396
8970.156460463
8971.008144512
8971.900341570
8972.398475359
8973.827888983
8974.779544771
8976.046813315
8976.339748018
8977.267754470
8978.139157901
8978.484856068
8980.105035040
8980.789975095
8981.364598450
8981.893809433
8983.298016882
8984.458470335
8984.976927664
8986.278143617
8986.765638639
8987.708763258
8988.513243869
8988.936179401
8989.737246620
8991.143647231
8991.847222467
8993.206522748
8993.843872417
8994.285296829
8995.438088517
8996.520060324
8997.025737752
8997.967571698
8998.648899442
8999.718728032
9000.243406943
9001.129405308
9002.623776993
9003.873677515
9004.052178244
9004.805111170
9005.606797077
9006.565630589
9007.260756057
9008.304703038
9009.070075285
9010.088962863
9011.033504193
9012.042284017
9012.644453438
9013.551021067
9014.565229679
9015.596687046
9015.977933055
9016.814019973
9017.345160194
9018.424475610
9020.072493602
9020.646017117
9021.257036937
9022.745934353
9022.965488033
9023.565193774
9024.667245993
9025.628559534
9026.521713970
9027.231504803
9028.106836458
9028.987081386
9030.147631957
9031.032976777
9032.149738849
9032.444258621
9033.515720830
9033.854034846
9035.168949368
9035.749059048
9036.429306614
9038.302210473
9038.744798376
9039.773178758
9040.140208824
9040.975491232
9042.313865996
9043.019421319
9043.610772971
9044.618071148
9045.108590882
9046.315029702
9047.178898921
9048.588554505
9049.087937802
9049.992714867
9050.882205633
9051.428509001
9052.224339386
9052.755417231
9054.400106782
9054.931264072
9055.905240586
9056.785351956
9057.930288444
9058.352731342
9059.695201794
9059.901550741
9061.261010259
9062.010375428
9062.556640823
9063.065987666
9064.398647013
9065.676445011
9066.715937219
9067.344319124
9067.890693026
9068.707565891
9069.651864014
9070.419820652
9071.485275093
9072.068890118
9072.950481989
9074.381551781
9074.869755813
9075.539800391
9076.905342562
9077.941193163
9078.388813149
9078.885068810
9079.958594689
9080.600278837
9081.525029641
9082.687459166
9083.817684468
9084.719189339
9085.261991006
9086.216791442
9086.854064629
9087.619989059
9088.908988500
9089.425998602
9090.498988662
9090.953967031
9091.778385808
9093.554540593
9094.080653739
9094.817936162
9095.707283365
9096.611589238
9097.164150723
9098.092115417
9098.532042167
9099.836635636
9101.042374241
9101.885250830
9102.497480971
9103.493787094
9104.193256142
9105.074920830
9106.474161547
9106.705267548
9107.191202664
9108.613643184
9109.023970776
9110.230386515
9111.375084879
9112.381582610
9113.302297847
9113.658797282
9114.444853439
9115.042930636
9116.424405314
9117.137058330
9117.860968025
9118.810944247
9120.116281593
9120.569264317
9121.584902245
9122.504965211
9123.393854939
9124.084874392
9125.059677153
9125.604247738
9126.235472797
9127.121392691
9128.945962237
9129.473000954
9130.446701654
9130.768159171
9131.957373713
9132.877022276
9133.253132722
9134.299136950
9135.427457334
9136.139601994
9136.679196436
9138.105910779
9138.600382790
9140.231969818
9140.578259697
9141.357179362
9142.266523220
9142.836907709
9143.596977940
9144.619980820
9145.638522322
9146.526358406
9147.808894963
9148.555047142
9149.117996850
9149.558123853
9151.026455173
9151.817672100
9152.649018567
9153.267808750
9153.740200096
9155.111134265
9156.088026232
9157.200853860
9157.957603482
9158.830116897
9159.438824975
9160.353847711
9160.796139418
9161.926432340
9162.627075285
9164.011258569
9164.765021489
9165.448663414
9166.381734371
9167.382447423
9168.304925878
9169.005615314
9169.689672310
9170.658946114
9171.402013821
9172.213321782
9172.683910450
9174.799448248
9175.208835881
9175.927458355
9176.891017124
9177.479208893
9178.130377598
9179.285979756
9180.321113396
9180.739286974
9181.702974296
9182.811173985
9183.699837538
9184.767194414
9185.136000609
9186.578146636
9187.345086890
9187.811497032
9188.464829563
9189.187313215
9190.366779364
9191.463118656
9192.438691654
9193.368911876
9194.036497583
9194.998618070
9195.415993342
9196.541376823
9197.375793025
9198.428751555
9198.789347491
9200.006746344
9200.451077571
9201.837434833
9203.050941491
9203.761790101
9204.449930355
9204.760708258
9206.165350792
9206.847375416
9207.189750329
9208.520414153
9209.480933056
9210.873978974
9211.220220623
9211.878326614
9212.942543018
9213.953457243
9214.809815383
9215.383063607
9216.396499883
9216.889162999
9217.632413627
9219.125065266
9220.020083391
9220.852137982
9222.000798288
9222.354047560
9223.237859071
9223.870046096
9224.578163424
9226.173215901
9226.625762800
9227.262194971
9228.502157992
9229.558364129
9230.160704779
9231.116341547
9232.082594098
9232.764557617
9233.690366509
9234.086401680
9235.309074306
9235.520669017
9237.255825768
9238.525524178
9238.873162118
9239.599760445
9240.463318407
9241.168927233
9242.438747056
9243.002727145
9243.629625414
9244.722256155
9245.730317260
9246.372479218
9247.323682009
9248.859664428
9249.097134245
9250.217232552
9250.850268731
9251.325332010
9252.301982660
9253.266895878
9254.039963750
9255.629242735
9255.870307159
9257.090976370
9257.922851052
9258.513197989
9259.199490497
9260.462686090
9261.410917752
9261.832615531
9262.571905341
9263.278863899
9264.808555511
9265.914999339
9266.523355586
9267.157637377
9268.359885084
9268.846663836
9269.385312604
9270.504925928
9271.301028119
9272.394102687
9273.266843199
9274.338133840
9274.986375913
9275.555512462
9277.160514445
9277.608768374
9278.356214546
9279.040933078
9279.938256161
9280.769267593
9281.537438793
9282.734288937
9284.093681675
9284.762478437
9285.344159689
9285.849431119
9286.901569164
9287.799427531
9288.657678861
9289.634716493
9290.238472558
9291.071149949
9292.450151019
9293.020371573
9294.077099796
9294.994414286
9295.564223472
9296.607047273
9297.328597822
9297.791417095
9298.415822954
9300.174304705
9301.095504972
9301.630677862
9302.761169162
9303.238852584
9304.478169098
9304.747219153
9306.002925383
9306.808098668
9307.501144154
9308.397687578
9309.059307209
9310.294182823
9311.394263391
9312.287090011
9313.137110977
9313.642041787
9314.191767556
9315.257777093
9316.091993797
9317.221478360
9317.520864381
9319.337900164
9319.827795194
9320.592913364
9321.355037465
9322.199858976
9323.579903835
9324.038643000
9324.662478031
9325.359891018
9326.496593790
9327.029340176
9328.937276210
9329.235940410
9330.230659583
9330.921834158
9331.875838211
9332.545535709
9332.990177777
9334.305898779
9335.206489196
9336.031511110
9336.966415720
9337.535506027
9338.970532755
9339.734206712
9340.336005010
9341.340822196
9341.999574596
9342.923902156
9343.478761545
9344.189903972
9345.473934990
9346.909626243
9347.350886762
9348.412153406
9348.847438792
9349.534174825
9350.701823059
9351.640126344
9352.399663268
9353.014453103
9353.743506761
9355.235106158
9355.820175982
9356.673033797
9357.970513890
9358.838675558
9359.076903406
9360.025057415
9360.682314261
9361.527052532
9362.648214728
9363.690016545
9364.532422656
9365.565561379
9366.263485245
9366.856452107
9367.994621558
9368.900918158
9369.264875034
9370.763366235
9371.178734815
9371.587599990
9372.784751975
9374.379510450
9375.170795001
9375.736537521
9376.328130230
9377.450651134
9377.983702594
9379.018437925
9379.494344123
9380.793873689
9381.675840485
9382.560440805
9383.568374418
9384.090451459
9385.110359164
9386.234914019
9386.888612208
9387.733832772
9388.121802784
9388.979169604
9390.090466519
9391.049764368
9392.305852529
9392.964477181
9393.984756239
9394.689784015
9395.103416036
9395.826310147
9397.472564247
9397.818267625
9398.618868892
9399.494206832
9400.580871304
9401.427516666
9402.552909282
9403.382930754
9403.920835264
9405.062878277
9405.517985108
9406.317820404
9407.247627536
9407.745436536
9409.471336663
9410.603937083
9410.808666731
9411.457048112
9412.787360568
9413.355204753
9414.366649963
9415.106792479
9415.823151301
9416.804191133
9417.532924977
9418.349184603
9419.744269401
9420.582583617
9421.526892048
9422.040011769
9422.810743700
9423.591008663
9424.174561788
9425.411963547
9426.506903688
9426.874533970
9428.235207719
9429.379144120
9429.574025270
9430.535514117
9431.485551951
9432.713826105
9433.125018231
9433.826715940
9434.666665734
9435.196314279
9437.178849319
9437.419496808
9438.835191548
9439.288351898
9439.978628850
9440.804069912
9441.857096239
9442.274634497
9443.449249712
9444.311353870
9445.247610817
9446.162804215
9446.796122037
9447.907524955
9449.201580601
9449.609725389
9450.152313576
9451.044025469
9452.148976997
9452.581214093
9453.384466733
9454.941836695
9455.879794582
9456.638848993
9457.289938949
9457.972397295
9458.826684386
9459.769410652
9460.903772501
9461.404922056
9462.137989880
9462.936516168
9464.217904346
9465.261895535
9465.991177189
9466.722587065
9467.860632792
9468.494804378
9469.132039337
9469.456006505
9470.882771001
9471.819269688
9472.907942702
9473.723079555
9474.392245664
9475.565521140
9475.919635501
9477.137885719
9477.827320468
9478.855699955
9479.229478691
9480.235271345
9481.143882259
9481.839788621
9483.688815646
9484.207298377
9484.640388958
9485.753856656
9486.030868860
9487.215810246
9488.107214893
9488.903784852
9489.546258565
9491.036789278
9491.622337135
9492.559851589
9493.134847953
9494.478852245
9495.156477924
9495.860072045
9496.823908854
9497.255442783
9497.951007264
9499.137222929
9500.595321345
9501.217267714
9501.922520026
9503.042498303
9503.601117763
9504.264017632
9505.086080347
9506.113854057
9507.223790581
9507.961501776
9508.129637449
9509.769913843
9510.615551925
9511.550977666
9512.380208554
9513.335229213
9513.533893338
9514.814322807
9515.333335579
9516.047851770
9517.248001839
9518.401462280
9519.480657354
9520.014543685
9520.830643942
9521.162437132
9522.916082654
9523.293287274
9524.172145197
9524.673999746
9525.837508223
9526.527981213
9527.680937490
9528.632397361
9529.771681928
9530.405942179
9531.147923592
9531.625571622
9532.674849337
9533.237985855
9534.471660706
9535.377269525
9536.209876871
9537.253631706
9537.834915535
9539.182796450
9539.514744273
9540.396197262
9541.667102046
9542.028340453
9543.161504407
9543.327342114
9544.333386340
9546.148062139
9546.850958231
9547.451494516
9548.202699750
9549.109408072
9550.023825187
9550.297435819
9551.802310113
9552.369737288
9553.055529832
9554.438731025
9555.132351126
9555.765517186
9557.033450243
9557.864073546
9558.778597586
9559.497877392
9559.651002787
9560.804275858
9561.826855174
9562.595160266
9563.767484768
9564.941586598
9565.719270211
9565.998473754
9567.084762807
9567.680668643
9568.920136750
9569.757583804
9570.282928700
9571.225835961
9571.872993121
9573.170828779
9574.260212103
9575.159596766
9575.627693113
9576.504120426
9577.462720728
9578.082268990
9578.752937350
9579.449577446
9581.125284055
9581.813931393
9582.531012949
9583.488437067
9584.163335287
9585.143063863
9586.255233920
9586.572222390
9587.581534661
9588.562422368
9588.897946176
9589.946539842
9591.313819409
9592.130272135
9593.205180494
9593.910165406
9594.431429784
9594.988285873
9595.993695247
9597.340246230
9597.618342095
9598.766169772
9599.449375097
9601.023594443
9601.374051673
9601.972952765
9603.387320427
9604.113455999
9604.831331502
9605.509080557
9606.208589672
9606.948842120
9608.036444606
9609.580310488
9610.210766395
9610.802823322
9611.665887778
9612.606349755
9613.167963417
9614.252323365
9614.790927447
9616.080125100
9616.576304356
9617.711563455
9618.147803719
9619.662657557
9620.711570046
9621.165759369
9621.757407603
9622.960401195
9623.378434431
9624.134944535
9625.222075595
9626.015526809
9627.410922590
9628.224711924
9628.814176045
9629.724366466
9630.301966898
9631.280209290
9632.562265478
9633.111145441
9633.589919581
9634.275150158
9635.651739530
9636.586190719
9637.636829868
9638.333970206
9639.400372273
9639.941632652
9640.667624445
9641.271927641
9642.172583672
9643.651510537
9643.850300727
9645.268004101
9646.033601388
9646.682120242
9647.776874287
9648.593127495
9649.697627601
9649.853790959
9650.999123888
9651.871456187
9652.538464028
9653.014874567
9654.963345359
9655.670242557
9656.509156429
9657.006073676
9657.625816864
9658.780678230
9659.637116337
9660.202999377
9661.371533562
9661.957836041
9663.085768152
9663.881076548
9665.039454449
9665.485661647
9666.807212490
9667.564227300
9668.135428971
9668.700128124
9669.745616207
9670.162113846
9671.949512727
9672.494340342
9673.396190896
9674.547299395
9675.122226685
9675.734272080
9676.482970443
9677.762490774
9678.441444797
9679.309646020
9679.806168480
9680.762833610
9681.933181545
9683.097742918
9683.867021673
9684.589585902
9685.308004229
9685.960000518
9686.938901706
9687.635650375
9688.452504118
9689.424900299
9691.007692605
9691.345099413
9692.129608963
9692.775465088
9694.160018793
9694.810249049
9695.587265123
9696.340584322
9696.969092913
9697.964078700
9698.735918071
9699.909751127
9701.268636038
9701.750955885
9702.343670705
9703.640136867
9703.837388247
9704.480325775
9705.876215987
9706.802865518
9707.414647045
9708.186078194
9709.502438605
9710.185679568
9711.156381036
9711.887312337
9712.668956896
9713.803909573
9714.476372680
9714.689105558
9715.654426520
9716.864893948
9718.217323920
9719.003948229
9719.584605409
9720.464454076
9721.104473047
9721.996753310
9723.058455125
9723.737313265
9724.373873217
9725.549128994
9726.187902554
9727.403728478
9727.880335352
9729.496025753
9730.119586179
9730.576904309
9731.372827729
9732.006893645
9733.303859800
9733.610464090
9734.855515621
9736.090792315
9736.730369149
9737.855582949
9738.240421320
9739.021072199
9740.135575737
9741.076087748
9741.657972106
9742.623564744
9743.232096252
9743.733762360
9745.639066617
9746.440268751
9746.825728280
9748.002697060
9748.639282223
9749.482254347
9750.074742140
9750.773005612
9751.983307432
9753.034700476
9753.717213061
9754.680499290
9755.495112248
9756.380104702
9757.260899469
9758.307454097
9758.814665167
9759.592246659
9760.270891381
9761.363189251
9761.887569295
9763.294099802
9764.416349966
9765.298077292
9765.798045052
9766.238754743
9767.289858684
9768.168596165
9769.341847582
9769.963460334
9770.298585892
9771.872279802
9772.654168676
9773.284337855
9774.703617456
9775.088283540
9776.251533919
9776.730381886
9777.692679376
9778.148806607
9778.880763275
9780.313329425
9781.383732403
9782.385525672
9782.610816340
9783.722534562
9784.680677563
9785.381062853
9785.900034117
9787.276920187
9787.953486118
9788.477759390
9789.402370600
9790.364384932
9791.983400039
9792.246728932
9793.549999292
9793.647618793
9794.761051811
9795.420031376
9796.201811062
9797.293024611
9798.034191396
9799.096192514
9800.348712493
9800.831815355
9801.527598489
9802.247218202
9803.782724367
9804.339386747
9804.771010774
9805.672191921
9806.373069562
9807.415268673
9808.579426841
9809.662905148
9810.291826876
9811.323107614
9812.026190727
9812.268979446
9813.488974531
9814.292509388
9815.145409875
9816.280725472
9816.937616013
9817.665816070
9818.915101402
9819.703209234
9820.652109743
9821.399312629
9821.902829739
9823.078061393
9823.702895700
9824.295346710
9825.034070225
9826.946695211
9827.547832227
9828.155753565
9828.973287305
9829.933473336
9830.307902371
9831.760429334
9832.237602065
9833.139694320
9833.898350380
9834.670764973
9836.112660501
9836.485906520
9837.756654900
9838.631071531
9839.435359541
9840.038249689
9840.729469972
9841.165565425
9842.661664685
9843.426278643
9844.269014987
9845.514484924
9846.234022221
9846.883790561
9847.700262245
9848.563597130
9849.559686381
9850.340915387
9851.168115715
9851.623956976
9852.552236727
9853.637530407
9855.045803746
9856.031387000
9856.177060904
9856.910175667
9858.164581111
9858.732414136
9859.381159523
9860.360205325
9861.363515492
9862.379013197
9863.480482965
9863.698339983
9864.789829098
9866.121993984
9866.515268109
9867.444225599
9868.274452687
9868.714659331
9869.812878326
9870.332258557
9872.000623378
9872.558666060
9873.802220904
9874.323957629
9875.218994099
9875.600956249
9876.479017064
9877.782654005
