zero_index,gamma,x_unfolded,S_tilde_n_minus_half_minus_x
1,14.134725141735,0.4492778727433573,0.05072212725664271
2,21.022039638772,1.5698956896187108,-0.06989568961871084
3,25.010857580146,2.393332685918328,0.10666731408167207
4,30.42487612586,3.67084647533391,-0.17084647533391006
5,32.935061587739,4.317069648518563,0.18293035148143666
6,37.586178158826,5.593378761769833,-0.0933787617698334
7,40.918719012148,6.564967037942235,-0.06496703794223535
8,43.327073280915,7.294228067167278,0.20577193283272166
9,48.005150881167,8.770680390902253,-0.27068039090225327
10,49.773832477672,9.348203031688346,0.151796968311654
11,52.970321477714,10.417088185688067,0.08291181431193273
12,56.446247697063,11.614219755867952,-0.11421975586795163
13,59.347044002603,12.63945354371361,-0.13945354371361063
14,60.83177852461,13.173009079658566,0.3269909203414336
15,65.112544048082,14.74316028162716,-0.2431602816271603
16,67.079810529494,15.479946676293984,0.020053323706015647
17,69.546401711174,16.416685956868104,0.08331404313189594
18,72.067157674482,17.38837998598008,0.11162001401991972
19,75.704690699084,18.815181952135333,-0.3151819521353332
20,77.144840068875,19.387835871884032,0.11216412811596754
21,79.337375020249,20.26785477909121,0.23214522090879086
22,82.910380854086,21.722502052462893,-0.22250205246289312
23,84.735492980517,22.475069144012977,0.024930855987022937
24,87.425274613125,23.595541760622535,-0.09554176062253461
25,88.809111207634,24.17715892940897,0.3228410705910285
26,92.491899270558,25.741588862783125,-0.24158886278312508
27,94.65134404052,26.669826433293984,-0.16982643329398428
28,95.870634228245,27.19741372518921,0.30258627481078904
29,98.831194218194,28.4886597252348,0.01134027476519961
30,101.317851005731,29.584138584916364,-0.08413858491636361
31,103.725538040478,30.654086665452933,-0.15408666545293315
32,105.446623052326,31.42438087047827,0.07561912952172989
33,107.168611184276,32.199553855062845,0.3004461449371547
34,111.02953554317,33.95349563198868,-0.45349563198868026
35,111.874659176993,34.34029547054487,0.15970452945512648
36,114.320220915453,35.465288105429856,0.0347118945701439
37,116.226680320858,36.34807101308948,0.15192898691051937
38,118.790782865976,37.543208621745705,-0.0432086217457055
39,121.370125002421,38.75433708589338,-0.25433708589338266
40,122.946829293553,39.49898610772141,0.0010138922785927207
41,124.256818554346,40.12011985946528,0.3798801405347234
42,127.516683879596,41.67528226888676,-0.17528226888676102
43,129.578704199956,42.66586698072678,-0.16586698072678274
44,131.087688530933,43.394089931597776,0.10591006840222406
45,133.497737202997,44.56287961992948,-0.06287961992948254
46,134.756509753374,45.17610140089769,0.3238985991023071
47,138.116042054533,46.821841555460935,-0.32184155546093507
48,139.736208952122,47.62018395842279,-0.12018395842279261
49,141.123707404021,48.30625613840769,0.19374386159230994
50,143.11184580762,49.2931040358672,0.20689596413279787
51,146.000982486766,50.7349978193611,-0.23499781936109798
52,147.42276534256,51.4479251198038,0.052074880196201434
53,150.053520420785,52.77280901142758,-0.27280901142758296
54,150.925257612241,53.21345328450103,0.2865467154989716
55,153.024693811199,54.27795294436851,0.22204705563149219
56,156.112909294238,55.852117657571696,-0.35211765757169644
57,157.597591817594,56.61238185143537,-0.11238185143537294
58,158.84998817142,57.25543058963267,0.24456941036733326
59,161.188964137596,58.46058733660548,0.039412663394521985
60,163.030709687182,59.41335159448125,0.0866484055187513
61,165.5370691879,60.71524357452371,-0.21524357452371135
62,167.184439978175,61.57424161263037,-0.07424161263036666
63,169.094515415568,62.57345593676376,-0.07345593676375728
64,169.911976479412,63.00214444468544,0.4978555553145583
65,173.411536519592,64.84440356902775,-0.3444035690277474
66,174.754191523366,65.55420795759011,-0.054207957590108435
67,176.441434297711,66.44850761186422,0.051492388135784495
68,178.3774077761,67.47780571113057,0.022194288869428647
69,179.916484020258,68.2984734609755,0.20152653902449913
70,182.207078484366,69.52374114890331,-0.023741148903312137
71,184.874467848387,70.95633320752752,-0.45633320752752127
72,185.598783677707,71.34640737788517,0.15359262211482871
73,187.228922583502,72.22594787329992,0.2740521267000844
74,189.416158656017,73.40961513393488,0.09038486606512208
75,192.026656360714,74.82759703341624,-0.32759703341623947
76,193.079726603846,75.40121161603308,0.09878838396691947
77,195.265396679529,76.59467295813641,-0.09467295813641385
78,196.876481840958,77.47688380134491,0.023116198655088738
79,198.015309676252,78.10175906425629,0.3982409357437149
80,201.264751943704,79.8904396125806,-0.3904396125805931
81,202.49359451414,80.5690486910747,-0.06904869107469835
82,204.189671803105,81.50762891781383,-0.007628917813832459
83,205.394697202163,82.17583294814094,0.3241670518590638
84,207.906258887806,83.57213916952813,-0.07213916952812838
85,209.576509716856,84.5033945339382,-0.003394533938205768
86,211.690862595365,85.68529716113349,-0.18529716113349082
87,213.347919359713,86.61392669631553,-0.11392669631553076
88,214.547044783492,87.28720578263903,0.21279421736096538
89,216.169538508264,88.19989257526183,0.3001074247381723
90,219.067596349022,89.83492433526135,-0.33492433526134846
91,220.714918839314,90.76703904317463,-0.2670390431746341
92,221.430705554694,91.17266779874036,0.3273322012596367
93,224.007000254604,92.63566627912562,-0.13566627912561557
94,224.983324669583,93.19132599672172,0.3086740032782842
95,227.421444279679,94.58188169546716,-0.0818816954671604
96,229.337413305525,95.6775556887186,-0.1775556887185985
97,231.250188700499,96.77394458116711,-0.2739445811671146
98,231.98723525318,97.19708750729112,0.30291249270888443
99,233.693404178909,98.17803743731622,0.32196256268377965
100,236.524229665816,99.80996734088733,-0.3099673408873258
101,237.769820480925,100.52974457424727,-0.029744574247274613
102,239.555477573328,101.56341476344102,-0.06341476344101693
103,241.049157796217,102.4296950038609,0.07030499613910024
104,242.823271934223,103.46052990206924,0.03947009793076006
105,244.070898497078,104.18668978398064,0.31331021601936015
106,247.136990074898,105.97555808392612,-0.4755580839261171
107,248.101990060148,106.53982999100914,-0.03982999100914242
108,249.573689644707,107.4015377173846,0.09846228261540091
109,251.014947795016,108.24676012551828,0.25323987448172147
110,253.069986747999,109.45420880398169,0.04579119601831394
111,255.306256454914,110.77115746975646,-0.27115746975646005
112,256.380713694435,111.40502033333884,0.09497966666116042
113,258.610439491531,112.72270305140792,-0.2227030514079189
114,259.874406989678,113.4710200626018,0.028979937398204925
115,260.805084504597,114.02264239610702,0.4773576038929832
116,263.57389390487,115.66686291966246,-0.16686291966246358
117,265.557851838876,116.84785960254835,-0.347859602548354
118,266.614973781501,117.47810027858807,0.021899721411926976
119,267.921915082824,118.2582015166299,0.24179848337010412
120,269.970449023998,119.48299234948774,0.017007650512255168
121,271.494055641646,120.39554152494958,0.10445847505042138
122,273.459609188403,121.57479956696017,-0.07479956696016643
123,275.587492649344,122.85398369807804,-0.3539836980780393
124,276.452049503133,123.37446308739236,0.1255369126076431
125,278.250743529842,124.45868789509647,0.04131210490352544
126,279.229250927745,125.04929490289912,0.45070509710087947
127,282.465114765053,127.0062720236935,-0.5062720236934979
128,283.211185733234,127.45831826294896,0.04168173705103584
129,284.835963980905,128.4438566695963,0.056143330403699565
130,286.667445363003,129.55654265177137,-0.05654265177136608
131,287.911920501422,130.31366612766692,0.18633387233307985
132,289.579854929219,131.32975905869446,0.17024094130553635
133,291.846291329067,132.7129035783828,-0.21290357838279306
134,293.558434139356,133.75963637412127,-0.2596363741212713
135,294.965369619265,134.6209681258663,-0.12096812586631245
136,295.573254878958,134.99344873736936,0.5065512626306372
137,297.979277061943,136.46968294414992,0.030317055850076713
138,299.840326053722,137.61366655187564,-0.11366655187563879
139,301.649325462194,138.72741750129524,-0.22741750129523552
140,302.696749589607,139.37307754525506,0.12692245474494257
141,304.864371340857,140.71108701671074,-0.21108701671073504
142,305.728912602037,141.24542827660855,0.2545717233914502
143,307.21949612817,142.16761643171077,0.3323835682892309
144,310.109463146702,143.95884369568375,-0.45884369568375405
145,311.165141530356,144.61423353716725,-0.1142335371672516
146,312.427801180601,145.39887064914683,0.10112935085317076
147,313.985285731159,146.3678351271177,0.13216487288229928
148,315.475616089476,147.29617197204033,0.20382802795967336
149,317.73480594237,148.70557161213253,-0.2055716121325304
150,318.853104256317,149.40417112733078,0.09582887266921603
151,321.160134309114,150.84733960757086,-0.34733960757085924
152,322.144558672483,151.4639527213616,0.0360472786383923
153,323.466969557512,152.29302349271103,0.20697650728897088
154,324.86286605174,153.16909867506223,0.3309013249377699
155,327.443901261905,154.79148721558823,-0.29148721558823354
156,329.033071680481,155.7920210513971,-0.2920210513971142
157,329.953239728234,156.3719131240066,0.12808687599340374
158,331.474467582664,157.3314896778174,0.16851032218261253
159,333.64537852487,158.70280335164878,-0.20280335164878238
160,334.211354833244,159.0606873982174,0.43931260178260345
161,336.841850428391,160.72602778430416,-0.22602778430416492
162,338.339992850807,161.67594962740952,-0.1759496274095227
163,339.858216725364,162.63968152944796,-0.1396815294479552
164,341.042261111047,163.39203378318973,0.10796621681026863
165,342.054877510364,164.0359782960761,0.4640217039238905
166,344.661702940252,165.6959062385315,-0.19590623853150646
167,346.347870566011,166.77126689010666,-0.2712668901066593
168,347.27267758442,167.36162174322567,0.13837825677433102
169,349.316260870696,168.6675411913542,-0.16754119135418932
170,350.408419349192,169.36624862028503,0.13375137971496542
171,351.878649025359,170.3076820113471,0.19231798865288852
172,353.488900488719,171.33989730924787,0.1601026907521259
173,356.017574977265,172.96320100630436,-0.46320100630435945
174,357.151302252039,173.6919360094492,-0.19193600944919353
175,357.952685101633,174.20739294809212,0.29260705190787917
176,359.743754953114,175.36045712501948,0.13954287498052054
177,361.289361695805,176.35663686197924,0.14336313802076006
178,363.331330578975,177.67434644925447,-0.17434644925447174
179,364.736024114089,178.58187482637095,-0.08187482637094945
180,366.212710288332,179.53684365324418,-0.036843653244176267
181,367.99357548174,180.68978446301213,-0.18978446301213125
182,368.968438095734,181.32149663641516,0.17850336358483787
183,370.050919212106,182.0234260028704,0.4765739971296057
184,373.061928372113,183.9785455152791,-0.4785455152791087
185,373.864873910909,184.50057158939228,-0.0005715893922797477
186,375.825912766739,185.77667162340816,-0.27667162340816276
187,376.324092230668,186.10110997072408,0.3988900292759183
188,378.436680249965,187.4780931960152,0.021906803984791168
189,379.872975346532,188.41534170968748,0.08465829031251815
190,381.484468617187,189.46794380344772,0.03205619655227565
191,383.443529449537,190.74903027133533,-0.24903027133532873
192,384.956116814864,191.7392450643761,-0.2392450643760924
193,385.861300845974,192.33227612337893,0.1677238766210678
194,387.222890222388,193.22495728548185,0.27504271451815043
195,388.846128354231,194.2901753065222,0.20982469347779897
196,391.456083563638,196.00516612393665,-0.5051661239366467
197,392.245083339519,196.52416064199625,-0.024160641996246568
198,393.427743844434,197.3025733421431,0.1974266578569086
199,395.582870010994,198.72250484844625,-0.22250484844624907
200,396.381854222592,199.24940082140864,0.25059917859135794
201,397.918736209614,200.26362914218456,0.23637085781544442
202,399.985119876195,201.62877774056,-0.1287777405599968
203,401.839228600533,202.85513413752,-0.3551341375199968
204,402.861917763886,203.5321507457321,-0.03215074573211041
205,404.236441800208,204.44273147472137,0.05726852527863002
206,405.13438745991,205.03799525852415,0.4620047414758517
207,407.581460386896,206.66180820578032,-0.16180820578031785
208,408.947245502352,207.56912476786573,-0.06912476786573052
209,410.513869193367,208.610755950101,-0.1107559501010087
210,411.972267804279,209.58128472072048,-0.08128472072047543
211,413.262736070184,210.44074523862636,0.059254761373637166
212,415.018809755155,211.61133188479675,-0.11133188479675482
213,415.455214996295,211.90242027603375,0.5975797239662484
214,418.387705789535,213.86032111889403,-0.36032111889403495
215,419.861364818152,214.8454577553218,-0.345457755321803
216,420.643827625041,215.36886656483543,0.1311334351645712
217,422.076710058827,216.3279574320549,0.17204256794511252
218,423.716579627482,217.4265437123589,0.07345628764110756
219,425.069882494461,218.33391330096617,0.16608669903382633
220,427.208825084074,219.7694402726658,-0.26944027266580406
221,428.127914076617,220.38680042759304,0.11319957240695544
222,430.328745430939,221.86639320644952,-0.3663932064495157
223,431.301306930704,222.5208060258888,-0.020806025888788326
224,432.138641734589,223.08450775832415,0.4154922416758495
225,433.889218480927,224.263846295614,0.23615370438599825
226,436.161006432647,225.79599265668625,-0.2959926566862521
227,437.581698167669,226.7550977704552,-0.255097770455194
228,438.621738656271,227.4576918226241,0.04230817737590087
229,439.918442214371,228.3342229299477,0.16577707005228604
230,441.683199201189,229.52812050079712,-0.028120500797115255
231,442.904546302609,230.3550464891679,0.14495351083209584
232,444.319336277559,231.3136150274857,0.18638497251430408
233,446.86062269643,233.03722245746525,-0.5372224574652478
234,447.441704194493,233.4316599668053,0.06834003319468707
235,449.148545685023,234.5909561186997,-0.09095611869969389
236,450.126945780313,235.2559565896989,0.24404341030108867
237,451.403308445389,236.1239853835268,0.37601461647321344
238,453.986737806678,237.88268034744644,-0.3826803474464384
239,454.974683768617,238.555853477259,-0.05585347725900647
240,456.328426689246,239.47883005888195,0.021169941118046154
241,457.903893064103,240.55378145846996,-0.05378145846995608
242,459.513415281106,241.65286025295683,-0.15286025295682748
243,460.087944422176,242.04540085112257,0.4545991488774348
244,462.065367274882,243.39732478691025,0.10267521308975347
245,464.057286910548,244.76052155581533,-0.26052155581533043
246,465.671539211371,245.8662551638213,-0.3662551638213074
247,466.570286930826,246.4822672411321,0.017732758867907705
248,467.439046210262,247.07798679961564,0.42201320038435597
249,469.536004559112,248.51695626860695,-0.016956268606946878
250,470.773655478102,249.36695385135056,0.13304614864944142
251,472.799174661909,250.75916258542225,-0.2591625854222457
252,473.83523234514,251.471814781152,0.02818521884799452
253,475.600339369375,252.68677345577052,-0.1867734557705205
254,476.769015237484,253.4917704880782,0.008229511921797439
255,478.07526376667,254.39206865688985,0.10793134311015251
256,478.942181534635,254.9898830974733,0.510116902526704
257,481.830339376287,256.98331603283344,-0.48331603283344293
258,482.834782790982,257.67723864664265,-0.17723864664264966
259,483.851427212482,258.37992900431846,0.12007099568154445
260,485.539148129356,259.5472083339964,-0.04720833399642288
261,486.528718261651,260.2320596863067,0.26794031369331606
262,488.380567090018,261.5145279994037,-0.014527999403696867
263,489.661761577956,262.40245307763206,0.09754692236793971
264,491.398821593663,263.6071651401373,-0.10716514013728329
265,493.314441581785,264.93684779623385,-0.43684779623384884
266,493.95799780537,265.38382315017395,0.11617684982604715
267,495.358828822131,266.35721705492966,0.14278294507033706
268,496.429696215759,267.1017548033852,0.39824519661482327
269,498.580782429687,268.5984422148968,-0.09844221489680649
270,500.30908494169,269.8020347072659,-0.3020347072658751
271,501.604446965145,270.7047499505069,-0.20474995050687994
272,502.276270327118,271.17314170932355,0.326858290676455
273,504.499773313428,272.7243753548007,-0.22437535480071347
274,505.415231742244,273.3635013815337,0.1364986184663053
275,506.464152709524,274.09612848695485,0.40387151304514646
276,508.800700336467,275.7293504136204,-0.2293504136204092
277,510.264227943673,276.75321096898733,-0.2532109689873323
278,511.562289700375,277.6618733658555,-0.16187336585551293
279,512.623144531407,278.40487675094687,0.09512324905313108
280,513.668985555474,279.1377067691607,0.3622932308393274
281,515.435057167299,280.3759776837327,0.12402231626731464
282,517.589668572468,281.88797491480267,-0.387974914802669
283,518.23422314755,282.3405683539632,0.1594316460368077
284,520.106310411723,283.655833786772,-0.155833786772007
285,521.525193449492,284.6534078539886,-0.1534078539885968
286,522.45669617773,285.30865363222114,0.1913463677788627
287,523.960530892016,286.3670517940921,0.13294820590789413
288,525.07738568728,287.1535383144388,0.3464616855612235
289,527.903641601272,289.1454682079026,-0.6454682079025815
290,528.406213852292,289.499930973832,6.902616797788141e-05
291,529.806226318707,290.48775666268614,0.012243337313861957
292,530.866917883961,291.2365552403487,0.26344475965129277
293,532.688183028294,292.52306957738466,-0.023069577384660533
294,533.779630753769,293.29452698837133,0.20547301162866916
295,535.664314075873,294.62749522664626,-0.12749522664626056
296,537.069759083122,295.6222027203546,-0.12220272035460766
297,538.428526176248,296.58443032486133,-0.08443032486133006
298,540.213166376228,297.84907409531814,-0.3490740953181444
299,540.631390247295,298.1455745421151,0.35442545788487223
300,541.847437121201,299.00798519652324,0.4920148034767635
301,544.323890101005,300.7656076396783,-0.2656076396783078
302,545.636833248935,301.6981756795601,-0.19817567956010862
303,547.010912058122,302.6747061190198,-0.17470611901978828
304,547.931613364489,303.3293376479024,0.17066235209762226
305,549.497567562661,304.4433183358193,0.056681664180700864
306,550.970010039484,305.49142505812983,0.008574941870165276
307,552.049572200565,306.26027166782376,0.23972833217624157
308,553.764972119159,307.48264244049165,0.017357559508354825
309,555.792020561681,308.9281796781572,-0.42817967815722113
310,556.899476406855,309.71843050239846,-0.21843050239846207
311,557.564659172058,310.1932556393612,0.3067443606387883
312,559.316237028682,311.444182243401,0.055817756599026325
313,560.240807497297,312.1048361271727,0.395163872827311
314,562.559207616046,313.76252114261194,-0.2625211426119449
315,564.160879110786,314.9086247834231,-0.40862478342307895
316,564.50605593815,315.1557168710497,0.34428312895028057
317,566.698787682808,316.72615008561377,-0.22615008561376726
318,567.731757901177,317.46643097865365,0.0335690213463522
319,568.92395517963,318.32119418067026,0.17880581932973882
320,570.051114782464,319.1296933577722,0.3703066422277743
321,572.419984132452,320.83001252497013,-0.33001252497012956
322,573.614610526758,321.68807970482777,-0.18807970482777137
323,575.093886014495,322.75115112218054,-0.2511511221805449
324,575.807247140929,323.2640198470644,0.23598015293561048
325,577.039003472098,324.1499181837429,0.3500818162571022
326,579.098834672037,325.6323154390549,-0.13231543905487797
327,580.136959362385,326.37986409641667,0.12013590358333204
328,581.946576265902,327.6836672004583,-0.18366720045827378
329,583.236088219167,328.6132887652772,-0.11328876527721832
330,584.561705903467,329.5694122851379,-0.06941228513790065
331,585.984563204988,330.5962038156363,-0.09620381563627234
332,586.74277189125,331.1435826117254,0.35641738827462177
333,588.139663266248,332.1524581265328,0.34754187346720755
334,590.660397516765,333.97434091655947,-0.47434091655946986
335,591.725858065048,334.74492707962446,-0.24492707962446048
336,592.571358300225,335.3566459493502,0.14335405064980478
337,593.974714682231,336.37239706327114,0.12760293672886291
338,595.728153697389,337.64227986465204,-0.14227986465203912
339,596.362768328394,338.1020856446797,0.3979143553203244
340,598.493077346165,339.6463720871069,-0.1463720871068972
341,599.545640364365,340.40983330378253,0.09016669621746587
342,601.602136735933,341.902331090006,-0.4023310900059869
343,602.579167886387,342.61180161182875,-0.11180161182875281
344,603.625618903579,343.3719609500198,0.12803904998020244
345,604.616218493753,344.091814920576,0.4081850794240154
346,606.383460422109,345.37668450783485,0.12331549216514759
347,608.413217311187,346.85342631989045,-0.3534263198904455
348,609.38957515472,347.5641558223651,-0.06415582236508044
349,610.839162937739,348.6198272218057,-0.11982722180567862
350,611.774209620887,349.3010713996179,0.19892860038208937
351,613.599778675637,350.63177603883827,-0.13177603883826805
352,614.646237872232,351.3949572345329,0.1050427654670898
353,615.538563369407,352.0459529468722,0.4540470531277947
354,618.112831366442,353.92516179069474,-0.42516179069474447
355,619.184482597953,354.7079677873645,-0.2079677873645096
356,620.272893672227,355.5033184503244,-0.003318450324400146
357,621.709294527949,356.5534260050018,-0.053426005001824706
358,622.375002739779,357.04028356499583,0.45971643500416803
359,624.269900018178,358.42671350200334,0.07328649799666209
360,626.019283427654,359.7074887751947,-0.20748877519469033
361,627.268396850783,360.62247785070656,-0.12247785070655937
362,628.32586235946,361.3973922266715,0.10260777332848647
363,630.473887438292,362.9723439631826,-0.4723439631825954
364,630.805780927197,363.2157953070838,0.2842046929162052
365,632.225141167116,364.2572413792512,0.24275862074881616
366,633.546858252252,365.2274984782269,0.2725015217731084
367,635.523800310605,366.6795674188146,-0.17956741881459948
368,637.397193159837,368.05648245756095,-0.5564824575609464
369,637.925513980823,368.44494869326303,0.05505130673697067
370,638.927938266858,369.1822073374348,0.3177926625651821
371,640.694794668826,370.4822963451716,0.017703654828380877
372,641.945499665705,371.4030594984477,0.09694050155229661
373,643.278883781398,372.38511773795983,0.11488226204016883
374,644.990578229748,373.64645210996696,-0.14645210996695823
375,646.348191595502,374.6473810779592,-0.14738107795920996
376,647.761753004289,375.690041185482,-0.19004118548201632
377,648.786400888782,376.4461409201129,0.053859079887104144
378,650.197519345257,377.4878433426095,0.012156657390505643
379,650.668683891396,377.83577054034015,0.6642294596598504
380,653.649571605395,380.0382369983281,-0.5382369983281023
381,654.301920586318,380.5205221569357,-0.020522156935726343
382,655.709463022356,381.5614784480185,-0.061478448018476684
383,656.964084599461,382.4897465961556,0.010253403844387776
384,658.175614418605,383.3864939774356,0.11350602256442244
385,659.663845972964,384.4885355360988,0.011464463901177169
386,660.716732595279,385.26852521724845,0.23147478275154754
387,662.296586431101,386.439398674866,0.060601325133973205
388,664.244604652273,387.88395454906265,-0.3839545490626506
389,665.342763095599,388.69869654198527,-0.19869654198527087
390,666.515147704173,389.5688265274455,-0.06882652744548068
391,667.148494894555,390.0390259003997,0.4609740996003211
392,668.975848820235,391.396196465296,0.1038035347040136
393,670.323585205863,392.3976655959477,0.10233440405232841
394,672.45818358417,393.9847142630755,-0.4847142630754888
395,673.043578286148,394.4201368768928,0.07986312310720223
396,674.355897810123,395.3965480148082,0.10345198519178211
397,676.139674363627,396.724391058142,-0.22439105814197546
398,677.230180668765,397.53653284404106,-0.03653284404106216
399,677.800444746221,397.9613416443296,0.5386583556704068
400,679.742197882528,399.4083908387112,0.09160916128877261
401,681.894991533152,401.0137452097412,-0.5137452097412165
402,682.60273501975,401.541751266124,-0.04175126612398117
403,684.013549813869,402.5946260633001,-0.09462606330009748
404,684.972629862098,403.3106409210861,0.1893590789139239
405,686.163223587728,404.1997929156335,0.300207084366491
406,687.961543184704,405.5434262465308,-0.04342624653082794
407,689.368941362272,406.5955005190231,-0.09550051902311907
408,690.47473503235,407.42243681389726,0.07756318610273638
409,692.451684415523,408.9015441820811,-0.40154418208112475
410,693.176970060602,409.4444113362259,0.05558866377407412
411,694.533908699873,410.4603870531612,0.03961294683881533
412,695.726335920927,411.3535370696301,0.1464629303699212
413,696.626069900346,412.0276697798173,0.4723302201826982
414,699.132095476014,413.9063032313808,-0.4063032313807753
415,700.296739132144,414.7798612503339,-0.27986125033390863
416,701.301742954646,415.53392687390135,-0.03392687390135052
417,702.227343145761,416.2286178404143,0.27138215958569845
418,704.033839295525,417.5850069609345,-0.08500696093449278
419,705.125813954619,418.4052628128704,0.09473718712962409
420,706.184654799518,419.2008866395957,0.2991133604043057
421,708.26907088511,420.76787612723024,-0.2678761272302381
422,709.229588570284,421.4902877607741,0.00971223922590525
423,711.130274179685,422.9204157565491,-0.42041575654911867
424,711.900289914376,423.500026968163,-2.6968163012952573e-05
425,712.749383470101,424.13931581655015,0.3606841834498482
426,714.082771820669,425.1435586498487,0.35644135015127176
427,716.112396454052,426.67293297433207,-0.17293297433207044
428,717.4825697031,427.7059115432086,-0.20591154320857186
429,718.742786545486,428.6563612565079,-0.1563612565079211
430,719.697100988366,429.3763348144112,0.12366518558877715
431,721.351162218536,430.62470264992487,-0.12470264992487046
432,722.277504975674,431.32410409718216,0.1758959028178424
433,723.845821045128,432.5086350984271,-0.008635098427077992
434,724.562613890379,433.05020059209176,0.4497994079082446
435,727.056403230049,434.9352362135867,-0.43523621358667697
436,728.405481588934,435.955561597723,-0.45556159772297633
437,728.758749795615,436.2228086349514,0.27719136504862263
438,730.416482122756,437.4772452553447,0.022754744655287595
439,731.417354918599,438.2349141457846,0.26508585421538555
440,732.8180527145,439.2956197502394,0.20438024976061797
441,734.789643252378,440.7893667792716,-0.2893667792715746
442,735.765459208578,441.528991236455,-0.028991236454999125
443,737.052928912265,442.5051502823642,-0.005150282364184022
444,738.580421171374,443.6637585300464,-0.16375853004637975
445,739.909523674042,444.6722965587312,-0.17229655873120464
446,740.573807447295,445.1765050656812,0.32349493431877363
447,741.757335572942,446.0750683603983,0.4249316396017093
448,743.895013142473,447.6988064273963,-0.19880642739627774
449,745.344989550612,448.80073679684017,-0.3007367968401695
450,746.499305899432,449.67829706338455,-0.17829706338454798
451,747.674563624269,450.57206970708825,-0.07206970708824656
452,748.242754465082,451.0042790556813,0.4957209443186912
453,750.655950362124,452.84070470384734,-0.34070470384733653
454,750.966381066651,453.0770300720138,0.4229699279861734
455,752.887621567202,454.5400902737901,-0.04009027379009922
456,754.322370471713,455.6331871588188,-0.1331871588188278
457,755.839308976038,456.78937444700114,-0.289374447001137
458,756.768248439951,457.4976371489466,0.00236285105341949
459,758.101729246413,458.51465644847934,-0.014656448479342998
460,758.900238224892,459.1238421141819,0.3761578858180883
461,760.282366983512,460.178589579943,0.3214104200570205
462,762.700033249689,462.0245505551436,-0.5245505551436054
463,763.593066172838,462.70671675916,-0.20671675915997412
464,764.30752272418,463.2525924989857,0.2474075010143224
465,766.087540099836,464.61306493221184,-0.11306493221184155
466,767.218472155539,465.47778163914967,0.022218360850331464
467,768.281461806509,466.29079111861546,0.20920888138454075
468,769.693407252624,467.3710553759004,0.1289446240995744
469,771.070839313678,468.4253110572077,0.07468894279230653
470,772.961617565757,469.8731080307695,-0.37310803076951515
471,774.11774462794,470.75873445609193,-0.25873445609192913
472,775.047847096583,471.4714190612514,0.02858093874857559
473,775.999711963171,472.20096288063394,0.29903711936606214
474,777.299748529593,473.1976583124454,0.3023416875545877
475,779.157076949189,474.6222113666092,-0.12221136660917864
476,780.348925004182,475.5367186467733,-0.03671864677329495
477,782.137664390812,476.9097653316862,-0.4097653316861738
478,782.597943946074,477.2631839592178,0.23681604078217333
479,784.288822612466,478.5618689870295,-0.061868987029527034
480,785.739089700713,479.67621375481326,-0.1762137548132614
481,786.461147450506,480.2311816910762,0.2688183089238123
482,787.46846381591,481.0055734114849,0.49442658851512533
483,790.05909236412,482.9981048046357,-0.49810480463571594
484,790.831620467921,483.5925416142213,-0.09254161422131801
485,792.427707608604,484.8210622624655,-0.32106226246548886
486,792.888652562621,485.1759504315997,0.3240495684003122
487,794.483791869893,486.4044002049352,0.09559979506479976
488,795.606596156162,487.2694007376018,0.2305992623981865
489,797.263470038036,488.5463052861601,-0.04630528616007723
490,798.707570166296,489.659678301989,-0.159678301989004
491,799.654336210898,490.3898420200954,0.11015797990461351
492,801.604246462982,491.89421120311033,-0.39421120311033064
493,802.541984878418,492.6179517761851,-0.11795177618512298
494,803.24309620427,493.1591790033336,0.34082099666642307
495,804.762239112662,494.3322248124243,0.16777518757572807
496,805.861635667095,495.1814372451358,0.31856275486421737
497,808.151814935994,496.9512181639362,-0.45121816393617564
498,809.197783363301,497.7598545505984,-0.2598545505983907
499,810.081804886406,498.4434578613236,0.05654213867637736
500,811.184358846506,499.29626484477984,0.2037351552201585
501,812.771108389109,500.52400752057656,-0.024007520576560637
502,814.045913607511,501.5107414257501,-0.010741425750097733
503,814.870539625873,502.1491936582905,0.3508063417094718
504,816.727737714394,503.5875828979636,-0.08758289796361396
505,818.380668866362,504.8683339327415,-0.36833393274150694
506,819.204642170824,505.5069768676,-0.006976867599973957
507,820.721898443869,506.6833126032484,-0.18331260324839604
508,821.713454133379,507.4523115221592,0.04768847784077934
509,822.197757493404,507.8279812035754,0.6720187964245952
510,824.52629387163,509.6348390063911,-0.1348390063910756
511,826.039287376576,510.80942694856753,-0.30942694856753405
512,826.905810954081,511.48233714705736,0.017662852942635254
513,828.34017430049,512.5965282658017,-0.09652826580168039
514,829.437010968309,513.4488006677043,0.05119933229570961
515,830.895884053317,514.5827430325794,-0.08274303257940119
516,831.799777659071,515.2855195319557,0.21448046804425758
517,833.003640909154,516.2217648975892,0.27823510241080385
518,834.651915147826,517.5040780476925,-0.004078047692473774
519,836.693576187592,519.0931537349802,-0.5931537349802056
520,837.347335059532,519.602158254052,-0.1021582540520285
521,838.249021992732,520.3043282343586,0.19567176564135025
522,839.465394810283,521.2517978643158,0.24820213568420968
523,841.036389829014,522.4759085131038,0.024091486896168135
524,842.041354206526,523.2592162080498,0.24078379195020716
525,844.166196607351,524.9160279067555,-0.4160279067555166
526,844.805993975763,525.41506645729,0.08493354271001863
527,846.194769927694,526.4985696207207,0.0014303792793270986
528,847.971717639511,527.8854477811886,-0.3854477811886454
529,848.489281180943,528.289509025375,0.2104909746250314
530,849.862274348698,529.3616465301402,0.13835346985979413
531,850.645448466004,529.9733666096009,0.5266333903990699
532,853.163112583389,531.9406355898006,-0.44063558980064954
533,854.095511719869,532.6695000034338,-0.16950000343376814
534,855.286710244405,533.600905787288,-0.10090578728795663
535,856.484117490792,534.5374323223036,-0.03743232230362992
536,857.310740602604,535.1841134300626,0.31588656993744735
537,858.904026466476,536.4309254310913,0.06907456890871799
538,860.410670896014,537.6103696669356,-0.11036966693563954
539,861.171098212715,538.20581335116,0.29418664883996826
540,863.189719771909,539.7869894000529,-0.28698940005290297
541,864.340823930069,540.6889799453436,-0.18897994534358986
542,865.594664326515,541.6717509075525,-0.17175090755245037
543,866.423739904041,542.3217463119554,0.17825368804460595
544,867.693122611786,543.317187199818,0.18281280018197776
545,868.670494229132,544.0838364815188,0.4161635184811985
546,870.846902325754,545.7916372352493,-0.29163723524925445
547,872.188750821613,546.845000838117,-0.34500083811701643
548,873.098978971282,547.5597254993385,-0.05972549933846949
549,873.908389235338,548.195413326677,0.3045866733230014
550,875.985285108781,549.8270939409733,-0.32709394097332734
551,876.600825833025,550.3108344796187,0.1891655203812661
552,877.654698341033,551.1392104555268,0.3607895444731639
553,879.380951969791,552.4965335621017,0.003466437898282493
554,880.834648847938,553.6399684137356,-0.13996841373557345
555,882.386696627196,554.8611846085365,-0.3611846085365187
556,883.430331838701,555.6826048535224,-0.1826048535224345
557,884.198743114595,556.2875283767323,0.21247162326767466
558,885.272304479617,557.1328559808913,0.36714401910865035
559,886.852801962916,558.3777246219341,0.12227537806586497
560,888.475566673817,559.6563511949905,-0.15635119499052053
561,889.735294294091,560.6492548746055,-0.14925487460550357
562,890.813132112528,561.4990203402109,0.0009796597890954217
563,892.386433260156,562.739780770122,-0.23978077012202448
564,893.119117567294,563.3177520073968,0.18224799260315194
565,894.886292320868,564.7121649297444,-0.2121649297444037
566,895.397919674783,565.1159750755916,0.38402492440843616
567,896.632251556203,566.090382912925,0.4096170870750484
568,899.221522668383,568.1352868230024,-0.6352868230023887
569,899.858884607937,568.6388321998269,-0.13883219982687933
570,900.849739860521,569.4217962776651,0.07820372233493345
571,902.243207586752,570.5231942241644,-0.023194224164399202
572,903.09967444263,571.2003162697733,0.2996837302266613
573,904.702902722281,572.4681747150994,0.031825284900605766
574,905.829940758222,573.3597250451113,0.1402749548886959
575,907.656729468967,574.8052913454633,-0.3052913454632744
576,908.333543645061,575.3410135459734,0.1589864540266035
577,910.18633405718,576.807972683218,-0.30797268321805404
578,911.234951485956,577.6384885908953,-0.13848859089534926
579,912.331045600036,578.5068118176192,-0.006811817619222893
580,912.823999246743,578.8973968987427,0.602603101257273
581,914.730096958376,580.4080657966831,0.09193420331689595
582,916.355000808643,581.6963749962952,-0.19637499629516242
583,917.825377570427,582.8625622531862,-0.3625622531861836
584,918.836535243529,583.6647506209243,-0.16475062092433745
585,919.448344439683,584.1502072430426,0.3497927569574131
586,921.156395507155,585.505849559191,-0.0058495591910059375
587,922.500629306637,586.573092662806,-0.07309266280594784
588,923.285719802424,587.1965528854274,0.30344711457257745
589,924.773483933477,588.3783153901593,0.12168460984071316
590,926.551552784603,589.7911727060161,-0.2911727060161411
591,927.850858985754,590.8239476641589,-0.3239476641589363
592,928.663659328935,591.4701626801119,0.029837319888088132
593,929.874092850648,592.4327248514711,0.06727514852889271
594,931.009211336628,593.3356227817178,0.16437721828219765
595,931.852740745519,594.0067270943879,0.4932729056121161
596,934.385306837259,596.0223433239134,-0.5223433239134465
597,934.995424863847,596.508086872841,-0.008086872840976866
598,936.228649379283,597.4901081279347,0.00989187206528186
599,937.53292571197,598.5289895108274,-0.028989510827386766
600,939.024300899218,599.7172526292436,-0.21725262924360322
601,939.660940614527,600.2246144101442,0.2753855898557731
602,941.156999642043,601.4171494132779,0.08285058672208834
603,942.052341643375,602.1310233699672,0.36897663003276193
604,944.188035809573,603.83440131917,-0.33440131916995597
605,945.333562503046,604.7483625714913,-0.2483625714912705
606,946.765842204728,605.8914211775327,-0.3914211775327203
607,947.079183096255,606.1415349480383,0.35846505196172984
608,948.346646255045,607.1534128482164,0.34658715178363764
609,950.151612684644,608.5948711842585,-0.09487118425852259
610,951.033248733823,609.2991501062731,0.20084989372685413
611,952.727988619851,610.6533274830122,-0.1533274830121627
612,954.129719269551,611.7737391871915,-0.27373918719149515
613,954.829308938217,612.3330480376344,0.1669519623656015
614,956.67547934329,613.8094182772342,-0.30941827723415827
615,957.510052596424,614.4770071428031,0.0229928571968685
616,958.414593390136,615.2006949295354,0.2993050704645839
617,959.459168807068,616.0365879944874,0.4634120055126232
618,961.669572474193,617.8059999024724,-0.30599990247242204
619,963.182086671311,619.0172224847021,-0.5172224847020743
620,963.567040191612,619.3255539443122,0.17444605568778115
621,965.055579623751,620.518041187604,-0.01804118760401252
622,966.11075481841,621.3635763696271,0.13642363037286032
623,967.371153766263,622.3738022570127,0.12619774298730135
624,968.636301906087,623.3880975236385,0.11190247636147888
625,970.125610556943,624.5824438689596,-0.08244386895955813
626,971.071491486386,625.3411790565945,0.1588209434055443
627,973.185361294301,627.0373423929688,-0.5373423929687533
628,973.873078992653,627.5893228116215,-0.08932281162151412
629,974.774635065837,628.3130526376344,0.1869473623655722
630,976.17850242059,629.440280187066,0.05971981293396311
631,976.917202117051,630.0335440852027,0.46645591479727955
632,978.766671535113,631.5192782262151,-0.019278226215078575
633,980.578000639774,632.9749122375933,-0.4749122375933439
634,981.288615301759,633.5461272657553,-0.04612726575533088
635,982.396485168779,634.4368322199489,0.063167780051117
636,983.575076006429,635.3846136863676,0.11538631363237073
637,985.186928655774,636.6811729708639,-0.18117297086394046
638,986.130515110186,637.4403799541501,0.059620045849896997
639,986.756008407655,637.9437292943236,0.5562707056764111
640,988.992622370659,639.744101736986,-0.24410173698595372
641,990.223917804028,640.7355822155187,-0.23558221551866154
642,991.374294147762,641.6621241090253,-0.16212410902528518
643,992.728696336733,642.7532658187693,-0.2532658187692505
644,993.214580957443,643.1447788328218,0.3552211671782288
645,994.404590571095,644.1038169478874,0.39618305211263305
646,996.205336164298,645.5554828914692,-0.055482891469182505
647,997.511934751942,646.6091180036001,-0.10911800360008783
648,998.82754713693,647.6702970120036,-0.1702970120036298
649,999.791571557413,648.4480586564509,0.05194134354906055
650,1001.349482637783,649.7052725498769,-0.20527254987689503
651,1002.404305488392,650.5567198673278,-0.05671986732784262
652,1003.267808179453,651.2538660942292,0.24613390577076188
653,1004.675044121173,652.3902470923849,0.10975290761507495
654,1005.543420304379,653.0916408423639,0.4083591576361414
655,1008.006704307064,655.0819023567514,-0.5819023567513568
656,1008.795709900742,655.7195985193229,-0.219598519322858
657,1009.806590746964,656.5367639190542,-0.036763919054237704
658,1010.569757011061,657.1537910696005,0.3462089303994844
659,1012.410042515762,658.6420564664537,-0.14205646645370962
660,1013.058638098409,659.16671199241,0.3332880075899993
661,1014.68963262237,660.4863319176592,0.01366808234081418
662,1016.060178942647,661.5955486852026,-0.09554868520262971
663,1017.266402364356,662.5720183419451,-0.07201834194506773
664,1018.60557251862,663.6563785245061,-0.15637852450606715
665,1019.912439743944,664.71485235976,-0.21485235976001604
666,1020.917475017264,665.5290440904752,-0.02904409047516765
667,1021.544344499905,666.0369587011239,0.46304129887607814
668,1022.885270911716,667.1236361649037,0.3763638350962992
669,1025.265724197728,669.0534279354124,-0.553427935412401
670,1025.707944371463,669.4120250273301,0.08797497266994014
671,1027.467693515588,670.8393091036141,-0.33930910361414135
672,1028.128964255498,671.3757716306668,0.12422836933319559
673,1029.227297443962,672.2669550223501,0.23304497764991083
674,1030.897368790596,673.6224019984859,-0.12240199848588418
675,1031.83318029741,674.3821044705157,0.11789552948425808
676,1032.81288303516,675.1775830738028,0.3224169261972065
677,1034.612915529521,676.6395213527292,-0.13952135272916166
678,1036.195917358055,677.9256050627054,-0.42560506270535825
679,1037.024707646282,678.599095600064,-0.09909560006394713
680,1038.087752240619,679.4630998946823,0.03690010531772714
681,1039.077401436896,680.2676067874909,0.23239321250912326
682,1040.264037937696,681.2324466168858,0.26755338311420473
683,1041.621528014542,682.3364696076576,0.16353039234240896
684,1043.623954349621,683.9655218995009,-0.4655218995009136
685,1044.514975829079,684.6905994438025,-0.19059944380251181
686,1045.107042352978,685.1724663396344,0.32753366036558873
687,1047.089817484295,686.7865818383665,-0.2865818383664873
688,1047.987147489602,687.5172667358012,-0.017266735801172217
689,1048.953785194686,688.3045248620891,0.19547513791087567
690,1049.99628425659,689.1537255989512,0.346274401048845
691,1051.576571843205,690.4413131378603,0.05868686213966612
692,1053.245785158387,691.8017660830932,-0.30176608309318453
693,1054.78103947828,693.0534106279309,-0.5534106279309299
694,1055.002146475686,693.2337015170426,0.26629848295738157
695,1056.688847363828,694.6092818880988,-0.10928188809884887
696,1057.100043659618,694.9446959363161,0.5553040636839341
697,1059.133769106897,696.6039859844092,-0.10398598440917795
698,1060.139518561608,697.4247935941871,0.07520640581287807
699,1061.501304465068,698.5364100121166,-0.03641001211656203
700,1062.915381507881,699.6910055872361,-0.1910055872360772
701,1064.071551071719,700.6352418976584,-0.1352418976583749
702,1065.121855106293,701.4931918249368,0.006808175063156341
703,1066.463223469243,702.5891398272755,-0.08913982727551684
704,1067.418860120965,703.370094443087,0.12990555691294503
705,1067.990000079043,703.8369000204525,0.6630999795474963
706,1070.535041996829,705.9176107897183,-0.4176107897183101
707,1071.618623215088,706.803790025966,-0.3037900259660091
708,1072.543998011121,707.5607222360127,-0.06072223601267979
709,1073.570353165094,708.4004023397127,0.0995976602872588
710,1074.747771044311,709.3638619738742,0.13613802612576364
711,1076.266625594178,710.607016217086,-0.10701621708597031
712,1076.924056065754,711.1452166653913,0.35478333460866907
713,1078.647198480956,712.5561570947739,-0.05615709477388009
714,1079.809965429259,713.5084994801114,-0.00849948011136803
715,1081.171002343468,714.6234842784726,-0.12348427847257426
716,1082.952749723072,716.0835344081374,-0.5835344081374387
717,1083.295466514086,716.3644266766971,0.13557332330287863
718,1084.18326431043,717.0921500970994,0.40784990290057976
719,1085.647831208639,718.2929010977191,0.20709890228090444
720,1086.911998989825,719.3296042160982,0.17039578390176757
721,1088.755724674809,720.8420034813284,-0.3420034813284474
722,1089.795337924075,721.6950123496663,-0.19501234966628544
723,1090.863191026249,722.5713565144521,-0.07135651445207714
724,1091.728472966934,723.281580690593,0.2184193094069542
725,1093.440873272368,724.6874420244822,-0.1874420244821522
726,1094.284457523752,725.3801721415207,0.11982785847931154
727,1095.433084758661,726.3235622579118,0.17643774208818286
728,1096.401917794745,727.1194329025808,0.3805670974192026
729,1098.84101546665,729.1236899929921,-0.6236899929921265
730,1099.360667178572,729.5508099820772,-0.05080998207722587
731,1100.574460622462,730.5486217044662,-0.048621704466199844
732,1101.839111168756,731.5884676732096,-0.0884676732096068
733,1102.551779899918,732.1745540345877,0.32544596541231385
734,1103.732297174547,733.1455521813094,0.3544478186905735
735,1105.617188830762,734.6963282884474,-0.1963282884473756
736,1106.774371675833,735.6486425416067,-0.14864254160670498
737,1107.774531955011,736.4718887775916,0.02811122240836994
738,1109.158918856768,737.6116345552807,-0.11163455528071609
739,1110.444142993616,738.6699872288858,-0.16998722888581597
740,1111.4435047649,739.4931024136172,0.006897586382820009
741,1112.432995408078,740.3082282363287,0.19177176367134052
742,1113.397595114802,741.10298416009,0.3970158399099546
743,1115.065359461567,742.4774073430252,0.022592656974779857
744,1116.787253881215,743.8968562514215,-0.3968562514214682
745,1117.965919669197,744.8687366310184,-0.36873663101835064
746,1118.684134861019,745.4610449649563,0.03895503504372755
747,1119.473247426179,746.1119066037191,0.38809339628085127
748,1121.155937675811,747.5000885054792,-8.850547919792007e-05
749,1122.458621356881,748.5750495339329,-0.0750495339328836
750,1123.101117387809,749.1053191987518,0.3946808012482279
751,1125.314729397846,750.9327219000306,-0.4327219000306286
752,1125.76344242925,751.3032324060831,0.19676759391688847
753,1127.658023527215,752.8679361429727,-0.36793614297266686
754,1128.430224613893,753.5058298401985,-0.005829840198543934
755,1129.728996777066,754.5788988116275,-0.07889881162748225
756,1130.391597896232,755.1264433604498,0.3735566395502019
757,1131.495085561917,756.0384544225028,0.4615455774971906
758,1133.708625669456,757.8684184230395,-0.3684184230395431
759,1134.885654591535,758.84176460272,-0.34176460271999076
760,1135.562213975477,759.4013345465996,0.09866545340037192
761,1136.92929348097,760.5322168504827,-0.03221685048265499
762,1138.151589779806,761.543552407746,-0.04355240774600588
763,1138.992341820494,762.2393171610474,0.2606828389525617
764,1140.721848171903,763.670881464755,-0.17088146475498434
765,1141.261022964137,764.1172579811024,0.38274201889760207
766,1142.858659607857,765.4401606743244,0.05983932567562533
767,1144.782299518628,767.0334778316787,-0.5334778316787379
768,1145.485327517117,767.6159119872578,-0.1159119872578458
769,1146.576814924867,768.5203072590733,-0.020307259073319983
770,1147.501776523319,769.2868504082393,0.21314959176072534
771,1148.615277208834,770.2097988992413,0.2902011007587362
772,1149.982601028107,771.3433690305122,0.15663096948776456
773,1151.562814723673,772.6537562967799,-0.1537562967798749
774,1152.94312853059,773.7986596119011,-0.29865961190114376
775,1153.890303716271,774.5844476402432,-0.08444764024318374
776,1154.697519535383,775.2542213491922,0.24577865080777883
777,1156.621567833873,776.8510300122839,-0.35103001228389985
778,1157.432314575611,777.524038599108,-0.02403859910805295
779,1158.001609027295,777.9966693617671,0.5033306382329101
780,1159.480657019022,779.2247896610077,0.2752103389923377
781,1161.396644634378,780.8161670341683,-0.31616703416830205
782,1162.487528602009,781.7224561837096,-0.2224561837095962
783,1163.701031682779,782.7308067714764,-0.23080677147640927
784,1164.73758635123,783.5922830031433,-0.09228300314327953
785,1165.271227706458,784.0358473492211,0.4641526507789422
786,1166.943613409529,785.4261913873186,0.07380861268143235
787,1168.086271610139,786.376363892854,0.12363610714601236
788,1169.698356884885,787.7171889608203,-0.2171889608202946
789,1170.463638578284,788.3538230639264,0.1461769360736298
790,1172.120681865696,789.7325821093128,-0.23258210931282974
791,1173.305687764048,790.7188065165938,-0.21880651659375872
792,1174.232766856456,791.4905034451115,0.009496554888528408
793,1175.215452395951,792.3086141391609,0.19138586083909104
794,1176.632875809789,793.4888854953551,0.01111450464486552
795,1177.106304421656,793.8831643409166,0.6168356590834492
796,1179.701223501934,796.0447919965086,-0.544791996508593
797,1180.653543787085,796.8383248145994,-0.33832481459944574
798,1181.26731815168,797.3498247937665,0.15017520623348446
799,1182.58227034692,798.4458348321871,0.054165167812925574
800,1183.712775295974,799.3882945011651,0.11170549883490821
801,1185.155842847468,800.5915755630906,-0.09157556309060055
802,1185.875358695357,801.1916379740326,0.30836202596742623
803,1187.345161493267,802.4176411922143,0.08235880778568117
804,1188.856444298229,803.6785459784013,-0.17854597840130282
805,1189.963636497919,804.6025009453085,-0.10250094530852039
806,1191.482605926413,805.8703518868598,-0.3703518868597939
807,1192.218611478102,806.4847906799081,0.01520932009191256
808,1193.324021427455,807.4077548355982,0.09224516440178832
809,1193.857427135437,807.8531812564682,0.6468187435317532
810,1196.034671748671,809.6717070029963,-0.1717070029962997
811,1197.07178665882,810.5381706185652,-0.03817061856523196
812,1198.686569104631,811.8875345222556,-0.38753452225557794
813,1199.356513707894,812.4474633205208,0.052536679479203485
814,1200.53269203122,813.4306380751614,0.06936192483863124
815,1201.810334856606,814.4988354414868,0.0011645585132100678
816,1203.137350861424,815.6085410479792,-0.10854104797920172
817,1203.855247594097,816.2089730691579,0.29102693084212206
818,1204.985492171466,817.154421236467,0.34557876353301253
819,1206.870499793853,818.7316030207897,-0.23160302078974837
820,1208.471459949531,820.0714909232771,-0.5714909232771106
821,1208.989484167939,820.5051120452927,-0.005112045292662515
822,1209.898030087546,821.2657114067393,0.23428859326065776
823,1211.416115892798,822.5368361423366,-0.03683614233659682
824,1212.113153066319,823.120581276153,0.37941872384703856
825,1213.598372680368,824.3646153722894,0.13538462771055038
826,1215.389975065046,825.8656635179747,-0.36566351797466723
827,1216.183722033469,826.5308184731957,-0.030818473195722618
828,1217.174482497739,827.3611851748417,0.13881482515830612
829,1219.050028177404,828.9334509986184,-0.4334509986183548
830,1219.614471310859,829.4067123734059,0.09328762659413314
831,1220.816347690978,830.4145726953053,0.08542730469469006
832,1221.692242483144,831.1491925043192,0.3508074956807832
833,1222.952484095108,832.2063423293122,0.29365767068782134
834,1225.018330024168,833.9397178835286,-0.4397178835286013
835,1225.855020760793,834.6419122054108,-0.1419122054107902
836,1227.231827641491,835.7975978537031,-0.29759785370310965
837,1227.9171416144,836.3729390459085,0.127060954091462
838,1228.793154362981,837.1084660912467,0.39153390875333116
839,1230.584603154249,838.6129305730385,-0.11293057303851128
840,1231.562273877645,839.4341567138356,0.06584328616440871
841,1232.529587040598,840.246804254467,0.25319574553304847
842,1234.277816653432,841.7158124108606,-0.21581241086062164
843,1235.502548526521,842.7451689407999,-0.2451689407998856
844,1236.399017465779,843.4987511694371,0.0012488305628721719
845,1237.977298513581,844.8257239387493,-0.32572393874932004
846,1238.457232795662,845.2293022300219,0.2706977699781419
847,1239.490807146796,846.0985387485636,0.4014612514364444
848,1240.813471785216,847.211100405662,0.28889959433797685
849,1243.078076398021,849.1164973787801,-0.6164973787800818
850,1243.538146526112,849.5036722705718,-0.0036722705717693316
851,1244.851433966984,850.6090265251939,-0.10902652519393996
852,1245.655866188148,851.2862016720253,0.21379832797470044
853,1247.372561969856,852.7316013602988,-0.2316013602987823
854,1248.063061053208,853.3130842638265,0.18691573617354607
855,1249.159887953,854.2368688217999,0.26313117820006937
856,1250.672397275679,855.5110065095942,-0.011006509594153613
857,1251.659832004269,856.3429785059495,0.1570214940504684
858,1253.673577852107,858.0400622840275,-0.5400622840274991
859,1254.431328421775,858.6787897247352,-0.1787897247352248
860,1255.408230645291,859.502353223312,-0.0023532233119567536
861,1256.181214198461,860.1540917376891,0.3459082623108998
862,1257.541219412644,861.3009593531602,0.1990406468397623
863,1258.779233488595,862.3451576047488,0.15484239525119392
864,1260.344548316185,863.6656938095672,-0.1656938095671876
865,1261.61171716148,864.7349337296862,-0.23493372968619042
866,1262.556614000356,865.5323716574915,-0.032371657491466976
867,1263.676732843862,866.4778325401403,0.02216745985970192
868,1264.957223007,867.5588519212761,-0.05885192127607297
869,1266.179037760562,868.5905285046672,-0.09052850466719065
870,1267.200345611846,869.4530449530512,0.04695504694882402
871,1267.57057177944,869.7657412729101,0.734258727089923
872,1270.118921886492,871.9185671379906,-0.4185671379906353
873,1271.13429963161,872.7765769716038,-0.27657697160384487
874,1272.083959599332,873.5791710986666,-0.07917109866662031
875,1273.261144633456,874.5742120148982,-0.07421201489819396
876,1274.196220889481,875.3647287410972,0.13527125890277603
877,1275.09203031584,876.1221515845139,0.3778484154861417
878,1276.84217155557,877.6022161492184,-0.10221614921840683
879,1277.763091986346,878.3811761729714,0.11882382702856376
880,1279.332843316708,879.7091928971397,-0.20919289713970102
881,1280.155794409023,880.4055357477814,0.0944642522185859
882,1281.8287269597,881.8213527827482,-0.3213527827482494
883,1283.000491386703,882.8132339387083,-0.31323393870832206
884,1283.335032138879,883.0964489709227,0.40355102907733453
885,1284.854795154622,884.3832224664696,0.11677753353035314
886,1285.695023331139,885.0947610523372,0.40523894766283775
887,1287.410026617075,886.5473651133065,-0.04736511330645499
888,1289.165351532773,888.0344980348551,-0.5344980348551189
889,1290.104771519807,888.8305425331835,-0.3305425331834613
890,1290.417708073043,889.0957424844646,0.4042575155353916
891,1291.945870968083,890.3909667063926,0.1090332936073537
892,1293.493981557417,891.7033913246331,-0.2033913246331167
893,1294.118474377848,892.2328941971176,0.2671058028823836
894,1295.365363505356,893.2902657857944,0.20973421420558225
895,1296.80111099235,894.5080273197511,-0.00802731975113602
896,1298.256527067889,895.7427294204542,-0.24272942045422496
897,1299.405171250744,896.7173649710116,-0.21736497101164787
898,1300.490018982448,897.638017014388,-0.13801701438796954
899,1301.495516680575,898.4914575580395,0.008542441960457836
900,1302.346742379248,899.2140526426657,0.2859473573342939
901,1303.273200228796,900.0006120118509,0.4993879881491239
902,1305.401672188005,901.808073928674,-0.30807392867404815
903,1306.50839331297,902.7481008667094,-0.2481008667093647
904,1307.267242107804,903.3927381931168,0.10726180688322984
905,1308.988196517643,904.854937969423,-0.35493796942296285
906,1309.421532493256,905.2231763510651,0.276823648934851
907,1311.056570511112,906.6127973893744,-0.11279738937435013
908,1311.966940608049,907.3866628520508,0.1133371479492098
909,1313.03159936902,908.2918098386938,0.20819016130622003
910,1314.052565651723,909.1599395956978,0.3400604043022213
911,1316.212112602854,910.9966226931916,-0.49662269319162533
912,1317.07298603483,911.7289481875308,-0.22894818753081836
913,1318.171279132165,912.6633712040036,-0.16337120400362437
914,1318.947880596567,913.3241882787391,0.17581172126085676
915,1319.931082877536,914.1609082080334,0.3390917919665526
916,1321.628138551913,915.6054022905475,-0.10540229054754491
917,1322.258067123391,916.1416710357084,0.3583289642915588
918,1324.224978718841,917.816443122234,-0.3164431222339772
919,1325.237624358984,918.678864887952,-0.17886488795204514
920,1325.981969630446,919.3128666227828,0.18713337721715106
921,1327.635281108457,920.7213250689974,-0.2213250689974302
922,1329.043517996518,921.9212625537484,-0.42126255374842003
923,1329.205018785485,922.0588901325492,0.44110986745079117
924,1330.429937120459,923.102841443394,0.397158556605973
925,1331.827591385285,924.2942282511428,0.20577174885715976
926,1333.673522610285,925.8680924917768,-0.3680924917767925
927,1334.74732905169,926.7838205138628,-0.2838205138627927
928,1335.694974526002,927.5920743337468,-0.0920743337468366
929,1336.690184653386,928.4410115921672,0.05898840783277137
930,1337.68879180967,929.2929651277612,0.20703487223875072
931,1338.92316459867,930.3462241474964,0.1537758525035997
932,1340.4264004573,931.6291417815446,-0.12914178154460387
933,1341.166272252926,932.2606745546876,0.23932544531237454
934,1342.608507883777,933.4919111106124,0.0080888893876363
935,1344.156044003593,934.8133169196072,-0.31331691960724584
936,1345.477106261399,935.9415662278896,-0.44156622788955247
937,1345.731413255415,936.1587800640136,0.34121993598637346
938,1347.519471750897,937.6862486359024,-0.18624863590241603
939,1348.017238018737,938.1115381414926,0.3884618585074122
940,1349.085194014048,939.0240941629704,0.4759058370295861
941,1351.296206374097,940.9138061214536,-0.41380612145360374
942,1352.210465159175,941.695374758481,-0.1953747584809662
943,1353.483338358265,942.7836744408906,-0.28367444089064975
944,1353.886781971696,943.1286563137394,0.37134368626061587
945,1355.680595320638,944.662765420991,-0.16276542099103608
946,1356.605655709808,945.4540453255806,0.04595467441936307
947,1357.77174282858,946.4516381596084,0.04836184039163527
948,1358.460160399159,947.0406573556716,0.4593426443284443
949,1360.393144762191,948.6948411295834,-0.19484112958343758
950,1361.39307471364,949.550719539539,-0.0507195395390454
951,1363.022328603281,950.9455108046724,-0.4455108046723808
952,1363.879190797135,951.679188091838,-0.17918809183800022
953,1364.576584896756,952.276386110084,0.2236138899160096
954,1365.493733551295,953.0618524319729,0.4381475680271478
955,1367.104090970008,954.4412351779872,0.05876482201279032
956,1368.330193307986,955.4916792708538,0.008320729146248595
957,1369.68694907734,956.654262449597,-0.15426244959701307
958,1370.973522767784,957.7569052717056,-0.2569052717055911
959,1371.686553552829,958.3680826748246,0.13191732517543642
960,1373.202914562373,959.668034116655,-0.1680341166550079
961,1374.154798658643,960.4842049238044,0.015795076195558977
962,1375.302392344751,961.4683218710808,0.031678128919224946
963,1376.161779993621,962.2053880435492,0.29461195645080807
964,1377.177633642105,963.076759682132,0.4232403178680215
965,1379.683283028613,965.2265472707544,-0.726547270754395
966,1380.148578441692,965.6258394419328,-0.1258394419328397
967,1381.073977149206,966.4200423751396,0.07995762486041258
968,1382.345662978474,967.5115995335076,-0.011599533507592241
969,1383.297591007947,968.3288130322098,0.17118696779016318
970,1384.44441584776,969.3134804767056,0.18651952329435062
971,1385.663777011193,970.3605936783324,0.13940632166759315
972,1387.32664766349,971.78884106912,-0.28884106912005336
973,1387.921454127113,972.299800174148,0.20019982585199614
974,1389.565831798394,973.7125879208552,-0.21258792085518508
975,1390.705490286428,974.6919215611824,-0.19192156118242565
976,1391.85320044327,975.6783243960627,-0.17832439606274875
977,1392.644027788549,976.3580909174184,0.14190908258160562
978,1393.433401740794,977.0366794311428,0.46332056885717066
979,1394.88418467568,978.2840364279966,0.2159635720033748
980,1396.544163123682,979.711550530826,-0.21155053082600261
981,1397.834623321387,980.8215109062468,-0.3215109062467718
982,1398.837675201386,981.6843944429602,-0.18439444296018337
983,1399.839472941206,982.5463133529164,-0.04631335291639971
984,1400.426946297395,983.0518121690112,0.4481878309887861
985,1402.564347250066,984.8912964490148,-0.39129644901481697
986,1402.973747640919,985.2436926981952,0.2563073018047817
987,1404.006292170523,986.1325521035436,0.3674478964563832
988,1405.666975059247,987.5623938928184,-0.06239389281836338
989,1407.085142776436,988.78367822187,-0.2836782218699909
990,1408.13630749619,989.6890571740332,-0.18905717403322342
991,1409.320681079839,990.7093199111102,-0.20931991111024217
992,1410.024810725802,991.3159580429052,0.18404195709479154
993,1411.257056815706,992.3777259702106,0.12227402978942337
994,1411.965653461773,992.9883676018044,0.5116323981956157
995,1413.843148788569,994.6065952170244,-0.10659521702439179
996,1415.585784795495,996.1089416368428,-0.6089416368428147
997,1415.781581303284,996.27776138776,0.22223861223994845
998,1417.102822933823,997.4170755574908,0.08292444250923836
999,1418.696963852453,998.791973300451,-0.2919733004509908
1000,1419.422480945996,999.4178040036282,0.08219599637175179
1001,1420.416526323754,1000.2753629025084,0.22463709749160898
1002,1421.850567187049,1001.5126991689464,-0.012699168946369355
1003,1422.461310987507,1002.039738337802,0.460261662198036
1004,1424.463045669579,1003.7674205522502,-0.26742055225020067
1005,1425.873469244997,1004.9850154704744,-0.4850154704744227
1006,1426.645979682121,1005.6520048481988,-0.15200484819877147
1007,1427.365671109426,1006.273449932133,0.2265500678670378
1008,1428.592305875978,1007.3327677144962,0.16723228550381464
1009,1429.650477276191,1008.246735763698,0.2532642363020159
1010,1431.218313672752,1009.6011428517052,-0.10114285170516268
1011,1432.049740893313,1010.3194989557308,0.18050104426924918
1012,1433.821940737066,1011.8509423314288,-0.35094233142876874
1013,1434.58494216826,1012.5103960580108,-0.010396058010769593
1014,1435.692907383419,1013.468113160336,0.0318868396640255
1015,1437.226721623801,1014.7941556455478,-0.2941556455477894
1016,1438.006284841722,1015.4682184511825,0.031781548817548355
1017,1438.949552746883,1016.2839212702372,0.21607872976278486
1018,1439.622793078164,1016.8661745281124,0.633825471887576
1019,1441.960987504862,1018.8887557626442,-0.38875576264422307
1020,1442.911059580897,1019.710758067494,-0.21075806749399817
1021,1444.041930706367,1020.6893174788004,-0.1893174788003762
1022,1445.072278459201,1021.5810152543572,-0.08101525435722579
1023,1445.83008477971,1022.2369210874429,0.2630789125571482
1024,1447.226227099976,1023.4454928252636,0.05450717473638633
1025,1448.323853515726,1024.3958045470083,0.10419545299168931
1026,1449.488771280731,1025.40452112177,0.0954788782300966
1027,1450.773561858296,1026.5172098211935,-0.017209821193546304
1028,1451.835297999392,1027.4368596159045,0.06314038409550449
1029,1453.737596757102,1029.0848931198675,-0.5848931198675018
1030,1454.226011260227,1029.5080890513386,-0.00808905133862936
1031,1455.31209123982,1030.449237037209,0.050762962790940946
1032,1456.167797608387,1031.1908444915427,0.3091555084572519
1033,1457.539001668412,1032.379380613643,0.12061938635702063
1034,1458.393777368691,1033.1203894007008,0.3796105992992125
1035,1460.68827053542,1035.1098897029517,-0.6098897029517047
1036,1461.24544334516,1035.5930875530858,-0.093087553085752
1037,1462.266123265785,1036.478341097811,0.02165890218907407
1038,1463.286891190427,1037.363784374135,0.13621562586490654
1039,1464.696903297874,1038.5870555574145,-0.08705555741448734
1040,1465.889557614085,1039.6219243030848,-0.12192430308482471
1041,1466.505621107888,1040.156544435513,0.3434555644869306
1042,1467.703989586071,1041.1966070254448,0.30339297455520864
1043,1469.34764987827,1042.6233911053357,-0.12339110533571329
1044,1470.966589127167,1044.0290020754298,-0.5290020754298439
1045,1471.388764527106,1044.3955938823874,0.10440611761259788
1046,1473.020132324186,1045.8123570070688,-0.3123570070688402
1047,1473.745649185747,1046.442525305478,0.05747469452194309
1048,1474.203221565698,1046.8399920388936,0.6600079611064302
1049,1476.092127038241,1048.4810144464589,0.018985553541142508
1050,1477.4351911475,1049.648060873007,-0.14806087300689796
1051,1478.441395973413,1050.5225230464434,-0.022523046443438943
1052,1479.759918706493,1051.6685762383042,-0.16857623830424018
1053,1480.766879017982,1052.5439469099708,-0.04394690997082762
1054,1481.964684209802,1053.5853647571118,-0.08536475711184721
1055,1483.032959958071,1054.5142947243266,-0.014294724326646246
1056,1484.143580881755,1055.4801762152747,0.019823784725303994
1057,1484.817883231203,1056.0666660108116,0.4333339891884407
1058,1486.171349027557,1057.244020719272,0.2559792807280701
1059,1488.116337976227,1058.9362738818224,-0.4362738818224443
1060,1489.25246694643,1059.924959189383,-0.42495918938288924
1061,1489.970892204679,1060.5502204133206,-0.05022041332063054
1062,1490.670693814603,1061.1593260757645,0.3406739242354888
1063,1492.180090544017,1062.4732793897924,0.0267206102075761
1064,1493.33083542127,1063.475183954783,0.024816045216994098
1065,1494.15536861369,1064.1931566926296,0.3068433073704
1066,1495.768832978941,1065.5983107226973,-0.09831072269730612
1067,1497.06550557171,1066.7277739416477,-0.2277739416476834
1068,1497.747360933121,1067.3217739642066,0.17822603579338647
1069,1499.64082474662,1068.9715287676802,-0.4715287676801836
1070,1500.351951516604,1069.5912242407308,-0.09122424073075308
1071,1501.119324922131,1070.2599947582062,0.2400052417938241
1072,1502.346063292399,1071.3292342606362,0.17076573936378736
1073,1503.090933126681,1071.9785493125669,0.5214506874331164
1074,1505.261529654669,1073.871028256,-0.3710282560000451
1075,1506.152986138113,1074.6484071589175,-0.14840715891750733
1076,1507.407505163831,1075.7425305771603,-0.24253057716032345
1077,1508.253031029542,1076.4800461014254,0.01995389857461305
1078,1509.280419363223,1077.3762938851282,0.12370611487176575
1079,1510.391797446471,1078.3459359071833,0.15406409281672495
1080,1511.923005459002,1079.6820793555664,-0.1820793555664295
1081,1512.589764705458,1080.2639755601049,0.23602443989511812
1082,1513.589765539921,1081.1367870824074,0.3632129175925911
1083,1515.708343586874,1082.9862521468592,-0.4862521468592149
1084,1516.43598971876,1083.6215775875785,-0.12157758757848569
1085,1517.71980625413,1084.7426443587217,-0.24264435872169088
1086,1518.414791487254,1085.3495982448442,0.15040175515582632
1087,1519.741009493907,1086.5079693222335,-0.00796932223352087
1088,1520.273622220356,1086.9732261192962,0.5267738807037858
1089,1521.901909065461,1088.39577867155,0.10422132844996668
1090,1523.486047149259,1089.7800267584655,-0.2800267584655103
1091,1524.724892160622,1090.862734293475,-0.3627342934748867
1092,1525.227837233792,1091.302336556615,0.197663443384954
1093,1526.552311910389,1092.4601281272771,0.03987187272286974
1094,1528.040930429298,1093.761624577849,-0.2616245778490338
1095,1529.034456728701,1094.6303912481594,-0.1303912481594125
1096,1529.369975365194,1094.9238011653829,0.5761988346171165
1097,1531.020742970222,1096.3675624358675,0.13243756413248775
1098,1532.22232693939,1097.4186458787622,0.08135412123783681
1099,1533.886977913202,1098.875044137745,-0.37504413774490786
1100,1535.042277471206,1099.8859813723147,-0.3859813723147454
1101,1535.769502395249,1100.5224057079706,-0.022405707970619915
1102,1536.620701824034,1101.267394829457,0.23260517054291086
1103,1537.651062167945,1102.1692900586595,0.33070994134050125
1104,1539.302854855582,1103.615366827344,-0.11536682734390524
1105,1540.030270139502,1104.2522785704505,0.2477214295495287
1106,1541.74224876279,1105.751472019225,-0.2514720192250479
1107,1542.496522922766,1106.4120920035095,0.08790799649045766
1108,1544.118670054518,1107.833024666353,-0.3330246663529124
1109,1544.83460822752,1108.460242678853,0.039757321146908
1110,1546.091197786312,1109.5612413908038,-0.06124139080384339
1111,1547.297581121408,1110.6184033450293,-0.11840334502926453
1112,1547.80656380186,1111.0644732532778,0.4355267467221893
1113,1548.871348178725,1111.997731167931,0.5022688320689213
1114,1551.273845326406,1114.1038900349813,-0.6038900349813048
1115,1552.006872837669,1114.7466195225984,-0.24661952259839381
1116,1552.736105329806,1115.386076155508,0.11392384449209203
1117,1554.156519109658,1116.6317791655329,-0.13177916553286195
1118,1554.921285164992,1117.3025646434128,0.19743535658722067
1119,1556.16298749755,1118.3918041425063,0.10819585749368343
1120,1557.394507017692,1119.472266883625,0.027733116374974998
1121,1558.339152852352,1120.3011485840643,0.19885141593567823
1122,1559.781154390709,1121.5666119377404,-0.0666119377403902
1123,1560.876475777809,1122.5279795332035,-0.027979533203506435
1124,1562.410153180196,1123.8742993540031,-0.37429935400314207
1125,1563.385400958496,1124.7305332439678,-0.23053324396778407
1126,1564.177940460433,1125.4264268900358,0.07357310996417255
1127,1564.91578826226,1126.0743556378786,0.4256443621213748
1128,1566.266415601552,1127.2605299412237,0.23947005877630545
1129,1567.623450717218,1128.452518492065,0.04748150793489003
1130,1569.02247780437,1129.6815875595053,-0.1815875595052603
1131,1570.509277866921,1130.987984285698,-0.48798428569807584
1132,1571.045381485537,1131.4590938499,0.04090615009999965
1133,1571.845352088046,1132.1621348498911,0.3378651501088825
1134,1573.806563330271,1133.8859871669172,-0.3859871669171753
1135,1574.230915429863,1134.259032535388,0.24096746461191287
1136,1575.638154952017,1135.4962585673456,0.003741432654351229
1137,1576.161352363424,1135.9562977033252,0.5437022966748373
1138,1578.118826945783,1137.6777189598206,-0.17771895982059505
1139,1579.514055067741,1138.9049313854814,-0.4049313854814045
1140,1580.372081625472,1139.6597303700426,-0.15973037004255275
1141,1581.363551773002,1140.5320109271656,-0.032010927165629255
1142,1582.329486944147,1141.3819213410382,0.11807865896184921
1143,1583.394693435421,1142.3192877583087,0.18071224169125344
1144,1584.234848066376,1143.0586922258994,0.4413077741005509
1145,1586.293210750338,1144.8705185583,-0.37051855830009117
1146,1587.004342107041,1145.4965743801215,0.0034256198784987646
1147,1588.163404028908,1146.51708169648,-0.017081696480090613
1148,1589.357945949557,1147.5689685946495,-0.06896859464950467
1149,1590.835904321397,1148.8706234336298,-0.37062343362981665
1150,1591.293884373572,1149.2740160631467,0.2259839368532539
1151,1592.637167039231,1150.4573115566473,0.0426884433527448
1152,1593.584808188862,1151.2921955721597,0.2078044278403013
1153,1594.442689655691,1152.0480775038436,0.451922496156385
1154,1596.484492409655,1153.847411449011,-0.3474114490109059
1155,1597.715895944423,1154.9327839032665,-0.4327839032664542
1156,1598.420798549671,1155.5541607074572,-0.05416070745718571
1157,1599.619348950464,1156.6108052225347,-0.11080522253473646
1158,1600.048044903407,1156.9887791716158,0.5112208283842392
1159,1601.911946228582,1158.6323618102062,-0.13236181020624826
1160,1602.815404793727,1159.4291531087397,0.07084689126031662
1161,1603.655202996124,1160.1698728212837,0.3301271787163387
1162,1605.521646646623,1161.8163660471987,-0.31636604719869865
1163,1606.293418126574,1162.497289318473,0.0027106815271054074
1164,1607.556905211984,1163.61217383067,-0.11217383066991715
1165,1608.83629530501,1164.741251995514,-0.2412519955139487
1166,1610.003264190039,1165.7712582133322,-0.271258213332203
1167,1610.253823162573,1165.9924275976855,0.5075724023145085
1168,1611.437141269555,1167.0370309506638,0.46296904933615224
1169,1613.078855451029,1168.486523797524,0.01347620247611303
1170,1614.710627852165,1169.927502420032,-0.42750242003194217
1171,1615.57460871897,1170.6905692488565,-0.19056924885649096
1172,1616.398394841583,1171.4182046142398,0.08179538576018786
1173,1617.734684840985,1172.598667464512,-0.09866746451189101
1174,1618.537517831978,1173.3079651624944,0.19203483750561645
1175,1619.952501261128,1174.5582480427468,-0.058248042746754436
1176,1620.774310821389,1175.284491326312,0.2155086736879639
1177,1622.098751698023,1176.4550556793254,0.044944320674630944
1178,1622.977767699476,1177.2320406507515,0.2679593492484855
1179,1625.021856657963,1179.0391566319206,-0.5391566319206049
1180,1625.987020163622,1179.8925701699843,-0.39257016998431027
1181,1626.399919311637,1180.2576902777455,0.24230972225450387
1182,1627.755441276317,1181.45647392049,0.04352607951000209
1183,1628.715316856763,1182.3054682328589,0.19453176714114306
1184,1629.658668954948,1183.1399355168755,0.3600644831244608
1185,1631.194814551515,1184.4989600837175,0.0010399162824796804
1186,1632.798183570709,1185.9177026313996,-0.4177026313996066
1187,1633.512516889737,1186.5498618281233,-0.04986182812331208
1188,1634.516822662067,1187.4387202567086,0.06127974329137942
1189,1635.718366326214,1188.5022726434318,-0.0022726434317519306
1190,1637.089190173371,1189.715835777499,-0.2158357774990236
1191,1637.994643586012,1190.5175159018277,-0.017515901827664493
1192,1638.599658304214,1191.053234769032,0.44676523096791243
1193,1639.82123572983,1192.135006183477,0.3649938165231106
1194,1641.899819008504,1193.9760344327676,-0.47603443276761936
1195,1642.489779822382,1194.498646726132,0.001353273868062388
1196,1644.152065959738,1195.971351588461,-0.4713515884609478
1197,1644.713745774667,1196.4690331244385,0.03096687556148936
1198,1645.57376036277,1197.2311160683455,0.2688839316545
1199,1646.624866593179,1198.1626277914204,0.3373722085796089
1200,1648.270598222532,1199.6213231042857,-0.12132310428569326
1201,1649.11853540924,1200.3729948898074,0.12700511019261285
1202,1650.416988983048,1201.524170891879,-0.024170891879066403
1203,1651.732693341396,1202.6908068403493,-0.19080684034929618
1204,1652.671065899601,1203.522964337776,-0.022964337776102184
1205,1654.205896759371,1204.8842493512548,-0.3842493512547662
1206,1654.726652393322,1205.3461737964778,0.1538262035221578
1207,1655.822775676772,1206.3185502554124,0.18144974458755314
1208,1657.114236399763,1207.464359719317,0.03564028068308289
1209,1657.567101179322,1207.866188238114,0.6338117618859087
1210,1660.019980337999,1210.042978622035,-0.5429786220349797
1211,1660.860056833301,1210.7886312629084,-0.28863126290843866
1212,1661.836892884097,1211.655756841923,-0.15575684192299377
1213,1662.377202549282,1212.135422470457,0.3645775295431122
1214,1664.05726541811,1213.627094609065,-0.12709460906489767
1215,1664.968004486364,1214.4358224969972,0.06417750300283842
1216,1665.877640414483,1215.2436499497287,0.2563500502712941
1217,1667.24112505171,1216.4546783954786,0.04532160452140488
1218,1668.368229327402,1217.4558910221326,0.04410897786738133
1219,1669.669728452399,1218.6121702652226,-0.1121702652226304
1220,1671.047182433303,1219.83610527395,-0.3361052739498973
1221,1671.984259333727,1220.6688470742754,-0.1688470742753907
1222,1672.963370830781,1221.539032590765,-0.039032590764918496
1223,1673.687445333907,1222.1826125976386,0.31738740236141894
1224,1674.648462097012,1223.036871269646,0.4631287303539011
1225,1676.362486323949,1224.5607046401,-0.06070464010008436
1226,1677.69122714153,1225.7421982010103,-0.24219820101029654
1227,1678.630368091064,1226.577367269767,-0.07736726976690989
1228,1680.077946716809,1227.86484887377,-0.36484887376991537
1229,1680.504770112847,1228.24450502964,0.255494970359905
1230,1681.812320174266,1229.4076682062012,0.0923317937988486
1231,1683.273289260663,1230.7075004096089,-0.20750040960888327
1232,1684.171656837065,1231.5068831799706,-0.006883179970600395
1233,1684.558863252535,1231.851449566015,0.648550433985065
1234,1686.421121947841,1233.5088300346647,-0.00883003466469745
1235,1688.080142693177,1234.9856076496262,-0.4856076496262176
1236,1688.933868509785,1235.745652981294,-0.24565298129391522
1237,1689.70315425618,1236.430582794854,0.06941720514601002
1238,1691.051559916893,1237.6312636668354,-0.13126366683536617
1239,1691.515192892035,1238.0441428016484,0.4558571983516231
1240,1693.053020930197,1239.4137697778858,0.08623022211418174
1241,1694.017564652608,1240.2729292879214,0.22707071207855734
1242,1695.832554474187,1241.8898537180337,-0.3898537180336916
1243,1696.654997439786,1242.622647305604,-0.12264730560400494
1244,1697.342514286564,1243.2352709209351,0.264729079064864
1245,1699.229547187643,1244.916971499088,-0.4169714990880493
1246,1699.966817266864,1245.5741081825097,-0.07410818250968987
1247,1700.820303245006,1246.3348928894434,0.16510711055661886
1248,1701.825550997047,1247.23104320412,0.26895679588005805
1249,1702.923249764491,1248.2097189578062,0.2902810421937829
1250,1704.29141242668,1249.4296899647427,0.07031003525730739
1251,1706.25603243156,1251.181819112474,-0.6818191124739315
1252,1706.615665035026,1251.5025932970775,-0.002593297077510215
1253,1707.912312493324,1252.6592377013208,-0.15923770132076243
1254,1708.512116178403,1253.1943317264052,0.30566827359484705
1255,1709.780842298582,1254.326292072377,0.17370792762289966
1256,1711.137603258593,1255.5369630927012,-0.03696309270117126
1257,1712.155397654323,1256.4452783518434,0.05472164815660108
1258,1713.055341727513,1257.2485000840877,0.2514999159122908
1259,1714.717145255494,1258.7318974342418,-0.23189743424177323
1260,1715.825283039821,1259.7212113780113,-0.22121137801127588
1261,1716.769983717395,1260.5647032599263,-0.06470325992631842
1262,1717.974485066158,1261.6402825275716,-0.14028252757157134
1263,1718.954152498584,1262.5151917749995,-0.015191774999493646
1264,1719.724469321831,1263.203199184284,0.2968008157160966
1265,1720.498070947586,1263.894195678273,0.6058043217269642
1266,1722.844661739916,1265.9905562066435,-0.4905562066435323
1267,1723.53282263126,1266.6054310985485,-0.10543109854847899
1268,1724.733958737658,1267.6787564482952,-0.17875644829518933
1269,1725.638628019972,1268.4872493838468,0.01275061615319828
1270,1726.605700739885,1269.3515950535243,0.14840494647569358
1271,1728.166506760966,1270.7467866820934,-0.24678668209344323
1272,1728.644486480372,1271.1740936932774,0.3259063067225725
1273,1730.02387254478,1272.4073629649838,0.09263703501619602
1274,1731.014193761857,1273.2928885395995,0.20711146040048334
1275,1732.430169859257,1274.559182883333,-0.059182883333050995
1276,1733.84082502143,1275.8209019214314,-0.32090192143141394
1277,1735.175466021101,1277.0148004936868,-0.5148004936868347
1278,1735.624715342868,1277.4167117083578,0.08328829164224771
1279,1736.305662733238,1278.0259418863834,0.4740581136165929
1280,1737.893884786929,1279.4470579278486,0.05294207215138158
1281,1738.783237588816,1280.242937694664,0.25706230533592134
1282,1740.169115680141,1281.4833010912273,0.016698908772696086
1283,1741.779167808727,1282.9245212289875,-0.4245212289874871
1284,1742.467680720782,1283.5409081714108,-0.040908171410819705
1285,1743.426436858722,1284.3993008200862,0.10069917991381772
1286,1744.7215119377,1285.5589394501787,-0.058939450178741026
1287,1746.097498595633,1286.7911957141189,-0.291195714118885
1288,1746.595456627128,1287.2371814562132,0.2628185437868069
1289,1747.781695527753,1288.2997026404007,0.20029735959928985
1290,1748.56398738108,1289.0004761912191,0.49952380878085023
1291,1750.822818489839,1291.0242395561852,-0.5242395561851936
1292,1751.617794946251,1291.73659628682,-0.2365962868200313
1293,1752.511511140666,1292.537499568407,-0.03749956840692903
1294,1753.661355243139,1293.5680384281682,-0.06803842816816541
1295,1754.763369874251,1294.555823105122,-0.05582310512204458
1296,1755.169694068143,1294.9200573304745,0.5799426695255079
1297,1757.046518460723,1296.6026610439558,-0.10266104395577713
1298,1757.984077032818,1297.4433171396406,0.05668286035938763
1299,1759.240085646682,1298.569634203438,-0.06963420343799953
1300,1760.215166242758,1299.4441294158437,0.05587058415630963
1301,1761.854899938728,1300.9149086070809,-0.41490860708086075
1302,1762.497688870665,1301.491532280826,0.008467719173950172
1303,1763.719121496287,1302.5873399553188,-0.0873399553188392
1304,1764.591476849092,1303.3700555443334,0.1299444556666458
1305,1765.400493991784,1304.0960026497037,0.4039973502963221
1306,1766.676243599478,1305.2408779157429,0.2591220842571147
1307,1768.295971136341,1306.6946549478816,-0.19465494788164506
1308,1769.940952051636,1308.1713396817215,-0.6713396817215198
1309,1770.243677312198,1308.4431199713936,0.05688002860642882
1310,1771.212944983546,1309.3133632529148,0.18663674708523104
1311,1772.328000363591,1310.3146043849447,0.1853956150553131
1312,1773.894915510704,1311.7217724091347,-0.22177240913470087
1313,1774.660430990024,1312.4093236355925,0.09067636440749993
1314,1775.341987573747,1313.0215110218528,0.4784889781471975
1315,1777.25586022406,1314.7408112818289,-0.24081128182888278
1316,1778.041734762249,1315.446885508353,0.05311449164696569
1317,1779.552270809177,1316.804191934266,-0.30419193426610036
1318,1780.665228493,1317.804381146613,-0.3043811466129682
1319,1781.355637722819,1318.42489152657,0.07510847342996385
1320,1782.439067320021,1319.3987177026588,0.10128229734118577
1321,1783.084829519946,1319.979202260281,0.5207977397190007
1322,1784.607946396613,1321.3485004566744,0.151499543325599
1323,1786.342201179342,1322.9078657555306,-0.40786575553056537
1324,1787.049273086816,1323.5437104962048,-0.04371049620476697
1325,1788.215123479635,1324.5922157162397,-0.09221571623970704
1326,1789.242179963685,1325.515997141534,-0.01599714153394416
1327,1790.449562369784,1326.602091905199,-0.10209190519890399
1328,1791.254409818795,1327.326160361788,0.17383963821202997
1329,1792.616102735198,1328.5513172086262,-0.051317208626187494
1330,1793.52539065241,1329.369523089165,0.13047691083488644
1331,1794.178482007256,1329.957240516677,0.542759483322925
1332,1796.465140537431,1332.0153043996693,-0.5153043996692759
1333,1797.376335671137,1332.8355375020644,-0.335537502064426
1334,1798.147067458076,1333.529386710895,-0.029386710895096257
1335,1799.231647209738,1334.5058657487536,-0.005865748753649314
1336,1800.024724019739,1335.219961983327,0.280038016672961
1337,1801.309636945288,1336.3770316094833,0.1229683905166894
1338,1802.30128349145,1337.2701133354544,0.2298866645455746
1339,1803.796843813365,1338.617186495234,-0.11718649523390923
1340,1804.904160974812,1339.6146904976183,-0.11469049761831229
1341,1806.289667019499,1340.862947531762,-0.3629475317620745
1342,1806.578391750965,1341.123092328928,0.37690767107210377
1343,1808.714431865474,1343.0479207576625,-0.5479207576624958
1344,1809.119273788287,1343.41277717561,0.08722282438998263
1345,1810.108892987986,1344.304714170621,0.1952858293789177
1346,1810.873719158854,1344.9941057447809,0.5058942552191183
1347,1812.420077002105,1346.3881037660713,0.11189623392874637
1348,1814.024140347616,1347.8343435509137,-0.3343435509136725
1349,1814.973082363496,1348.6900255886444,-0.1900255886444029
1350,1816.338611219675,1349.9214917694353,-0.4214917694353062
1351,1816.75802336535,1350.2997603548165,0.20023964518350112
1352,1817.710608563342,1351.1589559375188,0.3410440624811599
1353,1819.260334099488,1352.5569191231068,-0.05691912310680891
1354,1820.187882186808,1353.3937343062414,0.10626569375858708
1355,1821.305708365201,1354.4023145020608,0.09768549793921011
1356,1822.427671440303,1355.4147370901662,0.08526290983377294
1357,1823.766265895774,1356.6227845282751,-0.1227845282751332
1358,1825.213676893014,1357.9292120754562,-0.42921207545623474
1359,1825.915683614928,1358.5629064131515,-0.06290641315149514
1360,1826.795455271493,1359.3571279990504,0.14287200094963737
1361,1828.211270499973,1360.6354091907808,-0.1354091907808197
1362,1828.621091758031,1361.0054524791778,0.49454752082215236
1363,1829.83252970994,1362.0993915987715,0.40060840122851005
1364,1831.936379901811,1363.999490096112,-0.49949009611191286
1365,1832.984940243731,1364.9466440721503,-0.4466440721503204
1366,1833.27323903273,1365.207078193857,0.2929218061431129
1367,1834.721559748608,1366.5155249061943,-0.015524906194286814
1368,1835.883754437693,1367.5656102904484,-0.06561029044837596
1369,1836.827672515957,1368.4185609523497,0.0814390476502922
1370,1838.086943305644,1369.556593296125,-0.056593296124901826
1371,1838.640288707651,1370.0567078537315,0.44329214626850444
1372,1840.195563473357,1371.4625098629213,0.037490137078748376
1373,1841.478582570644,1372.622379357624,-0.12237935762391317
1374,1842.875955278667,1373.8857881741706,-0.3857881741705569
1375,1843.771057743068,1374.6951672095358,-0.195167209535839
1376,1844.759043650096,1375.5886145922684,-0.08861459226841362
1377,1845.417534146424,1376.184142135632,0.3158578643678993
1378,1846.353253420516,1377.0304549672142,0.46954503278584525
1379,1848.330980622384,1378.8194618719792,-0.3194618719792288
1380,1848.72276091089,1379.1738973617685,0.3261026382315322
1381,1850.601184047651,1380.8734512691976,-0.3734512691976306
1382,1851.40036199459,1381.5966210682664,-0.09662106826635863
1383,1852.342204733386,1382.448957587564,0.05104241243589058
1384,1853.519342920989,1383.5143358568455,-0.014335856845491435
1385,1854.855632115989,1384.7238992039331,-0.22389920393311513
1386,1855.592934937056,1385.3913461386187,0.10865386138129907
1387,1856.389179153524,1386.1122024213755,0.38779757862448605
1388,1857.49807481488,1387.1161990496478,0.3838009503522244
1389,1859.495271568794,1388.9247312091582,-0.42473120915815343
1390,1860.541388109336,1389.872162932008,-0.37216293200799555
1391,1861.379671547233,1390.6314349379277,-0.13143493792767913
1392,1862.121464928942,1391.3033615557906,0.19663844420938403
1393,1863.425464845093,1392.4846565553562,0.015343444643804105
1394,1864.353981335746,1393.3258892251188,0.17411077488122828
1395,1865.367433794058,1394.2441575865578,0.2558424134422239
1396,1866.836547018608,1395.5754463437963,-0.07544634379632953
1397,1868.085190998609,1396.7070937807582,-0.20709378075821405
1398,1868.706745684408,1397.2704590115964,0.22954098840364168
1399,1870.421471768308,1398.8248243670732,-0.3248243670732336
1400,1871.416043098407,1399.7264983068558,-0.226498306855774
1401,1872.441566428192,1400.6563212833842,-0.15632128338415896
1402,1872.865667637968,1401.0408721127592,0.4591278872408111
1403,1874.50836141266,1402.530517521207,-0.030517521207002574
1404,1874.913774010039,1402.898193432772,0.6018065672280954
1405,1877.09506416734,1404.8766837649237,-0.37668376492365496
1406,1878.022251482754,1405.71779044418,-0.21779044418008198
1407,1879.153303090461,1406.74393317017,-0.24393317017006666
1408,1880.082325418994,1407.5868665693422,-0.08686656934219172
1409,1880.611766479661,1408.0672790469816,0.4327209530183609
1410,1882.321974797385,1409.6192765557585,-0.11927655575846074
1411,1883.408724269518,1410.6056197083806,-0.10561970838057277
1412,1884.005778349667,1411.1475535986865,0.35244640131350025
1413,1885.198075130258,1412.2298673302273,0.2701326697726927
1414,1887.05389480689,1413.9147362461738,-0.41473624617378846
1415,1887.808841416831,1414.600223296753,-0.10022329675302899
1416,1888.938182636583,1415.625748132224,-0.1257481322240892
1417,1890.348128614243,1416.9062335348428,-0.4062335348428405
1418,1890.612128587933,1417.1460117626118,0.35398823738819374
1419,1891.678510539729,1418.1146138925335,0.3853861074665019
1420,1892.867701335791,1419.1948769827486,0.3051230172513897
1421,1894.558537572429,1420.731040412595,-0.2310404125948935
1422,1895.697155653585,1421.765636339513,-0.26563633951309384
1423,1896.585494347169,1422.5728935553143,-0.07289355531429464
1424,1897.513692859711,1423.4164432041944,0.08355679580563447
1425,1898.82937281868,1424.6122609787656,-0.11226097876556196
1426,1900.006144829143,1425.6819486370432,-0.18194863704320596
1427,1900.571884272415,1426.1962479975307,0.30375200246930945
1428,1901.8913057506,1427.395804686713,0.10419531328693665
1429,1902.80505920668,1428.2266322492994,0.2733677507005723
1430,1904.089325323352,1429.3944653732206,0.1055346267794448
1431,1906.102756198182,1431.225633824845,-0.7256338248450902
1432,1906.597678003765,1431.6758055137043,-0.1758055137042902
1433,1907.332780123914,1432.3444784966505,0.15552150334951875
1434,1908.433063045052,1433.3454161552525,0.15458384474754894
1435,1909.465930025982,1434.2851167750546,0.21488322494542444
1436,1910.733659615892,1435.4386165387518,0.061383461248169624
1437,1911.704690943174,1436.322242825571,0.17775717442896166
1438,1913.182489775883,1437.6671717921022,-0.16717179210218092
1439,1914.352300051677,1438.7319324884604,-0.2319324884604157
1440,1915.05462933335,1439.3712468920412,0.12875310795880068
1441,1916.606371839519,1440.7839081961074,-0.28390819610740436
1442,1917.344704041566,1441.4561345998968,0.0438654001031864
1443,1918.786498909857,1442.768970322345,-0.2689703223450124
1444,1919.207778397805,1443.152601664936,0.34739833506409923
1445,1919.937457371217,1443.817106824688,0.6828931753120742
1446,1922.101625621992,1445.788234380598,-0.2882343805979417
1447,1923.280837936417,1446.8624259076057,-0.3624259076057115
1448,1924.055831101441,1447.568460758221,-0.06846075822090825
1449,1925.231987975405,1448.64005897684,-0.14005897684000956
1450,1926.211583079895,1449.5326567752873,-0.03265677528725064
1451,1926.820092794872,1450.0871650013803,0.41283499861970085
1452,1928.41751854952,1451.5429745686256,-0.042974568625595566
1453,1929.487560180576,1452.5182718610242,-0.01827186102423184
1454,1930.258387180387,1453.2209063095108,0.2790936904891623
1455,1931.760069436525,1454.5898803035043,-0.08988030350428744
1456,1932.875754549947,1455.6070892068126,-0.1070892068125886
1457,1934.416436369152,1457.0119508640073,-0.5119508640073036
1458,1934.907943434366,1457.460169788451,0.039830211549087835
1459,1935.924848803745,1458.3875770780178,0.11242292198221548
1460,1936.873093814279,1459.252443422017,0.2475565779830049
1461,1937.96863349802,1460.2517448890849,0.24825511091512453
1462,1939.050029150546,1461.238241480437,0.2617585195630454
1463,1940.97732670586,1462.9966448641023,-0.4966448641023362
1464,1941.822862215779,1463.7681800060068,-0.26818000600678715
1465,1942.633568692245,1464.507989340734,-0.007989340733956851
1466,1943.367947449252,1465.1781923772896,0.32180762271036656
1467,1945.153796306368,1466.8081641531062,-0.3081641531061905
1468,1945.922716949483,1467.5100502543382,-0.010050254338239029
1469,1946.609945361877,1468.137406981749,0.36259301825089096
1470,1947.917047737703,1469.3307404956136,0.16925950438644577
1471,1949.030030073603,1470.3469600210865,0.15303997891351173
1472,1950.743201552863,1471.9113858400035,-0.4113858400035042
1473,1951.536695873055,1472.6360663777002,-0.13606637770021734
1474,1952.850129211866,1473.8357083733335,-0.33570837333354575
1475,1953.448556325136,1474.3823364489592,0.11766355104077775
1476,1954.418588175214,1475.26846563586,0.23153436414008866
1477,1955.315809283719,1476.0881500432515,0.41184995674848324
1478,1956.848164578216,1477.4882326535576,0.011767346442411508
1479,1958.314403555124,1478.828084894183,-0.32808489418289355
1480,1958.851883463193,1479.3192789270615,0.18072107293846784
1481,1960.418845269382,1480.7514334449104,-0.2514334449103899
1482,1961.359277880014,1481.611055427063,-0.1110554270630928
1483,1962.233571848577,1482.41028638163,0.08971361837006953
1484,1963.621184573202,1483.678892089191,-0.17889208919109478
1485,1964.357390938096,1484.3520219298844,0.14797807011564146
1486,1965.377829505104,1485.2851042035434,0.2148957964566307
1487,1966.117658574077,1485.9616517410036,0.5383482589963933
1488,1968.471602019423,1488.1145445086509,-0.6145445086508516
1489,1969.047617546528,1488.6414307071504,-0.14143070715044814
1490,1970.305009517034,1489.791670768089,-0.291670768089034
1491,1970.855547579946,1490.2953335105312,0.20466648946876376
1492,1971.970312804812,1491.3152574919918,0.1847425080081848
1493,1973.182663405939,1492.4245783958404,0.07542160415960097
1494,1974.34720191012,1493.490262070253,0.009737929746961527
1495,1975.080610302267,1494.1614693234417,0.3385306765583209
1496,1977.17394369804,1496.0775032652227,-0.577503265222731
1497,1977.271446199744,1496.1667561794932,0.3332438205068229
1498,1978.801448167732,1497.56740643019,-0.06740643018997616
1499,1980.371772287051,1499.0051656425485,-0.5051656425484907
1500,1980.910043091024,1499.498041876711,0.0019581232888867817
1501,1981.748768897264,1500.2660809121603,0.23391908783969484
1502,1982.663279195277,1501.1035817984844,0.3964182015156439
1503,1983.92380462226,1502.2580704832828,0.241929516717164
1504,1985.416540174527,1503.6254003762058,-0.12540037620578914
1505,1986.757107716415,1504.8534982306037,-0.3534982306036909
1506,1987.873473360726,1505.8763139350335,-0.3763139350335223
1507,1988.251876807356,1506.2230303272802,0.2769696727198152
1508,1989.702002708022,1507.5518305184926,-0.05183051849257936
1509,1990.478352526427,1508.263295673157,0.23670432684298248
1510,1992.001706393528,1509.6594728715493,-0.15947287154926926
1511,1992.784987875158,1510.3774345563083,0.12256544369165567
1512,1993.57749313826,1511.1039006971575,0.3960993028424582
1513,1995.168739611888,1512.5627006775833,-0.06270067758327968
1514,1996.796176966189,1514.0548881364125,-0.5548881364125009
1515,1997.390914059612,1514.6002516558938,-0.10025165589377139
1516,1998.279006925982,1515.414669755005,0.08533024499502062
1517,1999.545764176268,1516.5764475417711,-0.076447541771131
1518,2000.434515302432,1517.391621799551,0.10837820044889668
1519,2000.929620689185,1517.8457662492774,0.6542337507225966
1520,2002.896408374364,1519.65003066085,-0.15003066085000683
1521,2004.13966923327,1520.7907146497237,-0.2907146497236681
1522,2005.077848124099,1521.65156912577,-0.15156912577003823
1523,2005.900934885786,1522.4068748661966,0.09312513380336895
1524,2007.125180170301,1523.5304032376291,-0.03040323762911612
1525,2008.418240330263,1524.7172142350687,-0.21721423506869542
1526,2009.176634122949,1525.4133533925597,0.08664660744034336
1527,2010.15332476756,1526.309937080754,0.19006291924597463
1528,2011.02070507365,1527.1062392511465,0.39376074885353773
1529,2012.538935477422,1528.500200421228,-0.0002004212281008222
1530,2013.872097713991,1529.7243918204738,-0.2243918204737838
1531,2015.186728608707,1530.9317041499708,-0.4317041499707557
1532,2016.029638032376,1531.7058753347635,-0.20587533476350472
1533,2016.800075655845,1532.4135337706546,0.08646622934543302
1534,2017.386767251962,1532.952450160289,0.5475498397111096
1535,2019.264600216064,1534.6775507890377,-0.17755078903769572
1536,2019.884367139755,1535.2469703841916,0.2530296158083729
1537,2021.19604276889,1536.452190651244,0.047809348755890824
1538,2022.545617684688,1537.6923757095826,-0.1923757095826204
1539,2023.572911777101,1538.636498507645,-0.13649850764500115
1540,2024.488262157951,1539.477810656961,0.022189343038917286
1541,2025.878906202482,1540.7560983237083,-0.2560983237083292
1542,2026.738258912154,1541.546096025617,-0.046096025617089254
1543,2027.573317055998,1542.3138154372475,0.18618456275248718
1544,2028.582459354039,1543.2416539713568,0.2583460286432455
1545,2029.385479550966,1543.9800341706025,0.5199658293975062
1546,2031.750550690619,1546.1550200319527,-0.6550200319527448
1547,2032.420780856287,1546.7714622223757,-0.2714622223757033
1548,2033.01789274567,1547.3206837268344,0.17931627316556842
1549,2034.554828788956,1548.734480685852,-0.23448068585207693
1550,2035.077440096304,1549.215262559935,0.2847374400651006
1551,2036.527526483369,1550.5493969153677,-0.04939691536765167
1552,2037.217111094341,1551.1838985170184,0.316101482981594
1553,2038.841738250868,1552.6788996739922,-0.1788996739921913
1554,2039.443218740104,1553.2324414154796,0.2675585845204296
1555,2040.839119673138,1554.5171960743412,-0.017196074341200074
1556,2042.344586250604,1555.9029627095588,-0.40296270955877844
1557,2043.217116563325,1556.706198819642,-0.20619881964194064
1558,2044.121593291672,1557.5389068378383,-0.038906837838339925
1559,2045.037320859815,1558.382037849275,0.11796215072490668
1560,2045.802760431562,1559.0868453901571,0.4131546098428771
1561,2047.098336345608,1560.2798999479064,0.22010005209358496
1562,2048.454094066161,1561.528513744032,-0.02851374403189766
1563,2049.847525605715,1562.8119728585891,-0.3119728585891153
1564,2050.906055384686,1563.7870620991916,-0.28706209919164394
1565,2051.718388196258,1564.5354202677831,-0.035420267783138115
1566,2052.407790192401,1565.1705690980082,0.32943090199182734
1567,2054.059916898486,1566.692830042335,-0.1928300423348901
1568,2055.180267326164,1567.725235440021,-0.22523544002092422
1569,2055.57260289905,1568.0867965209477,0.41320347905229937
1570,2056.620866689894,1569.0528937847623,0.4471062152376817
1571,2058.450651118906,1570.7394571481398,-0.23945714813976338
1572,2059.448021743771,1571.6588705040704,-0.1588705040703644
1573,2060.868247208108,1572.9682198494584,-0.4682198494583645
1574,2061.367059202033,1573.4281268690816,0.07187313091844771
1575,2062.572650919978,1574.5397674554029,-0.03976745540285265
1576,2063.283559498386,1575.195327870389,0.30467212961093537
1577,2064.304867699634,1576.1371898103112,0.3628101896888438
1578,2065.832672281912,1577.5462985439926,-0.04629854399263422
1579,2066.985229377987,1578.6094319514837,-0.10943195148365703
1580,2068.34563852737,1579.86442236321,-0.36442236320999655
1581,2068.669941082814,1580.1636155868216,0.3363844131783935
1582,2070.504717593446,1581.8564857088345,-0.3564857088344979
1583,2071.377083169756,1582.6614710420904,-0.16147104209039753
1584,2071.990454814766,1583.2275017688755,0.272498231124473
1585,2073.397603715769,1584.5261540470403,-0.02615404704033608
1586,2074.171064902148,1585.2400431237083,0.2599568762916533
1587,2075.028065544832,1586.0310910420471,0.4689089579528627
1588,2077.117570136877,1587.9600284115547,-0.46002841155473106
1589,2078.155484639215,1588.9183091302586,-0.418309130258649
1590,2078.939288114877,1589.642030118932,-0.14203011893209805
1591,2079.56762846189,1590.2222389764547,0.2777610235452812
1592,2080.910343457561,1591.4622019437193,0.03779805628073518
1593,2081.799686563577,1592.2835634806593,0.21643651934073205
1594,2083.300276858828,1593.6695854210575,-0.16958542105749075
1595,2083.779992550167,1594.1127116605787,0.38728833942127494
1596,2085.389813692286,1595.599875025775,-0.09987502577496343
1597,2086.580318534382,1596.6997984583247,-0.19979845832472165
1598,2087.473340987858,1597.5249448755935,-0.0249448755935191
1599,2088.712281198733,1598.6698175362442,-0.1698175362441816
1600,2090.036206757017,1599.893352231403,-0.39335223140301423
1601,2090.447550027415,1600.2735312723323,0.22646872766767956
1602,2091.221580661131,1600.9889546459772,0.5110453540228264
1603,2092.473218110073,1602.1459183629452,0.35408163705483275
1604,2094.335917468629,1603.867943922888,-0.36794392288788913
1605,2095.138256660293,1604.6097705375926,-0.10977053759256705
1606,2096.346529979253,1605.727007915504,-0.2270079155039184
1607,2097.371606357193,1606.6749380183917,-0.17493801839168555
1608,2097.951922199887,1607.2116151918167,0.28838480818330936
1609,2099.311651265061,1608.46919521396,0.0308047860401075
1610,2100.593745236862,1609.6551008379402,-0.15510083794015372
1611,2101.135489459108,1610.1562384530027,0.34376154699725703
1612,2102.5351002153,1611.4510438421369,0.04895615786313101
1613,2103.390454808714,1612.242420955418,0.2575790445819166
1614,2105.3722065918,1614.076157432025,-0.5761574320249565
1615,2105.994704339287,1614.652222655445,-0.1522226554450299
1616,2107.172362432447,1615.742118540826,-0.24211854082591344
1617,2107.617911407517,1616.1544913388818,0.34550866111817413
1618,2108.938384889015,1617.3767286225136,0.12327137748638961
1619,2109.963143181267,1618.3253410416507,0.17465895834925504
1620,2110.822371848132,1619.1207847632606,0.37921523673935553
1621,2112.90708752319,1621.0509726444322,-0.5509726444322496
1622,2113.483966448431,1621.5851487466423,-0.08514874664228955
1623,2114.39613732589,1622.4298483251105,0.07015167488953011
1624,2115.506602794684,1623.4582596050286,0.041740394971384376
1625,2116.900056068394,1624.748879478798,-0.24887947879801686
1626,2117.722399441363,1625.5106044512042,-0.01060445120424447
1627,2118.618646217029,1626.3408429729293,0.15915702707070523
1628,2119.456428468939,1627.1169774289765,0.3830225710235027
1629,2120.691562591844,1628.2613209381657,0.23867906183431842
1630,2122.465151174928,1629.9047391272743,-0.40473912727429706
1631,2123.344042303463,1630.7192125193126,-0.21921251931257757
1632,2124.370368737568,1631.6703883257017,-0.1703883257016514
1633,2125.512400029152,1632.7288895010438,-0.22888950104379546
1634,2125.958784840373,1633.1426515148887,0.35734848511128803
1635,2126.975711192558,1634.085314317486,0.41468568251389115
1636,2128.752290554263,1635.73234025551,-0.23234025551005288
1637,2129.406080228323,1636.3385130609972,0.16148693900277067
1638,2130.555102283236,1637.4039268442348,0.09607315576522524
1639,2132.08062099294,1638.8185939911457,-0.31859399114568987
1640,2132.798516467884,1639.4843838300908,0.01561616990920811
1641,2134.154933985038,1640.7424560553754,-0.2424560553754418
1642,2134.950772504315,1641.4806572091256,0.019342790874361526
1643,2136.086897524703,1642.534581953617,-0.03458195361690741
1644,2136.967470548472,1643.351510415132,0.14848958486800257
1645,2137.509940525911,1643.8548014164562,0.6451985835437881
1646,2139.380759985201,1645.5906721542356,-0.09067215423556263
1647,2140.949362639097,1647.046326724867,-0.5463267248669581
1648,2141.71003596039,1647.7522932172951,-0.25229321729511867
1649,2142.355043196035,1648.3509458968867,0.14905410311325795
1650,2143.37444418054,1649.2971488936485,0.20285110635154524
1651,2144.895337431361,1650.7089779840417,-0.2089779840416668
1652,2145.505753734181,1651.275669244938,0.2243307550620557
1653,2146.625894475512,1652.3156445054424,0.18435549455762157
1654,2147.785367345631,1653.3922349828445,0.10776501715554332
1655,2149.15184938289,1654.66116491155,-0.16116491155003132
1656,2149.910639858103,1655.3658456318503,0.13415436814966597
1657,2151.776885116461,1657.0991892425218,-0.5991892425217884
1658,2152.390226596916,1657.6689088528594,-0.16890885285943114
1659,2153.011964165385,1658.246455797743,0.2535442022569896
1660,2154.26362395232,1659.409239265044,0.09076073495589299
1661,2154.935345848226,1660.033312087554,0.46668791244610475
1662,2156.394727255682,1661.3892860660228,0.11071393397719476
1663,2157.856489565353,1662.747629819545,-0.24762981954495444
1664,2158.878072291083,1663.6970299190143,-0.19702991901431233
1665,2159.90228601717,1664.648952353689,-0.14895235368908288
1666,2160.853062328184,1665.5326899337713,-0.032689933771280266
1667,2161.692172189209,1666.3126899173874,0.18731008261261195
1668,2163.107122285732,1667.628083305092,-0.12808330509210464
1669,2164.049720356357,1668.5044413873038,-0.004441387303813826
1670,2165.011437174311,1669.3986420143544,0.10135798564556353
1671,2165.503949023375,1669.8566039795642,0.64339602043583
1672,2167.693444254747,1671.8927210662685,-0.39272106626845016
1673,2168.890615851853,1673.0061774670908,-0.5061774670907653
1674,2169.263829283371,1673.3533145293472,0.1466854706527556
1675,2170.787074973015,1674.770237213083,-0.27023721308296444
1676,2171.396361926495,1675.3370433922776,0.16295660772243536
1677,2172.250962827516,1676.132105558518,0.3678944414818943
1678,2173.528296969317,1677.3205495426846,0.17945045731539722
1679,2174.745020803477,1678.4527122164718,0.04728778352819063
1680,2176.204119466212,1679.8105477555673,-0.3105477555673133
1681,2176.939451698978,1680.4949060990357,0.005093900964311615
1682,2178.004209154761,1681.4859236733191,0.014076326680878992
1683,2179.23218502975,1682.6289588233922,-0.1289588233921677
1684,2180.495318259279,1683.8048343486607,-0.30483434866073367
1685,2181.252367010682,1684.509641715275,-0.009641715274938178
1686,2181.725783029816,1684.950410142024,0.5495898579758887
1687,2183.33058401728,1686.4446628873322,0.05533711266775754
1688,2184.103190760681,1687.1641148362496,0.33588516375039035
1689,2185.965528320683,1688.898503658343,-0.3985036583430883
1690,2187.085690959373,1689.9418290608485,-0.44182906084847673
1691,2187.798455877827,1690.6057496115704,-0.10574961157044527
1692,2188.558763203088,1691.3139953195143,0.18600468048566654
1693,2189.497072902605,1692.1881127401757,0.3118872598242888
1694,2191.093363045749,1693.6753434365291,-0.17534343652914686
1695,2191.778017400508,1694.313278543095,0.1867214569049338
1696,2192.826770539861,1695.2905331653778,0.20946683462216242
1697,2194.231530050455,1696.599648571854,-0.09964857185400433
1698,2195.231687681256,1697.5317969582156,-0.03179695821563655
1699,2196.715977666758,1698.915291080577,-0.4152910805769352
1700,2197.258747040205,1699.4212416779676,0.07875832203239952
1701,2198.687512684367,1700.753188967307,-0.2531889673070964
1702,2199.30296532097,1701.3269818365136,0.17301816348640386
1703,2200.351020913257,1702.3041580022368,0.195841997763182
1704,2200.915953025552,1702.830917022447,0.6690829775529892
1705,2203.277453730648,1705.033098296101,-0.5330982961008885
1706,2203.906364583774,1705.6196474136864,-0.11964741368637988
1707,2204.99780175483,1706.6376361188304,-0.1376361188304145
1708,2205.855761245547,1707.4379194293324,0.06208057066760375
1709,2207.172161914953,1708.6659285415583,-0.16592854155828718
1710,2207.802741336734,1709.2542110984864,0.2457889015136061
1711,2209.153744400263,1710.5146905074507,-0.01469050745072309
1712,2210.208014989251,1711.4984112824395,0.0015887175604802906
1713,2210.850941099297,1712.0983532704552,0.4016467295448365
1714,2212.343568400037,1713.4913026814029,0.008697318597114645
1715,2213.700256248436,1714.7575297470646,-0.2575297470646092
1716,2214.949925632093,1715.923991176369,-0.4239911763690998
1717,2215.820565690646,1716.7367268862592,-0.2367268862592482
1718,2216.296375887645,1717.180915006645,0.3190849933550908
1719,2217.469375116225,1718.2760268058894,0.2239731941106129
1720,2218.521006913395,1719.2579139582103,0.24208604178966198
1721,2219.799815698357,1720.4520185234032,0.04798147659676033
1722,2220.852158848914,1721.4347457629224,0.06525423707762457
1723,2222.636604588097,1723.1013259962683,-0.6013259962683151
1724,2223.055057918811,1723.492172823216,0.007827176784076073
1725,2223.777772507211,1724.1672374869322,0.3327625130677916
1726,2225.56464511717,1725.8364586879948,-0.33645868799476375
1727,2226.332734405576,1726.554045560052,-0.05404556005191807
1728,2227.246229376595,1727.4075324932412,0.09246750675879412
1729,2227.970573882256,1728.084336758446,0.4156632415540571
1730,2229.127958910123,1729.1658379768464,0.33416202315356713
1731,2230.898690856217,1730.8206571756718,-0.3206571756718404
1732,2231.977154074073,1731.8286334233303,-0.3286334233303023
1733,2232.924853868966,1732.7144612400375,-0.2144612400375081
1734,2233.720222250317,1733.4579522333895,0.042047766610494364
1735,2234.814934531326,1734.481336323549,0.018663676451069477
1736,2235.5466621356,1735.16543432833,0.3345656716699068
1737,2236.773643845098,1736.3126349100005,0.18736508999950274
1738,2238.154799519298,1737.6041128699678,-0.1041128699678211
1739,2239.167743960236,1738.5513735878044,-0.05137358780439172
1740,2240.021209470465,1739.3495532941974,0.15044670580255115
1741,2241.536186523766,1740.7665205944345,-0.26652059443449616
1742,2242.62118015938,1741.7814219291608,-0.2814219291608424
1743,2243.373668418958,1742.4853473255637,0.014652674436320012
1744,2244.37070170043,1743.4180975681284,0.08190243187164015
1745,2245.565286531271,1744.535755183976,-0.03575518397610722
1746,2246.016558178285,1744.9579927895802,0.542007210419797
1747,2247.36443125123,1746.2192319360445,0.2807680639555201
1748,2249.550198573537,1748.264783518441,-0.764783518440936
1749,2249.770766552725,1748.4712209673064,0.028779032693591944
1750,2251.046641941553,1749.665425832167,-0.16542583216710227
1751,2251.845318338693,1750.4130364412968,0.08696355870324624
1752,2252.678432673839,1751.1929311365486,0.3070688634513772
1753,2254.562246994389,1752.9565875042065,-0.45658750420648175
1754,2254.759079001305,1753.1408791597787,0.3591208402212942
1755,2255.824565571537,1754.1385300461675,0.36146995383251124
1756,2257.346384683131,1755.5635993167468,-0.06359931674683139
1757,2258.501847291144,1756.6457123044206,-0.14571230442061278
1758,2259.517842057384,1757.597288707858,-0.09728870785806976
1759,2260.890259416806,1758.8828044429945,-0.3828044429944839
1760,2261.660064449482,1759.603923381865,-0.10392338186488814
1761,2262.674430648212,1760.5541999638722,-0.05419996387217907
1762,2262.87830538116,1760.7452022332775,0.7547977667225041
1763,2264.676399705771,1762.4298930924474,0.0701069075525993
1764,2265.768446115466,1763.453176473173,0.04682352682698365
1765,2267.384501067544,1764.9676267777957,-0.4676267777956582
1766,2267.879175337167,1765.4312365255585,0.06876347444153907
1767,2269.226998261609,1766.6945060832377,-0.19450608323768392
1768,2269.919103216839,1767.343242532868,0.15675746713191074
1769,2271.326282468066,1768.6623490250026,-0.1623490250026407
1770,2272.049015701238,1769.3399016533704,0.1600983466296384
1771,2273.347534053165,1770.5573369596505,-0.057336959650456265
1772,2273.956289145942,1771.1281203621577,0.37187963784231215
1773,2275.068664775972,1772.17117747651,0.3288225234900892
1774,2277.079317756624,1774.0567547292462,-0.5567547292462223
1775,2278.012628393305,1774.932103394846,-0.43210339484608085
1776,2278.525942155784,1775.41356445516,0.0864355448400147
1777,2279.50730584112,1776.3340827222485,0.1659172777515323
1778,2280.870719852587,1777.6130754541114,-0.11307545411136743
1779,2281.356483614546,1778.0687925364025,0.4312074635975023
1780,2282.690375137646,1779.320261507447,0.1797384925530423
1781,2284.056011459351,1780.6016422508123,-0.1016422508123469
1782,2285.222242364866,1781.6960231591863,-0.19602315918632485
1783,2286.149814140564,1782.5665160552574,-0.06651605525735249
1784,2287.04615867101,1783.4077602070888,0.09223979291118667
1785,2288.578849445765,1784.8463624505937,-0.34636245059368775
1786,2289.336284710134,1785.557360744628,-0.057360744628113025
1787,2290.241458210856,1786.407092025041,0.09290797495896186
1788,2291.097663612112,1787.2109069220378,0.28909307796220673
1789,2291.92890125249,1787.9913305343662,0.5086694656338295
1790,2293.896145106087,1789.8385067726615,-0.3385067726615034
1791,2294.687918411714,1790.582031243542,-0.0820312435419055
1792,2296.115091188331,1791.9223452226142,-0.4223452226142399
1793,2296.998522472515,1792.7520809716646,-0.25208097166455445
1794,2297.372647579811,1793.1034828092877,0.3965171907123022
1795,2298.612363365665,1794.2679711606256,0.23202883937437946
1796,2299.961577620089,1795.5354344084258,-0.035434408425771835
1797,2301.234125798833,1796.730992334435,-0.23099233443508638
1798,2301.454840351727,1796.9383648670814,0.5616351329185818
1799,2303.295481982573,1798.667872328382,-0.16787232838191812
1800,2304.305138670379,1799.61666745353,-0.11666745352999897
1801,2305.508356788682,1800.747448177492,-0.2474481774920605
1802,2306.517733070003,1801.6961340219443,-0.19613402194431728
1803,2307.355553370478,1802.4836323717125,0.016367628287525804
1804,2308.210284634765,1803.2870758568213,0.212924143178725
1805,2309.370358239526,1804.3776203251332,0.12237967486680645
1806,2309.931122384184,1804.90480826518,0.5951917348199913
1807,2312.047996449611,1806.8951280190176,-0.3951280190176476
1808,2313.190914170747,1807.9698462768245,-0.46984627682445534
1809,2313.689359967224,1808.4385772786372,0.06142272136276006
1810,2314.621182113594,1809.314894780194,0.1851052198060188
1811,2316.049454719989,1810.658207202205,-0.15820720220494877
1812,2316.962494504841,1811.5170086618105,-0.017008661810450576
1813,2317.851531864277,1812.353288564725,0.14671143527493768
1814,2318.82603533643,1813.2700251787735,0.2299748212265058
1815,2320.088523204027,1814.4577718939788,0.04222810602118443
1816,2320.949531628659,1815.2678700588451,0.23212994115488073
1817,2322.812632606694,1817.0209823937107,-0.5209823937107103
1818,2323.534274240766,1817.700085641714,-0.20008564171394028
1819,2324.512455232259,1818.6206630450215,-0.1206630450215016
1820,2325.557096491765,1819.603859312509,-0.10385931250903013
1821,2325.903015927513,1819.9294484958104,0.5705515041895524
1822,2327.376855819705,1821.3167601480231,0.18323985197685033
1823,2328.634875101174,1822.5010393978364,-0.0010393978363936185
1824,2329.705723406453,1823.5092041076527,-0.009204107652749371
1825,2331.013110289576,1824.740167482706,-0.24016748270605603
1826,2331.942707806403,1825.6154962237656,-0.11549622376560365
1827,2332.987765432776,1826.5996150732824,-0.0996150732823935
1828,2333.720863373782,1827.290009510573,0.20999048942690024
1829,2335.531712574451,1828.995532449764,-0.495532449763914
1830,2335.867153805649,1829.3114876077293,0.18851239227069527
1831,2336.621036786238,1830.021604844928,0.4783951550718939
1832,2337.761730158821,1831.096150272351,0.4038497276490034
1833,2339.615683895983,1832.8427836046417,-0.34278360464168145
1834,2340.826726706644,1833.9838486607136,-0.4838486607136474
1835,2341.324596186212,1834.4529786470368,0.04702135296315646
1836,2342.654041658469,1835.7057644977488,-0.20576449774875982
1837,2343.259158955008,1836.2760287727472,0.22397122725283225
1838,2344.311216236152,1837.267549774356,0.23245022564401552
1839,2345.570483634473,1838.454456641407,0.045543358593022276
1840,2346.46411952979,1839.29680734576,0.20319265423995603
1841,2347.934254641723,1840.6826901892557,-0.1826901892557089
1842,2348.843423633456,1841.5398287544597,-0.03982875445967693
1843,2349.730054257838,1842.3757727338505,0.12422726614954627
1844,2351.455046927851,1844.002304070281,-0.5023040702810704
1845,2352.195701502537,1844.7007444279857,-0.2007444279856827
1846,2352.750870075454,1845.2242950500072,0.27570494999281436
1847,2353.91213585235,1846.3194918503732,0.18050814962680306
1848,2354.951081235009,1847.299404824272,0.20059517572803998
1849,2355.81081397829,1848.1103431015024,0.38965689849760565
1850,2357.608315920247,1849.8059884431852,-0.30598844318524243
1851,2358.904705198416,1851.0290523825236,-0.5290523825235596
1852,2359.434859076438,1851.5292527894485,-0.029252789448491967
1853,2360.314285089526,1852.3590334098028,0.14096659019719482
1854,2361.342541641933,1853.3293089149568,0.17069108504324504
1855,2362.718317922921,1854.627619756576,-0.12761975657599578
1856,2363.495617654121,1855.36120866728,0.13879133272007493
1857,2364.751176089118,1856.5462477221715,-0.04624772217152895
1858,2365.191515064132,1856.961879861598,0.5381201384020642
1859,2367.249219842959,1858.90430246089,-0.4043024608899941
1860,2367.957701823156,1859.5731578826887,-0.07315788268874712
1861,2369.220577767399,1860.765482763634,-0.2654827636340542
1862,2370.093390284233,1861.5895978779772,-0.08959787797721219
1863,2371.100747929723,1862.5408149474144,-0.04081494741444658
1864,2371.938137794611,1863.3315884768276,0.16841152317238084
1865,2372.440347260056,1863.805863207848,0.6941367921519941
1866,2374.444230717817,1865.698451721989,-0.19845172198893124
1867,2375.543967037372,1866.7372234982456,-0.23722349824561206
1868,2376.355463515561,1867.5037861389355,-0.0037861389355384745
1869,2377.755407914013,1868.826317076428,-0.3263170764280403
1870,2378.212961679662,1869.258597699033,0.24140230096691084
1871,2379.726502949966,1870.6886377960384,-0.18863779603839248
1872,2380.545657218736,1871.4626637142856,0.037336285714445694
1873,2381.500123710437,1872.3646039048124,0.13539609518761608
1874,2382.530830566366,1873.3386571622195,0.16134283778046665
1875,2383.356013915981,1874.1185348240936,0.3814651759064418
1876,2384.965071641182,1875.6393799569612,-0.13937995696119287
1877,2386.430937109505,1877.0250333917909,-0.5250333917908847
1878,2387.299084122337,1877.8457430471933,-0.3457430471933094
1879,2387.813568556079,1878.332138694832,0.16786130516788944
1880,2388.748207635493,1879.2157953650544,0.28420463494558135
1881,2389.955988113662,1880.357780397524,0.14221960247596144
1882,2391.260549872404,1881.591383550176,-0.09138355017603317
1883,2391.754982336625,1882.0589521130853,0.44104788691470276
1884,2393.630593291699,1883.832803742035,-0.3328037420349119
1885,2394.485367856041,1884.6412810008924,-0.14128100089237705
1886,2395.270169994647,1885.3836185264345,0.11638147356552508
1887,2396.603878762617,1886.6452559274344,-0.1452559274343912
1888,2397.791643761774,1887.7689355602308,-0.26893556023082965
1889,2398.558311382532,1888.494287680028,0.005712319971962643
1890,2399.433832905785,1889.3226752968824,0.17732470311761972
1891,2400.152356522132,1890.002555012726,0.49744498727409336
1892,2401.482998375772,1891.261722195168,0.23827780483202332
1893,2403.418798445342,1893.093751376123,-0.5937513761230093
1894,2403.975315148968,1893.6204812662347,-0.12048126623471944
1895,2404.92159348977,1894.5161583934985,-0.016158393498471924
1896,2406.253988718289,1895.7774056816295,-0.27740568162948875
1897,2406.732851182109,1896.2307262834288,0.269273716571206
1898,2407.71591042227,1897.1613980178768,0.33860198212323667
1899,2409.44150235242,1898.79518713016,-0.2951871301600022
1900,2409.88160268288,1899.2119052692424,0.2880947307576207
1901,2411.126193380775,1900.3904410523255,0.10955894767448626
1902,2412.222935837284,1901.4290601845687,0.07093981543130212
1903,2413.976123194984,1903.0894998625756,-0.5894998625756216
1904,2414.37987980127,1903.4719255216187,0.028074478381313384
1905,2415.576893465994,1904.605762663188,-0.10576266318798844
1906,2416.534054627704,1905.512474272672,-0.012474272672079678
1907,2417.278087421767,1906.2173326562647,0.2826673437352838
1908,2418.229443267358,1907.1186513268997,0.3813486731003195
1909,2419.507917163071,1908.3299768699,0.17002313009993486
1910,2421.142943993328,1909.879285046048,-0.3792850460479258
1911,2422.152084925109,1910.835608009921,-0.3356080099210885
1912,2422.996230123483,1911.6356224399012,-0.13562243990122624
1913,2423.504146888714,1912.117008559325,0.382991440674914
1914,2425.124760212557,1913.6530836294023,-0.15308362940231746
1915,2426.193437541669,1914.666108405016,-0.16610840501607527
1916,2426.907064293754,1915.3426139744383,0.1573860255616637
1917,2427.640896948594,1916.038309212008,0.4616907879919836
1918,2429.185595990257,1917.5028453222717,-0.0028453222716962046
1919,2430.265812635944,1918.527096476506,-0.02709647650590341
1920,2431.611135096254,1919.802825289168,-0.30282528916791307
1921,2432.727569299254,1920.861596201192,-0.36159620119201463
1922,2433.705896804705,1921.7894605987608,-0.28946059876079744
1923,2433.916873237679,1921.9895628623317,0.5104371376683048
1924,2435.348894364694,1923.3478515191568,0.15214848084315236
1925,2436.191600375091,1924.147230591724,0.3527694082758899
1926,2437.794076107826,1925.6674445183855,-0.16744451838553687
1927,2438.671790794044,1926.500173493455,-0.00017349345489492407
1928,2439.927127218673,1927.691257246488,-0.19125724648802134
1929,2440.826160290635,1928.54433771766,-0.04433771766002792
1930,2441.92983655,1929.591673436469,-0.09167343646890913
1931,2443.033560058185,1930.639133388069,-0.13913338806901265
1932,2443.775436396199,1931.3432363407287,0.15676365927129154
1933,2445.154381015221,1932.652065820466,-0.15206582046607764
1934,2445.744952101154,1933.2126460215225,0.2873539784775403
1935,2446.39852330611,1933.8330534726467,0.6669465273532751
1936,2448.988312286035,1936.291703568544,-0.7917035685441078
1937,2449.231032009293,1936.522155064559,-0.022155064559001403
1938,2450.503650580114,1937.7305119935968,-0.2305119935967923
1939,2451.181708310085,1938.374373745604,0.12562625439591102
1940,2452.283365741215,1939.4205357603923,0.07946423960765969
1941,2453.257485812084,1940.3456506602688,0.1543493397311977
1942,2454.30056184179,1941.3363207942791,0.16367920572088224
1943,2455.482288383526,1942.458760648963,0.04123935103689291
1944,2456.514551841293,1943.4393099827344,0.06069001726564238
1945,2457.907999090219,1944.7630580869843,-0.26305808698430155
1946,2458.546799837125,1945.369948553719,0.13005144628095877
1947,2460.01357946551,1946.763557481364,-0.2635574813639323
1948,2461.202295374506,1947.8930760896328,-0.3930760896328138
1949,2461.731628648039,1948.396078307512,0.1039216924880293
1950,2462.464294913854,1949.092328847633,0.4076711523669019
1951,2463.569667295017,1950.14282653784,0.3571734621600626
1952,2464.927816361223,1951.4336602346216,0.0663397653784159
1953,2466.183097013193,1952.6268300041163,-0.1268300041163002
1954,2467.640860783778,1954.012591706328,-0.5125917063280667
1955,2468.186816301115,1954.5316165959823,-0.03161659598231381
1956,2469.336263892496,1955.6244276226923,-0.12442762269233754
1957,2469.781485031526,1956.047734327212,0.45226567278791663
1958,2471.539297741997,1957.719149681845,-0.2191496818450105
1959,2472.336417589482,1958.4771562799272,0.02284372007284219
1960,2473.107124734644,1959.2100850929053,0.289914907094726
1961,2474.237849734392,1960.2854536716925,0.21454632830750597
1962,2475.539353861003,1961.5233424261608,-0.02334242616075244
1963,2477.021755096105,1962.9334189941687,-0.43341899416873275
1964,2478.014854024809,1963.8781447427184,-0.3781447427184048
1965,2478.39759758312,1964.2422620321456,0.2577379678543821
1966,2479.97735198087,1965.7452369894584,-0.2452369894583626
1967,2480.433606985091,1966.1793468375315,0.3206531624684885
1968,2481.356767280358,1967.0577407411483,0.4422592588516636
1969,2482.683411518716,1968.3201483390767,0.17985166092330473
1970,2484.503238274745,1970.05204188589,-0.5520418858900484
1971,2485.08759053742,1970.6082035157667,-0.10820351576671783
1972,2485.785620712392,1971.2725876113936,0.2274123886063535
1973,2487.333836442726,1972.746288388385,-0.24628838838498268
1974,2488.113831754194,1973.4888009681545,0.011199031845535501
1975,2489.261157451638,1974.5810625648755,-0.08106256487553765
1976,2490.051090515747,1975.3331329518032,0.1668670481967638
1977,2491.105516421821,1976.337080789992,0.1629192100081127
1978,2491.907473934293,1977.1006941018964,0.39930589810364836
1979,2493.489295449129,1978.607003981022,-0.1070039810219896
1980,2494.866177828257,1979.918287947561,-0.41828794756111165
1981,2495.846840419495,1980.852302859204,-0.35230285920397364
1982,2496.485336702824,1981.460460426901,0.039539573099091285
1983,2497.648465246602,1982.5683886809145,-0.06838868091449513
1984,2497.969973966752,1982.8746543019504,0.6253456980496139
1985,2499.862042821256,1984.677151386803,-0.1771513868029615
1986,2500.564386412318,1985.3463035895,0.15369641050006067
1987,2501.577744672433,1986.3118278417776,0.1881721582224145
1988,2503.185227212086,1987.84356566414,-0.34356566413998735
1989,2504.008933658585,1988.6285226609589,-0.128522660958879
1990,2504.772152511212,1989.3558760604703,0.1441239395296634
1991,2506.305351937307,1990.817138678836,-0.3171386788360451
1992,2507.151885647675,1991.624017498415,-0.12401749841501442
1993,2507.87103957974,1992.30951923693,0.1904807630698997
1994,2508.766046103827,1993.1626905360604,0.3373094639396186
1995,2509.652997441379,1994.008233305114,0.4917666948861097
1996,2511.660189787186,1995.9219012289773,-0.42190122897727633
1997,2512.538220985203,1996.7591011475397,-0.2591011475396954
1998,2513.579517021466,1997.7520368615703,-0.2520368615703319
1999,2514.259859059774,1998.4008192438791,0.09918075612085886
2000,2515.286482924713,1999.3798756192275,0.12012438077249499
2001,2516.571049142887,2000.605016796826,-0.10501679682602116
2002,2517.146931880412,2001.154292629672,0.34570737032800025
2003,2518.552852040691,2002.495344614341,0.004655385658907107
2004,2519.634252640272,2003.5269351361271,-0.02693513612712195
2005,2520.402323518036,2004.259672991309,0.24032700869111068
2006,2521.885175646151,2005.674415894414,-0.17441589441409633
2007,2523.263480155872,2006.9895376193635,-0.4895376193635457
2008,2523.96705581919,2007.660906906608,-0.16090690660803375
2009,2524.642045795694,2008.3050283631412,0.1949716368587815
2010,2525.687993324801,2009.303199542416,0.1968004575840041
2011,2526.868810058599,2010.4301622714625,0.06983772853754999
2012,2527.418791160629,2010.9550901347843,0.5449098652156863
2013,2529.378043463271,2012.8252475587071,-0.32524755870713307
2014,2530.273672274268,2013.6802290735804,-0.18022907358044904
2015,2531.543961220065,2014.892953640813,-0.3929536408129479
2016,2531.969384081563,2015.2991207308448,0.20087926915516618
2017,2533.067317099048,2016.3474109383685,0.15258906163148822
2018,2534.408614098393,2017.6281642562788,-0.12816425627875105
2019,2535.505886073966,2018.6759914103675,-0.17599141036748733
2020,2536.091884920839,2019.2356151769284,0.26438482307162303
2021,2536.867485222561,2019.9763398084456,0.523660191554427
2022,2538.559826936261,2021.5927146231732,-0.09271462317315127
2023,2539.998407118591,2022.9668601100864,-0.4668601100863725
2024,2540.531661936743,2023.476263136348,0.023736863651947715
2025,2541.998729153671,2024.877802261704,-0.3778022617038914
2026,2542.687650514868,2025.5359987321835,-0.035998732183543325
2027,2543.343955088606,2026.163060707679,0.3369392923209489
2028,2544.290953656615,2027.067911891016,0.43208810898408956
2029,2545.878017730333,2028.584467420891,-0.08446742089108739
2030,2546.761141283359,2029.4284246106445,0.0715753893555302
2031,2548.181615394112,2030.786003199845,-0.28600319984502676
2032,2548.895987575047,2031.468792156732,0.03120784326802095
2033,2549.996484491522,2032.520697177997,-0.020697177996908067
2034,2551.411141992885,2033.8730022115665,-0.3730022115664724
2035,2551.880445959599,2034.3216487084635,0.17835129153650087
2036,2553.275677995525,2035.6555475814407,-0.15554758144071457
2037,2553.723069201209,2036.083297562764,0.4167024372359265
2038,2555.050875291355,2037.352884180901,0.1471158190990991
2039,2555.832350747305,2038.100146119713,0.3998538802870826
2040,2558.009105942872,2040.1818019763332,-0.6818019763331904
2041,2558.752211368471,2040.892509694777,-0.3925096947768907
2042,2559.234296597335,2041.35359547344,0.1464045265599907
2043,2560.263289514385,2042.337814192939,0.16218580706095054
2044,2561.405635747573,2043.4305310213272,0.06946897867283042
2045,2562.426113338142,2044.4067423801432,0.09325761985678582
2046,2563.501718903994,2045.43576039136,0.06423960864003675
2047,2564.332107854334,2046.230231953344,0.26976804665605414
2048,2565.975270478284,2047.8024478427317,-0.3024478427316808
2049,2566.557557897085,2048.3596340656177,0.14036593438231648
2050,2567.958599725331,2049.700366050106,-0.20036605010591302
2051,2569.043090173353,2050.738256594373,-0.23825659437306967
2052,2569.948111596904,2051.6044455647702,-0.1044455647702307
2053,2570.95852566192,2052.571564940756,-0.07156494075616138
2054,2571.54077414777,2053.128893678865,0.37110632113490283
2055,2572.368208186207,2053.920950327395,0.5790496726049241
2056,2574.207163950018,2055.6814322111272,-0.1814322111272304
2057,2575.404511996904,2056.827798141536,-0.32779814153582265
2058,2576.141011184026,2057.5329817972247,-0.032981797224692855
2059,2577.519835532607,2058.853269398244,-0.35326939824381043
2060,2578.070129925006,2059.380234315637,0.11976568436284651
2061,2578.971298335896,2060.2432384832646,0.25676151673542336
2062,2580.3461115652,2061.559925281769,-0.059925281769210414
2063,2581.398140581893,2062.567553767024,-0.06755376702403737
2064,2582.138733931302,2063.2769315508367,0.22306844916329283
2065,2583.0032945351,2064.105094211287,0.39490578871300386
2066,2584.758402441679,2065.7864538262147,-0.2864538262147107
2067,2585.772739404011,2066.75825561945,-0.25825561945021036
2068,2586.925178957182,2067.8624456610723,-0.3624456610723428
2069,2587.59100092419,2068.5004287154343,-0.00042871543428191217
2070,2588.368210423887,2069.2451765305264,0.2548234694736493
2071,2589.579264554434,2070.4057226263053,0.09427737369469469
2072,2590.371692925951,2071.165150893595,0.3348491064048176
2073,2591.549378447985,2072.2938638304217,0.20613616957825798
2074,2593.275876806604,2073.948721859524,-0.4487218595240847
2075,2594.023618334686,2074.665492943888,-0.16549294388778435
2076,2594.90501155248,2075.510424094511,-0.010424094511108706
2077,2595.68753013886,2076.26061085593,0.23938914407017364
2078,2597.546141488462,2078.0425792342,-0.5425792341998203
2079,2597.979353418422,2078.4579573621395,0.04204263786050433
2080,2598.598768319633,2079.0518931149923,0.4481068850077463
2081,2600.121355061882,2080.511949302848,-0.011949302847824583
2082,2600.64195231922,2081.011198901373,0.48880109862693644
2083,2602.412300558055,2082.7090761615354,-0.2090761615354495
2084,2603.628781118453,2083.8758699833847,-0.37586998338474586
2085,2604.573564823718,2084.7821267283543,-0.28212672835434205
2086,2605.368075915559,2085.5442809888823,-0.04428098888229215
2087,2606.243664547519,2086.384255533396,0.1157444666041556
2088,2607.003639114238,2087.113356504531,0.38664349546888843
2089,2608.364899649036,2088.419404629319,0.08059537068083955
2090,2609.552086740678,2089.558531994471,-0.0585319944711955
2091,2610.444520938916,2090.4148952554665,0.0851047445335098
2092,2611.543670381423,2091.469685350554,0.030314649446154363
2093,2612.956807036694,2092.825898973855,-0.3258989738551463
2094,2613.731929438305,2093.569850070753,-0.06985007075309113
2095,2614.737136165403,2094.5346872084056,-0.03468720840555761
2096,2615.847707268249,2095.600728748376,-0.10072874837578638
2097,2616.902118243953,2096.612931408564,-0.11293140856378159
2098,2617.335046934901,2097.028549446059,0.47145055394094015
2099,2618.292915478022,2097.948158117585,0.5518418824149194
2100,2620.279393694424,2099.8554687389787,-0.3554687389787432
2101,2621.429055213226,2100.9594220303616,-0.4594220303615657
2102,2622.048696798423,2101.5544611967566,-0.054461196756619756
2103,2622.994507976302,2102.4627645632813,0.037235436718674464
2104,2624.05060385456,2103.4770432365044,0.02295676349558562
2105,2624.909501777176,2104.3019820917298,0.1980179082702307
2106,2626.460502229943,2105.79177246323,-0.29177246322979045
2107,2626.71047139581,2106.0318902625804,0.4681097374195815
2108,2628.098026523871,2107.3648302157058,0.13516978429424853
2109,2629.604139510849,2108.8117934663765,-0.3117934663764572
2110,2629.99480076422,2109.1871346658995,0.31286533410047923
2111,2632.043116637112,2111.155275530812,-0.655275530812105
2112,2632.443658949146,2111.540169511246,-0.04016951124594925
2113,2633.676399939782,2112.724810805642,-0.2248108056419369
2114,2633.966543434122,2113.003646690355,0.4963533096452011
2115,2635.21733161718,2114.2057467871277,0.29425321287226325
2116,2636.432585995082,2115.3737867638847,0.12621323611529078
2117,2637.510683358459,2116.4100731050867,0.08992689491333294
2118,2639.062573045389,2117.9019001817937,-0.4019001817937351
2119,2640.054245884027,2118.855268483738,-0.3552684837382003
2120,2640.462942828952,2119.248196278168,0.25180372183194777
2121,2641.801744784109,2120.5354124399178,-0.03541243991776355
2122,2642.755759063046,2121.4527331911254,0.04726680887461043
2123,2643.970900958346,2122.6212173716067,-0.12121737160669
2124,2644.887867143492,2123.503033718327,-0.003033718327060342
2125,2645.39556727857,2123.9912940728,0.508705927200026
2126,2646.689940172724,2125.2361757353906,0.26382426460941133
2127,2648.577429283764,2127.051675970806,-0.5516759708061727
2128,2649.325653551799,2127.7714222101367,-0.27142221013673407
2129,2650.058544458382,2128.476451293285,0.02354870671479148
2130,2651.227331332121,2129.6008719176616,-0.10087191766160686
2131,2652.160775241541,2130.498941916619,0.0010580833809399337
2132,2652.77064282696,2131.0857261236797,0.4142738763202942
2133,2653.89706974564,2132.16957665249,0.3304233475100773
2134,2655.615772325963,2133.8234627768643,-0.3234627768642895
2135,2656.23899849802,2134.423229316189,0.07677068381099161
2136,2657.5377607583,2135.673178025037,-0.17317802503703206
2137,2658.341557629757,2136.4468150655603,0.05318493443974148
2138,2659.65831602086,2137.7142500146515,-0.21425001465149762
2139,2660.610245802953,2138.630586809149,-0.13058680914900833
2140,2661.582573758214,2139.566615042767,-0.06661504276689811
2141,2662.183573435628,2140.145205994027,0.3547940059729626
2142,2663.393945622339,2141.310514071893,0.189485928106933
2143,2664.235489083244,2142.1207771077206,0.37922289227935835
2144,2666.030101479454,2143.848824506872,-0.34882450687200617
2145,2666.982849070546,2144.7663113293,-0.26631132930015156
2146,2668.291859037214,2146.026963750096,-0.5269637500960016
2147,2668.663651401298,2146.3850399714465,0.11496002855346887
2148,2669.25374488818,2146.953380688003,0.5466193119968921
2149,2670.998998582165,2148.634420131243,-0.13442013124313235
2150,2671.918382668911,2149.5200497187234,-0.020049718723385013
2151,2672.603779588147,2150.180315562105,0.31968443789492085
2152,2673.874618711099,2151.4046315362257,0.09536846377432084
2153,2675.271759129634,2152.750736075284,-0.25073607528383945
2154,2676.0664902301,2153.516488412043,-0.016488412043145217
2155,2677.246193893205,2154.6532450835366,-0.1532450835366035
2156,2678.538156521632,2155.8982688593164,-0.3982688593164312
2157,2679.025281596285,2156.3677217321315,0.13227826786851438
2158,2680.039021548238,2157.3447298378974,0.15527016210262445
2159,2680.843117132923,2158.11973323219,0.3802667678100988
2160,2681.841051456083,2159.0816156556943,0.4183843443056503
2161,2683.88227555147,2161.049281470809,-0.5492814708090918
2162,2684.529156904498,2161.6729031435625,-0.17290314356250747
2163,2685.377113426632,2162.490407571104,0.009592428896212368
2164,2686.49616015116,2163.5693319466054,-0.0693319466054163
2165,2687.489939808027,2164.5275427815423,-0.02754278154225176
2166,2688.385081595552,2165.3906962075234,0.10930379247656674
2167,2689.423275981138,2166.391849584289,0.10815041571095207
2168,2690.633186856026,2167.55867337896,-0.05867337896006575
2169,2691.318382839997,2168.219506721289,0.2804932787112193
2170,2692.368718958513,2169.2325512722864,0.2674487277135995
2171,2694.102820613441,2170.9052273678653,-0.4052273678653364
2172,2695.208957968964,2171.972275797183,-0.47227579718310153
2173,2695.750049240105,2172.494272183437,0.00572781656319421
2174,2696.695372581612,2173.406276936358,0.09372306364184624
2175,2697.857558216759,2174.5275727938465,-0.027572793846502464
2176,2698.290961321396,2174.945747652804,0.5542523471958702
2177,2699.942027500086,2176.538902714081,-0.03890271408090484
2178,2700.73120701107,2177.3004585338767,0.1995414661232644
2179,2702.433544847737,2178.9433343108785,-0.4433343108785266
2180,2703.143657511192,2179.628693441173,-0.1286934411727998
2181,2703.981714244772,2180.437574885412,0.06242511458822264
2182,2704.955737551335,2181.377741437897,0.12225856210307029
2183,2706.528247326756,2182.895709050233,-0.39570905023310843
2184,2707.090764646389,2183.4387508936643,0.06124910633570835
2185,2708.117069229273,2184.429570687157,0.07042931284286169
2186,2708.476524960684,2184.7766127669693,0.7233872330307349
2187,2710.368359823606,2186.60323902504,-0.10323902503978388
2188,2711.458227864115,2187.6556364303333,-0.15563643033328844
2189,2712.786687334758,2188.9385165635917,-0.4385165635917474
2190,2713.525289303348,2189.651821947,-0.1518219469999167
2191,2714.367906688516,2190.4656193666083,0.03438063339172004
2192,2715.33987163141,2191.4043919873284,0.09560801267161878
2193,2716.025049049534,2192.0662040714424,0.43379592855762894
2194,2717.665774871056,2193.6510910627217,-0.15109106272166173
2195,2718.308652474356,2194.2721326021247,0.22786739787534316
2196,2719.770998978135,2195.6848989700984,-0.18489897009840206
2197,2720.493474900153,2196.3829258916903,0.11707410830968001
2198,2721.798775616649,2197.6441318997845,-0.14413189978449736
2199,2723.086082744481,2198.8880497438795,-0.38804974387949187
2200,2723.768928849821,2199.5479195218727,-0.04791952187269999
2201,2724.52392443707,2200.27754281979,0.22245718020985805
2202,2725.882989203482,2201.591018934114,-0.09101893411389028
2203,2726.479701033967,2202.1677486551225,0.3322513448774771
2204,2727.274459431902,2202.9359252279,0.564074772099957
2205,2729.395041668597,2204.9857619331574,-0.48576193315739147
2206,2730.492891807173,2206.047089316011,-0.5470893160108972
2207,2730.797702080186,2206.3417717675675,0.1582282324325206
2208,2732.004049913595,2207.508089832035,-0.008089832034784195
2209,2732.830123557482,2208.306801102798,0.19319889720190986
2210,2734.200782967823,2209.632147275196,-0.1321472751960755
2211,2734.938856084208,2210.345865406423,0.15413459357705506
2212,2736.000479107039,2211.3725125128126,0.127487487187409
2213,2736.922048439998,2212.2637732552384,0.23622674476155225
2214,2738.266444163768,2213.564043035539,-0.06404303553881618
2215,2739.513547296197,2214.7703074986875,-0.27030749868754356
2216,2740.311109421231,2215.541799368186,-0.04179936818582064
2217,2741.878852420561,2217.058404553338,-0.558404553337823
2218,2742.254107878247,2217.421440812049,0.07855918795121397
2219,2742.993068159929,2218.1363627036026,0.36363729639742814
2220,2743.953469810087,2219.065569819277,0.4344301807232114
2221,2745.321831898193,2220.389578935117,0.11042106488321224
2222,2746.714798952398,2221.7375069865598,-0.2375069865597652
2223,2747.514097998184,2222.5110129524933,-0.011012952493274497
2224,2748.916191066437,2223.8679503950784,-0.36795039507842375
2225,2749.643649788655,2224.572025526817,-0.0720255268170149
2226,2750.314083410366,2225.220935708742,0.2790642912577823
2227,2751.823671458528,2226.6821555152715,-0.1821555152714609
2228,2752.715502493883,2227.545473606853,-0.045473606853192905
2229,2753.487796417396,2228.29311349008,0.20688650991996838
2230,2754.458663082718,2229.2330359609505,0.26696403904952604
2231,2755.416876191487,2230.1607615821104,0.33923841788964637
2232,2757.301868214301,2231.985933536858,-0.4859335368578286
2233,2758.278103328339,2232.9312685324458,-0.43126853244575614
2234,2758.858670968685,2233.4934859298864,0.006514070113553316
2235,2759.89861391966,2234.500607578333,-0.0006075783330743434
2236,2760.657151540111,2235.23524457512,0.2647554248801498
2237,2762.082880142576,2236.616139915311,-0.11613991531112333
2238,2762.444580467695,2236.966484891469,0.5335151085309917
2239,2764.041846252089,2238.51369566743,-0.013695667430056346
2240,2765.407691146483,2239.836854327509,-0.33685432750917244
2241,2766.157035589919,2240.562825405803,-0.06282540580286877
2242,2766.887269747368,2241.270313363785,0.22968663621486485
2243,2768.664523888134,2242.9923356391164,-0.49233563911639067
2244,2769.144698796098,2243.457619274315,0.04238072568477946
2245,2770.279093643343,2244.556886689189,-0.05688668918901385
2246,2771.017392142684,2245.2723629102748,0.2276370897252491
2247,2771.896293661728,2246.124136649065,0.3758633509351057
2248,2773.029713424295,2247.22263826226,0.27736173774019335
2249,2774.670010731832,2248.812532202452,-0.3125322024520756
2250,2775.72570734241,2249.8358708002825,-0.3358708002824642
2251,2776.619160307927,2250.701988588274,-0.20198858827416188
2252,2777.512125202577,2251.5676789563454,-0.06767895634538945
2253,2778.28969529977,2252.321536337174,0.17846366282583404
2254,2779.12753913405,2253.133868118438,0.3661318815620689
2255,2780.771118379067,2254.7275177177085,-0.22751771770845153
2256,2781.65607022757,2255.585650003133,-0.08565000313319615
2257,2781.989239654647,2255.9087339286434,0.5912660713565856
2258,2783.943665286859,2257.804124244988,-0.3041242449880883
2259,2784.705283876122,2258.5427965463164,-0.04279654631636731
2260,2786.043335738623,2259.8406154348213,-0.3406154348213022
2261,2786.702566351367,2260.480061700315,0.01993829968478167
2262,2787.932021258524,2261.6726854099056,-0.17268540990562542
2263,2788.796278014511,2262.5111029851146,-0.011102985114575858
2264,2789.197561121047,2262.900403191923,0.5995968080769671
2265,2790.493080791035,2264.157299462597,0.342700537402834
2266,2792.113378557023,2265.7294259267887,-0.22942592678873552
2267,2793.301469240872,2266.8822898864337,-0.3822898864336821
2268,2794.238093335276,2267.791199902037,-0.2911999020370786
2269,2794.653824665328,2268.194646033278,0.305353966722123
2270,2796.034761603657,2269.5348458028348,-0.03484580283475225
2271,2797.174539351898,2270.6410822680464,-0.14108226804637525
2272,2797.972901229628,2271.415994042401,0.08400595759894713
2273,2798.798140177046,2272.2170315392914,0.2829684607086165
2274,2800.067444818401,2273.449187381864,0.050812618136205856
2275,2800.937603116235,2274.293931626691,0.20606837330888084
2276,2802.224801536332,2275.5436147113755,-0.04361471137553963
2277,2803.864955138345,2277.13610245796,-0.636102457960078
2278,2804.418935676251,2277.6740178131377,-0.1740178131376524
2279,2805.205300363066,2278.4376081901923,0.062391809807650134
2280,2806.002732416641,2279.2119812339674,0.2880187660325646
2281,2807.132318371182,2280.308965152119,0.19103484788092828
2282,2808.153501197998,2281.300736929577,0.1992630704230578
2283,2809.291652245193,2282.406177773845,0.09382222615522551
2284,2810.724634082516,2283.7980804004374,-0.29808040043735673
2285,2811.460992226053,2284.513374635754,-0.013374635754189512
2286,2812.861997588021,2285.874388260101,-0.3743882601011137
2287,2813.201488028301,2286.2042046546594,0.2957953453405935
2288,2814.656757980595,2287.618079423378,-0.11807942337782151
2289,2815.838653992748,2288.7664445035407,-0.26644450354069704
2290,2816.337954815325,2289.251603657324,0.2483963426761875
2291,2817.458907317419,2290.340858800378,0.15914119962189943
2292,2817.949462160961,2290.8175644733874,0.6824355266126076
2293,2820.488842021918,2293.2854706882717,-0.7854706882717437
2294,2820.66084105378,2293.452641779181,0.0473582208192056
2295,2821.891930074871,2294.649223371712,-0.14922337171219624
2296,2822.923026217023,2295.651483665248,-0.15148366524817902
2297,2823.866992056608,2296.5691029175778,-0.06910291757776577
2298,2824.281884122047,2296.972431013889,0.527568986110964
2299,2825.87265668975,2298.518955080043,-0.018955080042815098
2300,2826.712170374924,2299.335174537948,0.1648254620517946
2301,2828.029973946251,2300.616492664458,-0.11649266445783724
2302,2828.851526590522,2301.41534880345,0.08465119655011222
2303,2830.087545290016,2302.617292349467,-0.11729234946687939
2304,2831.128425437189,2303.6295436574087,-0.12954365740870344
2305,2832.416550857947,2304.8823242160047,-0.38232421600469024
2306,2833.138035851677,2305.5840531274343,-0.08405312743434479
2307,2833.658717233304,2306.090495104137,0.4095048958629377
2308,2834.980248462516,2307.37595394091,0.12404605908977828
2309,2835.77584774453,2308.149883903,0.3501160969999546
2310,2837.014472081294,2309.354843181393,0.14515681860711993
2311,2838.812881529272,2311.1045261438903,-0.6045261438903253
2312,2839.485753395013,2311.759213696419,-0.2592136964190104
2313,2840.28575491069,2312.5376282511024,-0.03762825110243284
2314,2840.920672973103,2313.1554394326067,0.34456056739327323
2315,2842.332641081095,2314.529445202009,-0.029445202008901106
2316,2843.469837884565,2315.6361483639853,-0.13614836398528496
2317,2844.198986963256,2316.345783583055,0.15421641694501886
2318,2845.025433610479,2317.150148413187,0.3498515868132017
2319,2846.390776212726,2318.479094142784,0.020905857215893775
2320,2847.535935529731,2319.59380654102,-0.09380654102005792
2321,2848.770308555408,2320.795442762033,-0.2954427620329625
2322,2849.797086647211,2321.795054529912,-0.2950545299117948
2323,2850.471888197435,2322.452034357339,0.047965642660983576
2324,2851.678938036251,2323.6272690372502,-0.12726903725024385
2325,2852.30372656837,2324.235621468528,0.2643785314721754
2326,2852.926214764695,2324.841755739662,0.6582442603380514
2327,2854.832394231931,2326.6979907474024,-0.1979907474024003
2328,2855.8537211929,2327.6926409239145,-0.19264092391449594
2329,2856.816133543914,2328.6299685231143,-0.12996852311425755
2330,2857.736139807822,2329.526043567764,-0.02604356776419081
2331,2858.857860356253,2330.618649674867,-0.11864967486690148
2332,2859.838748954184,2331.574136557302,-0.07413655730215396
2333,2860.577436497611,2332.293729924133,0.2062700758669962
2334,2862.120208234395,2333.796720789873,-0.2967207898727793
2335,2862.506966277763,2334.173526902893,0.3264730971068275
2336,2863.363589552191,2335.0081374382357,0.4918625617642647
2337,2864.911426758851,2336.5163031321954,-0.01630313219538948
2338,2866.49320975593,2338.0576820803462,-0.5576820803462397
2339,2867.149356094088,2338.6971090071547,-0.19710900715472235
2340,2868.224163663092,2339.7445807984027,-0.2445807984026942
2341,2868.657629194215,2340.1670400615626,0.3329599384373978
2342,2869.843456574863,2341.322810965788,0.17718903421200594
2343,2870.909506375388,2342.3619067896807,0.13809321031931177
2344,2872.023511113548,2343.4478123764293,0.05218762357071682
2345,2872.858555183438,2344.26183876964,0.23816123036021963
2346,2874.569154072846,2345.929503277056,-0.4295032770560283
2347,2875.282119166373,2346.624621474412,-0.12462147441192428
2348,2875.889914340387,2347.21722457644,0.28277542355999685
2349,2877.546649153796,2348.832652471575,-0.33265247157487465
2350,2878.527002624187,2349.788634556176,-0.28863455617602085
2351,2879.11990754698,2350.366825772845,0.1331742271549956
2352,2879.868973936908,2351.097330890359,0.40266910964101044
2353,2880.978994738386,2352.179903275109,0.3200967248908455
2354,2882.153646390637,2353.325582456881,0.17441754311903424
2355,2884.013657552846,2355.1398727734977,-0.6398727734977001
2356,2884.346757790142,2355.4648052504385,0.03519474956146951
2357,2885.773055402719,2356.856198660078,-0.3561986600780074
2358,2886.308874639773,2357.378934380467,0.12106561953305572
2359,2887.224885507061,2358.272614959619,0.22738504038079554
2360,2888.394382456171,2359.4136694205245,0.08633057947554335
2361,2889.404168047578,2360.3989573775284,0.10104262247159568
2362,2890.642626361554,2361.607447085732,-0.10744708573201933
2363,2891.280078215455,2362.229506600095,0.27049339990480803
2364,2892.462624016639,2363.383557090788,0.1164429092118553
2365,2894.174448736821,2365.05426899245,-0.5542689924500337
2366,2894.746550356225,2365.6126664042854,-0.11266640428539176
2367,2895.64110386197,2366.4858277078406,0.014172292159400968
2368,2896.825405168247,2367.641875489433,-0.141875489433005
2369,2897.428300566969,2368.230417392936,0.26958260706396686
2370,2898.541353179907,2369.317023342629,0.18297665737100033
2371,2899.177779836548,2369.9383587667853,0.5616412332146865
2372,2901.263850361997,2371.975119320028,-0.4751193200281705
2373,2902.065102481251,2372.757495122484,-0.25749512248421524
2374,2902.855785528508,2373.529585359948,-0.029585359948214318
2375,2903.957879043037,2374.605820470745,-0.10582047074512957
2376,2904.598196021988,2375.23114427708,0.26885572291985227
2377,2906.176417596629,2376.772507338745,-0.27250733874507205
2378,2906.923339342984,2377.502032690077,-0.002032690077157895
2379,2907.60573691121,2378.168563383083,0.3314366169170171
2380,2908.65804551974,2379.1964540292315,0.3035459707684822
2381,2910.028233435046,2380.534938660468,-0.03493866046801486
2382,2911.14290366458,2381.623893495984,-0.1238934959837934
2383,2912.345904726056,2382.7992175899008,-0.2992175899007634
2384,2913.522785866685,2383.949099224468,-0.44909922446777273
2385,2914.044611072101,2384.458977151138,0.04102284886221241
2386,2914.802702223861,2385.199738170559,0.3002618294408421
2387,2915.685975327455,2386.062859034457,0.4371409655432217
2388,2917.274173441488,2387.6149288753136,-0.11492887531358065
2389,2917.982416701912,2388.3071054142056,0.19289458579441998
2390,2919.321772326527,2389.616152119868,-0.11615211986782015
2391,2920.61555599214,2390.8807509998715,-0.3807509998714522
2392,2921.08319893726,2391.3378674409014,0.1621325590986089
2393,2922.396084557395,2392.621264071496,-0.1212640714961708
2394,2923.390932357382,2393.5938289123465,-0.09382891234645285
2395,2924.333434993953,2394.5152707401967,-0.015270740196683619
2396,2925.261509119313,2395.422653712245,0.0773462877550628
2397,2926.295436226226,2396.4335848867195,0.0664151132805273
2398,2926.624014686467,2396.7548674945583,0.7451325054416884
2399,2928.761073846998,2398.8446180123747,-0.34461801237466716
2400,2930.004366371979,2400.0605016476907,-0.5605016476906712
2401,2930.711168697389,2400.7517596652974,-0.25175966529741345
2402,2931.069101109815,2401.101830619069,0.3981693809309945
2403,2932.806414415832,2402.801085207061,-0.3010852070610781
2404,2933.174857162007,2403.161477661072,0.3385223389282146
2405,2934.290717835788,2404.2530022610435,0.24699773895645194
2406,2935.552463705748,2405.4873117682564,0.01268823174359568
2407,2936.550374848602,2406.463584700582,0.03641529941796762
2408,2937.708958981568,2407.5971143745705,-0.09711437457053762
2409,2938.581220350577,2408.4505610199203,0.04943898007968528
2410,2939.847529162589,2409.689628816624,-0.18962881662400832
2411,2941.261601534686,2411.073384057704,-0.573384057704061
2412,2941.425217756343,2411.2334993997406,0.2665006002594055
2413,2942.72488586515,2412.5054100868138,-0.005410086813753878
2414,2943.353684960179,2413.120812515484,0.3791874845160237
2415,2944.321648794482,2414.0681955098144,0.43180449018564104
2416,2945.944499285887,2415.6566545944884,-0.15665459448837282
2417,2946.922394896188,2416.613895370555,-0.11389537055492838
2418,2948.374261864689,2418.0351916712066,-0.5351916712065758
2419,2948.867577209395,2418.518145617056,-0.01814561705577944
2420,2949.790143025786,2419.4213694770688,0.07863052293123474
2421,2950.521108352412,2420.137042434694,0.3629575653058055
2422,2952.283829638945,2421.863004747212,-0.3630047472120168
2423,2952.827176583512,2422.3950547645954,0.10494523540455702
2424,2953.589030993759,2423.141095975456,0.35890402454379
2425,2954.711275290933,2424.240103715855,0.2598962841448156
2426,2956.258730424157,2425.7556293757007,-0.25562937570066424
2427,2957.236259246843,2426.713054766087,-0.2130547660872253
2428,2958.290776254197,2427.745942697344,-0.2459426973441623
2429,2959.221014234687,2428.6571503401256,-0.15715034012555407
2430,2960.033617812008,2429.453168169912,0.04683183008819469
2431,2960.814839266221,2430.218477879534,0.28152212046597924
2432,2961.825970575349,2431.20906339917,0.2909366008298093
2433,2962.819636335281,2432.1825917859,0.3174082140999417
2434,2964.633921494808,2433.96024592874,-0.4602459287398233
2435,2965.39834158429,2434.7092850421905,-0.20928504219045863
2436,2966.065269745648,2435.3628194902003,0.1371805097996912
2437,2967.270190426496,2436.543602627178,-0.04360262717818841
2438,2968.405348995411,2437.656092399954,-0.15609239995410462
2439,2969.401136655701,2438.6320513487944,-0.13205134879444813
2440,2970.049930110913,2439.2679542415585,0.23204575844147257
2441,2971.122238124934,2440.319006533868,0.18099346613189482
2442,2972.308884109068,2441.4822021376945,0.017797862305542367
2443,2972.811686391358,2441.975090835376,0.524909164624205
2444,2975.018020412781,2444.1380832773007,-0.6380832773006659
2445,2975.619957166154,2444.728240712464,-0.2282407124639576
2446,2976.526232137094,2445.6168173143333,-0.11681731433327514
2447,2977.55357491347,2446.6241505332537,-0.12415053325366898
2448,2977.981978512601,2447.0442267831427,0.45577321685732386
2449,2979.319042212011,2448.355363585133,0.14463641486690904
2450,2980.487381006566,2449.501125399433,-0.001125399433021812
2451,2981.343947481811,2450.3411858940517,0.15881410594829504
2452,2982.523719895925,2451.498288292514,0.0017117074858106207
2453,2983.825333266519,2452.774976576425,-0.2749765764251606
2454,2984.639177804448,2453.573282415862,-0.0732824158621952
2455,2985.547666235421,2454.464466835243,0.0355331647569983
2456,2986.8053933833,2455.6983106260504,-0.1983106260504428
2457,2987.856151502438,2456.7291802132777,-0.22918021327768656
2458,2988.634699666933,2457.4930301123245,0.006969887675495556
2459,2988.855046367442,2457.7092227329936,0.7907772670064332
2460,2990.423270573698,2459.247956705427,0.25204329457301355
2461,2992.163668675063,2460.9557800976936,-0.45578009769360506
2462,2992.868866378301,2461.647824618353,-0.14782461835284266
2463,2993.974353092848,2462.7327452738846,-0.232745273884575
2464,2994.865507046754,2463.6073678287285,-0.10736782872845652
2465,2995.540266915502,2464.2696386047924,0.23036139520763754
2466,2996.736506016221,2465.443796036912,0.05620396308813724
2467,2997.647203114443,2466.337733310116,0.16226668988383608
2468,2998.95930109803,2467.6257617913025,-0.125761791302466
2469,2999.494492994594,2468.151162210189,0.3488377898111139
2470,3001.023331162879,2469.65211358765,-0.15211358765009209
2471,3001.707332456021,2470.3236784862224,0.176321513777566
2472,3003.477042852713,2472.0613274163084,-0.5613274163083588
2473,3004.29097591731,2472.8605703516355,-0.3605703516354879
2474,3004.662308408251,2473.225212571382,0.27478742861785577
2475,3005.772929284509,2474.315867057181,0.18413294281890558
2476,3006.990738364634,2475.5118578220845,-0.011857822084493819
2477,3007.468699216471,2475.9812769598284,0.5187230401716079
2478,3008.882120872393,2477.369509862056,0.1304901379439798
2479,3010.514962129244,2478.973383611139,-0.4733836111390701
2480,3011.344380180516,2479.7881413148066,-0.28814131480658034
2481,3012.07469478587,2480.505577373741,-0.005577373740834446
2482,3012.788450548677,2481.2067738237824,0.29322617621755853
2483,3014.459082206682,2482.848114096,-0.34811409599979015
2484,3014.911666502729,2483.292788547878,0.2072114521220101
2485,3016.348394169982,2484.7044780739407,-0.2044780739406633
2486,3016.70006081263,2485.050032745637,0.4499672543629458
2487,3017.783440191593,2486.114623984575,0.3853760154252086
2488,3019.461775780366,2487.763975823599,-0.2639758235991394
2489,3020.487633896939,2488.7721911632143,-0.2721911632143019
2490,3021.420400692511,2489.68896430552,-0.18896430552013044
2491,3022.447483793125,2490.69848957714,-0.19848957714020798
2492,3023.338509067941,2491.5743279095595,-0.0743279095595426
2493,3023.930996073905,2492.1567394984145,0.3432605015855188
2494,3024.793963871218,2493.005065324676,0.49493467532420254
2495,3026.510826907846,2494.6929148678587,-0.19291486785868983
2496,3027.299522807341,2495.4683344564646,0.03166554353538231
2497,3028.40152252863,2496.551838714533,-0.05183871453300526
2498,3029.499388369674,2497.6313419367752,-0.13134193677524308
2499,3030.594529650985,2498.708229255069,-0.20822925506899992
2500,3031.289217468062,2499.391370571604,0.10862942839594325
2501,3032.756029360225,2500.833885609446,-0.3338856094460425
2502,3033.218123972961,2501.2883492942965,0.21165070570350508
2503,3034.360907192327,2502.4123089579,0.0876910420997774
2504,3035.074103947537,2503.1137928824223,0.3862071175776691
2505,3036.133113238208,2504.155459268984,0.34454073101596805
2506,3037.980383590469,2505.9726184330225,-0.4726184330224896
2507,3039.033651044212,2507.0087972700703,-0.5087972700703176
2508,3039.521601571576,2507.4888507936416,0.011149206358368247
2509,3040.500427564659,2508.4518730282834,0.048126971716556
2510,3041.2568035495,2509.196071200648,0.30392879935197925
2511,3042.653049854132,2510.5699162847704,-0.06991628477044287
2512,3043.670541621771,2511.5711477633376,-0.07114776333764894
2513,3044.055127981913,2511.9496022411795,0.5503977588205089
2514,3046.050030224877,2513.9128216387853,-0.4128216387853172
2515,3046.454504219289,2514.310897174316,0.18910282568413095
2516,3047.70881764089,2515.5454226930715,-0.04542269307148672
2517,3048.922632490405,2516.7401667642857,-0.24016676428573192
2518,3050.019676757212,2517.820041054544,-0.32004105454416276
2519,3050.801233315722,2518.5894036826467,-0.08940368264666176
2520,3051.342383341479,2519.122129297915,0.37787070208514706
2521,3052.476848524256,2520.2389831455025,0.261016854497484
2522,3053.348265936952,2521.09691832318,0.40308167681996565
2523,3054.986520866536,2522.709933948646,-0.20993394864581205
2524,3056.24292330973,2523.947074726545,-0.44707472654499725
2525,3056.765138112965,2524.4613077408803,0.03869225911967078
2526,3058.013703009702,2525.690846508428,-0.1908465084279669
2527,3058.901494693158,2526.56515902605,-0.06515902604996882
2528,3059.437861758112,2527.093402408688,0.4065975913122202
2529,3061.062700117591,2528.6937226978803,-0.19372269788027552
2530,3061.837584445268,2529.4569627197243,0.043037280275711964
2531,3062.72687316464,2530.3329264239555,0.1670735760444586
2532,3063.435086485018,2531.030557341772,0.4694426582282176
2533,3065.286555585297,2532.854484153081,-0.3544841530811027
2534,3066.320250404096,2533.8728792520906,-0.37287925209056993
2535,3067.071320241176,2534.6128672919203,-0.11286729192033818
2536,3068.013501341794,2535.541188200874,-0.04118820087387576
2537,3068.984266185528,2536.4977205314653,0.002279468534652551
2538,3069.782904779767,2537.284686820649,0.21531317935114203
2539,3070.542621549807,2538.033330828337,0.46666917166294297
2540,3072.000993377916,2539.4705309254127,0.02946907458726855
2541,3073.185237779944,2540.637664276546,-0.13766427654582003
2542,3074.523494285205,2541.9566718333285,-0.456671833328528
2543,3075.033872877411,2542.4597337659447,0.040266234055252426
2544,3075.833479242461,2543.247904280772,0.25209571922778196
2545,3077.42747330681,2544.8191999837813,-0.3191999837813455
2546,3078.286226917969,2545.665779475132,-0.16577947513178515
2547,3078.897379147134,2546.268290928975,0.23170907102485216
2548,3079.871394642814,2547.228575211552,0.2714247884478027
2549,3080.856382341979,2548.1997268732803,0.3002731267197305
2550,3082.163163759072,2549.488229397316,0.011770602684009646
2551,3083.361357990433,2550.6697411172163,-0.16974111721629015
2552,3084.838451504294,2552.126370976312,-0.626370976312046
2553,3085.377268993634,2552.6577517107185,-0.15775171071845762
2554,3085.965522259311,2553.237903009209,0.26209699079117854
2555,3087.018815358645,2554.2767337673968,0.22326623260323686
2556,3088.083437042039,2555.32679568526,0.17320431473990539
2557,3089.222308944518,2556.4501570434927,0.04984295650729109
2558,3090.282194902935,2557.495668216203,0.004331783797169919
2559,3091.154469698493,2558.3561561177985,0.14384388220150868
2560,3092.687667040027,2559.8687305740164,-0.3687305740163538
2561,3093.185445717524,2560.3598396960983,0.14016030390166634
2562,3094.833068430116,2561.985477439151,-0.48547743915105457
2563,3095.132031239453,2562.280466019539,0.2195339804611649
2564,3096.515485512936,2563.6455893325383,-0.1455893325382931
2565,3097.342606530989,2564.4617978739743,0.03820212602568063
2566,3098.038354972964,2565.1483943025783,0.3516056974217463
2567,3098.758089848813,2565.8586878112774,0.6413121887226225
2568,3101.079373086579,2568.1497020749343,-0.6497020749343392
2569,3101.65737079014,2568.720205838266,-0.22020583826588336
2570,3102.436089122719,2569.4888549236366,0.011145076363391127
2571,3103.589916059588,2570.627819449771,-0.12781944977086823
2572,3104.362546341635,2571.390535669776,0.10946433022400015
2573,3105.391402369855,2572.406237367218,0.09376263278181796
2574,3106.396352646053,2573.398391332731,0.10160866726891982
2575,3107.484255857019,2574.4725002957807,0.02749970421928083
2576,3108.303596266207,2575.2814917621427,0.21850823785734974
2577,3109.533099790357,2576.4955301352834,0.0044698647166114824
2578,3110.557200380325,2577.506808272735,-0.006808272734815546
2579,3111.920727714095,2578.853346579772,-0.3533465797718236
2580,3112.840737859373,2579.761947477908,-0.26194747790805195
2581,3113.755213669487,2580.6651255598326,-0.16512555983263155
2582,3114.473416203572,2581.374485157205,0.12551484279492797
2583,3115.00267241355,2581.8972417196446,0.6027582803553742
2584,3116.720450815897,2583.594023160369,-0.09402316036903358
2585,3117.269723386899,2584.1366135925864,0.36338640741359995
2586,3118.955013666125,2585.801497709121,-0.30149770912112217
2587,3119.957556604339,2586.791970217241,-0.2919702172412144
2588,3120.986214975678,2587.8082970258297,-0.3082970258296882
2589,3121.337219762928,2588.155106314122,0.3448936858781053
2590,3122.610128875348,2589.4128532608142,0.087146739185755
2591,3124.150225164331,2590.934715205533,-0.43471520553293885
2592,3124.525922645768,2591.305982861116,0.1940171388841918
2593,3125.37444147211,2592.1445233090144,0.3554766909855971
2594,3126.45011643482,2593.207601291064,0.2923987089361617
2595,3127.693012373443,2594.436015310483,0.06398468951692848
2596,3129.468612609748,2596.191063044445,-0.6910630444449453
2597,3129.796205505422,2596.5148815880043,-0.014881588004300284
2598,3130.877663729774,2597.583918563999,-0.08391856399885
2599,3131.861090216301,2598.556101374043,-0.056101374043009855
2600,3132.698331366237,2599.383808940962,0.11619105903810123
2601,3133.398883822983,2600.0764116417918,0.42358835820823515
2602,3134.635445901257,2601.2990022441345,0.20099775586550095
2603,3136.015560752042,2602.6636153444742,-0.16361534447423765
2604,3137.17517266694,2603.8102769805173,-0.3102769805173011
2605,3137.613495212031,2604.2437222083067,0.2562777916932646
2606,3139.049508498465,2605.6638248971367,-0.16382489713669202
2607,3140.138494141052,2606.740814613993,-0.2408146139928249
2608,3141.00117482824,2607.594034948665,-0.09403494866501205
2609,3141.748032542884,2608.332732907398,0.1672670926018327
2610,3142.979456728039,2609.5507649313727,-0.0507649313726688
2611,3143.567499183582,2610.1324393145096,0.367560685490389
2612,3144.490488145513,2611.045468280647,0.45453171935287173
2613,3146.283528375944,2612.8192830036187,-0.31928300361869333
2614,3147.34460662553,2613.8690606614373,-0.3690606614372882
2615,3148.379041870468,2614.8925338729373,-0.39253387293729247
2616,3148.861228783807,2615.369629479232,0.13037052076788314
2617,3149.77173869899,2616.270557562533,0.22944243746678694
2618,3150.824652722363,2617.3124433807325,0.1875566192675251
2619,3152.151059465737,2618.625037064958,-0.12503706495817823
2620,3152.994559995644,2619.459799679369,0.04020032063090184
2621,3153.596976529534,2620.0559976981863,0.44400230181372535
2622,3155.312108217665,2621.7535250293745,-0.2535250293744866
2623,3156.300357949571,2622.731698608449,-0.2316986084488235
2624,3156.905761454447,2623.330953770428,0.1690462295719044
2625,3158.578287707937,2624.986590247412,-0.4865902474120958
2626,3159.265204659911,2625.666611300292,-0.16661130029206106
2627,3159.804097579087,2626.200110960023,0.2998890399771881
2628,3161.061912577755,2627.4453946119347,0.05460538806528348
2629,3161.402435207893,2627.7825383895383,0.7174616104616689
2630,3163.311959557827,2629.6732235225186,-0.1732235225185832
2631,3164.350531320929,2630.70162584945,-0.20162584945001072
2632,3165.54059789383,2631.880106284204,-0.3801062842039755
2633,3166.139586713597,2632.473290465869,0.026709534130986867
2634,3167.121094757282,2633.445325969381,0.05467403061902587
2635,3168.197515713895,2634.511414039492,-0.011414039492137817
2636,3169.179764607856,2635.484284824161,0.015715175838977302
2637,3170.014131565626,2636.310723648794,0.18927635120599007
2638,3171.343958069062,2637.627986418643,-0.12798641864310412
2639,3171.837774346064,2638.117159892003,0.3828401079967989
2640,3173.011633917283,2639.2800320816937,0.2199679183063381
2641,3174.815385976386,2641.067035625343,-0.5670356253431237
2642,3175.528722743696,2641.773793803375,-0.27379380337515613
2643,3176.480343516464,2642.7166781693954,-0.21667816939543627
2644,3176.915636009213,2643.147989560607,0.35201043939287047
2645,3178.371705005,2644.590810604446,-0.09081060444577815
2646,3178.902595536046,2645.116897274705,0.38310272529497524
2647,3180.011213372889,2646.2155290757187,0.28447092428132237
2648,3181.328501713209,2647.521031716679,-0.021031716678862722
2649,3182.839446920272,2649.0185654780057,-0.5185654780057121
2650,3183.205673345925,2649.3815583963487,0.118441603651263
2651,3184.451499960333,2650.616435489293,-0.11643548929305325
2652,3185.214344580112,2651.3726137907643,0.12738620923573762
2653,3186.545869429537,2652.6925724273315,-0.19257242733146995
2654,3187.646162708369,2653.7833748949274,-0.2833748949274195
2655,3188.055482329442,2654.189179270398,0.31082072960180085
2656,3188.877460714956,2655.004123750156,0.4958762498440592
2657,3190.168661962153,2656.284343902997,0.21565609700292043
2658,3191.706256362774,2657.808970239435,-0.30897023943498425
2659,3192.681791617887,2658.7763389641063,-0.27633896410634406
2660,3193.557208472454,2659.6444678004004,-0.1444678004004345
2661,3194.786707378557,2660.8637953707207,-0.3637953707207089
2662,3195.326699929211,2661.3993445006963,0.10065549930368434
2663,3195.793895633891,2661.862707524866,0.6372924751340179
2664,3197.547165656594,2663.6016913720514,-0.10169137205139123
2665,3198.430125767818,2664.4775147911496,0.022485208850412164
2666,3199.248977114246,2665.2897822881755,0.2102177118244981
2667,3200.663270230746,2666.692782551069,-0.1927825510688308
2668,3201.424866361197,2667.4483386897164,0.05166131028363452
2669,3202.778286500737,2668.791096406328,-0.29109640632805167
2670,3203.630891152625,2669.637030861148,-0.13703086114810503
2671,3204.557410187843,2670.556342388968,-0.05634238896800525
2672,3205.497580563342,2671.489242642877,0.010757357123111433
2673,3206.22889330383,2672.214930656444,0.28506934355618796
2674,3207.270062357431,2673.248137595235,0.25186240476477906
2675,3208.086133891918,2674.0580060057805,0.4419939942195015
2676,3210.352420539768,2676.307239404157,-0.8072394041569169
2677,3210.670388299202,2676.622834906897,-0.12283490689696919
2678,3211.618832522935,2677.564232857037,-0.06423285703704096
2679,3212.319227342931,2678.259452851384,0.24054714861586035
2680,3213.606498798167,2679.5372767586387,-0.03727675863865443
2681,3214.667562488094,2680.59061478896,-0.09061478896001063
2682,3215.325298903735,2681.2435901782974,0.2564098217026185
2683,3216.491524692371,2682.401426882353,0.09857311764699261
2684,3217.43080477829,2683.333999315704,0.1660006842957955
2685,3218.659983744026,2684.554466305324,-0.05446630532378549
2686,3219.639171305585,2685.5267672036903,-0.026767203690269525
2687,3221.198341682969,2687.075069691295,-0.5750696912950843
2688,3221.609476301097,2687.4833585909714,0.0166414090285798
2689,3222.813840822903,2688.679435012561,-0.17943501256104355
2690,3223.372566375255,2689.2343398969647,0.26566010303531584
2691,3224.213706519639,2690.069757238985,0.43024276101505166
2692,3225.366715964934,2691.214978787054,0.28502121294604876
2693,3227.044102374515,2692.881152572902,-0.38115257290201043
2694,3227.525149515495,2693.359009723144,0.1409902768559732
2695,3229.016311629954,2694.8403559260114,-0.34035592601139797
2696,3229.9810669605,2695.7988189314165,-0.2988189314164629
2697,3230.336636732161,2696.1520811737428,0.3479188262572279
2698,3231.74134791825,2697.5477371589186,-0.04773715891860775
2699,3232.738713124808,2698.538732036873,-0.03873203687317073
2700,3233.913360603033,2699.705939659876,-0.20593965987609408
2701,3234.306591244919,2700.096694872503,0.4033051274968784
2702,3235.154617182365,2700.9394082928893,0.5605917071106887
2703,3237.087579531708,2702.860393677547,-0.3603936775471084
2704,3237.998236326713,2703.7654715536,-0.2654715536000367
2705,3239.09043456269,2704.851032460469,-0.35103246046901404
2706,3239.767314075245,2705.523827971256,-0.02382797125619618
2707,3240.605747277957,2706.357233632387,0.14276636761314876
2708,3241.595312938038,2707.340909927213,0.15909007278696663
2709,3242.568307582371,2708.308160705729,0.1918392942711762
2710,3243.50165271128,2709.236039697452,0.2639603025481847
2711,3244.884157091134,2710.6105259858573,-0.11052598585729356
2712,3246.040157816235,2711.75989423724,-0.2598942372401325
2713,3246.841676161957,2712.5568523927413,-0.05685239274134801
2714,3247.570503533837,2713.2815604820325,0.21843951796745387
2715,3249.308085747428,2715.009427001381,-0.5094270013810274
2716,3249.906446318443,2715.6044760735103,-0.10447607351034094
2717,3250.613324267404,2716.3074645490087,0.19253545099127223
2718,3251.510637744018,2717.199875952102,0.30012404789795255
2719,3252.723990907271,2718.4066631749106,0.0933368250894091
2720,3253.369017244108,2719.0482283434644,0.45177165653558404
2721,3255.142076592549,2720.811878431756,-0.3118784317562131
2722,3256.346612817961,2722.0101101180976,-0.5101101180976002
2723,3256.941943204737,2722.602350734329,-0.10235073432886566
2724,3257.831340012825,2723.4871638276,0.012836172400056967
2725,3258.706714275454,2724.3580643788805,0.14193562111950087
2726,3259.53973068604,2725.1868583059168,0.31314169408324233
2727,3261.192124420504,2726.83097646426,-0.33097646425994753
2728,3261.535312602183,2727.172462592624,0.3275374073759849
2729,3262.718968694528,2728.350292393928,0.14970760607184275
2730,3263.784940489129,2729.411075661699,0.08892433830078517
2731,3265.198771600651,2730.818110551488,-0.31811055148818923
2732,3266.153786419939,2731.768589795646,-0.2685897956462213
2733,3266.80395447965,2732.415695492733,0.08430450726700656
2734,3268.188517855567,2733.793806044412,-0.293806044412122
2735,3268.909408588717,2734.511373991245,-0.01137399124490912
2736,3269.516785360247,2735.115970833697,0.3840291663032076
2737,3270.310803457827,2735.906381837954,0.5936181620459138
2738,3272.019397610781,2737.6073181676024,-0.10731816760244328
2739,3273.363032965271,2738.9450311681994,-0.4450311681994208
2740,3274.059953011724,2739.638913968264,-0.13891396826420532
2741,3274.863567637972,2740.439055671046,0.060944328954064986
2742,3276.124154984922,2741.6942584553217,-0.1942584553216875
2743,3276.694554681216,2742.262247075939,0.23775292406116932
2744,3278.059478289038,2743.621465308539,-0.12146530853897275
2745,3278.986193732024,2744.5443586414,-0.04435864139986734
2746,3279.489509639635,2745.0456161604097,0.45438383959026396
2747,3280.976418713721,2746.526516089262,-0.026516089261804154
2748,3281.706690820622,2747.25387617269,0.24612382730992977
2749,3283.239124300114,2748.7802830151195,-0.28028301511949394
2750,3284.499863132437,2750.03614906401,-0.5361490640098054
2751,3285.20282875169,2750.736431152505,-0.2364311525047924
2752,3285.682259710461,2751.2140456429934,0.28595435700663074
2753,3286.718540342295,2752.246438053626,0.25356194637379303
2754,3287.773091992667,2753.297086312577,0.2029136874230062
2755,3288.936972845318,2754.4567215890197,0.04327841098029239
2756,3289.724306536176,2755.2412204351504,0.2587795648496467
2757,3291.385725928434,2756.8967561866966,-0.3967561866966207
2758,3292.222642049286,2757.730759065058,-0.23075906505800958
2759,3292.856716097554,2758.362648494422,0.1373515055779535
2760,3293.97586924559,2759.477993163054,0.022006836945820396
2761,3295.266663232727,2760.7644697264177,-0.26446972641770117
2762,3296.021754764673,2761.5170729503984,-0.017072950398414832
2763,3296.873142162696,2762.365687731293,0.13431226870716273
2764,3297.836842310599,2763.3262917262405,0.17370827375953013
2765,3298.357878621562,2763.845672732113,0.6543272678868561
2766,3300.450576192251,2765.931853856627,-0.43185385662718545
2767,3301.413776304368,2766.8921256398,-0.39212563979981496
2768,3302.017097665604,2767.4936355604013,0.006364439598655736
2769,3303.317261841697,2768.789955700667,-0.28995570066717846
2770,3303.81371920576,2769.2849667390537,0.21503326094625663
2771,3305.076177240833,2770.543800345613,-0.04380034561290813
2772,3305.47208869853,2770.938590979056,0.5614090209442111
2773,3307.221711602476,2772.6833510655697,-0.1833510655696955
2774,3308.045402223318,2773.504803366809,-0.004803366809028375
2775,3308.832877512969,2774.2901692703067,0.20983072969329442
2776,3310.235706773843,2775.689314707073,-0.1893147070732084
2777,3311.155306118273,2776.6065505316865,-0.1065505316864801
2778,3312.34945945051,2777.797695357184,-0.2976953571837839
2779,3313.199876672726,2778.6460118427103,-0.14601184271032253
2780,3313.842662273157,2779.287232660372,0.21276733962804428
2781,3315.015013827981,2780.4567813668364,0.04321863316363306
2782,3315.619742540924,2781.0600900980508,0.4399099019492496
2783,3316.752453417716,2782.1901884537087,0.3098115462912574
2784,3318.38747017017,2783.821542718173,-0.32154271817307745
2785,3319.41264899316,2784.8444905127385,-0.34449051273850273
2786,3320.476699682049,2785.906278872624,-0.4062788726241706
2787,3320.887941461205,2786.3166608319616,0.1833391680384011
2788,3321.66357269861,2787.090692446733,0.40930755326689905
2789,3323.490923179798,2788.914388234137,-0.4143882341368226
2790,3323.875124914085,2789.2978419141505,0.20215808584953265
2791,3324.925684145982,2790.3463917544723,0.153608245527721
2792,3325.691627038381,2791.1109029380914,0.3890970619086147
2793,3327.338441751468,2792.754734473883,-0.254734473883218
2794,3327.988269208171,2793.403420475711,0.0965795242891545
2795,3329.46558394841,2794.878215372642,-0.37821537264198923
2796,3330.290400360131,2795.701670288944,-0.20167028894411487
2797,3331.29940416149,2796.7090527762016,-0.20905277620158813
2798,3331.892288243775,2797.301006872861,0.19899312713914696
2799,3332.700898576002,2798.108375901535,0.39162409846494484
2800,3333.781382961371,2799.187250364017,0.312749635982982
2801,3335.045996424476,2800.4500503403897,0.04994965961031994
2802,3336.575968429255,2801.977930345985,-0.47793034598498707
2803,3337.044211896699,2802.4455558808736,0.05444411912640135
2804,3338.150407356325,2803.5503330437173,-0.05033304371727354
2805,3339.256673694618,2804.65523934151,-0.15523934150996865
2806,3340.117152697459,2805.5147008050985,-0.01470080509852778
2807,3340.972263637847,2806.3688355055147,0.13116449448534695
2808,3342.211554859266,2807.606773707113,-0.10677370711300682
2809,3343.05172227834,2808.446065457032,0.05393454296790878
2810,3343.604908509593,2808.998693475012,0.5013065249881947
2811,3344.852255868193,2810.2448355993547,0.2551644006452989
2812,3346.848430816562,2812.23923579469,-0.7392357946901029
2813,3347.397830990955,2812.7881807677186,-0.28818076771858614
2814,3347.936001610753,2813.325919404596,0.17408059540412069
2815,3349.301027926845,2814.6899117759244,-0.1899117759244291
2816,3349.856252114764,2815.2447407406307,0.25525925936926797
2817,3350.803704024562,2816.191552048871,0.3084479511289828
2818,3352.153804096605,2817.540812940434,-0.04081294043407979
2819,3352.845364542639,2818.2319770542003,0.26802294579965746
2820,3354.27823128039,2819.6640948605614,-0.16409486056136302
2821,3355.483680305992,2820.868989274558,-0.3689892745578618
2822,3355.880578183322,2821.265719627881,0.2342803721189739
2823,3357.198154118337,2822.582792997183,-0.08279299718287803
2824,3358.40269962342,2823.7869510623777,-0.2869510623777387
2825,3359.359283067236,2824.743275808812,-0.24327580881208632
2826,3359.852404381298,2825.2362806987544,0.26371930124560095
2827,3360.584153298323,2825.967878080699,0.532121919301062
2828,3361.887588621119,2827.27110629226,0.22889370774009876
2829,3363.233878348851,2828.617266538612,-0.11726653861205705
2830,3364.355763553862,2829.739109363651,-0.23910936365109592
2831,3365.600957468561,2830.984325956344,-0.48432595634403697
2832,3366.120883810753,2831.504283468408,-0.004283468408175395
2833,3367.05554253962,2832.439030369762,0.06096963023810531
2834,3367.76944386822,2833.153026861204,0.34697313879587455
2835,3369.18372855481,2834.567571187012,-0.06757118701216314
2836,3370.061651746536,2835.445703084293,0.054296915706800064
2837,3370.997536142718,2836.38185004822,0.11814995178019672
2838,3371.922445600541,2837.3070596231,0.19294037689996912
2839,3373.160140925226,2838.545219725393,-0.04521972539305352
2840,3374.427471990047,2839.813101591849,-0.3131015918488629
2841,3375.379955756309,2840.766049185192,-0.26604918519205967
2842,3376.298386044199,2841.68496722791,-0.184967227909965
2843,3376.820970848442,2842.207847313295,0.29215268670486694
2844,3378.258956962645,2843.646712379116,-0.14671237911579738
2845,3378.78060849487,2844.1687068465403,0.3312931534596828
2846,3379.460192668086,2844.8487570065854,0.6512429934145985
2847,3381.634647447099,2847.024848909384,-0.5248489093842181
2848,3382.2967149216,2847.687459046848,-0.18745904684783454
2849,3383.348489575833,2848.740138195884,-0.24013819588390106
2850,3383.871212415102,2849.263329920037,0.23667007996300526
2851,3385.177310827911,2850.5706560774915,-0.07065607749154879
2852,3386.16629575042,2851.5606240143543,-0.0606240143542891
2853,3387.149564459346,2852.544915629924,-0.044915629924162204
2854,3387.808777785404,2853.204840182564,0.2951598174358878
2855,3389.091880156602,2854.4893854318507,0.010614568149321713
2856,3389.648879040879,2855.047034741826,0.4529652581741175
2857,3391.481233731881,2856.8816319040334,-0.38163190403338376
2858,3392.147572630774,2857.5488253527656,-0.04882535276556155
2859,3393.651785893135,2859.055044289114,-0.5550442891139937
2860,3394.137666351396,2859.54159528232,-0.0415952823200314
2861,3394.991106310708,2860.396239821758,0.10376017824182782
2862,3395.614850938401,2861.0208864256447,0.4791135743553241
2863,3396.890066311005,2862.298002591496,0.20199740850421222
2864,3398.271677189195,2863.681758843508,-0.18175884350785054
2865,3398.841197219906,2864.252189251687,0.2478107483129861
2866,3400.322476548554,2865.7359075227287,-0.23590752272866666
2867,3401.387450697163,2866.8026986269124,-0.30269862691238814
2868,3402.000441414938,2867.4167592352114,0.08324076478857023
2869,3403.008864820184,2868.4269809491525,0.07301905084750615
2870,3404.362761572878,2869.7833668776084,-0.28336687760838686
2871,3405.13291869512,2870.554978195068,-0.0549781950680881
2872,3405.809942804822,2871.2333035455504,0.2666964544496295
2873,3406.67948281196,2872.10454623008,0.3954537699200955
2874,3407.728314289522,2873.155478461189,0.34452153881102277
2875,3409.578736852474,2875.0097325922675,-0.5097325922674827
2876,3410.424565211908,2875.8573655941445,-0.3573655941445395
2877,3411.223633497274,2876.65816942506,-0.15816942505989573
2878,3411.855830275977,2877.291760419422,0.20823958057781056
2879,3413.21903600535,2878.6580359352065,-0.15803593520649883
2880,3413.710819476651,2879.150948118256,0.3490518817438897
2881,3415.0064152978,2880.4495714906047,0.050428509395260335
2882,3415.80662357289,2881.2516887758657,0.2483112241343406
2883,3417.201725527572,2882.650190290479,-0.15019029047880395
2884,3418.194842708853,2883.64578271686,-0.14578271686013977
2885,3418.74424667515,2884.1965757478747,0.30342425212529633
2886,3420.540582987328,2885.9975518294373,-0.4975518294372705
2887,3421.307537318235,2886.766532873018,-0.26653287301815
2888,3421.882420407674,2887.3429530605044,0.15704693949555804
2889,3423.128594192323,2888.59251158324,-0.09251158324013886
2890,3423.611394671274,2889.076642805558,0.42335719444190545
2891,3424.728989863384,2890.197359997263,0.3026400027370073
2892,3425.830917735939,2891.302422932762,0.197577067237944
2893,3427.4318110057,2892.907971361288,-0.40797136128821876
2894,3428.345014648756,2893.8238837732174,-0.32388377321740336
2895,3429.077161459129,2894.5582302589883,-0.058230258988260175
2896,3430.15880952933,2895.643173579968,-0.14317357996787905
2897,3430.611618680174,2896.0973783383224,0.4026216616775855
2898,3432.026366531868,2897.5165478799145,-0.016547879914469377
2899,3433.306331160305,2898.8005929184947,-0.3005929184946581
2900,3433.76971016368,2899.265467857154,0.23453214284609203
2901,3434.432930181269,2899.9308462761887,0.5691537238112687
2902,3436.183607569702,2901.6873190243136,-0.18731902431363778
2903,3437.219161606906,2902.72636793488,-0.22636793487981777
2904,3438.212616154325,2903.7232219425405,-0.22322194254047645
2905,3439.11243015417,2904.6261544079434,-0.12615440794343158
2906,3440.229299588556,2905.7469466685698,-0.24694666856976255
2907,3440.844025770545,2906.363856602124,0.13614339787591234
2908,3441.467977670064,2906.9900429011395,0.5099570988604682
2909,3442.683392445435,2908.209861821796,0.2901381782039607
2910,3444.036570701738,2909.5680237606057,-0.06802376060568349
2911,3445.27743246873,2910.81352992957,-0.31352992956999515
2912,3446.015386158298,2911.5542794247845,-0.05427942478445402
2913,3447.158925420623,2912.702200774322,-0.20220077432213657
2914,3447.700517605007,2913.24588943095,0.25411056905022633
2915,3449.497002715472,2915.049425569296,-0.5494255692960905
2916,3449.68500106448,2915.238170401409,0.26182959859079347
2917,3450.723487592525,2916.280809816274,0.2191901837259138
2918,3451.940669427535,2917.50292245156,-0.0029224515601526946
2919,3452.569816771666,2918.1346452500047,0.3653547499952765
2920,3453.677893918425,2919.2473027467486,0.25269725325142645
2921,3455.488799434789,2921.0658156143672,-0.5658156143672386
2922,3456.25861455929,2921.838910376867,-0.3389103768668065
2923,3457.184172894586,2922.768447990095,-0.26844799009495546
2924,3457.573598857839,2923.1595600107785,0.3404399892215224
2925,3458.665410624782,2924.25613610128,0.24386389872006475
2926,3460.046064018949,2925.6428927719444,-0.1428927719443891
2927,3460.484230469056,2926.083014498591,0.41698550140881707
2928,3461.915971198494,2927.521205795917,-0.021205795917012438
2929,3462.896732401838,2928.5064401135287,-0.006440113528697111
2930,3464.083832160316,2929.699013204661,-0.19901320466078687
2931,3464.977695252418,2930.597040341704,-0.09704034170408704
2932,3465.827155727127,2931.4504920230456,0.04950797695437359
2933,3467.204403986264,2932.834281720437,-0.3342817204370476
2934,3467.909471078217,2933.5427313286245,-0.042731328624540765
2935,3468.775551366812,2934.412997808573,0.08700219142701826
2936,3469.551913132633,2935.193141365167,0.3068586348331337
2937,3470.214108961449,2935.858584712158,0.6414152878419372
2938,3472.249018221316,2937.9035993447824,-0.40359934478237847
2939,3473.168763395134,2938.827974266548,-0.32797426654815354
2940,3473.814882020011,2939.4773684589995,0.022631541000464495
2941,3475.219106732758,2940.888777989377,-0.38877798937710395
2942,3475.717792819431,2941.3900373711786,0.10996262882144947
2943,3476.519931770808,2942.19633936925,0.3036606307500733
2944,3477.700190284672,2943.3827768993588,0.11722310064124031
2945,3479.049830179214,2944.7395607027,-0.23956070270014607
2946,3479.465965312697,2945.1579153299544,0.3420846700455513
2947,3480.68291595061,2946.3814021316043,0.11859786839568187
2948,3481.776396694323,2947.480813651223,0.01918634877711156
2949,3483.057856801381,2948.769293645689,-0.26929364568877645
2950,3484.159388046234,2949.876919093834,-0.3769190938342035
2951,3484.884585352892,2950.6061588003718,-0.10615880037175884
2952,3485.691497728214,2951.417597302519,0.08240269748102946
2953,3486.534339669457,2952.2651986506926,0.2348013493074177
2954,3487.539477842766,2953.276055089148,0.22394491085196933
2955,3488.455776622254,2954.1976068968,0.30239310319984725
2956,3489.665123316275,2955.413945265604,0.0860547343959297
2957,3491.550561368233,2957.310416775228,-0.8104167752280773
2958,3491.811099965336,2957.57249277171,-0.07249277171013091
2959,3492.414435580418,2958.179400457979,0.3205995420207728
2960,3493.720613082723,2959.493368060983,0.006631939017097466
2961,3494.816408481538,2960.595758784912,-0.09575878491205003
2962,3495.988931967582,2961.7753999640363,-0.2753999640362963
2963,3496.350361363769,2962.139036004103,0.36096399589678185
2964,3497.37296054228,2963.16791069337,0.3320893066302233
2965,3498.576136539014,2964.3785313017424,0.12146869825755857
2966,3499.686553821134,2965.4958776894077,0.004122310592265421
2967,3501.145919590469,2966.9644353069507,-0.4644353069506906
2968,3501.897095232892,2967.7203799902218,-0.22037999022177246
2969,3502.775867948576,2968.604764379704,-0.10476437970419283
2970,3503.636215791511,2969.470640231176,0.0293597688241789
2971,3504.58892777494,2970.4295129241787,0.07048707582134739
2972,3504.99262719505,2970.8358352999567,0.6641647000433295
2973,3506.860778987003,2972.7162213780925,-0.21622137809254127
2974,3507.545273797333,2973.4052385105174,0.09476148948260743
2975,3508.772500866958,2974.640626851948,-0.1406268519481273
2976,3509.636408038271,2975.5103201281504,-0.010320128150397068
2977,3510.845083644579,2976.7271477588183,-0.22714775881831883
2978,3511.731091112827,2977.619173053916,-0.11917305391580157
2979,3512.473586842893,2978.366739269149,0.13326073085090684
2980,3513.877573873797,2979.7803823647614,-0.2803823647614081
2981,3514.36675224394,2980.272946084044,0.22705391595582114
2982,3515.416808849641,2981.3303061818465,0.1696938181535188
2983,3515.90181449889,2981.818702060558,0.6812979394421745
2984,3518.0264452394,2983.958309617793,-0.45830961779302015
2985,3518.868409208556,2984.806265213857,-0.30626521385693195
2986,3519.870186740234,2985.815213414648,-0.3152134146480421
2987,3520.491665965546,2986.4411639627715,0.05883603722850239
2988,3521.365040902683,2987.3208520335743,0.17914796642571673
2989,3522.382212893841,2988.345420042536,0.15457995746419328
2990,3523.635835723509,2989.608222472821,-0.10822247282112585
2991,3524.215220737581,2990.1918739954026,0.3081260045973977
2992,3525.386566637036,2991.371891821671,0.1281081783290574
2993,3526.670256711327,2992.665156687372,-0.1651566873720185
2994,3527.615207051002,2993.6172027467846,-0.11720274678464193
2995,3528.351824582807,2994.3593795510096,0.14062044899037573
2996,3529.95574434595,2995.9754888004622,-0.4754888004622444
2997,3530.835046797714,2996.8615230113865,-0.3615230113864527
2998,3531.201023963524,2997.2303122952794,0.2696877047205817
2999,3532.038508847495,2998.0742550097543,0.4257449902456756
3000,3533.32824339582,2999.3739964874176,0.1260035125824288
3001,3534.06258828017,3000.1140725625887,0.3859274374112829
3002,3535.772576943417,3001.8375009321157,-0.33750093211574494
3003,3536.633250705505,3002.704988984406,-0.20498898440609992
3004,3537.708013056178,3003.7883074521865,-0.2883074521864728
3005,3538.500568907359,3004.587206082936,-0.08720608293606347
3006,3539.089936526598,3005.181308694629,0.3186913053709759
3007,3540.456758807155,3006.559172171504,-0.0591721715040876
3008,3541.35752237537,3007.4672580235483,0.03274197645168897
3009,3542.340883917591,3008.458654919616,0.04134508038396234
3010,3543.322306535336,3009.4481403658883,0.05185963411167904
3011,3543.816796286909,3009.946708964778,0.5532910352221734
3012,3545.699212171316,3011.844752600817,-0.3447526008171735
3013,3546.864134595261,3013.0194258478896,-0.519425847889579
3014,3547.314781396489,3013.4738610619206,0.02613893807938439
3015,3548.351252963579,3014.519080418892,-0.01908041889191736
3016,3549.458356776358,3015.6355813772307,-0.13558137723066466
3017,3550.065059225513,3016.2474568556395,0.2525431443605157
3018,3550.853298372029,3017.042441545116,0.45755845488383784
3019,3552.080209750384,3018.2799079142637,0.22009208573626893
3020,3553.840680597021,3020.055641724492,-0.555641724492034
3021,3554.165034789488,3020.382823153071,0.11717684692894181
3022,3555.534145071904,3021.76391920389,-0.26391920389005463
3023,3556.065234535612,3022.2996806370284,0.20031936297164066
3024,3557.427102352921,3023.673586427422,-0.17358642742192387
3025,3558.349345038406,3024.6040282259128,-0.10402822591277072
3026,3559.265664699892,3025.528532018516,-0.02853201851621634
3027,3560.019248823559,3026.288874932743,0.21112506725694402
3028,3560.776183334352,3027.0526238409666,0.44737615903341066
3029,3562.162435082823,3028.451421886806,0.048578113193798345
3030,3563.215121485676,3029.513693005074,-0.013693005073946551
3031,3564.760770714007,3031.073505066007,-0.5735050660068737
3032,3565.396422887,3031.715012694978,-0.2150126949782134
3033,3566.284910776264,3032.611715318245,-0.11171531824493286
3034,3566.916683895457,3033.249351083748,0.2506489162519756
3035,3567.733251749069,3034.0735228026333,0.42647719736669387
3036,3569.343132086433,3035.698481439428,-0.19848143942817842
3037,3570.00867136495,3036.37028799072,0.12971200927995596
3038,3570.822916554615,3037.1922276496907,0.3077723503092784
3039,3572.513965627942,3038.8993512362945,-0.39935123629447844
3040,3573.079804301276,3039.470597020384,0.029402979615952063
3041,3574.100016308943,3040.500594131366,-0.0005941313661423919
3042,3575.493155747448,3041.907170367005,-0.40717036700516474
3043,3575.955379643794,3042.3738714905294,0.12612850947061816
3044,3577.205283985632,3043.635930366825,-0.13593036682505044
3045,3577.981184110551,3044.4194106008317,0.08058939916827512
3046,3578.41038261893,3044.852813641886,0.6471863581141406
3047,3579.750102614597,3046.205710556429,0.29428944357096043
3048,3581.585338241799,3048.059126307545,-0.5591263075448296
3049,3582.394916619826,3048.876772070864,-0.37677207086380804
3050,3582.923042185506,3049.410176060245,0.08982393975520608
3051,3583.945574774916,3050.4429637073017,0.05703629269828525
3052,3585.206278712881,3051.7163752537126,-0.2163752537126129
3053,3585.684448661568,3052.1993835033973,0.3006164966027427
3054,3586.840745006091,3053.367421624172,0.13257837582796128
3055,3587.968813667966,3054.5070025918494,-0.007002591849413875
3056,3588.85944452046,3055.406762497269,0.09323750273097176
3057,3589.745006545046,3056.3014364961136,0.198563503886362
3058,3590.983471293057,3057.552702716234,-0.0527027162338527
3059,3592.40588908001,3058.989907290956,-0.4899072909561255
3060,3593.028558839788,3059.619078243567,-0.11907824356694618
3061,3594.227274785495,3060.83035813897,-0.3303581389700412
3062,3594.469272698102,3061.0749001935783,0.42509980642171286
3063,3595.779063753882,3062.3985061730764,0.10149382692361542
3064,3596.421772540066,3063.04802165578,0.4519783442201515
3065,3597.802641294575,3064.4435765170147,0.056423482985337614
3066,3598.948560206193,3065.6017467921697,-0.10174679216970617
3067,3600.166323796782,3066.832593504272,-0.33259350427215395
3068,3601.104013685452,3067.780402200866,-0.28040220086586487
3069,3601.791282751961,3068.475112411123,0.024887588876936206
3070,3602.418894262689,3069.109537378872,0.390462621127881
3071,3604.248053633486,3070.958653671695,-0.4586536716951741
3072,3604.754984017813,3071.471141036049,0.028858963950824545
3073,3605.494474971787,3072.218758650328,0.28124134967220016
3074,3606.359317624101,3073.0931361428866,0.40686385711342155
3075,3607.574809645374,3074.322084688054,0.17791531194598065
3076,3609.283333034273,3076.049633068156,-0.5496330681557993
3077,3609.700266168918,3076.4712284362686,0.028771563731424976
3078,3611.101631551566,3077.8883203484875,-0.38832034848746844
3079,3611.910994676757,3078.7068058142568,-0.20680581425676792
3080,3612.324192687338,3079.1246721141715,0.375327885828483
3081,3613.54902124104,3080.3633829106725,0.13661708932750116
3082,3614.32781464218,3081.151037543757,0.34896245624304356
3083,3615.606268124634,3082.4440953726685,0.0559046273315289
3084,3616.84068913351,3083.6926859976998,-0.1926859976997548
3085,3617.802842397041,3084.6659300836272,-0.16593008362724504
3086,3618.45255851597,3085.3231585716694,0.17684142833059013
3087,3619.885723507011,3086.772960235581,-0.27296023558119487
3088,3620.705570449878,3087.602364852578,-0.10236485257792083
3089,3621.886132366145,3088.7967415161743,-0.29674151617427924
3090,3622.179274502215,3089.093323447258,0.40667655274182835
3091,3623.558468473039,3090.488751853902,0.011248146097841527
3092,3624.437503556841,3091.378177619964,0.12182238003606471
3093,3624.881726597741,3091.8276645302217,0.6723354697783179
3094,3627.060315519058,3094.0321942992805,-0.5321942992804907
3095,3627.949114790736,3094.9316364845467,-0.4316364845467433
3096,3628.610375056136,3095.600837484344,-0.10083748434408335
3097,3629.407217611511,3096.407274392426,0.09272560757381143
3098,3630.363425045441,3097.3750317590143,0.12496824098570869
3099,3631.308684288778,3098.3317480914648,0.16825190853523964
3100,3632.478178336014,3099.5154712804806,-0.01547128048059676
3101,3633.440157775449,3100.4891999679808,0.010800032019233186
3102,3634.05619309301,3101.1127805960514,0.3872194039486203
3103,3635.673633427949,3102.750110727344,-0.25011072734378104
3104,3636.439638357036,3103.525575246461,-0.025575246460903145
3105,3637.540657717958,3104.640236358666,-0.14023635866578843
3106,3638.553707679423,3105.6658849736905,-0.16588497369048127
3107,3639.679806517767,3106.8060410655416,-0.306041065541649
3108,3640.362976494274,3107.4977661766384,0.0022338233616210346
3109,3641.010538146348,3108.1534558881285,0.3465441118714807
3110,3641.707123241174,3108.8588048382862,0.6411951617137674
3111,3643.479573648181,3110.653650363668,-0.15365036366802087
3112,3644.40335834178,3111.589161589661,-0.08916158966121657
3113,3645.632116643506,3112.833575514279,-0.3335755142788912
3114,3646.450894369832,3113.6628218923165,-0.162821892316515
3115,3647.284261680409,3114.5068744399346,-0.00687443993456327
3116,3648.158454685519,3115.3923087082503,0.10769129174968839
3117,3649.166164131528,3116.41301767373,0.08698232627011748
3118,3650.302043571159,3117.563603130759,-0.06360313075902013
3119,3651.253106163416,3118.5270222215886,-0.02702222158859513
3120,3651.783523374765,3119.064347903844,0.4356520961559909
3121,3653.088326196389,3120.386197435582,0.11380256441816528
3122,3654.211437502704,3121.5240411283203,-0.024041128320277494
3123,3655.905726441456,3123.2406588092977,-0.7406588092976563
3124,3656.334529766242,3123.675133077844,-0.1751330778438387
3125,3656.892829633309,3124.240828480561,0.2591715194389508
3126,3658.129372193821,3125.493799231812,0.006200768188136863
3127,3658.921689551014,3126.296677958588,0.20332204141186594
3128,3659.907500747568,3127.2956678666146,0.20433213338537826
3129,3660.735665814957,3128.1349368344777,0.3650631655223151
3130,3662.368949297409,3129.790206498252,-0.29020649825179134
3131,3663.448288854977,3130.884139031189,-0.3841390311890791
3132,3664.0020071046,3131.445363350941,0.05463664905892074
3133,3664.878137729471,3132.333397796809,0.16660220319090513
3134,3666.237025972966,3133.7108149418877,-0.2108149418877474
3135,3667.307339233034,3134.795778721769,-0.2957787217687837
3136,3667.735638945523,3135.229954958035,0.2700450419652043
3137,3669.030191157442,3136.542317573774,-0.042317573774198536
3138,3669.423746308954,3136.941301653759,0.558698346240817
3139,3670.731997269174,3138.267647666905,0.23235233309515024
3140,3672.349351294877,3139.907474675874,-0.40747467587380015
3141,3673.159176144119,3140.72859456203,-0.22859456203013906
3142,3674.087608956144,3141.67001165937,-0.17001165937017504
3143,3675.262610129656,3142.8614989473253,-0.3614989473253445
3144,3675.662484245631,3143.2669972221925,0.23300277780754186
3145,3676.368938137254,3143.983404183546,0.5165958164539006
3146,3677.893295662795,3145.529311640679,-0.029311640679225093
3147,3678.847783056964,3146.4973438746697,0.0026561253303043486
3148,3679.818311649509,3147.481685355728,0.01831464427186802
3149,3680.583983908414,3148.25828366755,0.2417163324498688
3150,3682.418731435667,3150.119315971536,-0.6193159715357979
3151,3682.571730549068,3150.274513538693,0.2254864613069003
3152,3683.971024203511,3151.693960662865,-0.19396066286481073
3153,3684.859893088268,3152.595675508293,-0.09567550829297033
3154,3685.974442142428,3153.726380280352,-0.22638028035180469
3155,3686.271337180935,3154.027587947843,0.4724120521568693
3156,3687.538413759766,3155.3131125650143,0.18688743498569238
3157,3688.177027971994,3155.961050963966,0.538949036033955
3158,3690.18425811103,3157.997702554716,-0.4977025547159428
3159,3691.039162252974,3158.865190427762,-0.3651904277621725
3160,3691.756939721432,3159.593557533715,-0.09355753371482933
3161,3692.647653927345,3160.4974436591665,0.00255634083350742
3162,3693.370984735039,3161.2314962736373,0.2685037263627237
3163,3694.791126717895,3162.6727543568977,-0.17275435689771257
3164,3695.672790133181,3163.5675709424595,-0.06757094245949702
3165,3696.121982633589,3164.0234776321213,0.47652236787871516
3166,3697.585963644992,3165.509401419534,-0.009401419533787703
3167,3698.547362766514,3166.4852605890324,0.014739410967649746
3168,3699.43029263065,3167.3815053110943,0.1184946889056846
3169,3700.838316759633,3168.8108322677085,-0.3108322677085198
3170,3702.050756987915,3170.041684537592,-0.5416845375921184
3171,3702.460155933208,3170.457314863311,0.04268513668921514
3172,3703.347476075603,3171.35816545925,0.1418345407500965
3173,3704.209894382999,3172.233766925864,0.26623307413592556
3174,3705.129228187903,3173.1671891051355,0.33281089486445126
3175,3706.294721355963,3174.350595114712,0.14940488528782225
3176,3707.579055361439,3175.654736020208,-0.1547360202080199
3177,3708.658452868782,3176.750834675704,-0.2508346757040272
3178,3709.582271723353,3177.688987172653,-0.18898717265301457
3179,3710.371491776769,3178.4904814841902,0.009518515809759265
3180,3711.404818176417,3179.5399189695854,-0.03991896958541474
3181,3712.170139466612,3180.3172022654176,0.18279773458243653
3182,3713.583581050869,3181.7528020164877,-0.2528020164877489
3183,3714.424676839816,3182.607124088783,-0.10712408878316637
3184,3714.739333589791,3182.926736627129,0.5732633728712244
3185,3715.846459034949,3184.0513328209,0.44866717910008447
3186,3717.751095917059,3185.986148243163,-0.4861482431629156
3187,3718.498355474487,3186.745290380285,-0.24529038028504146
3188,3719.483495399308,3187.746132071993,-0.24613207199308818
3189,3720.182048932696,3188.455844745948,0.04415525405192966
3190,3721.296040000329,3189.587674608511,-0.08767460851095166
3191,3722.058836768196,3190.362716968194,0.13728303180596413
3192,3722.627320552539,3190.9403431131154,0.5596568868845679
3193,3724.388127501143,3192.7295550382587,-0.22955503825869528
3194,3724.882319990302,3193.231743552997,0.268256447002841
3195,3726.517718264912,3194.8936769388283,-0.393676938828321
3196,3727.105295973327,3195.490816268816,0.009183731183838972
3197,3727.93846595554,3196.337569656094,0.1624303439061805
3198,3729.47279170195,3197.896987483192,-0.3969874831918787
3199,3730.187320676356,3198.6232360219283,-0.1232360219282782
3200,3731.075159248374,3199.52566709768,-0.025667097680070583
3201,3731.652937302643,3200.1129595661905,0.3870404338094886
3202,3732.847475613412,3201.32721377967,0.1727862203301811
3203,3733.671696807125,3202.1650742497955,0.3349257502045475
3204,3735.007644637013,3203.523190953408,-0.02319095340817512
3205,3736.462855616985,3205.0026364112327,-0.5026364112327428
3206,3737.426702784951,3205.982584748257,-0.482584748257068
3207,3737.847779331929,3206.4107078408124,0.08929215918760747
3208,3738.588055467695,3207.1633905007284,0.3366094992716171
3209,3739.831690660131,3208.427920686867,0.07207931313314475
3210,3740.875153687163,3209.4889662875444,0.01103371245562812
3211,3741.92507934868,3210.55663017415,-0.05663017415008653
3212,3742.485013546847,3211.126043487904,0.3739565120959014
3213,3743.859616211631,3212.52397331514,-0.023973315140210616
3214,3744.846671965054,3213.5278290662413,-0.027829066241338296
3215,3746.135972512803,3214.839136277312,-0.33913627731180895
3216,3746.840953103113,3215.5561798254503,-0.05617982545027189
3217,3747.997127044583,3216.7321828162194,-0.2321828162193924
3218,3748.752860722957,3217.5009084417006,-0.0009084417006306467
3219,3749.672707911018,3218.43660159767,0.06339840233022187
3220,3750.303158431206,3219.0779334678687,0.42206653213133905
3221,3751.164644510358,3219.954315759751,0.545684240249102
3222,3753.186449129888,3222.011203659581,-0.5112036595810423
3223,3753.946989066386,3222.7849857051983,-0.28498570519832356
3224,3754.507321882975,3223.3550904228337,0.14490957716634512
3225,3755.922818842413,3224.7953321569094,-0.2953321569093532
3226,3756.524972712019,3225.4080382221728,0.0919617778272368
3227,3757.481439849811,3226.381298150663,0.11870184933695782
3228,3758.69642629633,3227.6176721110733,-0.11767211107326148
3229,3759.359216675584,3228.2921559988336,0.20784400116644974
3230,3760.582729132617,3229.537303548688,-0.037303548688214505
3231,3761.085334951763,3230.0488151918507,0.4511848081492644
3232,3762.475079096339,3231.463240270829,0.036759729171080835
3233,3763.999842697678,3233.0151766520225,-0.5151766520225465
3234,3764.644280169992,3233.6711281875205,-0.17112818752048042
3235,3765.7460260641,3234.792599467536,-0.29259946753609256
3236,3766.455967531822,3235.51527873231,-0.015278732309980114
3237,3766.872421484277,3235.9392146287614,0.5607853712385804
3238,3768.338640155958,3237.4318334566155,0.06816654338445005
3239,3769.293394313006,3238.4038273547994,0.09617264520056779
3240,3770.105497899101,3239.2306251721698,0.2693748278302337
3241,3771.728992761721,3240.883579065653,-0.3835790656530662
3242,3772.512331217441,3241.681171324558,-0.18117132455790852
3243,3773.467327740989,3242.653580197944,-0.1535801979439384
3244,3773.941580304986,3243.136494053446,0.3635059465541417
3245,3775.752711840115,3244.9807896160205,-0.48078961602050185
3246,3776.258807342244,3245.496177063466,0.0038229365341067023
3247,3777.143244333656,3246.3968782894217,0.1031217105783071
3248,3777.833370602116,3247.0997184357,0.400281564299803
3249,3778.839373785258,3248.1242906926004,0.37570930739957475
3250,3780.226486450646,3249.537076954197,-0.037076954196891165
3251,3781.668646123161,3251.0060149623478,-0.5060149623477628
3252,3782.390575661852,3251.7413823242277,-0.24138232422774308
3253,3783.12664946372,3252.491179806121,0.008820193878818827
3254,3784.265550345229,3253.6513597673143,-0.15135976731426126
3255,3784.865105099823,3254.2621384459794,0.23786155402058284
3256,3785.791018600926,3255.2054151441025,0.29458485589748307
3257,3786.935697906059,3256.3716098729574,0.12839012704262132
3258,3788.263664870252,3257.7246063400203,-0.2246063400202729
3259,3788.800050331939,3258.271122595453,0.22887740454689265
3260,3790.041776672574,3259.536347981226,-0.036347981225844705
3261,3791.020914404688,3260.5340610599437,-0.034061059943724104
3262,3792.560247671589,3262.1026785876247,-0.6026785876247231
3263,3792.87247950194,3262.4208624448866,0.07913755511344789
3264,3793.790990276485,3263.3569063642185,0.14309363578149714
3265,3795.021653416458,3264.61111669835,-0.11111669835008797
3266,3795.808588147873,3265.413141731914,0.08685826808596175
3267,3796.139177933295,3265.7500786701007,0.74992132989928
3268,3797.854055842944,3267.497954870616,0.0020451293839869322
3269,3799.298497077309,3268.970286178626,-0.4702861786258836
3270,3800.132426403407,3269.82035727356,-0.3203572735601483
3271,3800.877635578881,3270.580015568846,-0.08001556884619276
3272,3801.590617175656,3271.306843180784,0.19315681921580108
3273,3802.640239732521,3272.376888004724,0.12311199527584904
3274,3803.829200465715,3273.5890377742594,-0.08903777425939552
3275,3804.790840393653,3274.5694764266445,-0.06947642664454179
3276,3805.434646754818,3275.225889925986,0.27411007401406096
3277,3806.297896755331,3276.1060714562877,0.3939285437122635
3278,3808.093049896332,3277.9365339633127,-0.4365339633127405
3279,3808.459507836561,3278.310216421969,0.18978357803098334
3280,3809.874248312914,3279.7529003842137,-0.2529003842137172
3281,3811.184712334396,3281.089322852192,-0.589322852191799
3282,3811.428221764785,3281.3376637632905,0.16233623670950692
3283,3812.544754398986,3282.476381270266,0.02361872973415302
3284,3812.978308901786,3282.9185642843127,0.5814357156873484
3285,3814.32701746177,3284.294164723338,0.2058352766621283
3286,3815.531819858071,3285.523053840573,-0.023053840573084017
3287,3816.602598127823,3286.61529020596,-0.1152902059598091
3288,3817.768707914308,3287.804822891657,-0.3048228916568405
3289,3818.505533965584,3288.556478322258,-0.0564783222580445
3290,3819.414498547847,3289.483767923556,0.01623207644388458
3291,3820.438313369254,3290.5282644098875,-0.02826440988746981
3292,3821.438059666772,3291.5482483128903,-0.04824831289033682
3293,3822.371913385552,3292.501043392772,-0.0010433927718622726
3294,3823.148110407562,3293.2930116580947,0.206988341905344
3295,3824.418553124508,3294.5893221217,-0.08932212170020648
3296,3824.54103715935,3294.714303629672,0.7856963703279689
3297,3826.947627237762,3297.1700911604976,-0.6700911604975772
3298,3827.576335685669,3297.811691860465,-0.3116918604650891
3299,3828.33952051964,3298.5905485949656,-0.0905485949656395
3300,3829.144810486889,3299.412401340889,0.08759865911088127
3301,3830.161823923042,3300.4503706869955,0.04962931300451601
3302,3831.034679119848,3301.3412456369037,0.15875436309625002
3303,3831.932487129555,3302.257621561923,0.24237843807713944
3304,3832.941548849471,3303.2875920365227,0.21240796347728974
3305,3834.353094561199,3304.7284573037014,-0.22845730370136152
3306,3835.22039872404,3305.613817470845,-0.1138174708448787
3307,3836.022881981191,3306.4330350593345,0.0669649406654571
3308,3837.238847224151,3307.674407963139,-0.1744079631389468
3309,3838.08405866746,3308.537316276018,-0.037316276017918426
3310,3839.426268466038,3309.9076898680632,-0.4076898680632439
3311,3839.97400276631,3310.4669388181046,0.0330611818953912
3312,3840.504678748204,3311.0087827039742,0.49121729602575215
3313,3841.682344812185,3312.21127405292,0.28872594707991084
3314,3842.678532636432,3313.228506446586,0.271493553414075
3315,3844.403553213035,3314.990065462985,-0.4900654629850578
3316,3844.897010964166,3315.4939980283293,0.006001971670684725
3317,3846.487475476057,3317.1182925230105,-0.6182925230104956
3318,3846.74730118266,3317.3836548006443,0.11634519935569188
3319,3847.681749670898,3318.338038339124,0.16196166087593156
3320,3848.415301005862,3319.087264192417,0.4127358075829761
3321,3850.170201814829,3320.8797539985835,-0.3797539985835101
3322,3850.603920438379,3321.3227822550803,0.1772177449197443
3323,3851.410102460568,3322.1462893761536,0.3537106238463821
3324,3852.703102475249,3323.467132436725,0.03286756327497642
3325,3853.86029384564,3324.6493009579613,-0.14930095796125897
3326,3854.902586332992,3325.71413792356,-0.2141379235599743
3327,3855.955254473829,3326.7896204893027,-0.2896204893027061
3328,3856.703867395885,3327.554485892134,-0.05448589213392552
3329,3857.610583014924,3328.48091739012,0.019082609880115342
3330,3858.448586235992,3329.337172549446,0.16282745055377745
3331,3859.285738177006,3330.19258681017,0.30741318983018573
3332,3860.09300850517,3331.0174949686493,0.48250503135068357
3333,3861.852719325409,3332.8157463482444,-0.31574634824437453
3334,3862.983783666958,3333.9716502362107,-0.4716502362107349
3335,3863.658286019182,3334.6609905680384,-0.1609905680384145
3336,3864.150190996823,3335.1637284908984,0.3362715091016071
3337,3865.565077205411,3336.609829493932,-0.10982949393201125
3338,3866.822404113288,3337.894964337843,-0.3949643378427936
3339,3866.972328124997,3338.048208517916,0.45179148208399056
3340,3868.412859073881,3339.520688139034,-0.02068813903406408
3341,3869.144666921011,3340.268759018216,0.23124098178413988
3342,3870.114034539466,3341.259702896976,0.24029710302420426
3343,3871.29175018944,3342.463684227408,0.03631577259193364
3344,3872.666546572796,3343.8692137631,-0.369213763100106
3345,3873.810208380673,3345.0385009669053,-0.5385009669053034
3346,3874.229614843759,3345.4673183056884,0.0326816943115773
3347,3875.105197584665,3346.362571148571,0.13742885142892192
3348,3876.173740689808,3347.4551618996907,0.04483810030933455
3349,3876.657964937793,3347.950299089123,0.5497009108771636
3350,3878.256174941055,3349.584596195676,-0.08459619567611298
3351,3879.110338709995,3350.458089710977,0.04191028902278049
3352,3880.082213597442,3351.4519945562733,0.04800544372665172
3353,3881.540350511398,3352.9432564315666,-0.4432564315666241
3354,3882.11684525978,3353.532871644185,-0.03287164418497923
3355,3882.899992550461,3354.333864437963,0.16613556203719781
3356,3884.209799207988,3355.6735737155964,-0.17357371559637613
3357,3885.109963086111,3356.5943289101324,-0.09432891013238986
3358,3886.225209766249,3357.735132979622,-0.2351329796219943
3359,3886.4512897905,3357.9664001440783,0.5335998559216932
3360,3887.352013760037,3358.8878109458246,0.6121890541753601
3361,3889.155346344496,3360.732660293799,-0.23266029379919928
3362,3890.309181969027,3361.9131296239543,-0.41312962395431896
3363,3891.086883002409,3362.708812868249,-0.2088128682489696
3364,3891.92993698599,3363.571388115165,-0.07138811516506394
3365,3893.001131076967,3364.667428073893,-0.1674280738930065
3366,3893.407062083334,3365.082786725805,0.4172132741950918
3367,3894.783730288917,3366.491477858467,0.008522141532921523
3368,3895.567931273916,3367.293954908413,0.20604509158692963
3369,3896.642632275135,3368.393742982833,0.10625701716708136
3370,3897.870750291092,3369.6505870877068,-0.15058708770675366
3371,3898.651961794556,3370.4501034359664,0.04989656403358822
3372,3899.623743455615,3371.44469003004,0.05530996996003523
3373,3901.007764610423,3372.861256730879,-0.36125673087917676
3374,3902.077427042258,3373.9561260393,-0.4561260393002158
3375,3902.411160510896,3374.2977335770747,0.20226642292527686
3376,3903.351543073145,3375.260327848904,0.23967215109587414
3377,3904.379191304126,3376.3122902239834,0.18770977601661798
3378,3905.344851666206,3377.300837329876,0.19916267012422395
3379,3906.119319111884,3378.093687591159,0.4063124088411314
3380,3908.188165438195,3380.211760029928,-0.7117600299279729
3381,3908.60636266607,3380.6399290199024,-0.1399290199024108
3382,3909.465847404124,3381.519930218575,-0.019930218575154868
3383,3910.632716856539,3382.7147017331167,-0.21470173311672625
3384,3910.911438236157,3383.0000960692296,0.4999039307704152
3385,3912.642948598512,3384.773131883222,-0.2731318832220495
3386,3913.259137861761,3385.404128154192,0.0958718458077783
3387,3914.219923269219,3386.388032013252,0.11196798674791353
3388,3914.949001244901,3387.134678136669,0.36532186333079153
3389,3916.176538559951,3388.391843489079,0.10815651092116241
3390,3917.658165953608,3389.909313241899,-0.40931324189887164
3391,3918.443052987649,3390.7132237801097,-0.21322378010972898
3392,3919.222740960692,3391.511834020256,-0.011834020256173972
3393,3920.540431095448,3392.8615593227546,-0.36155932275460145
3394,3921.15257024005,3393.488604534536,0.011395465463920118
3395,3921.652560348289,3394.000781078047,0.4992189219528882
3396,3922.665203224212,3395.038136536765,0.4618634632352041
3397,3924.193310525358,3396.6036145979765,-0.10361459797650241
3398,3925.247119257293,3397.6832500177507,-0.18325001775065175
3399,3926.176083583575,3398.635018694067,-0.1350186940671847
3400,3927.080517370094,3399.561688260342,-0.06168826034218
3401,3928.142218295294,3400.6495337247293,-0.14953372472928095
3402,3928.88655920682,3401.4122313732832,0.0877686267167519
3403,3930.099281280358,3402.6549093446247,-0.1549093446246843
3404,3930.891086382285,3403.4663052570995,0.03369474290047947
3405,3931.745217360565,3404.3415975702565,0.15840242974354624
3406,3932.624568087019,3405.242765310067,0.2572346899328295
3407,3933.516881842042,3406.1572496853405,0.34275031465949723
3408,3934.938347808599,3407.614100236954,-0.1141002369540729
3409,3936.443286119631,3409.15659007603,-0.6565900760301702
3410,3936.97423431366,3409.7008084516515,-0.20080845165148276
3411,3937.905380853556,3410.655254993492,-0.15525499349178062
3412,3938.214616536867,3410.972236407056,0.5277635929442113
3413,3939.775186811875,3412.5719547758968,-0.07195477589675647
3414,3940.434637596689,3413.247977958588,0.2520220414121468
3415,3941.630029648001,3414.4734557124534,0.02654428754658511
3416,3942.352722187778,3415.214365010442,0.2856349895578205
3417,3944.030362806928,3416.9343748397964,-0.4343748397964191
3418,3944.650915652394,3417.570628671554,-0.07062867155400454
3419,3945.333063668887,3418.270054058149,0.22994594185092865
3420,3946.878983570569,3419.855198318314,-0.35519831831379634
3421,3947.703864074578,3420.701047804788,-0.20104780478777684
3422,3948.434192200492,3421.449964227897,0.050035772103001364
3423,3949.31370582215,3422.3518917485767,0.1481082514233094
3424,3950.132375511085,3423.191452777171,0.30854722282902003
3425,3950.859466439663,3423.9371207215977,0.5628792784023062
3426,3952.942870156917,3426.073872877662,-0.57387287766187
3427,3953.356526591265,3426.498142355092,0.0018576449078864243
3428,3954.778621164597,3427.956775672175,-0.4567756721748992
3429,3955.176546372734,3428.364939589673,0.13506041032678695
3430,3956.420217191614,3429.640651425564,-0.14065142556410137
3431,3957.019901776543,3430.2558080768185,0.24419192318146088
3432,3957.954717947092,3431.214771669779,0.2852283302208889
3433,3959.47075550553,3432.770044996718,-0.2700449967178429
3434,3960.071028756987,3433.385879137384,0.11412086261589138
3435,3960.770534614478,3434.1035365621237,0.3964634378762639
3436,3962.168461926697,3435.537797775277,-0.03779777527688566
3437,3963.470348861258,3436.873592993761,-0.37359299376112176
3438,3964.312649523207,3437.73786805248,-0.23786805247982556
3439,3965.132707098914,3438.579347100035,-0.07934710003519285
3440,3966.138714993044,3439.611670711344,-0.11167071134377693
3441,3966.753894106404,3440.242962035147,0.2570379648532253
3442,3967.818761421171,3441.3357552722164,0.16424472778362542
3443,3968.484653607897,3442.0191334570536,0.4808665429463872
3444,3969.914600219661,3443.486689848474,0.0133101515261842
3445,3971.318070212216,3444.9271529571297,-0.42715295712969237
3446,3972.115760264559,3445.7459039674022,-0.24590396740222786
3447,3973.010681503585,3446.664483650592,-0.16448365059204662
3448,3973.457014783819,3447.122628341231,0.37737165876887957
3449,3974.893413368283,3448.59709279642,-0.09709279641992907
3450,3976.066183195674,3449.801003354084,-0.30100335408405954
3451,3976.731418901193,3450.483927633893,0.016072366106982372
3452,3977.113908694971,3450.8765958258905,0.6234041741095098
3453,3978.686119979257,3452.490706554892,0.009293445108141896
3454,3979.497341176278,3453.323585478139,0.17641452186080642
3455,3980.844099782238,3454.706357532056,-0.20635753205579022
3456,3982.048502086848,3455.943027981232,-0.44302798123180764
3457,3982.764068116537,3456.677792792487,-0.17779279248679813
3458,3983.749795369124,3457.690000813692,-0.19000081369222244
3459,3984.227435181156,3458.1804859972563,0.31951400274374464
3460,3985.098725242399,3459.075231508191,0.42476849180911813
3461,3986.516179038181,3460.530908462228,-0.030908462228126155
3462,3987.230709154775,3461.2647370586647,0.23526294133534975
3463,3988.719449264676,3462.7937514601817,-0.29375146018173837
3464,3989.352175808956,3463.443621684779,0.05637831522108172
3465,3990.481409607346,3464.6034916790427,-0.10349167904269052
3466,3991.570890985176,3465.7225789711665,-0.22257897116651293
3467,3992.33110509982,3466.503479421125,-0.003479421125121007
3468,3993.293163731767,3467.491749845404,0.008250154596225912
3469,3994.395873998453,3468.6245494039013,-0.12454940390125557
3470,3995.168459723072,3469.418245285425,0.08175471457479944
3471,3995.797813413112,3470.064813030256,0.4351869697438815
3472,3996.689040233028,3470.9804436356903,0.5195563643096648
3473,3998.809292299707,3473.158880070184,-0.6588800701838409
3474,3999.519248285304,3473.888358796244,-0.38835879624411973
3475,4000.017285178771,3474.400102938905,0.09989706109490726
3476,4001.14425863462,3475.5581300182034,-0.058130018203428335
3477,4002.112349427714,3476.5529367803183,-0.052936780318304955
3478,4002.695719414774,3477.1524237652093,0.3475762347907221
3479,4004.022451394683,3478.515860283534,-0.0158602835340389
3480,4004.806731028665,3479.3218702140684,0.17812978593156004
3481,4005.876737437339,3480.4215630700915,0.07843692990854834
3482,4006.931920817723,3481.506066192131,-0.006066192131129355
3483,4008.142030891386,3482.749855302144,-0.2498553021441694
3484,4008.689596252476,3483.3126792735893,0.18732072641068953
3485,4010.361019023817,3485.0307520007123,-0.5307520007122548
3486,4010.983311280306,3485.6704409630024,-0.17044096300242018
3487,4011.663881541784,3486.3700547328885,0.12994526711145227
3488,4012.568916000889,3487.30044205418,0.19955794581983355
3489,4013.233688805466,3487.9838579326547,0.5161420673452994
3490,4014.657294818277,3489.447446897224,0.0525531027760735
3491,4015.657651051651,3490.475946887804,0.02405311219581563
3492,4016.968938010023,3491.8241853136856,-0.32418531368557524
3493,4018.029268458575,3492.9144452079663,-0.4144452079663097
3494,4018.776951600017,3493.683259621223,-0.18325962122298733
3495,4019.106065040815,3494.021681594144,0.4783184058560437
3496,4020.57077310367,3495.5278689770275,-0.027868977027537767
3497,4021.628014217374,3496.6151030589203,-0.11510305892034012
3498,4022.380106437604,3497.388558378008,0.1114416219920713
3499,4023.428504974209,3498.466773905994,0.03322609400584042
3500,4023.905151400087,3498.9569907782006,0.5430092217993661
3501,4025.583199026725,3500.682885053639,-0.18288505363898366
3502,4026.6027591016,3501.731570506804,-0.2315705068040188
3503,4027.866297571917,3503.031261002477,-0.5312610024770947
3504,4028.247172919726,3503.42304622892,0.07695377107984314
3505,4029.195557080543,3504.3986210204907,0.10137897950926344
3506,4030.383280199062,3505.620446840331,-0.12044684033116937
3507,4030.916107786019,3506.168591431464,0.3314085685360624
3508,4031.654311715943,3506.928034768896,0.5719652311040591
3509,4033.374476877374,3508.697775527725,-0.19777552772484341
3510,4034.52082016219,3509.8772215526183,-0.3772215526182663
3511,4035.10559902992,3510.4789069382014,0.02109306179863779
3512,4036.079389601863,3511.480880659849,0.019119340151064534
3513,4037.126014571026,3512.557838422288,-0.05783842228811409
3514,4038.290698859279,3513.7563278093594,-0.2563278093593908
3515,4038.948310434303,3514.433050253506,0.06694974649417418
3516,4039.857819222263,3515.36901838444,0.13098161555990373
3517,4040.940563221797,3516.483303959344,0.016696040655915567
3518,4041.464677644774,3517.022703022596,0.4772969774039666
3519,4042.702480396315,3518.2966464992683,0.20335350073173686
3520,4044.322287003426,3519.96383849367,-0.4638384936702096
3521,4045.055147387291,3520.718171706275,-0.21817170627491578
3522,4046.214784829123,3521.9118297285795,-0.41182972857950517
3523,4046.738210817314,3522.4506289258265,0.049371074173450324
3524,4047.468044325979,3523.2019158928,0.2980841071998839
3525,4048.380709827563,3524.1414386721995,0.35856132780054395
3526,4049.973704686577,3525.7813895174504,-0.28138951745040686
3527,4050.431390624204,3526.252584899205,0.24741510079502405
3528,4051.384379551238,3527.2337294621857,0.2662705378143073
3529,4052.997625981517,3528.8947198570986,-0.39471985709860746
3530,4053.566272077925,3529.480219375119,0.01978062488115029
3531,4054.690712870254,3530.638023495599,-0.1380234955991
3532,4055.477852503357,3531.4485479122627,0.05145208773728882
3533,4056.996361903227,3533.012238733133,-0.5122387331330174
3534,4057.428904233527,3533.457667395,0.04233260499995595
3535,4057.993493539186,3534.039088026301,0.460911973698785
3536,4059.085428288183,3535.163610595907,0.33638940409309726
3537,4060.048996006783,3536.155973965303,0.3440260346969808
3538,4061.743933049635,3537.901651511035,-0.4016515110351975
3539,4062.8502886929,3539.0411883059373,-0.5411883059373395
3540,4063.157725455434,3539.357854040469,0.14214595953080789
3541,4064.35838019639,3540.594586804902,-0.09458680490206461
3542,4065.178475192908,3541.439356976066,0.06064302393406251
3543,4066.10959265051,3542.39852199234,0.10147800765980719
3544,4067.074106868808,3543.392125544912,0.10787445508822202
3545,4068.083223826024,3544.431716004365,0.0682839956348289
3546,4068.969297626079,3545.344580475833,0.15541952416697313
3547,4070.281912569777,3546.6969391137795,-0.19693911377953555
3548,4070.603677649609,3547.028456962156,0.47154303784418516
3549,4072.705128706193,3549.193702986572,-0.6937029865721343
3550,4073.126450172392,3549.627835523797,-0.12783552379687535
3551,4074.087681133034,3550.6183204812173,-0.11832048121732441
3552,4074.817064510675,3551.3699259181376,0.13007408186240355
3553,4075.74134667009,3552.3223979497234,0.17760205027661868
3554,4076.719781863792,3553.3307109887783,0.16928901122173556
3555,4077.413345484527,3554.045476151736,0.4545238482642162
3556,4078.922771360212,3555.6011085515133,-0.10110855151333453
3557,4080.108304481202,3556.8229955296256,-0.32299552962558664
3558,4081.066083420948,3557.8101843821087,-0.31018438210867316
3559,4081.698568431798,3558.462110323713,0.03788967628679529
3560,4082.588348141119,3559.379265934767,0.12073406523313679
3561,4083.630042860072,3560.453049750373,0.046950249627116136
3562,4084.942883202914,3561.8063919856577,-0.3063919856576831
3563,4085.515370585825,3562.396561966456,0.1034380335440801
3564,4086.379221074612,3563.287118644338,0.21288135566192068
3565,4086.967478975277,3563.893579344288,0.6064206557120997
3566,4088.781881483149,3565.764210815812,-0.2642108158120209
3567,4089.730285637656,3566.7420573444115,-0.24205734441147797
3568,4090.591265910279,3567.6297963060506,-0.12979630605059356
3569,4091.910846159218,3568.9904441981744,-0.490444198174373
3570,4092.297206464627,3569.388841530392,0.11115846960819908
3571,4093.248362229124,3570.3696552199303,0.1303447800696631
3572,4093.905911945288,3571.047728515764,0.4522714842360074
3573,4095.137930751252,3572.318246600438,0.18175339956178505
3574,4096.510847296561,3573.734134824778,-0.23413482477781145
3575,4097.063684460353,3574.304296229131,0.19570377086893131
3576,4098.475186448155,3575.760084259606,-0.2600842596061739
3577,4099.244845293627,3576.5539238397664,-0.05392383976641213
3578,4100.107534130521,3577.4437435153704,0.056256484629557235
3579,4101.578447921561,3578.9609829260107,-0.460982926010729
3580,4102.037362535125,3579.434367986584,0.06563201341577951
3581,4102.825941825781,3580.247831759648,0.25216824035214813
3582,4104.141331202191,3581.604783363414,-0.1047833634138442
3583,4104.61309857983,3582.0914734768685,0.4085265231315134
3584,4105.512852569234,3583.0197120079392,0.48028799206076656
3585,4107.327219355882,3584.8916137233477,-0.3916137233477457
3586,4108.62423343028,3586.229835274019,-0.7298352740190239
3587,4108.852443160769,3586.465302205427,0.034697794572821294
3588,4109.710931285792,3587.351108814652,0.14889118534802037
3589,4110.63431988672,3588.303912997648,0.19608700235221477
3590,4111.859845445069,3589.568530031981,-0.0685300319810267
3591,4112.667206018723,3590.401675335237,0.09832466476291302
3592,4113.485989227034,3591.246633841469,0.2533661585312075
3593,4114.687567837159,3592.486672119057,0.01332788094305215
3594,4115.61577379848,3593.4446259743117,0.055374025688252004
3595,4116.813980891257,3594.6812834387456,-0.18128343874559505
3596,4117.600710739797,3595.493289573143,0.006710426856898266
3597,4118.974352669457,3596.911121620247,-0.4111216202468313
3598,4119.596332883649,3597.553134945373,-0.053134945373130904
3599,4120.634210584372,3598.624474508678,-0.12447450867784937
3600,4121.348656802787,3599.361979123116,0.13802087688418396
3601,4121.794658785042,3599.8223855909305,0.6776144090695198
3602,4123.240086669544,3601.314549106986,0.1854508930141492
3603,4124.648829380197,3602.7689188924214,-0.26891889242142497
3604,4125.592128452605,3603.742812821453,-0.24281282145284422
3605,4126.378063880529,3604.554265406169,-0.05426540616917919
3606,4127.593370808397,3605.80907690184,-0.3090769018399442
3607,4128.29816669967,3606.5368088643336,-0.03680886433357955
3608,4128.777675202577,3607.0319328902015,0.4680671097985396
3609,4130.466763780256,3608.776098387125,-0.27609838712487544
3610,4131.136979899322,3609.468199030504,0.03180096949608924
3611,4131.928002432786,3610.285073037634,0.2149269623660075
3612,4132.724451307377,3611.1075750747145,0.3924249252854679
3613,4134.05064882827,3612.477208916877,0.022791083123138378
3614,4135.441760021329,3613.913955281449,-0.4139552814490344
3615,4136.396688873409,3614.900253527015,-0.4002535270151384
3616,4136.97485348348,3615.497427885856,0.0025721141441863438
3617,4137.962941379643,3616.518033361219,-0.018033361218840582
3618,4138.838339555493,3617.4222719142354,0.0777280857646474
3619,4139.464099155239,3618.0686655001946,0.43133449980541627
3620,4140.892830115633,3619.544564292323,-0.044564292322775145
3621,4141.373775320129,3620.041404975064,0.45859502493613036
3622,4143.34706250045,3622.080003324648,-0.5800033246478051
3623,4143.897624856072,3622.64881469126,-0.1488146912602133
3624,4144.603298798389,3623.377896016853,0.12210398314709892
3625,4145.564792568009,3624.371313555009,0.12868644499121729
3626,4147.071922279525,3625.928554798399,-0.42855479839909094
3627,4147.595069547506,3626.469116911432,0.030883088567861705
3628,4148.652520778808,3627.561801290617,-0.06180129061704065
3629,4149.069451050762,3627.9926350265873,0.5073649734126775
3630,4150.445097952485,3629.414203215618,0.08579678438218252
3631,4151.1468515095,3630.139410378148,0.3605896218518865
3632,4152.768725265642,3631.8155617094735,-0.3155617094735135
3633,4153.839146745053,3632.9218611065367,-0.4218611065366531
3634,4154.630899005978,3633.740179218653,-0.24017921865288372
3635,4155.334787261633,3634.4677053684127,0.0322946315873196
3636,4156.296304962838,3635.461543311681,0.03845668831900184
3637,4156.913907991738,3636.099924984643,0.4000750153568333
3638,4158.129334413811,3637.356285876305,0.1437141236951902
3639,4159.48046169898,3638.752984278406,-0.25298427840607474
3640,4159.921665840759,3639.209084580147,0.29091541985280855
3641,4161.096281182125,3640.423394190754,0.07660580924584792
3642,4162.377914593378,3641.748398580341,-0.2483985803410178
3643,4163.27885305083,3642.6798627438807,-0.17986274388067613
3644,4164.135351440632,3643.565409887506,-0.06540988750612087
3645,4165.139162955601,3644.603302071996,-0.10330207199604047
3646,4166.078428062399,3645.574491285306,-0.07449128530606686
3647,4166.984173408357,3646.511053375586,-0.011053375586016045
3648,4167.509875345773,3647.054655972408,0.4453440275920002
3649,4168.303453625532,3647.8752763509433,0.6247236490567047
3650,4170.482806110558,3650.129016474113,-0.6290164741130866
3651,4170.875114381648,3650.534734620757,-0.034734620756808
3652,4172.130758051547,3651.8333381611,-0.3333381611000732
3653,4172.876966851698,3652.605105813293,-0.10510581329299384
3654,4173.416864022802,3653.1635085730686,0.33649142693138856
3655,4174.873181874607,3654.6697988012174,-0.16979880121743918
3656,4175.512052252207,3655.3306170181386,0.16938298186141765
3657,4176.643071920197,3656.500530037412,-0.0005300374118633044
3658,4177.32218862404,3657.203023537111,0.29697646288877877
3659,4178.530304183176,3658.4527687099576,0.04723129004241855
3660,4179.574699430187,3659.533196849008,-0.033196849008163554
3661,4180.503181765202,3660.493747817935,0.006252182065054512
3662,4181.922493184465,3661.962143930073,-0.4621439300731254
3663,4182.850792879098,3662.9225889066993,-0.42258890669927496
3664,4183.377504371781,3663.4675540135786,0.032445986421407724
3665,4183.846344459316,3663.952651013589,0.5473489864111798
3666,4185.312727675293,3665.4699346706416,0.030065329358421877
3667,4185.957936687375,3666.137565796623,0.3624342033767789
3668,4187.200718846234,3667.423581359262,0.07641864073821125
3669,4188.419977240158,3668.685311872059,-0.18531187205917377
3670,4189.615279793401,3669.9223068920105,-0.42230689201051064
3671,4190.233269290915,3670.5618733109072,-0.061873310907230916
3672,4190.985912225672,3671.3408141431983,0.15918585680174147
3673,4192.109712345712,3672.503920704944,-0.003920704943993769
3674,4193.175851165785,3673.607393504686,-0.1073935046861152
3675,4194.092245882132,3674.5559129505,-0.055912950499987346
3676,4194.899013888262,3675.390989037771,0.1090109622291493
3677,4195.541351655143,3676.055882973559,0.4441170264408356
3678,4196.604548355805,3677.156449010258,0.343550989742198
3679,4198.425989112479,3679.042009561122,-0.5420095611220859
3680,4199.335192631165,3679.9832666402326,-0.483266640232614
3681,4199.633002829637,3680.291582815201,0.20841718479914562
3682,4200.997463466575,3681.704221081793,-0.20422108179309362
3683,4201.827002236684,3682.5630844458574,-0.06308444585738471
3684,4202.416698746014,3683.173642860535,0.3263571394650171
3685,4203.280813660139,3684.068351666715,0.4316483332850112
3686,4204.736011073342,3685.575134076221,-0.07513407622082013
3687,4205.627365267386,3686.498125290168,0.0018747098320091027
3688,4206.870191888257,3687.785114001674,-0.2851140016741738
3689,4207.354542104388,3688.2866907447847,0.21330925521533572
3690,4208.734782098328,3689.716069389816,-0.216069389815857
3691,4209.642902759412,3690.6565598266175,-0.15655982661746748
3692,4210.549793194045,3691.595807301459,-0.09580730145898997
3693,4211.52798070004,3692.60893051325,-0.10893051325001579
3694,4212.17022812972,3693.274135303623,0.22586469637690243
3695,4212.96729323347,3694.099713453816,0.40028654618390647
3696,4214.117686583578,3695.2913016165703,0.2086983834296916
3697,4215.179293281823,3696.390968081182,0.10903191881789098
3698,4216.83213576385,3698.103151478723,-0.6031514787227934
3699,4217.495524251772,3698.790386166101,-0.2903861661011433
3700,4218.230788626873,3699.552099799083,-0.052099799082952813
3701,4219.086410356299,3700.4385260137024,0.061473986297642114
3702,4219.672061531219,3701.045277991173,0.45472200882704783
3703,4221.306739710491,3702.738921483477,-0.23892148347704278
3704,4222.126671441055,3703.588467334007,-0.08846733400696394
3705,4222.507243705138,3703.9827936376505,0.5172063623494978
3706,4223.90117999222,3705.427153973518,0.07284602648178407
3707,4225.282365846365,3706.858374856418,-0.3583748564178677
3708,4225.72230733287,3707.314268814173,0.18573118582708048
3709,4227.210630501787,3708.8566132741703,-0.3566132741702859
3710,4227.984705072136,3709.65881720368,-0.15881720367997332
3711,4228.980834106909,3710.691178098865,-0.19117809886483883
3712,4229.533411497633,3711.263870301808,0.23612969819214413
3713,4230.657847975154,3712.429273769454,0.07072623054591531
3714,4231.008079754503,3712.7922753818975,0.7077246181024748
3715,4232.660327378782,3714.504827980797,-0.004827980797017517
3716,4234.13726075096,3716.035754467265,-0.5357544672651784
3717,4234.672186485429,3716.590256021445,-0.0902560214449295
3718,4235.50281478465,3717.451302807712,0.048697192287818325
3719,4236.708778081334,3718.701475899603,-0.20147589960288315
3720,4237.343105088598,3719.3590788311058,0.14092116889423778
3721,4238.581562429219,3720.643023542497,-0.14302354249684868
3722,4239.083355091351,3721.163262971856,0.33673702814394346
3723,4240.60922327622,3722.745282789429,-0.24528278942898396
3724,4241.10402429008,3723.2583111418567,0.24168885814333407
3725,4241.783753083256,3723.9630945701215,0.5369054298785159
3726,4243.573652494019,3725.8190521510646,-0.3190521510646249
3727,4244.575822632997,3726.858260936055,-0.35826093605510323
3728,4245.621059995547,3727.9421687632303,-0.44216876323025645
3729,4246.010961501897,3728.346505876355,0.15349412364503223
3730,4247.050666369494,3729.424732348376,0.07526765162401716
3731,4247.882863620121,3730.287792127625,0.21220787237507466
3732,4248.798229920727,3731.237135297359,0.2628647026408544
3733,4249.842360550781,3732.320060632946,0.17993936705397573
3734,4251.024571916936,3733.546246381894,-0.04624638189397956
3735,4252.063770376693,3734.6241428281055,-0.12414282810550503
3736,4253.452157043095,3736.0642937328703,-0.5642937328702828
3737,4253.641943495415,3736.2611617368298,0.23883826317023704
3738,4254.606741244741,3737.261980075872,0.2380199241279115
3739,4256.253977915078,3738.9707965696334,-0.4707965696334213
3740,4256.903916379893,3739.645060064304,-0.14506006430383422
3741,4257.398426070861,3740.1580881839977,0.3419118160022663
3742,4258.412309498924,3741.209968164321,0.2900318356792013
3743,4259.219971503959,3742.047925808121,0.4520741918790918
3744,4260.828780400026,3743.7171542283527,-0.21715422835268328
3745,4261.801316153906,3744.7262608781098,-0.2262608781097697
3746,4262.834917758819,3745.798768395524,-0.29876839552389356
3747,4263.851070090163,3746.853208711705,-0.35320871170506507
3748,4264.326484097473,3747.346549256629,0.15345074337119513
3749,4265.197753530234,3748.250693727124,0.24930627287585594
3750,4266.175526297829,3749.26539388412,0.2346061158800694
3751,4267.375018115877,3750.510235433707,-0.010235433706839103
3752,4268.223032063965,3751.390343009436,0.10965699056396261
3753,4269.311963383196,3752.520524951114,-0.0205249511141119
3754,4270.228945852237,3753.472278605062,0.02772139493799841
3755,4271.219357724019,3754.500281245482,-0.0002812454818013066
3756,4272.626546682785,3755.960942472077,-0.4609424720770221
3757,4273.266070375792,3756.624792030724,-0.12479203072416567
3758,4274.006198485265,3757.393091758981,0.10690824101902763
3759,4275.106732633899,3758.535553436696,-0.03555343669586364
3760,4275.86364807041,3759.321331581392,0.1786684186081402
3761,4276.733176340395,3760.2240430333927,0.2759569666072821
3762,4277.420042959429,3760.937141941128,0.562858058871825
3763,4279.548867188125,3763.14738011176,-0.6473801117599578
3764,4280.161625524678,3763.7836037861034,-0.28360378610341286
3765,4280.973787692787,3764.626888898504,-0.12688889850414853
3766,4281.587159761129,3765.26378231051,0.23621768948987665
3767,4282.943479138627,3766.672162924322,-0.17216292432203772
3768,4283.493728632653,3767.2435527991975,0.25644720080254046
3769,4284.84496540147,3768.64675131176,-0.14675131175999923
3770,4285.629053648214,3769.461022729519,0.038977270481154846
3771,4286.158107286905,3770.010454981704,0.4895450182962122
3772,4287.680518179439,3771.591565589823,-0.09156558982294882
3773,4288.504766274432,3772.44763018333,0.0523698166698523
3774,4289.812145760648,3773.805527056519,-0.3055270565191677
3775,4290.683826357642,3774.7109247907474,-0.21092479074741277
3776,4291.674919393786,3775.740388150144,-0.2403881501440992
3777,4292.726444975234,3776.832663536528,-0.33266353652788894
3778,4292.817263390521,3776.9270033641615,0.5729966358385354
3779,4293.813814959747,3777.9622155197194,0.5377844802806067
3780,4295.348211448384,3779.556209917037,-0.05620991703699474
3781,4296.247687553782,3780.490663377177,0.009336622822956997
3782,4297.269668492699,3781.5524218105656,-0.05242181056564732
3783,4298.663179089634,3783.000232892535,-0.5002328925352231
3784,4299.05494728291,3783.4072799413098,0.09272005869024724
3785,4300.089148378122,3784.481841901323,0.018158098676849477
3786,4301.012050609305,3785.440794859654,0.059205140345966356
3787,4302.145194882383,3786.61824551275,-0.11824551275003614
3788,4303.183384178742,3787.697070110384,-0.19707011038417477
3789,4303.534636903586,3788.062080086232,0.43791991376792794
3790,4304.617528001025,3789.187412679527,0.31258732047308513
3791,4305.613823712049,3790.2227942686536,0.2772057313463847
3792,4307.449077599056,3792.130143410178,-0.6301434101778796
3793,4307.998991754307,3792.701684369769,-0.2016843697688273
3794,4309.172964976839,3793.921864524316,-0.42186452431587895
3795,4309.358615069696,3794.114826363091,0.385173636908803
3796,4310.63217609722,3795.438580336962,0.06141966303812296
3797,4311.662007243931,3796.509042462252,-0.009042462252182304
3798,4312.226430123802,3797.095750701893,0.4042492981070609
3799,4313.401370258529,3798.3171192324057,0.18288076759426986
3800,4314.799283160255,3799.770337772159,-0.2703377721591096
3801,4315.57374180521,3800.575467360041,-0.07546736004087506
3802,4316.464656306925,3801.501692173268,-0.001692173268111219
3803,4317.35619074026,3802.428590784946,0.07140921505379083
3804,4318.867542854213,3803.9999600986384,-0.4999600986384394
3805,4319.406828392036,3804.560681545276,-0.06068154527611114
3806,4320.162243602362,3805.346141560144,0.1538584398558669
3807,4321.074891627432,3806.295115984393,0.2048840156071492
3808,4322.076165190022,3807.336278826309,0.16372117369110128
3809,4322.664566486274,3807.948138394971,0.5518616050289893
3810,4324.546748008151,3809.905443972932,-0.405443972932062
3811,4325.293085728018,3810.6816065885578,-0.18160658855777
3812,4326.350118583585,3811.7809153040607,-0.28091530406072707
3813,4327.394690703759,3812.867305298316,-0.36730529831584136
3814,4327.700362559453,3813.1852218573567,0.314778142643263
3815,4328.615769054421,3814.1373185583816,0.3626814416184061
3816,4330.027835915255,3815.606042577719,-0.10604257771910852
3817,4330.890065791732,3816.5029042321967,-0.002904232196669909
3818,4331.851915622108,3817.503419349874,-0.0034193498740933137
3819,4332.303902286719,3817.973587112568,0.5264128874318885
3820,4334.020581083662,3819.7593874424256,-0.2593874424255773
3821,4335.063147370885,3820.843985156053,-0.34398515605289504
3822,4335.606667165304,3821.409432967426,0.0905670325741994
3823,4337.133662605671,3822.998092252602,-0.498092252601964
3824,4337.451842980884,3823.329132309752,0.17086769024808746
3825,4338.719122162573,3824.647667120296,-0.14766712029586415
3826,4339.027061506985,3824.96807009589,0.531929904109802
3827,4340.087832540901,3826.071801726981,0.4281982730190066
3828,4341.413050962384,3827.450748682588,0.04925131741219957
3829,4342.901618174998,3828.99974387827,-0.4997438782697827
3830,4343.563201207075,3829.688209761445,-0.18820976144479573
3831,4344.334641491138,3830.491017103799,0.008982896200905088
3832,4345.249657154565,3831.443265921676,0.056734078324097936
3833,4346.242896210367,3832.476955852202,0.023044147797918413
3834,4347.628030072284,3833.9185613002046,-0.41856130020460114
3835,4347.788735321777,3834.085823012925,0.41417698707482486
3836,4348.975430851983,3835.320962687922,0.17903731207798046
3837,4350.013922105545,3836.401890268041,0.09810973195908446
3838,4350.871384355086,3837.294421116525,0.2055788834750274
3839,4351.952516632845,3838.419808011128,0.08019198887177481
3840,4353.700189732445,3840.239110026581,-0.7391100265808745
3841,4354.220757625008,3840.781035137591,-0.28103513759106136
3842,4354.724596590273,3841.305554420358,0.19444557964197884
3843,4355.893110782249,3842.522066558906,-0.02206655890586262
3844,4356.482766408338,3843.1359618490687,0.3640381509312647
3845,4357.587591693043,3844.286238675432,0.21376132456816777
3846,4358.75564313242,3845.502391206846,-0.0023912068459139846
3847,4359.500185597816,3846.27762039752,0.2223796024800322
3848,4361.191076817523,3848.038277789163,-0.5382777891632031
3849,4361.486734502676,3848.3461450285904,0.1538549714096007
3850,4362.761583185765,3849.673676711796,-0.17367671179590616
3851,4363.525581318881,3850.469275408178,0.030724591822036018
3852,4364.546908846037,3851.532880434081,-0.032880434081107524
3853,4365.671997008556,3852.704585260783,-0.20458526078300565
3854,4366.527307542685,3853.595365426328,-0.09536542632804412
3855,4367.00051184907,3854.088204919232,0.41179508076811544
3856,4367.711048429534,3854.828239901651,0.671760098348841
3857,4369.537964927337,3856.731086514445,-0.23108651444499628
3858,4370.734627509905,3857.977550561245,-0.4775505612451525
3859,4371.362633022015,3858.6317126206727,-0.13171262067271527
3860,4372.227906507444,3859.533048430208,-0.033048430208054924
3861,4373.43317829092,3860.788598192875,-0.28859819287481514
3862,4373.863804411419,3861.23720072471,0.26279927529003544
3863,4374.695096160703,3862.103213686408,0.3967863135922016
3864,4376.083223911227,3863.549376493265,-0.04937649326484461
3865,4376.98295329676,3864.486759335524,0.013240664476143138
3866,4377.768463362285,3865.305166874496,0.1948331255039193
3867,4379.10331587546,3866.6959749882535,-0.19597498825351067
3868,4379.759864529333,3867.3800692252175,0.1199307747824605
3869,4381.091028309869,3868.767130226276,-0.2671302262760946
3870,4382.125949498677,3869.845553520256,-0.34555352025608954
3871,4382.875748523265,3870.626894063484,-0.12689406348408738
3872,4383.466427318297,3871.242435101532,0.25756489846799013
3873,4384.41960113908,3872.235755646293,0.2642443537069994
3874,4385.579886328904,3873.444955390088,0.05504460991187443
3875,4386.083678707494,3873.970001535363,0.529998464637174
3876,4387.756260025838,3875.7132110016582,-0.21321100165823736
3877,4389.029478391509,3877.0402616271062,-0.540261627106247
3878,4389.719630868886,3877.759618638608,-0.2596186386081172
3879,4390.351108275228,3878.417832810648,0.08216718935182143
3880,4391.021213066968,3879.1163256613218,0.3836743386782473
3881,4392.57433767484,3880.735308809264,-0.23530880926409736
3882,4393.358662552607,3881.5529253354935,-0.05292533549345535
3883,4394.028511126825,3882.251224112293,0.24877588770686998
3884,4395.060893844164,3883.327486621002,0.17251337899779173
3885,4395.951097930616,3884.2555584102815,0.24444158971846264
3886,4397.223222687318,3885.581846891589,-0.08184689158906622
3887,4398.451719633078,3886.862705599493,-0.3627055994929833
3888,4399.177467304122,3887.6194122007664,-0.11941220076641912
3889,4400.270180039161,3888.758773797871,-0.258773797871072
3890,4401.175471547633,3889.702745703978,-0.20274570397805292
3891,4401.533574080142,3890.076157066913,0.42384293308714405
3892,4402.808234516906,3891.4053466740143,0.09465332598574605
3893,4403.239569924198,3891.8551476391553,0.6448523608446521
3894,4405.218604639984,3893.918991439133,-0.4189914391331513
3895,4405.832303993916,3894.5590188658302,-0.05901886583023952
3896,4406.706876416485,3895.471134482157,0.028865517842859845
3897,4407.973180939618,3896.7918472271017,-0.2918472271016981
3898,4408.623707863405,3897.470347296364,0.029652703636202205
3899,4409.66609713411,3898.5575919394864,-0.0575919394864286
3900,4410.491141982205,3899.418167349946,0.0818326500539115
3901,4411.715201530782,3900.694986285829,-0.19498628582914534
3902,4412.237247490713,3901.239549902204,0.26045009779591055
3903,4413.216561165381,3902.261131295836,0.23886870416390593
3904,4413.934044512483,3903.009603572945,0.49039642705520237
3905,4415.850961826551,3905.00940578334,-0.5094057833398438
3906,4416.593999029482,3905.7846065242975,-0.28460652429748734
3907,4417.580116975687,3906.813440864712,-0.3134408647119926
3908,4418.241556472838,3907.5035520528127,-0.0035520528126653517
3909,4418.971524790858,3908.2651809023737,0.23481909762631403
3910,4419.922457573369,3909.2573867759775,0.24261322402253427
3911,4421.141217996644,3910.5290923529656,-0.029092352965562895
3912,4421.904701207758,3911.325769894782,0.1742301052181574
3913,4422.790749620984,3912.25036776795,0.24963223204986207
3914,4424.339666554157,3913.8667415519344,-0.3667415519344104
3915,4425.244909574642,3914.811448753843,-0.3114487538427966
3916,4425.495648732297,3915.0731241286,0.4268758714001706
3917,4427.164720656212,3916.815051759439,-0.3150517594390294
3918,4428.073175842686,3917.763203496962,-0.2632034969619781
3919,4428.881802431638,3918.607189403093,-0.10718940309288882
3920,4429.488009566999,3919.23991994538,0.26008005462017536
3921,4430.247448795439,3920.032605583268,0.46739441673207693
3922,4431.424340483089,3921.261059669775,0.23894033022497752
3923,4432.575627454585,3922.462835370672,0.03716462932789
3924,4434.029253195875,3923.980276634051,-0.4802766340508242
3925,4434.77910483607,3924.7630771137415,-0.263077113741474
3926,4435.529083292581,3925.546030166201,-0.04603016620103517
3927,4436.423737983623,3926.4800468873455,0.019953112654548022
3928,4437.394173677607,3927.493211205837,0.00678879416318523
3929,4437.976869628508,3928.101579694394,0.3984203056061233
3930,4439.557560714415,3929.751974505371,-0.2519745053709812
3931,4440.107585509009,3930.32627474829,0.17372525171003872
3932,4441.064996264989,3931.32596687451,0.17403312549004113
3933,4441.984948578359,3932.2865772576406,0.2134227423593984
3934,4443.365941871084,3933.728661639815,-0.2286616398150727
3935,4444.564424110315,3934.9802165817327,-0.4802165817327477
3936,4445.238338540595,3935.683996734467,-0.18399673446720044
3937,4445.772758248951,3936.242111767661,0.25788823233915537
3938,4447.263096016792,3937.798582765,-0.2985827649999919
3939,4447.732962461674,3938.2893158547768,0.2106841452232402
3940,4448.301901068335,3938.883531449112,0.6164685508879302
3941,4449.635268124368,3940.276183139562,0.22381686043809168
3942,4451.09812080031,3941.80415083825,-0.30415083824982503
3943,4452.188083705134,3942.942680309575,-0.4426803095748255
3944,4452.680702066042,3943.4572626943136,0.04273730568638712
3945,4453.734551271115,3944.558128248197,-0.05812824819713569
3946,4454.462905440249,3945.319000349233,0.18099965076680746
3947,4455.762657972553,3946.676828422595,-0.1768284225950083
3948,4456.703250193515,3947.659485819376,-0.15948581937618656
3949,4457.24582633994,3948.226341431749,0.273658568250994
3950,4458.188749330669,3949.2114838140255,0.2885161859744585
3951,4459.171279016141,3950.238040049696,0.26195995030411723
3952,4460.548529287526,3951.677062054948,-0.1770620549477826
3953,4461.404140478538,3952.571082771653,-0.07108277165298205
3954,4462.734622194916,3953.96134346164,-0.46134346163989903
3955,4463.647648067207,3954.915428408455,-0.4154284084552273
3956,4464.038523256992,3955.323890470974,0.17610952902577992
3957,4464.812716127627,3956.132933126396,0.367066873604017
3958,4465.805997569221,3957.170957771218,0.32904222878187284
3959,4467.228532883002,3958.657633627732,-0.15763362773213885
3960,4467.739817015268,3959.191988609665,0.30801139033519576
3961,4469.170662737411,3960.6874483681936,-0.1874483681935999
3962,4469.978032831735,3961.5313098057054,-0.03130980570540487
3963,4471.361757252284,3962.977629483714,-0.47762948371382663
3964,4471.550195590352,3963.17459744116,0.325402558839869
3965,4472.959272015183,3964.6474954527466,-0.14749545274662523
3966,4474.186277577409,3965.930133573763,-0.43013357376321437
3967,4474.317091778978,3966.0668820641567,0.4331179358432564
3968,4475.80111093176,3967.618265257908,-0.11826525790820597
3969,4476.246519157507,3968.0839071676814,0.41609283231855443
3970,4477.015857063332,3968.888210615474,0.6117893845262188
3971,4479.269423276333,3971.244319949828,-0.7443199498279682
3972,4479.730664772092,3971.726571381635,-0.22657138163503987
3973,4480.533629739235,3972.566130106779,-0.06613010677892817
3974,4481.410040221146,3973.4825076411503,0.017492358849722223
3975,4482.366885688957,3974.483019396289,0.016980603711090225
3976,4483.238277466877,3975.39420600824,0.1057939917600379
3977,4484.123623369349,3976.320011610443,0.179988389556911
3978,4485.052226103624,3977.2910807447215,0.20891925527848798
3979,4486.327219162947,3978.624431003111,-0.12443100311111266
3980,4487.084191427809,3979.416077628015,0.08392237198495422
3981,4488.070667249022,3980.4477710982655,0.05222890173445194
3982,4489.240895547546,3981.671684561092,-0.17168456109220642
3983,4490.295506994855,3982.7747187489,-0.2747187488998861
3984,4491.218481252423,3983.740103941231,-0.24010394123115475
3985,4492.00827787897,3984.5662159204967,-0.06621592049668834
3986,4492.638034669207,3985.22494516692,0.2750548330800484
3987,4493.533634735209,3986.161772215221,0.3382277847790647
3988,4494.493755901566,3987.166122003914,0.33387799608590285
3989,4495.810018029897,3988.543071675724,-0.04307167572414983
3990,4496.893451767271,3989.676504197714,-0.17650419771416637
3991,4498.107112046468,3990.94622234855,-0.4462223485497816
3992,4498.778394072473,3991.6485326709953,-0.14853267099533696
3993,4499.585223107458,3992.4926764115808,0.007323588419239968
3994,4500.164602396073,3993.098865379819,0.4011346201809829
3995,4501.627186643985,3994.629180752945,-0.12918075294510345
3996,4502.673855553595,3995.724366504688,-0.22436650468807784
3997,4503.32985434572,3996.4107929245406,0.08920707545939877
3998,4503.715555681812,3996.814391601919,0.6856083980810581
3999,4505.458867093073,3998.638661848906,-0.13866184890594013
4000,4506.311496728817,3999.5309264340262,-0.030926434026241623
4001,4507.745182883218,4001.031316145684,-0.5313161456838316
4002,4508.211436902683,4001.519278698638,-0.01927869863811793
4003,4509.371444648124,4002.7333290713777,-0.23332907137773873
4004,4509.943668937136,4003.332229730585,0.16777026941508666
4005,4511.040014028519,4004.4797173159,0.02028268410003875
4006,4511.462718596946,4004.9221516073194,0.5778483926806075
4007,4512.809991107199,4006.332350081089,0.16764991891113823
4008,4514.077139589542,4007.6587406572894,-0.15874065728939968
4009,4515.191306764589,4008.825044472487,-0.3250444724872068
4010,4516.089845213539,4009.765661246747,-0.26566124674718594
4011,4516.365671040827,4010.054409634863,0.44559036513692263
4012,4518.275389222431,4012.0536724819767,-0.5536724819767187
4013,4518.584679215419,4012.377476844667,0.12252315533305591
4014,4519.574800020457,4013.4140847242784,0.08591527572161795
4015,4520.538555008726,4014.423122043592,0.07687795640822515
4016,4521.475485153282,4015.404105494081,0.09589450591920468
4017,4522.144077728261,4016.104153364491,0.39584663550886034
4018,4523.237464378725,4017.24901451086,0.25098548914002095
4019,4524.973397160757,4019.066758002844,-0.5667580028439261
4020,4525.790882296899,4019.922806134751,-0.42280613475122664
4021,4526.348586358783,4020.50683209865,-0.006832098650193075
4022,4527.353633124018,4021.5593415664553,-0.059341566455259454
4023,4527.94389354478,4022.1774932169183,0.3225067830817352
4024,4529.069234592006,4023.3560432741865,0.14395672581349572
4025,4530.025233174411,4024.3572788819456,0.14272111805439636
4026,4531.318968337879,4025.712283601,-0.21228360099985366
4027,4531.643575987182,4026.052273457817,0.44772654218286334
4028,4533.29797647144,4027.785128632788,-0.2851286327882008
4029,4534.135598244322,4028.66250860295,-0.16250860294985614
4030,4534.935556004701,4029.500459808126,-0.00045980812592461007
4031,4535.90756251673,4030.518661325336,-0.01866132533587006
4032,4537.252568547484,4031.927643987458,-0.42764398745794097
4033,4537.806098343884,4032.507521445232,-0.007521445232214319
4034,4538.508935088108,4033.243828250235,0.25617174976514434
4035,4539.188862923706,4033.9561516775934,0.5438483224065749
4036,4540.347726623454,4035.1702675273577,0.329732472642263
4037,4542.129666250983,4037.037258078223,-0.5372580782232035
4038,4542.620486098008,4037.5515240114582,-0.05152401145824115
4039,4543.746922273792,4038.731801087732,-0.23180108773203756
4040,4544.720271320875,4039.75170963928,-0.2517096392798521
4041,4545.263343636487,4040.320773878304,0.1792261216960469
4042,4546.141207421272,4041.240674842064,0.2593251579360185
4043,4547.593415368718,4042.7624821061295,-0.2624821061294824
4044,4547.938636006363,4043.124258836938,0.3757411630617753
4045,4549.281071828128,4044.531114841822,-0.031114841821818118
4046,4550.068688879314,4045.356557039599,0.14344296040098925
4047,4550.979693585306,4046.3113396224776,0.18866037752241027
4048,4552.321926160971,4047.7181253970793,-0.21812539707934775
4049,4553.53685028088,4048.991534264306,-0.4915342643062104
4050,4554.19795105097,4049.6844811758174,-0.18448117581738188
4051,4554.959391486877,4050.482620180816,0.0173798191840433
4052,4555.595473599204,4051.14937459224,0.3506254077601625
4053,4556.891310536486,4052.5077413699055,-0.007741369905488682
4054,4557.533974070579,4053.181438007088,0.318561992911782
4055,4558.396623828291,4054.085766292897,0.41423370710299423
4056,4560.215941097672,4055.993068217695,-0.49306821769505405
4057,4560.999833506232,4056.8149063409246,-0.31490634092460823
4058,4561.62934660157,4057.474907668147,0.025092331853102223
4059,4562.596817089268,4058.4892611066257,0.010738893374309555
4060,4563.416046267605,4059.348215093755,0.15178490624521146
4061,4564.815955844672,4060.8160611166095,-0.31606111660948955
4062,4565.416958272247,4061.446250656494,0.05374934350584226
4063,4566.253326081947,4062.323256828893,0.17674317110686388
4064,4567.121450990625,4063.2335889366,0.26641106340002807
4065,4567.941686478498,4064.093727426653,0.40627257334699607
4066,4569.615770295187,4065.849325192562,-0.34932519256199157
4067,4570.433329174899,4066.706727862172,-0.2067278621721016
4068,4571.45789878556,4067.781262806879,-0.28126280687911276
4069,4572.249860418587,4068.611871190339,-0.11187119033911586
4070,4573.246173187396,4069.656833801548,-0.15683380154814586
4071,4573.924130511972,4070.367915459016,0.13208454098412403
4072,4574.297621384389,4070.759661563253,0.7403384367471517
4073,4576.189954391835,4072.744561314497,-0.24456131449687746
4074,4576.793917799958,4073.3780948579615,0.12190514203848579
4075,4577.859111429865,4074.4954714341343,0.004528565865712153
4076,4578.927025832073,4075.615741669304,-0.11574166930404317
4077,4579.956917853999,4076.6961629774864,-0.19616297748643774
4078,4580.717084505585,4077.4936491032154,0.006350896784624638
4079,4581.894187213452,4078.72857987702,-0.22857987701991078
4080,4582.568249086155,4079.435778369603,0.06422163039678708
4081,4583.673687920994,4080.5955943068775,-0.09559430687750137
4082,4584.380768499223,4081.337478791424,0.1625212085759813
4083,4584.977258165429,4081.963342357655,0.536657642344835
4084,4586.207762605341,4083.254481523789,0.24551847621114575
4085,4587.674877076508,4084.79395866299,-0.2939586629900077
4086,4588.977914220207,4086.161328281247,-0.6613282812468242
4087,4589.643449489497,4086.859744529075,-0.3597445290752148
4088,4589.748811533979,4086.970313426729,0.5296865732711922
4089,4591.204146513097,4088.4976085164094,0.002391483590599819
4090,4592.049309087907,4089.384594478737,0.1154055212628009
4091,4593.159791572762,4090.550067503023,-0.050067503023001336
4092,4593.836891986131,4091.260718562176,0.23928143782404732
4093,4594.787190560326,4092.25813166948,0.24186833051999201
4094,4596.263664401225,4093.8078691629353,-0.3078691629352761
4095,4596.829908459072,4094.402230669796,0.09776933020384604
4096,4597.82081234233,4095.4423656462736,0.057634353726371046
4097,4599.373672439873,4097.0724448808,-0.5724448807995941
4098,4599.90757943769,4097.632920771579,-0.132920771578938
4099,4600.630054113463,4098.391363764464,0.10863623553632351
4100,4601.602961817192,4099.41273609443,0.0872639055696709
4101,4602.25612351384,4100.098452890904,0.40154710909610003
4102,4603.209690545088,4101.099574414664,0.4004255853360519
4103,4604.641681401318,4102.60303786542,-0.1030378654204469
4104,4605.88345169522,4103.906843969566,-0.4068439695656707
4105,4606.462472402406,4104.514809352704,-0.01480935270410555
4106,4607.753032587028,4105.86992505181,-0.3699250518102417
4107,4608.216380944204,4106.356464737964,0.1435352620355843
4108,4609.224160777058,4107.414711169968,0.08528883003236842
4109,4610.08423164593,4108.317879550927,0.18212044907340896
4110,4611.48467445768,4109.78855215454,-0.2885521545404117
4111,4612.028597458633,4110.359770207174,0.14022979282617598
4112,4612.78885401354,4111.158194935028,0.34180506497159513
4113,4613.684307641332,4112.09862979159,0.4013702084102988
4114,4615.536616091182,4114.044072840609,-0.5440728406092603
4115,4616.222300661645,4114.764263834361,-0.2642638343613726
4116,4616.958582780835,4115.537616698583,-0.037616698583406105
4117,4618.107678910148,4116.7446055043565,-0.24460550435651385
4118,4618.767170618818,4117.437343655464,0.0626563445357533
4119,4619.465593896857,4118.170992342936,0.3290076570638121
4120,4620.544365612923,4119.304205602472,0.19579439752760663
4121,4621.348279218697,4120.148715765712,0.3512842342879594
4122,4622.819323121313,4121.694103033335,-0.19410303333461343
4123,4623.805611944196,4122.730278474093,-0.23027847409321112
4124,4624.726278755094,4123.697542948814,-0.19754294881386159
4125,4625.409262501679,4124.41511336457,0.0848866354299389
4126,4626.342985703834,4125.39614678916,0.10385321083958843
4127,4627.790229823108,4126.916779662593,-0.4167796625933988
4128,4628.463443401889,4127.624155987449,-0.12415598744883027
4129,4628.974234757265,4128.160878245122,0.33912175487785134
4130,4629.888782939312,4129.121876911309,0.37812308869069966
4131,4631.226406988972,4130.527491515262,-0.02749151526222704
4132,4631.762401043947,4131.09074705377,0.40925294622957153
4133,4633.564438992182,4132.984511808778,-0.4845118087778246
4134,4634.307105418773,4133.765013683157,-0.2650136831571217
4135,4635.357160887011,4134.868596984532,-0.36859698453190504
4136,4636.028343960682,4135.5740142515415,-0.07401425154148455
4137,4636.392280747454,4135.956520372116,0.5434796278841532
4138,4637.792071980072,4137.427776243914,0.07222375608580478
4139,4638.748153747898,4138.432708252884,0.06729174711563246
4140,4639.715380822985,4139.449386942683,0.05061305731669563
4141,4640.561739730959,4140.339044140722,0.16095585927814682
4142,4641.758272380069,4141.596831292026,-0.09683129202585405
4143,4642.685758176664,4142.571831957869,-0.07183195786910801
4144,4643.751735863573,4143.692455842267,-0.19245584226700885
4145,4644.753105527211,4144.745195118407,-0.24519511840662744
4146,4645.362987352405,4145.386380320975,0.11361967902485048
4147,4646.739486074074,4146.833577367986,-0.333577367986436
4148,4647.117263732463,4147.230769407985,0.26923059201544675
4149,4648.112608174798,4148.277289025727,0.22271097427255881
4150,4648.564886816594,4148.75283257493,0.7471674250700744
4151,4650.614330328304,4150.907785834593,-0.407785834592687
4152,4651.664121145854,4152.011677811198,-0.511677811197842
4153,4652.088399128892,4152.457831736237,0.04216826376341487
4154,4653.119156055232,4153.541760554624,-0.04176055462357908
4155,4654.06894959963,4154.54058164269,-0.04058164269008557
4156,4654.947323957918,4155.464324403486,0.03567559651401098
4157,4655.721560896441,4156.278572877034,0.22142712296590616
4158,4656.922418573237,4157.541529819736,-0.041529819735842466
4159,4657.820890194846,4158.486495822071,0.013504177928552963
4160,4658.394949957776,4159.090276645315,0.4097233546854113
4161,4659.918687610413,4160.692958069418,-0.19295806941772753
4162,4660.563963934253,4161.371689606504,0.12831039349566709
4163,4662.080004603226,4162.966387373796,-0.4663873737963513
4164,4662.945890919432,4163.877233881788,-0.3772338817880154
4165,4663.505025593544,4164.465414605117,0.03458539488292445
4166,4664.322897246288,4165.325792448943,0.17420755105740682
4167,4665.141375953133,4166.186831746456,0.3131682535440632
4168,4666.090798752808,4167.185652812461,0.3143471875391697
4169,4667.424428268022,4168.588722712646,-0.08872271264590381
4170,4668.055177752045,4169.252335642415,0.24766435758465377
4171,4669.829513522149,4171.119190979713,-0.6191909797125845
4172,4670.350631746019,4171.667502367932,-0.16750236793177464
4173,4671.032106498723,4172.38455202648,0.11544797351962188
4174,4671.877847964576,4173.274465588759,0.22553441124091478
4175,4673.282690521299,4174.752735296101,-0.25273529610058176
4176,4674.12671604852,4175.640907975078,-0.14090797507833486
4177,4674.741639863472,4176.288010943278,0.2119890567219045
4178,4675.727566686425,4177.325558488365,0.1744415116354503
4179,4676.334095816125,4177.963860441826,0.5361395581739998
4180,4677.93021914714,4179.643655977609,-0.1436559776093418
4181,4679.087491041082,4180.861648750556,-0.3616487505560144
4182,4680.088468859476,4181.915183598564,-0.4151835985639991
4183,4680.606397111238,4182.460319406601,0.039680593398770725
4184,4681.604890746663,4183.511291168246,-0.011291168246316374
4185,4682.648662425132,4184.609956898092,-0.10995689809169562
4186,4683.021291066599,4185.002191798867,0.4978082011330116
4187,4684.186914789603,4186.229176542442,0.2708234575584356
4188,4685.407789642227,4187.514370455638,-0.014370455637617852
4189,4686.70815514574,4188.883298489509,-0.38329848950888845
4190,4687.072177975257,4189.266524923319,0.23347507668131584
4191,4688.252603006429,4190.509252865837,-0.009252865836970159
4192,4689.505062437305,4191.827868908868,-0.3278689088683677
4193,4690.178840007101,4192.537258351697,-0.03725835169734637
4194,4691.296768788717,4193.71430817998,-0.21430817998043494
4195,4691.862100090804,4194.309552858407,0.19044714159281284
4196,4692.866432862005,4195.367054628763,0.13294537123692862
4197,4693.939417293336,4196.496880248335,0.00311975166459888
4198,4694.173942793325,4196.7438349002,0.7561650997995457
4199,4696.095849872811,4198.767667571717,-0.267667571716629
4200,4697.354147471541,4200.092764996045,-0.5927649960449344
4201,4697.774403761156,4200.535343576562,-0.03534357656189968
4202,4698.924504209172,4201.746563236676,-0.24656323667568358
4203,4699.49725223096,4202.349765231415,0.15023476858459617
4204,4700.15860328091,4203.0462952462485,0.4537047537514809
4205,4701.842587035351,4204.819921295188,-0.3199212951876689
4206,4702.437645696011,4205.4466792395015,0.0533207604985364
4207,4703.015173840539,4206.054984262132,0.4450157378678341
4208,4704.338118407428,4207.448472008452,0.051527991548027785
4209,4705.482138782043,4208.65354255525,-0.15354255525016924
4210,4706.468570903251,4209.692650757967,-0.1926507579673853
4211,4707.18717195214,4210.449646261358,0.050353738642115786
4212,4708.595427452169,4211.933194702007,-0.433194702007313
4213,4709.332678157477,4212.709889543634,-0.20988954363383527
4214,4709.944940346285,4213.354922737736,0.14507726226383966
4215,4710.552242005027,4213.994742405697,0.5052575943027477
4216,4711.691980184833,4215.195541581402,0.30445841859818756
4217,4712.777797477037,4216.339571894612,0.1604281053878367
4218,4714.247723107137,4217.888366859939,-0.38836685993919673
4219,4714.997962824892,4218.678889050517,-0.17888905051677284
4220,4715.952621727108,4219.684833733804,-0.18483373380422563
4221,4716.660239219093,4220.430485401497,0.06951459850279207
4222,4717.733401081526,4221.561361554749,-0.06136155474905536
4223,4718.529894766794,4222.400715526965,0.09928447303536814
4224,4719.595704166863,4223.523910891587,-0.023910891586638172
4225,4720.38669437355,4224.357514843489,0.14248515651070193
4226,4721.537540939961,4225.570399701934,-0.07039970193363843
4227,4721.954561819576,4226.009911803773,0.49008819622667943
4228,4723.234934939147,4227.359376018251,0.14062398174883128
4229,4724.996421877651,4229.21600603779,-0.7160060377900663
4230,4725.487196574654,4229.733307534836,-0.23330753483605804
4231,4726.271143852758,4230.559644674638,-0.05964467463763867
4232,4726.949295824608,4231.274482603395,0.2255173966050279
4233,4728.21160435294,4232.605119414342,-0.1051194143419707
4234,4728.750507230129,4233.173209237883,0.32679076211661595
4235,4729.661501548356,4234.133565179018,0.3664348209822492
4236,4730.962714323503,4235.505331736213,-0.005331736212610849
4237,4732.021907044926,4236.621997589882,-0.12199758988208487
4238,4733.193764940093,4237.857485938392,-0.35748593839161913
4239,4733.844098699536,4238.543151951434,-0.04315195143408346
4240,4734.527817832891,4239.264032479228,0.23596752077173733
4241,4736.044923936178,4240.863652210388,-0.36365221038795426
4242,4736.596840064476,4241.445605600411,0.054394399589000386
4243,4737.784035547895,4242.697447220039,-0.19744722003906645
4244,4738.432582516831,4243.381329395099,0.11867060490112635
4245,4738.793733317308,4243.762163133545,0.7378368664549271
4246,4740.332565971351,4245.384912195747,0.11508780425265286
4247,4741.721885804414,4246.850063421347,-0.35006342134693114
4248,4742.414037310374,4247.580017889823,-0.08001788982255675
4249,4743.71792062917,4248.955158552937,-0.4551585529370641
4250,4744.421811483696,4249.6975408167655,-0.19754081676546775
4251,4744.996853269859,4250.304040394264,0.19595960573587945
4252,4745.842419030444,4251.195883166572,0.3041168334284521
4253,4746.839593742938,4252.247663115993,0.2523368840065814
4254,4748.335806689634,4253.82587114752,-0.3258711475200471
4255,4748.700881129173,4254.21096369329,0.2890363067099315
4256,4749.728100218338,4255.294532194697,0.2054678053027601
4257,4751.215949059368,4256.864061572587,-0.3640615725871612
4258,4751.682732579111,4257.356486048338,0.1435139516615891
4259,4753.084026101485,4258.834798073515,-0.3347980735152305
4260,4753.918835840183,4259.715522241826,-0.21552224182596547
4261,4754.589564975896,4260.423158298551,0.0768417014487568
4262,4755.588948859227,4261.477561289823,0.02243871017708443
4263,4756.356140489576,4262.287011820999,0.21298817900060385
4264,4757.222671632887,4263.201297427748,0.2987025722522958
4265,4757.970669573232,4263.990537677635,0.5094623223649251
4266,4760.158590209304,4266.299200962809,-0.7992009628087544
4267,4760.441048058615,4266.597258205439,-0.09725820543917507
4268,4761.516430763499,4267.73205583552,-0.23205583552044118
4269,4761.983993808134,4268.2254638091545,0.27453619084553793
4270,4763.158188506213,4269.464595290664,0.03540470933603501
4271,4764.275424407307,4270.643660739482,-0.14366073948167468
4272,4764.998476803594,4271.406750189948,0.09324981005192967
4273,4765.803255384904,4272.256111724154,0.24388827584607498
4274,4766.884818058115,4273.39762464231,0.1023753576901072
4275,4767.868858831064,4274.43624402377,0.06375597622991336
4276,4768.726470928571,4275.3414488805365,0.15855111946348188
4277,4770.256497157681,4276.956444117195,-0.456444117195133
4278,4770.891284039309,4277.626506399557,-0.12650639955700171
4279,4772.057494829202,4278.857559094644,-0.35755909464387514
4280,4772.644938936119,4279.477682568307,0.022317431693409162
4281,4773.43979777291,4280.316777520369,0.18322247963078553
4282,4774.056619725542,4280.967941854646,0.5320581453543127
4283,4775.395711249464,4282.381632733771,0.11836726622914284
4284,4776.429201254369,4283.472738222223,0.02726177777731209
4285,4777.63567698327,4284.746518147348,-0.24651814734806976
4286,4778.374124696472,4285.526184669167,-0.02618466916737816
4287,4779.596151378357,4286.816462555121,-0.31646255512077914
4288,4780.479123089006,4287.748779914621,-0.24877991462108184
4289,4780.708587502446,4287.991072397573,0.5089276024273204
4290,4782.356874431614,4289.731557326549,-0.23155732654868189
4291,4783.343224125133,4290.773122374126,-0.2731223741257054
4292,4783.714516795385,4291.165208205637,0.33479179436289996
4293,4784.640967678604,4292.143562263438,0.35643773656192934
4294,4785.525415338092,4293.077586561352,0.42241343864770897
4295,4787.252675346163,4294.901741039215,-0.40174103921526694
4296,4788.152570124254,4295.852156706133,-0.3521567061334281
4297,4788.999015740482,4296.746147094942,-0.24614709494198905
4298,4789.698347933762,4297.484778676401,0.015221323598780145
4299,4790.73381586886,4298.578465191499,-0.07846519149916276
4300,4791.291170821019,4299.167171847321,0.3328281526792125
4301,4792.408824018607,4300.347725106769,0.1522748932311515
4302,4793.347319652199,4301.339070091225,0.1609299087749605
4303,4794.286764715213,4302.331447259162,0.1685527408380949
4304,4795.780117831536,4303.909002183105,-0.40900218310525815
4305,4796.352903431831,4304.5141035898505,-0.014103589850492426
4306,4797.097933597956,4305.301183662454,0.19881633754630457
4307,4798.420841862599,4306.698802966419,-0.19880296641895256
4308,4799.673211404295,4308.021953371265,-0.5219533712652265
4309,4800.097767615227,4308.47051626539,0.02948373461003939
4310,4800.671002186038,4309.076174072734,0.4238259272660798
4311,4802.188369508509,4310.6794191542685,-0.17941915426854393
4312,4802.377850869758,4310.879629867142,0.6203701328577154
4313,4803.704592676757,4312.281531546771,0.2184684532294341
4314,4805.072216480052,4313.726692229209,-0.22669222920922039
4315,4806.371973581088,4315.100195950986,-0.6001959509858352
4316,4806.921270594436,4315.680676219024,-0.18067621902355313
4317,4807.541012033673,4316.335611993722,0.16438800627838646
4318,4808.604499169222,4317.45952285353,0.04047714647003886
4319,4809.346880319835,4318.244105764527,0.25589423547262413
4320,4810.531881343333,4319.496507723269,0.003492276730867161
4321,4811.632288844529,4320.659546219699,-0.159546219699223
4322,4812.160772203606,4321.218123072252,0.28187692774827156
4323,4813.045552124358,4322.153305803271,0.34669419672900403
4324,4814.681559817522,4323.882579301187,-0.3825793011874339
4325,4815.324276549575,4324.561960346265,-0.061960346264640975
4326,4816.451758256976,4325.753793172108,-0.2537931721080895
4327,4817.232875407548,4326.579517285578,-0.0795172855778219
4328,4818.240133484467,4327.644326226822,-0.1443262268221588
4329,4819.028426196154,4328.477682338707,0.02231766129261814
4330,4819.754628168565,4329.2454164049705,0.2545835950295441
4331,4820.210030017202,4329.726871948148,0.773128051851927
4332,4822.221164872704,4331.85314639762,-0.3531463976196392
4333,4822.905726969313,4332.576930852637,-0.07693085263690591
4334,4824.13753747979,4333.879357565973,-0.3793575659728958
4335,4824.678397755427,4334.451239643484,0.048760356516140746
4336,4825.736295502355,4335.569842499114,-0.06984249911420193
4337,4826.494341214861,4336.371409678796,0.12859032120377378
4338,4827.767321263363,4337.717517602485,-0.21751760248480423
4339,4828.337946620889,4338.320940563724,0.17905943627556553
4340,4829.386309918934,4339.429588189225,0.07041181077511283
4341,4830.136823559167,4340.223281071653,0.27671892834678147
4342,4831.185693208827,4341.332526349627,0.1674736503728127
4343,4832.224866730871,4342.4315531068005,0.06844689319950703
4344,4833.663263959365,4343.9528563282165,-0.45285632821651234
4345,4834.665341189938,4345.012731307431,-0.5127313074308404
4346,4835.14402660966,4345.519037982666,-0.019037982666304742
4347,4835.951966776302,4346.373615273124,0.12638472687558533
4348,4836.608965378984,4347.06855396406,0.4314460359400982
4349,4838.026709907396,4348.568218220909,-0.06821822090932983
4350,4838.660483732967,4349.2386339804125,0.2613660195875127
4351,4839.647158112444,4350.28237970092,0.21762029908040859
4352,4841.06472364531,4351.781996272242,-0.2819962722423952
4353,4842.043504687774,4352.81746933737,-0.31746933737031213
4354,4842.585412400104,4353.390778455511,0.10922154448871879
4355,4843.621336000794,4354.486756585072,0.013243414928183483
4356,4844.69961296936,4355.627580844298,-0.1275808442978814
4357,4845.696734419166,4356.682576012669,-0.18257601266941492
4358,4846.657760143522,4357.699411335143,-0.19941133514294052
4359,4846.916049334815,4357.97270531273,0.5272946872701141
4360,4848.107405391169,4359.233299134032,0.2667008659682324
4361,4848.885041904171,4360.056154502158,0.4438454978417212
4362,4850.871518792203,4362.158233317914,-0.6582333179139823
4363,4851.468722998431,4362.790216808544,-0.2902168085438461
4364,4852.001065083389,4363.353570676183,0.1464293238168466
4365,4853.425815431965,4364.861366106036,-0.3613661060362574
4366,4854.027006706022,4365.497619264696,0.002380735303631809
4367,4854.574296102755,4366.076837256408,0.4231627435920018
4368,4855.71846236384,4367.287785338751,0.21221466124916333
4369,4856.921830081506,4368.561436599191,-0.06143659919143829
4370,4857.815380260171,4369.507205908127,-0.007205908126707072
4371,4858.604172218368,4370.3421166578855,0.15788334211447363
4372,4859.68053162443,4371.481441121631,0.018558878368821752
4373,4860.809330725521,4372.6763136670015,-0.17631366700152284
4374,4862.076654387723,4374.017868922596,-0.5178689225958806
4375,4862.359349645752,4374.317129805958,0.18287019404215243
4376,4863.760153919759,4375.800058232946,-0.30005823294595757
4377,4864.191948667562,4376.257180512751,0.24281948724910762
4378,4865.05535127265,4377.171245513817,0.328754486183243
4379,4866.071578271192,4378.247133521128,0.25286647887242
4380,4866.954021268906,4379.181410689946,0.318589310054449
4381,4868.588327038713,4380.911781846691,-0.4117818466911558
4382,4869.466636285994,4381.841754664929,-0.3417546649288852
4383,4870.51725383192,4382.95420435271,-0.454204352709894
4384,4870.696564723367,4383.144071856737,0.3559281432626449
4385,4871.705539530007,4384.212467863479,0.2875321365208947
4386,4873.19318137595,4385.787781545885,-0.28778154588508187
4387,4873.81844622746,4386.449916974483,0.050083025516869384
4388,4874.789996783109,4387.478783189827,0.021216810173427803
4389,4875.237660837144,4387.952867111633,0.547132888366832
4390,4876.743142327452,4389.547245858807,-0.04724585880740051
4391,4877.725299567702,4390.5874384241615,-0.08743842416151892
4392,4878.629005583153,4391.544571913832,-0.04457191383244208
4393,4880.058127358884,4393.058238339996,-0.5582383399960236
4394,4880.609661001629,4393.642417680834,-0.14241768083411444
4395,4881.311012339878,4394.38529686825,0.11470313174959301
4396,4882.304462235107,4395.437597564499,0.06240243550109881
4397,4882.890785935962,4396.058669488075,0.4413305119251163
4398,4883.927414234291,4397.156760535548,0.34323946445238107
4399,4885.36207472399,4398.676541276263,-0.17654127626337868
4400,4886.270478879996,4399.638876890017,-0.13887689001694525
4401,4887.1984806467,4400.622001368148,-0.12200136814772122
4402,4888.175610835217,4401.657202776341,-0.15720277634136437
4403,4888.90807934601,4402.433222556094,0.0667774439061759
4404,4890.214451316183,4403.817312421761,-0.3173124217610166
4405,4890.627756888264,4404.255217686975,0.24478231302509812
4406,4891.783056074756,4405.479309055309,0.020690944690613833
4407,4892.934979042487,4406.699866403298,-0.19986640329807415
4408,4893.388337635762,4407.1802490442215,0.3197509557785452
4409,4893.963169529566,4407.7893554442935,0.7106445557064944
4410,4895.963739545986,4409.909293755511,-0.4092937555105891
4411,4896.957746690976,4410.962658850297,-0.4626588502969753
4412,4897.650781297581,4411.697097585355,-0.19709758535464061
4413,4898.457291766485,4412.5518112479385,-0.05181124793853087
4414,4899.161200688896,4413.297808388232,0.20219161176828493
4415,4900.429563379264,4414.642049824237,-0.14204982423689216
4416,4900.742881746493,4414.974120250856,0.5258797491442238
4417,4902.307209902897,4416.632120913917,-0.13212091391687864
4418,4902.821632068549,4417.177364215041,0.3226357849589476
4419,4904.228632937446,4418.6687081361815,-0.1687081361815217
4420,4905.142489080674,4419.637380052064,-0.13738005206414527
4421,4906.098238142341,4420.650486735398,-0.1504867353978625
4422,4906.69954197366,4421.287891959504,0.2121080404958775
4423,4908.330089351213,4423.01639400614,-0.5163940061402172
4424,4908.913521444296,4423.634896559558,-0.13489655955800117
4425,4909.624111714984,4424.388215752526,0.11178424747413374
4426,4910.24508166746,4425.046539017312,0.45346098268782953
4427,4911.291910102137,4426.156365796739,0.34363420326099003
4428,4912.451308936105,4427.385578929814,0.11442107018592651
4429,4913.660637618067,4428.667774887386,-0.16777488738625834
4430,4914.792645831573,4429.868034408423,-0.36803440842322743
4431,4915.70024068956,4430.830380163648,-0.33038016364844225
4432,4916.332164477557,4431.500440668817,-0.00044066881673643366
4433,4917.230780504246,4432.453310600254,0.046689399746355775
4434,4917.807535042851,4433.064900441006,0.4350995589938975
4435,4919.487036337097,4434.845902969936,-0.34590296993610536
4436,4919.88932505208,4435.272517689123,0.22748231087734894
4437,4920.840430543641,4436.281156416892,0.21884358310762764
4438,4921.970590627642,4437.479718949843,0.020281050156881975
4439,4922.718991373757,4438.273439057718,0.22656094228204893
4440,4924.317098249989,4439.968379814936,-0.4683798149362701
4441,4925.077606689338,4440.774998631485,-0.27499863148477743
4442,4925.795026681425,4441.53593363758,-0.035933637579546485
4443,4926.727642209651,4442.525141696509,-0.02514169650930853
4444,4927.597951290635,4443.448287802625,0.05171219737530919
4445,4928.526064803157,4444.432774639981,0.06722536001871049
4446,4928.957136245711,4444.890038687832,0.6099613121677976
4447,4930.24031844293,4446.251224644166,0.24877535583436838
4448,4932.036812774138,4448.157015921645,-0.6570159216453249
4449,4932.600670527043,4448.755199700711,-0.2551997007112732
4450,4933.06812584381,4449.251120120299,0.24887987970123504
4451,4934.352289122011,4450.6135171875785,-0.11351718757850904
4452,4935.200994249788,4451.513956319084,-0.01395631908417272
4453,4936.133949523506,4452.503807983664,-0.0038079836640463327
4454,4937.207162985993,4453.64250620956,-0.14250620956045168
4455,4937.770365700218,4454.240088980241,0.2599110197588743
4456,4938.753815526294,4455.283596873035,0.21640312696490582
4457,4939.641724784705,4456.22575642691,0.2742435730897341
4458,4940.852294862652,4457.510331951624,-0.01033195162381162
4459,4942.135528578194,4458.872064781213,-0.3720647812133393
4460,4942.976896462189,4459.764930353697,-0.26493035369730933
4461,4943.977866731886,4460.827196799561,-0.32719679956062464
4462,4944.641603020051,4461.531595932619,-0.03159593261898408
4463,4945.186898517928,4462.110308781786,0.38969121821355657
4464,4946.119253478643,4463.099823433182,0.40017656681811786
4465,4947.500490321851,4464.565790887141,-0.06579088714079262
4466,4948.389808797447,4465.509696206198,-0.009696206197986612
4467,4949.085915385101,4466.2485479365005,0.25145206349952787
4468,4950.615812591259,4467.872444813458,-0.3724448134580598
4469,4951.502384929288,4468.81352420926,-0.3135242092603221
4470,4951.878797918169,4469.213086960039,0.28691303996129136
4471,4953.200555668675,4470.61617015545,-0.11617015545016329
4472,4954.255067679667,4471.735604706608,-0.23560470660777355
4473,4954.976576379402,4472.5015547044895,-0.001554704489535652
4474,4955.822259816116,4473.39934926214,0.10065073785972345
4475,4956.466055278855,4474.082830881118,0.4171691188821569
4476,4957.331889630297,4475.002059749344,0.4979402506560291
4477,4959.028989320632,4476.803886478872,-0.30388647887230036
4478,4960.163928407695,4478.008913579856,-0.5089135798561983
4479,4960.758090264617,4478.639784306991,-0.1397843069908049
4480,4961.688462943185,4479.627660590165,-0.12766059016485087
4481,4962.261952448157,4480.236609630863,0.2633903691366868
4482,4963.526118617488,4481.578977945364,-0.07897794536438596
4483,4964.307031405169,4482.408224113398,0.09177588660168112
4484,4964.925235089608,4483.0647044168,0.4352955832000589
4485,4966.633216269865,4484.878500413374,-0.37850041337424045
4486,4966.868645587163,4485.128522650319,0.37147734968129953
4487,4968.394640927226,4486.749148793069,-0.24914879306925286
4488,4968.836094655103,4487.217992087219,0.2820079127814097
4489,4970.479982679448,4488.963928438944,-0.4639284389440945
4490,4971.33924555621,4489.87656657542,-0.376566575419929
4491,4971.824996149397,4490.392501238387,0.10749876161298744
4492,4972.713491617353,4491.336226493829,0.16377350617131015
4493,4973.711578032464,4492.396385114493,0.10361488550734066
4494,4974.430478147271,4493.160014249348,0.33998575065197656
4495,4975.310997142413,4494.095340507859,0.404659492141036
4496,4976.964034077549,4495.8513365051085,-0.3513365051085202
4497,4977.755154086707,4496.691762178461,-0.19176217846143118
4498,4978.847855753177,4497.85259815357,-0.3525981535703977
4499,4979.580892326641,4498.631363873345,-0.13136387334543542
4500,4980.118762529119,4499.202799049248,0.2972009507520852
4501,4981.192703747711,4500.343785597756,0.1562144022436769
4502,4982.512361526239,4501.7458790651,-0.24587906509987079
4503,4983.225027314619,4502.503086418873,-0.0030864188729538
4504,4983.979975829913,4503.305236860493,0.19476313950690383
4505,4984.568543574518,4503.9306164704985,0.5693835295014651
4506,4986.252566835796,4505.7200277627735,-0.22002776277349767
4507,4987.187900982755,4506.713935253134,-0.21393525313396822
4508,4988.191597307574,4507.780517013799,-0.28051701379899896
4509,4988.905166592146,4508.538813708266,-0.03881370826638886
4510,4990.345480286346,4510.069457536992,-0.5694575369916492
4511,4990.449701819011,4510.180217952557,0.31978204744336836
4512,4991.214774408585,4510.993301976907,0.5066980230931222
4513,4992.379462341421,4512.231114675241,0.2688853247591396
4514,4993.495748983815,4513.417527801388,0.0824721986118675
4515,4994.632742172268,4514.625989111964,-0.12598911196437257
4516,4995.879247704657,4515.950893733593,-0.45089373359314777
4517,4996.220820876864,4516.313958825308,0.1860411746920363
4518,4997.3961507071,4517.563269269758,-0.06326926975816605
4519,4998.370030195673,4518.598482500315,-0.09848250031518546
4520,4999.329681372983,4519.618600879022,-0.11860087902186933
4521,5000.234316931327,4520.580263973829,-0.08026397382855066
4522,5000.834381432413,4521.218170453933,0.28182954606654675
4523,5001.889773627185,4522.340146843963,0.15985315603666095
4524,5002.854002891859,4523.365239859642,0.13476014035768458
4525,5003.484944378312,4524.036023429075,0.463976570925297
4526,5005.495907487709,4526.174057381407,-0.674057381406783
4527,5006.208381106211,4526.931582379868,-0.4315823798679048
4528,5006.7885588061,4527.548457999526,-0.04845799952636298
4529,5007.48598291985,4528.290010370128,0.20998962987232517
4530,5008.626199656303,4529.5024055675485,-0.0024055675485215033
4531,5009.229044117223,4530.143428228043,0.3565717719566237
4532,5010.811172544718,4531.825807919413,-0.32580791941290954
4533,5010.93319810604,4531.9555689098,0.5444310902003053
4534,5012.396833739677,4533.512024003058,-0.012024003058286326
4535,5013.533605873148,4534.720933807993,-0.22093380799287843
4536,5014.238442056198,4535.470518328168,0.029481671832400025
4537,5015.357927937941,4536.661110060233,-0.16111006023311347
4538,5016.192546914326,4537.548767009815,-0.04876700981458271
4539,5017.347756568171,4538.777423847656,-0.2774238476558821
4540,5018.084913547671,4539.561470726084,-0.061470726083825866
4541,5018.939831850465,4540.470791204947,0.02920879505290941
4542,5019.395831473359,4540.955817548695,0.5441824513045503
4543,5020.352759395484,4541.973680288807,0.5263197111926274
4544,5022.20302298378,4543.941846440293,-0.44184644029337505
4545,5022.83452601919,4544.613614970114,-0.11361497011421307
4546,5023.904889141233,4545.752254763211,-0.252254763210658
4547,5024.725752594868,4546.625504312553,-0.12550431255294825
4548,5025.730993593626,4547.69492713682,-0.19492713682029716
4549,5026.185476882354,4548.178438417057,0.32156158294310444
4550,5027.221563711044,4549.280724889707,0.2192751102929833
4551,5028.537886820898,4550.6812020517655,-0.18120205176546733
4552,5029.216956939055,4551.403707348749,0.09629265125113307
4553,5030.026936938536,4552.2655149645,0.23448503550025634
4554,5030.967858186769,4553.266668337296,0.23333166270367656
4555,5032.399063540915,4554.789544557243,-0.2895445572430617
4556,5033.166566080191,4555.606233479904,-0.1062334799044038
4557,5034.550361163014,4557.078757908803,-0.5787579088027996
4558,5035.01341640884,4557.571517910887,-0.07151791088745085
4559,5035.523058437431,4558.113861048786,0.38613895121397945
4560,5036.84166710701,4559.517116154295,-0.017116154294853914
4561,5037.500692756888,4560.218467724336,0.28153227566417627
4562,5038.324319636723,4561.09501132813,0.40498867187034193
4563,5039.621887452849,4562.475989294681,0.024010705318687542
4564,5041.041398993811,4563.986810664594,-0.4868106645935768
4565,5041.798034522458,4564.792142633323,-0.29214263332323753
4566,5042.492149716441,4565.530946404,-0.030946404000133043
4567,5043.015445393969,4566.08794299714,0.4120570028599104
4568,5044.656791091307,4567.835049531447,-0.3350495314471118
4569,5045.467130480162,4568.697634838809,-0.19763483880888089
4570,5045.941675502018,4569.202785350068,0.29721464993235713
4571,5046.99761743001,4570.326855089395,0.17314491060460568
4572,5047.863086184184,4571.248188827548,0.2518111724521077
4573,5048.790228819727,4572.235203623871,0.2647963761291976
4574,5050.308459699166,4573.851535929982,-0.35153592998176464
4575,5051.106699533689,4574.7013836623455,-0.2013836623455063
4576,5052.279310472946,4575.949842793473,-0.4498427934731808
4577,5052.772155289674,4576.474579303923,0.025420696077162575
4578,5053.712365319995,4577.4756509832405,0.024349016759515507
4579,5054.43454734337,4578.244600177388,0.2553998226121621
4580,5055.192672473444,4579.051837756171,0.44816224382884684
4581,5056.60581307988,4580.55657196499,-0.056571964990325796
4582,5057.589996235905,4581.60458270668,-0.10458270668004843
4583,5058.345409417077,4582.4090076486455,0.09099235135454364
4584,5059.439905818899,4583.57454763112,-0.07454763112036744
4585,5060.55908091502,4584.766407164974,-0.26640716497422545
4586,5061.326249329027,4585.583421821962,-0.083421821961565
4587,5062.168472726691,4586.480389420274,0.019610579725849675
4588,5063.182715937442,4587.56058765318,-0.06058765317993675
4589,5064.333813619171,4588.786579013812,-0.2865790138121156
4590,5064.628972968499,4589.100948975298,0.399051024702203
4591,5065.480124960541,4590.00751400296,0.49248599703969376
4592,5066.576539184779,4591.1753422555175,0.3246577444824652
4593,5068.384815238836,4593.10148135944,-0.6014813594401858
4594,5069.095935944008,4593.858980892852,-0.3589808928518323
4595,5069.675544138526,4594.47640249996,0.023597500039613806
4596,5070.868551265875,4595.74727414035,-0.24727414034987305
4597,5071.249797277139,4596.153412519333,0.3465874806670399
4598,5072.410372660585,4597.38979243014,0.11020756985999469
4599,5073.482256176993,4598.531724987756,-0.03172498775620625
4600,5074.356062041534,4599.462661917616,0.037338082383939764
4601,5074.911470242945,4600.0543961971225,0.4456038028774856
4602,5076.598637947781,4601.8519712294365,-0.3519712294364581
4603,5077.152989530738,4602.442618754837,0.05738124516301468
4604,5078.001109183247,4603.346287336475,0.1537126635248569
4605,5079.61272616714,4605.063521825976,-0.5635218259758403
4606,5080.123622144002,4605.607916419057,-0.10791641905689175
4607,5081.130097770628,4606.680408933496,-0.18040893349643738
4608,5081.694344429821,4607.281679617895,0.21832038210504834
4609,5082.317781511686,4607.946036202489,0.5539637975107325
4610,5083.769848918962,4609.493457729059,0.006542270941281458
4611,5084.387439340745,4610.151623984297,0.34837601570325205
4612,5085.944230786497,4611.810749965308,-0.3107499653078776
4613,5086.999761578074,4612.935708438457,-0.4357084384573682
4614,5087.532668937751,4613.503681094655,-0.0036810946548939683
4615,5088.59890132201,4614.640098223255,-0.14009822325533605
4616,5089.178093913298,4615.257431069725,0.24256893027541082
4617,5090.345876811566,4616.502145223623,-0.0021452236233017175
4618,5091.262957883617,4617.479671695489,0.020328304511167516
4619,5092.401941911387,4618.6937634914375,-0.19376349143749394
4620,5092.837760452183,4619.158331842021,0.34166815797925665
4621,5093.668880110626,4620.0442947442925,0.4557052557074712
4622,5095.086913061577,4621.555949518166,-0.05594951816601679
4623,5096.637933186211,4623.209443510631,-0.7094435106309902
4624,5096.959423856329,4623.552184048309,-0.05218404830884538
4625,5097.814429758906,4624.463719775008,0.03628022499196959
4626,5098.956789006187,4625.6816432025325,-0.18164320253254118
4627,5099.610743037994,4626.378872976371,0.12112702362901473
4628,5100.4914624162,4627.317895500362,0.1821044996377168
4629,5101.034063048503,4627.89642805016,0.6035719498404433
4630,5102.645948615176,4629.615109536,-0.11510953600009088
4631,5103.728341253029,4630.769261875904,-0.26926187590379413
4632,5104.41809304676,4631.504761405774,-0.004761405773933802
4633,5105.638635526429,4632.8062926222565,-0.30629262225647835
4634,5106.052225949793,4633.247337251036,0.25266274896421237
4635,5107.385740123911,4634.669406639179,-0.16940663917921484
4636,5108.447770149327,4635.802002961769,-0.3020029617691762
4637,5108.95909669844,4636.347316997474,0.1526830025259187
4638,5109.838982090978,4637.285706768759,0.21429323124084476
4639,5110.806041672267,4638.317094835315,0.18290516468459828
4640,5111.503124654462,4639.060565610935,0.4394343890653545
4641,5113.010157221724,4640.667936249052,-0.16793624905221805
4642,5113.946042880455,4641.666168661692,-0.16616866169169953
4643,5115.372842952987,4643.188071639488,-0.6880716394880437
4644,5115.726762097795,4643.565590957272,-0.06559095727243403
4645,5116.560557463717,4644.455001191773,0.04499880822731939
4646,5117.025993413477,4644.951491525213,0.5485084747870133
4647,5118.533838768628,4646.559988201786,-0.05998820178592723
4648,5119.365669161572,4647.447374991023,0.05262500897697464
4649,5120.24002346648,4648.380148974004,0.1198510259955583
4650,5121.083490155642,4649.279994114826,0.2200058851740323
4651,5122.45478140975,4650.742991518855,-0.2429915188549785
4652,5123.30289347793,4651.647850971948,-0.14785097194817354
4653,5124.061784988073,4652.457539040329,0.0424609596711889
4654,5125.253686756757,4653.729257106335,-0.22925710633535346
4655,5126.27911801517,4654.823392184628,-0.3233921846276644
4656,5126.729993291786,4655.304486405302,0.19551359469824092
4657,5127.741716959095,4656.3840416396615,0.11595836033848173
4658,5128.681624974389,4657.386994769802,0.11300523019781394
4659,5128.964483858673,4657.688832016718,0.8111679832818481
4660,5131.043898973589,4659.907841294862,-0.4078412948620098
4661,5132.007167837769,4660.935821258961,-0.4358212589613686
4662,5132.683137054001,4661.657218355451,-0.15721835545082286
4663,5133.30657598966,4662.3225674828045,0.17743251719548425
4664,5134.663043878822,4663.770264489967,-0.27026448996730323
4665,5135.171964073661,4664.3134267774485,0.18657322255148756
4666,5136.129936082085,4665.335876573792,0.16412342620787967
4667,5137.206291398495,4666.484711575372,0.01528842462812463
4668,5138.042957957294,4667.37774243575,0.122257564249594
4669,5139.121530962126,4668.529008416242,-0.029008416241595114
4670,5139.679125649693,4669.124197642433,0.37580235756740876
4671,5141.096623935638,4670.637310833336,-0.13731083333641436
4672,5142.447907864872,4672.079801204573,-0.579801204573414
4673,5142.90203222272,4672.564589889289,-0.0645898892889818
4674,5143.933700533924,4673.665944365392,-0.16594436539162416
4675,5144.587752601529,4674.364192786546,0.13580721345442726
4676,5145.48044917414,4675.317233029638,0.1827669703616266
4677,5146.149645919578,4676.031681677652,0.4683183223478409
4678,5147.56279184001,4677.540431755501,-0.04043175550123124
4679,5148.253527357285,4678.277920361104,0.22207963889559323
4680,5149.768260280782,4679.895231053522,-0.395231053522366
4681,5150.709614962305,4680.900370037049,-0.40037003704856033
4682,5151.141849586538,4681.361901184096,0.13809881590441364
4683,5152.186214623065,4682.477076283595,0.02292371640487545
4684,5152.953127294702,4683.296008641817,0.2039913581829751
4685,5154.656845439168,4685.115354988153,-0.6153549881528306
4686,5154.899143797593,4685.37410496833,0.12589503166964278
4687,5155.493362582534,4686.00867781087,0.4913221891301873
4688,5156.509447328252,4687.093791254992,0.4062087450083709
4689,5157.819065555746,4688.492426664376,0.007573335624329047
4690,5158.954824000836,4689.7054275701885,-0.20542757018847624
4691,5160.057736251626,4690.8833865112265,-0.38338651122649026
4692,5160.852779927915,4691.732551503793,-0.23255150379281986
4693,5161.60539292215,4692.5364153744495,-0.036415374449461524
4694,5162.587186685213,4693.585092846878,-0.0850928468780694
4695,5163.060164468373,4694.090302370737,0.4096976292630643
4696,5164.102312022033,4695.20349288072,0.29650711928024975
4697,5165.306771505409,4696.490101784416,0.009898215584144054
4698,5166.191972908482,4697.435706304681,0.06429369531906559
4699,5167.483594402171,4698.8155069408185,-0.3155069408185227
4700,5167.990828057263,4699.357383545701,0.14261645429905911
4701,5169.070194564028,4700.510494794007,-0.010494794007172459
4702,5170.291516087281,4701.81530300154,-0.3153030015400873
4703,5171.235927501473,4702.824303653317,-0.32430365331674693
4704,5171.585481171244,4703.197770607478,0.30222939252234937
4705,5172.801688876792,4704.49720948856,0.0027905114402528852
4706,5173.675024556315,4705.430339970321,0.06966002967874374
4707,5174.359901137179,4706.16212451142,0.33787548857981164
4708,5175.093122777011,4706.945581309381,0.5544186906190589
4709,5177.237132249379,4709.236577988008,-0.736577988008321
4710,5177.609630022531,4709.634627561588,-0.1346275615878767
4711,5178.752194620444,4710.855593950601,-0.3555939506013601
4712,5179.202606391489,4711.336923612102,0.16307638789839984
4713,5180.106626202651,4712.30301742026,0.19698257973959699
4714,5181.189792408512,4713.460591672481,0.03940832751868584
4715,5182.130914016578,4714.466392841181,0.03360715881899523
4716,5182.998826329171,4715.39397744,0.10602256000038324
4717,5183.950307013239,4716.410902633662,0.08909736633813736
4718,5184.685795032389,4717.196997854855,0.3030021451450011
4719,5186.355746810169,4718.981916740708,-0.48191674070767476
4720,5186.709472600946,4719.360005614908,0.13999438509199535
4721,5187.887847767473,4720.619569800396,-0.11956980039576592
4722,5189.076719613578,4721.890397047093,-0.39039704709284706
4723,5189.859588661659,4722.727257188184,-0.2272571881840122
4724,5190.35529112836,4723.257155828789,0.24284417121089064
4725,5191.126801598031,4724.081904154064,0.4180958459355679
4726,5192.04648695598,4725.065075975506,0.4349240244937391
4727,5193.404415343728,4726.516790422974,-0.016790422973826935
4728,5194.707488901573,4727.909914593689,-0.4099145936888817
4729,5195.159163853736,4728.392815279855,0.10718472014468716
4730,5196.707324197984,4730.048052321095,-0.5480523210953834
4731,5197.11749833168,4730.486607969582,0.013392030417890055
4732,5197.718324176152,4731.129016549665,0.37098345033518854
4733,5199.22385819909,4732.738796075631,-0.2387960756313987
4734,5199.776329229935,4733.329538458072,0.17046154192757967
4735,5200.961311213042,4734.596639261004,-0.09663926100438403
4736,5201.555843874246,4735.232389007347,0.2676109926533172
4737,5202.457989722175,4736.197098454421,0.3029015455786066
4738,5203.521216949649,4737.334092199299,0.1659078007005519
4739,5205.099606994962,4739.022054429515,-0.5220544295152649
4740,5205.900595704828,4739.878677091068,-0.3786770910683117
4741,5206.633161678681,4740.6621417789065,-0.16214177890651627
4742,5207.215066682218,4741.284489256716,0.2155107432836303
4743,5208.288522939907,4742.432578020374,0.06742197962557839
4744,5209.138239301657,4743.341396244589,0.15860375541069516
4745,5210.010911048567,4744.274789473261,0.22521052673891973
4746,5210.80821869984,4745.127595024923,0.3724049750771883
4747,5212.419404469541,4746.850989268711,-0.35098926871069125
4748,5213.316674242101,4747.810782333269,-0.31078233326934424
4749,5213.896943192009,4748.4314985032015,0.06850149679848982
4750,5214.775252559325,4749.371049330702,0.12895066929831955
4751,5216.054491352254,4750.739527116308,-0.23952711630772683
4752,5216.932009341216,4751.678289150841,-0.17828915084101027
4753,5217.650795320355,4752.44725839731,0.052741602689820866
4754,5218.691413008384,4753.560556504603,-0.060556504602573114
4755,5219.057877220098,4753.952623735967,0.5473762640331188
4756,5220.22085517417,4755.196880256288,0.3031197437121591
4757,5221.422951323059,4756.483032215561,0.016967784438747913
4758,5222.858787673093,4758.0193262361445,-0.5193262361444795
4759,5223.434428937765,4758.635259636481,-0.13525963648135075
4760,5224.457463495683,4759.729926636695,-0.2299266366953816
4761,5225.256065096585,4760.584468139046,-0.0844681390462938
4762,5226.148424105463,4761.539357484643,-0.03935748464300559
4763,5226.351540382449,4761.7567101312925,0.7432898687075067
4764,5228.183098672058,4763.716698625291,-0.21669862529142847
4765,5229.198557199213,4764.803405851933,-0.30340585193334846
4766,5229.241811259006,4764.849695489374,0.650304510625574
4767,5230.897209709424,4766.621312886151,-0.12131288615091762
4768,5231.815083588343,4767.6036629761165,-0.10366297611653863
4769,5232.884620192417,4768.748361696695,-0.2483616966947011
4770,5233.658115095419,4769.576235945585,-0.07623594558481273
4771,5234.640289888715,4770.627487215799,-0.1274872157991922
4772,5235.574735166031,4771.627679373833,-0.12767937383341632
4773,5236.300461229102,4772.404485300504,0.09551469949565217
4774,5236.957439364858,4773.107718316964,0.3922816830363445
4775,5237.801695401995,4774.011433889732,0.48856611026803876
4776,5239.19278920816,4775.500547339704,-0.0005473397040987038
4777,5240.607636041085,4777.015147808305,-0.5151478083053007
4778,5241.50282545977,4777.973483870144,-0.4734838701442641
4779,5241.822720416351,4778.315950111896,0.18404988810380019
4780,5242.792985388688,4779.354694458217,0.14530554178327293
4781,5243.882548868623,4780.521191228723,-0.021191228723182576
4782,5244.845451001428,4781.552113177373,-0.05211317737303034
4783,5245.755732517566,4782.526723237738,-0.02672323773822427
4784,5246.279250856914,4783.087249401059,0.4127505989408746
4785,5247.610320391938,4784.512450478703,-0.012450478702703549
4786,5248.441539016074,4785.402479082087,0.09752091791324347
4787,5249.36633613166,4786.392731619716,0.10726838028404018
4788,5250.675238104252,4787.794319563141,-0.2943195631405615
4789,5251.798558626512,4788.997226070226,-0.49722607022613374
4790,5252.522037866707,4789.771983239938,-0.2719832399379811
4791,5252.89057514845,4790.166647380655,0.33335261934462324
4792,5253.944070491727,4791.2948512793255,0.20514872067451506
4793,5254.912630870914,4792.332126720122,0.1678732798782221
4794,5255.613164303762,4793.082377598777,0.41762240122261574
4795,5257.081180064536,4794.654627870295,-0.1546278702953714
4796,5257.924941007524,4795.558328466786,-0.05832846678640635
4797,5259.108320960431,4796.825810460968,-0.3258104609676593
4798,5259.771904521843,4797.53657301903,-0.03657301902967447
4799,5260.959190246009,4798.808304793371,-0.30830479337055294
4800,5261.18047604718,4799.045334327979,0.45466567202129227
4801,5262.848835686332,4800.83243977108,-0.33243977108031686
4802,5263.396965101678,4801.419600769981,0.08039923001888383
4803,5264.41137801765,4802.506272675723,-0.00627267572326673
4804,5265.088374535071,4803.2315105381085,0.2684894618914768
4805,5265.605936327469,4803.785962037548,0.7140379624515845
4806,5267.885364151473,4806.227954579776,-0.7279545797764513
4807,5268.198270777973,4806.563189402607,-0.06318940260734962
4808,5269.201393021093,4807.637911758653,-0.1379117586529901
4809,5270.259454504893,4808.771527703657,-0.27152770365682954
4810,5270.886227525981,4809.443073519073,0.05692648092735908
4811,5271.69696911518,4810.311747076388,0.1882529236117989
4812,5272.517960360033,4811.191422906046,0.30857709395422717
4813,5273.578737968429,4812.328055193678,0.1719448063222444
4814,5274.691509015371,4813.520435392884,-0.02043539288388274
4815,5275.643878877955,4814.540968761527,-0.04096876152743789
4816,5276.68350302537,4815.655032661117,-0.15503266111682024
4817,5277.475759502642,4816.504038619334,-0.004038619334096438
4818,5278.379390382477,4817.472419856865,0.02758014313531021
4819,5279.775667717853,4818.968796918832,-0.4687969188316856
4820,5280.315445981202,4819.547287871382,-0.04728787138174084
4821,5281.239950686327,4820.538118099081,-0.038118099080747925
4822,5281.633380065803,4820.959780577201,0.5402194227990549
4823,5283.163868559936,4822.600143646146,-0.1001436461456251
4824,5283.478719186036,4822.937606316523,0.5623936834772394
4825,5284.926926629153,4824.489860044563,0.010139955436898163
4826,5286.437161557582,4826.108664890461,-0.6086648904611138
4827,5287.137482205342,4826.859354490363,-0.3593544903633301
4828,5287.711380226105,4827.474539813103,0.02546018689736229
4829,5288.515549597788,4828.336579318053,0.16342068194717285
4830,5289.35324522151,4829.234578407561,0.26542159243945207
4831,5290.674974347994,4830.651498215425,-0.15149821542490827
4832,5291.399590509319,4831.428323399439,0.07167660056074965
4833,5292.275016391078,4832.366845298607,0.1331547013933232
4834,5293.024355514839,4833.170211087463,0.3297889125369693
4835,5294.464760714008,4834.714515601604,-0.2145156016040346
4836,5295.126355475199,4835.423853422655,0.07614657734484354
4837,5296.581056719173,4836.983577409566,-0.483577409566351
4838,5297.125394919595,4837.567230675571,-0.06723067557140894
4839,5297.981183439349,4838.484846897113,0.015153102886870329
4840,5299.27467923793,4839.871834961127,-0.37183496112720604
4841,5299.627300319932,4840.2499517728165,0.25004822718346986
4842,5300.144736871139,4840.804807544894,0.6951924551058255
4843,5301.458131809212,4842.2132187615125,0.2867812384874924
4844,5302.981454220329,4843.846809312891,-0.3468093128913097
4845,5303.885255545879,4844.816066668928,-0.3160666689282152
4846,5304.508457854939,4845.484417455674,0.015582544326207426
4847,5305.526333012086,4846.576058595015,-0.07605859501472878
4848,5306.498769767441,4847.618997416052,-0.11899741605157033
4849,5307.300388636242,4848.478755309947,0.021244690053208615
4850,5308.072790499981,4849.307195405909,0.19280459409128525
4851,5309.361753481891,4850.689713280394,-0.18971328039424407
4852,5310.032764727003,4851.40944725432,0.09055274567981542
4853,5310.606801112015,4852.025175647285,0.47482435271467693
4854,5311.859049891717,4853.368408968096,0.1315910319035538
4855,5312.980209158523,4854.57106808013,-0.07106808013031696
4856,5314.439426791835,4856.136416254704,-0.6364162547042724
4857,5314.954794049503,4856.689281992033,-0.18928199203310214
4858,5315.726296859328,4857.516934746903,-0.016934746902734332
4859,5316.63925390622,4858.49635979437,0.0036402056302904384
4860,5317.139734905884,4859.033288990804,0.466711009195933
4861,5318.445240959231,4860.433905549362,0.06609445063804742
4862,5319.364734297889,4861.420417681351,0.07958231864904519
4863,5320.109753010277,4862.219756867194,0.28024313280639035
4864,5321.536694997686,4863.750785771362,-0.2507857713617341
4865,5322.633280584929,4864.927402126232,-0.42740212623175466
4866,5323.137231112139,4865.468143919346,0.03185608065359702
4867,5323.796327875688,4866.175369969374,0.3246300306263947
4868,5325.466411142998,4867.967466029037,-0.4674660290365864
4869,5326.038512792134,4868.581383398062,-0.08138339806191652
4870,5326.867763789813,4869.471262888257,0.028737111742884736
4871,5327.480222283036,4870.128512854686,0.37148714531394944
4872,5328.463844665271,4871.1840948197705,0.31590518022949254
4873,5329.37715859333,4872.164250597574,0.3357494024257903
4874,5331.015051848382,4873.922077201389,-0.42207720138867444
4875,5331.855033782668,4874.823597173325,-0.32359717332474247
4876,5332.582449338863,4875.604321042255,-0.10432104225492367
4877,5333.74634945267,4876.853549886679,-0.3535498866785929
4878,5334.061217957368,4877.191509217946,0.3084907820539229
4879,5335.195388351517,4878.408878316089,0.09112168391129671
4880,5335.947926227236,4879.216640870269,0.2833591297312523
4881,5337.059672760579,4880.410003368871,0.08999663112899725
4882,5338.214274771737,4881.649406484443,-0.1494064844428067
4883,5338.933125464859,4882.421074089738,0.07892591026211448
4884,5339.674564986856,4883.21700635593,0.28299364407030225
4885,5341.264957858609,4884.92434180409,-0.42434180408963584
4886,5341.907714556882,4885.614382188231,-0.11438218823059287
4887,5342.986689833523,4886.772758761343,-0.27275876134262944
4888,5343.623359433018,4887.45629685404,0.043703145959625544
4889,5344.507532612438,4888.40557855112,0.09442144887998438
4890,5345.528297341689,4889.501539043965,-0.0015390439648399479
4891,5346.069965615355,4890.08312250987,0.4168774901299912
4892,5346.890937421846,4890.964607860802,0.5353921391979384
4893,5348.769669281725,4892.981895869942,-0.4818958699415816
4894,5349.489057840144,4893.754367019266,-0.254367019266283
4895,5350.395904772443,4894.728150749287,-0.2281507492871242
4896,5351.225419925848,4895.618916057504,-0.11891605750406598
4897,5351.771637383498,4896.205476567917,0.2945234320832242
4898,5352.900178207066,4897.41739834439,0.08260165561023314
4899,5354.185202829317,4898.79741165376,-0.29741165375980927
4900,5354.773479714043,4899.429190193045,0.0708098069553671
4901,5355.347063675624,4900.045199206781,0.4548007932189648
4902,5356.538865828703,4901.32518409126,0.1748159087401291
4903,5357.711619892325,4902.584752694276,-0.08475269427617604
4904,5358.669106441791,4903.613148640267,-0.1131486402673545
4905,5359.633917927375,4904.649439533451,-0.14943953345118643
4906,5360.877126531288,4905.984793740923,-0.48479374092312355
4907,5361.630997292117,4906.794563134223,-0.29456313422269886
4908,5361.916637016831,4907.101387116514,0.3986128834858391
4909,5362.990405326631,4908.254812316322,0.24518768367761368
4910,5363.717280477005,4909.035629706782,0.4643702932180531
4911,5365.296267419234,4910.731849099085,-0.23184909908468398
4912,5365.742257680618,4911.210965462803,0.28903453719703975
4913,5367.380123852191,4912.970535403839,-0.4705354038387668
4914,5367.905543114693,4913.5350134788905,-0.03501347889050521
4915,5368.81364160114,4914.510637826305,-0.010637826305355702
4916,5369.807596452585,4915.578530807621,-0.07853080762106401
4917,5370.713539813717,4916.55189082348,-0.051890823479880055
4918,5371.53832975051,4917.438079455284,0.0619205447155764
4919,5372.680867258242,4918.665702599314,-0.16570259931359033
4920,5373.219972947188,4919.244969326891,0.2550306731091041
4921,5374.114835212556,4920.206513958683,0.29348604131700995
4922,5374.869738245037,4921.0176884704,0.48231152960033796
4923,5376.722663658612,4923.008804953293,-0.5088049532932928
4924,5377.719730868922,4924.080275437482,-0.5802754374817596
4925,5378.207038130047,4924.603957306045,-0.10395730604523123
4926,5378.76871372005,4925.207567377533,0.2924326224665492
4927,5380.103731882782,4926.642294938253,-0.1422949382531442
4928,5380.877056510781,4927.473401498719,0.026598501281114295
4929,5381.348150697047,4927.979703974237,0.5202960257629456
4930,5382.809993370514,4929.550842547576,-0.05084254757639428
4931,5383.528600988368,4930.323200635155,0.17679936484455538
4932,5384.819764523646,4931.710979079384,-0.21097907938383287
4933,5385.68978113359,4932.646124893652,-0.14612489365208603
4934,5386.311049248222,4933.313914658348,0.18608534165196033
4935,5387.705534128895,4934.812862548503,-0.3128625485032899
4936,5388.449137494742,4935.61219387133,-0.11219387133041892
4937,5389.608146493819,4936.858095187094,-0.3580951870935678
4938,5389.909513561407,4937.182062609445,0.31793739055501646
4939,5390.992260083,4938.346029429905,0.1539705700952254
4940,5391.5059656271,4938.898281785198,0.6017182148016218
4941,5392.981959683037,4940.485073029849,0.014926970150554553
4942,5394.083717252519,4941.669577204584,-0.1695772045841295
4943,5395.116663427587,4942.780134491566,-0.2801344915660593
4944,5396.115859471749,4943.854435758523,-0.3544357585233229
4945,5397.0034297268,4944.8087455074265,-0.30874550742646534
4946,5397.261960157859,4945.08672010966,0.41327989034016355
4947,5398.277621995208,4946.1787893367455,0.32121066325453285
4948,5399.712504640458,4947.721668834707,-0.22166883470708854
4949,5400.418887868291,4948.481240490278,0.018759509722258372
4950,5401.194496185365,4949.315266603328,0.1847333966716178
4951,5401.947143074564,4950.12461881084,0.37538118916017993
4952,5403.389590115234,4951.675788181316,-0.17578818131642038
4953,5404.287687736624,4952.641609551954,-0.14160955195438873
4954,5405.354453322769,4953.788848665686,-0.28884866568569123
4955,5406.184132744066,4954.681139725148,-0.1811397251476592
4956,5407.075537996711,4955.639837329599,-0.1398373295987767
4957,5407.735014383859,4956.349112767061,0.1508872329386577
4958,5408.588715767542,4957.267298725408,0.23270127459181822
4959,5409.577739475962,4958.33105543294,0.16894456705995253
4960,5410.101872017245,4958.89480435094,0.6051956490600787
4961,5412.119660738806,4961.065182371277,-0.5651823712769328
4962,5412.756931861644,4961.750670116706,-0.2506701167058054
4963,5413.448942338437,4962.495052378664,0.00494762133621407
4964,5414.391884655146,4963.509379821011,-0.009379821010952583
4965,5415.225062963724,4964.405655358252,0.09434464174773893
4966,5416.511814309129,4965.789893448884,-0.2898934488839586
4967,5417.190777293039,4966.520315577129,-0.020315577128712903
4968,5417.730775966485,4967.101250848807,0.39874915119344223
4969,5419.145769365595,4968.623553690277,-0.12355369027682173
4970,5419.647914017258,4969.16379383182,0.33620616818006965
4971,5420.595118618175,4970.182878805962,0.317121194038009
4972,5422.107201544394,4971.809763531989,-0.30976353198911966
4973,5423.364285030061,4973.162339597834,-0.6623395978340341
4974,5423.582839997252,4973.397501518422,0.10249848157764063
4975,5424.99013750159,4974.911766441786,-0.4117664417863125
4976,5425.205579331659,4975.143588940447,0.35641105955255625
4977,5426.077473621457,4976.081789792959,0.4182102070408291
4978,5427.327787267215,4977.427227273849,0.07277272615101538
4979,5428.200793507517,4978.366678989875,0.13332101012474595
4980,5429.307069477649,4979.557186953834,-0.05718695383438899
4981,5430.093232394626,4980.403230222475,0.09676977752496896
4982,5431.518550461936,4981.937157916616,-0.43715791661634285
4983,5432.08130056369,4982.542806122402,-0.04280612240199844
4984,5432.867061873672,4983.38848107013,0.11151892986981693
4985,5433.939314658022,4984.542521406693,-0.04252140669268556
4986,5435.224510669432,4985.925791876278,-0.425791876277799
4987,5435.614214161097,4986.345243547222,0.1547564527782015
4988,5436.658400672124,4987.469160391826,0.0308396081736646
4989,5436.820644930084,4987.643795904092,0.8562040959077422
4990,5438.486077902409,4989.436469319095,0.06353068090538727
4991,5439.874947381846,4990.9315116355165,-0.43151163551647187
4992,5440.645160132015,4991.76062802041,-0.2606280204099676
4993,5441.565050360559,4992.750891522328,-0.2508915223279473
4994,5442.197196540772,4993.431412381625,0.06858761837520433
4995,5443.28353971242,4994.600914733464,-0.10091473346437851
4996,5443.795137320655,4995.151686906943,0.34831309305718605
4997,5444.966959569919,4996.413267940272,0.08673205972809228
4998,5445.92502709969,4997.444750976562,0.0552490234376819
4999,5446.765247872766,4998.349378886561,0.1506211134392288
5000,5447.8619983013,4999.530231773603,-0.03023177360319096
5001,5448.908413286428,5000.656922087158,-0.15692208715790912
5002,5449.427630167592,5001.215982366547,0.28401763345300424
5003,5451.309407660431,5003.2422287061045,-0.7422287061044699
5004,5451.666775612692,5003.627044387743,-0.12704438774289883
5005,5452.330950202066,5004.342240965768,0.1577590342321855
5006,5453.276425897147,5005.360370453123,0.1396295468766766
5007,5454.232766091017,5006.390225847632,0.10977415236811794
5008,5454.948555510585,5007.161056458265,0.3389435417348068
5009,5455.867963982944,5008.151185500823,0.3488144991770241
5010,5457.254335831569,5009.644243199417,-0.1442431994173603
5011,5458.715645086829,5011.218065663545,-0.7180656635446212
5012,5459.062182610663,5011.59129390712,-0.0912939071204164
5013,5459.714513943352,5012.2938780495615,0.2061219504385008
5014,5460.815544164753,5013.479755056902,0.020244943098077783
5015,5461.682968830869,5014.414049451066,0.08595054893430643
5016,5462.745000549541,5015.557983002569,-0.05798300256901712
5017,5463.764554543698,5016.656193945679,-0.15619394567875133
5018,5464.243875226839,5017.172503911867,0.32749608813264786
5019,5465.083241509825,5018.07666039562,0.42333960438008944
5020,5466.418306245839,5019.514820280579,-0.014820280579442624
5021,5467.790444992022,5020.992971147123,-0.49297114712317125
5022,5468.244535553762,5021.482157040783,0.01784295921697776
5023,5469.480888387568,5022.814094383835,-0.3140943838352541
5024,5470.220068672416,5023.610443181813,-0.11044318181302515
5025,5471.082873141512,5024.539997417536,-0.039997417536142166
5026,5471.760866919691,5025.270458513834,0.22954148616645398
5027,5472.264037693188,5025.812576372367,0.6874236276325973
5028,5473.925204188395,5027.602374937681,-0.10237493768090644
5029,5474.871452901582,5028.621932085891,-0.1219320858908759
5030,5475.749436824135,5029.56795906647,-0.06795906647039374
5031,5476.748893801355,5030.644900436448,-0.14490043644764228
5032,5477.671940618743,5031.639533619584,-0.13953361958374444
5033,5478.46343645782,5032.492433178744,0.007566821255750256
5034,5479.396814759793,5033.4982457330725,0.0017542669274916989
5035,5480.6548058014,5034.853902435382,-0.3539024353822242
5036,5480.956733202193,5035.179277175151,0.32072282484932657
5037,5481.993734077744,5036.296830518884,0.20316948111576494
5038,5483.06685168978,5037.453338956288,0.04666104371244728
5039,5483.47314896839,5037.891217887232,0.6087821127675852
5040,5485.379530334926,5039.945847027385,-0.4458470273848434
5041,5486.250958078564,5040.885075566661,-0.38507556666081655
5042,5487.158642325719,5041.863404943573,-0.36340494357318676
5043,5487.814448203134,5042.570267109547,-0.07026710954687587
5044,5488.239469786523,5043.028384451793,0.47161554820741003
5045,5489.539886310044,5044.430094886786,0.06990511321419035
5046,5490.606477202431,5045.579802806814,-0.0798028068138592
5047,5491.198488461752,5046.217962402747,0.2820375972532929
5048,5492.137050601375,5047.229707957602,0.2702920423980686
5049,5493.792469126766,5049.014268252203,-0.5142682522027826
5050,5494.038480583097,5049.279478220446,0.22052177955356456
5051,5495.280875462483,5050.6188552570175,-0.11885525701745792
5052,5496.089727275415,5051.490870598643,0.009129401357313327
5053,5497.373490396219,5052.874922138189,-0.37492213818859454
5054,5498.174123945101,5053.738125864167,-0.2381258641671593
5055,5498.633565305236,5054.233481327634,0.26651867236614635
5056,5499.612797508679,5055.289279588418,0.2107204115818604
5057,5500.353983645933,5056.088437438751,0.4115625612494114
5058,5501.331224223354,5057.142136971624,0.35786302837641415
5059,5503.211694478848,5059.169812280605,-0.669812280604674
5060,5503.522536239301,5059.504996889043,-0.004996889042558905
5061,5504.579491040507,5060.644745544992,-0.1447455449915651
5062,5505.571935828686,5061.714960364423,-0.21496036442295008
5063,5506.330011485514,5062.532459582554,-0.032459582554110966
5064,5506.908179898226,5063.1559602652,0.34403973480038985
5065,5508.017009501103,5064.351756554104,0.14824344589578686
5066,5509.291230676581,5065.725960122801,-0.22596012280064315
5067,5509.945930302348,5066.432049319501,0.0679506804990524
5068,5510.544264813349,5067.077359942479,0.4226400575207663
5069,5511.757773875191,5068.386175114239,0.11382488576055039
5070,5513.109958056239,5069.844606706979,-0.3446067069789933
5071,5514.001848704366,5070.806606249615,-0.3066062496145605
5072,5514.844462098078,5071.715476090643,-0.21547609064327844
5073,5515.501482955429,5072.424174084967,0.07582591503341973
5074,5516.629656666081,5073.641111916162,-0.14111191616211727
5075,5517.161633410805,5074.214957054441,0.28504294555932574
5076,5517.948299556424,5075.063551484455,0.4364485155447255
5077,5519.095837607023,5076.301458548091,0.19854145190856798
5078,5520.215397938825,5077.509221234635,-0.00922123463533353
5079,5521.614204753151,5079.018281068868,-0.5182810688684185
5080,5522.249630994146,5079.7038098121375,-0.20380981213747873
5081,5522.970046465706,5080.481043147701,0.018956852299197635
5082,5523.601350977463,5081.162149798864,0.3378502011355522
5083,5525.239782350291,5082.9298867713205,-0.42988677132052544
5084,5525.717122329117,5083.444913141572,0.055086858427785046
5085,5526.662765223688,5084.465234713607,0.03476528639293974
5086,5527.355332468717,5085.212511252102,0.287488747898351
5087,5528.166412501773,5086.087680044896,0.41231995510406705
5088,5529.660934020357,5087.700343122649,-0.20034312264942855
5089,5530.203159249182,5088.28544701671,0.21455298328965
5090,5531.929612602778,5090.148483047591,-0.6484830475910712
5091,5532.461117364644,5090.722053325166,-0.22205332516568888
5092,5533.275825277345,5091.601256413924,-0.10125641392369289
5093,5533.953358476204,5092.332440091156,0.16755990884394123
5094,5534.810789007362,5093.25778519962,0.24221480037977017
5095,5535.65686832453,5094.170900720024,0.32909927997570776
5096,5536.899525056139,5095.512052422737,-0.01205242273681506
5097,5537.790908369012,5096.474115550669,0.02588444933098799
5098,5538.740727318241,5097.499272939896,0.000727060103599797
5099,5539.814585079016,5098.658338964833,-0.15833896483309218
5100,5540.694583143288,5099.608187649139,-0.10818764913892664
5101,5541.576351543938,5100.559969503331,-0.05996950333064888
5102,5542.764646056709,5101.842651328263,-0.34265132826294575
5103,5543.113256672816,5102.21896009476,0.2810399052395951
5104,5544.515208608564,5103.732336512469,-0.2323365124693737
5105,5545.192999163182,5104.464016807925,0.03598319207503664
5106,5545.667895222007,5104.976678736937,0.5233212630628259
5107,5546.535304578455,5105.913085093232,0.5869149067675608
5108,5548.523919661125,5108.059963572722,-0.5599635727221539
5109,5549.358839814484,5108.961364434847,-0.46136443484738265
5110,5549.834823142451,5109.475256992366,0.02474300763424253
5111,5550.807899778993,5110.5258535895455,-0.025853589545477007
5112,5551.92991174966,5111.737284125225,-0.23728412522541475
5113,5552.207947116761,5112.037483056254,0.46251694374586805
5114,5553.659789785938,5113.605095225274,-0.1050952252744537
5115,5554.238599943797,5114.230076374316,0.26992362568398676
5116,5555.402430795451,5115.486773672154,0.013226327845586638
5117,5556.199245743835,5116.347191864767,0.15280813523258985
5118,5557.363922456233,5117.60486794697,-0.10486794697044388
5119,5558.202004496688,5118.50989482614,-0.009894826140225632
5120,5559.248178602726,5119.639664100813,-0.13966410081320646
5121,5560.367211776969,5120.848148974021,-0.3481489740206598
5122,5561.310135213804,5121.866474323255,-0.3664743232548062
5123,5561.791548798034,5122.3863944875775,0.11360551242250949
5124,5562.26188444634,5122.894357035638,0.6056429643622323
5125,5563.637870900841,5124.380458890937,0.1195411090629932
5126,5564.430162550755,5125.236179452888,0.2638205471121182
5127,5565.566217326974,5126.463215296605,0.036784703394914686
5128,5566.912177257103,5127.917014336015,-0.41701433601519966
5129,5567.644318652245,5128.707837084432,-0.20783708443195792
5130,5568.798580122037,5129.954644079069,-0.4546440790691122
5131,5568.91293377042,5130.0781683631085,0.42183163689151115
5132,5570.00635617332,5131.259297074064,0.2407029259356932
5133,5571.437867776981,5132.805685654509,-0.30568565450903407
5134,5572.175581208444,5133.602622503816,-0.10262250381583726
5135,5572.586024225677,5134.046022496251,0.45397750374922907
5136,5573.899529405042,5135.465029358598,0.034970641401741887
5137,5574.441283883401,5136.050312297449,0.4496877025512731
5138,5576.064762432889,5137.8042829956685,-0.3042829956684727
5139,5577.183679281272,5139.013180066218,-0.5131800662184105
5140,5577.672276828444,5139.541080494432,-0.04108049443220807
5141,5578.64464437375,5140.591685740096,-0.09168574009618169
5142,5579.495916492833,5141.511474240864,-0.011474240864117746
5143,5580.333270376429,5142.416244435279,0.08375556472128665
5144,5581.025573783572,5143.164301076527,0.33569892347259156
5145,5581.822277193784,5144.025182275633,0.4748177243673126
5146,5583.389191418461,5145.718370786697,-0.2183707866970508
5147,5584.323740890818,5146.728266934357,-0.22826693435672496
5148,5585.244570955993,5147.723361914085,-0.223361914085217
5149,5585.7087170082,5148.224950489361,0.27504951063929184
5150,5587.160081274637,5149.793435481383,-0.29343548138331244
5151,5587.886525281241,5150.578523865736,-0.0785238657363152
5152,5588.751061185498,5151.512871619439,-0.012871619438556081
5153,5589.691727171092,5152.529521187991,-0.029521187991122133
5154,5590.385173138886,5153.278997335861,0.22100266413872305
5155,5591.400963623906,5154.376888034011,0.1231119659887554
5156,5591.925240792589,5154.943550853128,0.5564491468721826
5157,5593.555617029215,5156.70578628355,-0.20578628354996908
5158,5594.574594282587,5157.807213302624,-0.3072133026244046
5159,5595.711374711911,5159.036010309127,-0.5360103091270503
5160,5596.227736682098,5159.5941812868095,-0.09418128680954396
5161,5596.856616829599,5160.273991101022,0.22600889897785237
5162,5597.841768955219,5161.3389480781925,0.16105192180748418
5163,5598.606006812811,5162.165114049196,0.33488595080416417
5164,5600.162150309787,5163.847407084288,-0.34740708428762446
5165,5600.549747047586,5164.266435248579,0.23356475142099953
5166,5601.300750966579,5165.078352563732,0.42164743626835843
5167,5603.081362651793,5167.00345244063,-0.5034524406300989
5168,5603.564840050677,5167.526177284704,-0.02617728470431757
5169,5604.347254349504,5168.372120018718,0.1278799812816942
5170,5605.644654187448,5169.77490105759,-0.2749010575898865
5171,5606.5425795459,5170.745788317713,-0.24578831771304976
5172,5607.273178719414,5171.53577000953,-0.03577000953009701
5173,5608.00540350311,5172.327524640925,0.17247535907517886
5174,5608.695582163807,5173.073828731595,0.426171268404687
5175,5609.563895924982,5174.012773095427,0.487226904572708
5176,5611.146743753712,5175.724428378705,-0.2244283787049426
5177,5612.157114643562,5176.817057410116,-0.3170574101159218
5178,5613.121400281542,5177.859876213502,-0.35987621350159316
5179,5613.727896996746,5178.515780623892,-0.015780623892169388
5180,5614.492287916933,5179.342456799257,0.15754320074302086
5181,5615.74102643799,5180.692982547615,-0.1929825476154292
5182,5616.254524796165,5181.248350029209,0.2516499707908224
5183,5617.320271437551,5182.401018317594,0.09898168240579253
5184,5618.289089574103,5183.448880595299,0.051119404701239546
5185,5619.268082017288,5184.5077742923495,-0.0077742923494952265
5186,5619.902394519335,5185.193871210624,0.3061287893760891
5187,5621.023391660969,5186.406412907015,0.09358709298521717
5188,5622.488604142267,5187.991333419016,-0.49133341901597305
5189,5623.413625843149,5188.9919607952925,-0.4919607952924707
5190,5623.777120106686,5189.385171508127,0.11482849187268585
5191,5624.755579135303,5190.443640276792,0.056359723207606294
5192,5625.592184743386,5191.348677588087,0.151322411912588
5193,5626.502242711871,5192.333197916752,0.16680208324760315
5194,5627.213187208196,5193.102329298462,0.397670701538118
5195,5628.348462444159,5194.330550189668,0.16944981033157092
5196,5629.890648797948,5195.999054631951,-0.4990546319513669
5197,5630.380502229838,5196.529045268169,-0.0290452681692841
5198,5631.520288039647,5197.762248153857,-0.2622481538573993
5199,5632.197465155438,5198.494944230249,0.005055769751379557
5200,5632.847100005567,5199.197852142577,0.302147857422824
5201,5634.370016211937,5200.845701260869,-0.3457012608687364
5202,5635.016250807585,5201.544969714832,-0.04496971483240486
5203,5635.929470274486,5202.533153519195,-0.03315351919536624
5204,5636.236694481528,5202.865602433854,0.634397566145708
5205,5637.490237062517,5204.222095011906,0.27790498809372366
5206,5638.788714457924,5205.627259552675,-0.12725955267524114
5207,5640.134252591616,5207.083401702618,-0.5834017026181755
5208,5640.385710966422,5207.355535768203,0.1444642317974285
5209,5641.872250768496,5208.964339950991,-0.4643399509914161
5210,5642.463399097843,5209.604126156169,-0.10412615616860421
5211,5643.093319440582,5210.285885265282,0.21411473471835052
5212,5643.663127487791,5210.902594828112,0.5974051718876581
5213,5645.328117414939,5212.704684336675,-0.20468433667520003
5214,5645.769016095281,5213.181900844886,0.3180991551143961
5215,5647.161576573469,5214.689205684927,-0.1892056849274013
5216,5647.857206976795,5215.442175194346,0.05782480565358128
5217,5648.974462993071,5216.651552418428,-0.15155241842785472
5218,5649.800756925361,5217.545999459841,-0.04599945984136866
5219,5650.839075232865,5218.669986014965,-0.16998601496470656
5220,5651.883418462845,5219.800525218648,-0.3005252186476355
5221,5652.345479579189,5220.300732838828,0.19926716117242904
5222,5653.407356205343,5221.450297880922,0.049702119077664975
5223,5654.192151373509,5222.299920832151,0.20007916784925328
5224,5655.000372762493,5223.174923241022,0.32507675897795707
5225,5655.819252623684,5224.061483550751,0.43851644924870925
5226,5657.866738715883,5226.2782770072645,-0.778277007264478
5227,5658.411247459897,5226.867831228428,-0.36783122842825833
5228,5658.921215888581,5227.4199952864965,0.0800047135035129
5229,5659.89441287266,5228.47373649224,0.026263507759722415
5230,5660.630422802756,5229.270678136407,0.2293218635932135
5231,5661.929696761166,5230.677551661566,-0.17755166156621272
5232,5662.457451148033,5231.249025659332,0.2509743406681082
5233,5663.557248248999,5232.439956018465,0.060043981535272906
5234,5664.336708256301,5233.284025548846,0.2159744511536701
5235,5665.460459801875,5234.500955026007,-0.0009550260074320249
5236,5666.472615778431,5235.597066147769,-0.09706614776860079
5237,5667.316170462719,5236.510613015877,-0.010613015877424914
5238,5668.525315609316,5237.820119299844,-0.3201192998440092
5239,5669.472767900277,5238.846240453668,-0.3462404536676331
5240,5669.97856381366,5239.394043933079,0.10595606692095316
5241,5671.149659068225,5240.662429023276,-0.16242902327576303
5242,5671.479959154301,5241.020176057462,0.47982394253813254
5243,5672.290954890887,5241.898576098021,0.6014239019787055
5244,5673.937158397051,5243.681657293149,-0.18165729314932832
5245,5674.814995125538,5244.632515018645,-0.1325150186448809
5246,5675.707528740345,5245.59931431776,-0.09931431776021782
5247,5676.97253652276,5246.969618775549,-0.4696187755489518
5248,5677.385026082543,5247.416452827438,0.0835471725622483
5249,5678.347908881797,5248.45952523752,0.040474762479789206
5250,5679.113903984797,5249.2893315538495,0.21066844615052105
5251,5680.339045053084,5250.6165671658855,-0.11656716588549898
5252,5681.241565137186,5251.59432375724,-0.09432375724009034
5253,5682.09916992471,5252.523441935399,-0.02344193539920525
5254,5682.288150146832,5252.728183487519,0.7718165124806546
5255,5683.970509043295,5254.550898580057,-0.05089858005703718
5256,5685.123793484788,5255.800445268143,-0.30044526814344863
5257,5686.093541225543,5256.851164648361,-0.3511646483611912
5258,5687.024519731122,5257.85990241898,-0.35990241897980013
5259,5687.481856548012,5258.355446827111,0.14455317288866354
5260,5688.363844470024,5259.31113577516,0.18886422483956267
5261,5689.508631787299,5260.551616724566,-0.05161672456597444
5262,5689.952695061554,5261.032809450346,0.46719054965433315
5263,5691.140945770717,5262.320440461836,0.17955953816363035
5264,5692.205217958837,5263.473757430029,0.026242569971145713
5265,5693.589608697249,5264.974023793448,-0.47402379344839574
5266,5694.311966528287,5265.756865352139,-0.25686535213935713
5267,5694.609217468297,5266.079009639682,0.4209903603177736
5268,5696.031917372013,5267.620888062384,-0.12088806238443794
5269,5697.172049668291,5268.856569220676,-0.3565692206757376
5270,5697.902079625021,5269.647798456363,-0.1477984563625796
5271,5698.374747827997,5270.160098936119,0.33990106388137065
5272,5699.37299319699,5271.242065673201,0.2579343267989316
5273,5700.481014348117,5272.443047510797,0.056952489202558354
5274,5700.983872395565,5272.988105618433,0.5118943815668899
5275,5702.732811445348,5274.883871341895,-0.3838713418954285
5276,5703.616227811559,5275.841484600671,-0.3414846006708103
5277,5704.505840610416,5276.8058367285,-0.30583672850025323
5278,5705.177927107998,5277.534402089258,-0.03440208925803745
5279,5706.077414326694,5278.509497533071,-0.009497533071225917
5280,5706.596075748012,5279.071766351733,0.4282336482674509
5281,5707.768652251342,5280.342956998976,0.15704300102424895
5282,5709.039424443667,5281.720644919866,-0.22064491986566281
5283,5709.520369132194,5282.242065372417,0.25793462758338137
5284,5710.601740934771,5283.414467755699,0.08553224430124828
5285,5711.559224969285,5284.452580621928,0.04741937807193608
5286,5712.815871228329,5285.815086648162,-0.3150866481619232
5287,5713.793844101057,5286.875474309514,-0.3754743095141748
5288,5714.099754695895,5287.207169777754,0.2928302222462662
5289,5715.633644358692,5288.870388640851,-0.37038864085116074
5290,5716.333560485884,5289.629339642866,-0.1293396428663982
5291,5716.75027915226,5290.081213190426,0.4187868095741578
5292,5717.771496602877,5291.188602197095,0.3113978029050486
5293,5718.472339581721,5291.948599946292,0.5514000537077663
5294,5720.363389999221,5293.999332997122,-0.4993329971221101
5295,5721.050534731966,5294.744525726779,-0.24452572677910211
5296,5721.964323486251,5295.735529056788,-0.23552905678843672
5297,5722.591357947803,5296.415560973278,0.08443902672206605
5298,5723.779045993775,5297.703663334845,-0.20366333484525967
5299,5724.163357935446,5298.120475727251,0.3795242727492223
5300,5725.671140915322,5299.755808393224,-0.2558083932235604
5301,5726.233386878947,5300.365633277759,0.13436672224088397
5302,5726.988743535993,5301.184924286277,0.3150757137227629
5303,5728.120700254257,5302.412720950221,0.08727904977877188
5304,5729.15237685311,5303.531778038149,-0.03177803814924118
5305,5729.883193187213,5304.324510622802,0.175489377197664
5306,5731.347862115284,5305.913313947746,-0.4133139477462464
5307,5732.341189147186,5306.990861859935,-0.4908618599347392
5308,5732.882093179841,5307.57763885908,-0.07763885908025259
5309,5733.599967910078,5308.356407622565,0.1435923774351977
5310,5734.289092686588,5309.104001162332,0.3959988376682304
5311,5735.448992420156,5310.362342302959,0.13765769704059494
5312,5736.325416947509,5311.313174283788,0.18682571621229727
5313,5737.25526108092,5312.321984434502,0.17801556549784436
5314,5738.609819841824,5313.791620566268,-0.29162056626773847
5315,5739.56963443232,5314.833007598864,-0.333007598864242
5316,5740.311894799232,5315.638368489716,-0.13836848971641302
5317,5740.865372181462,5316.2389076496775,0.2610923503225422
5318,5742.146698513284,5317.629216810984,-0.1292168109839622
5319,5743.006062922093,5318.56169969877,-0.06169969877009862
5320,5743.891993555751,5319.523030606794,-0.02303060679423652
5321,5744.857530427187,5320.570767690936,-0.07076769093600888
5322,5745.316395042859,5321.068706434278,0.43129356572171673
5323,5746.105037293987,5321.924518303127,0.5754816968728846
5324,5747.944351267191,5323.920555816512,-0.42055581651220564
5325,5748.737621328773,5324.7814474348215,-0.2814474348215299
5326,5749.840045598378,5325.977875748025,-0.4778757480253262
5327,5750.072418941115,5326.23006792741,0.2699320725896541
5328,5751.510678657524,5327.791028297395,-0.29102829739531444
5329,5752.022580454237,5328.3466152164965,0.1533847835034976
5330,5752.725353414599,5329.109373838955,0.3906261610445654
5331,5753.688438232309,5330.154685606501,0.3453143934993932
5332,5755.267001495404,5331.868080070676,-0.3680800706761147
5333,5755.666768504416,5332.302003664013,0.1979963359872272
5334,5756.764768471899,5333.493840833998,0.006159166002362326
5335,5757.942007977971,5334.771726532473,-0.2717265324727123
5336,5758.475340726918,5335.35066831334,0.14933168665993435
5337,5759.896683465309,5336.893598450666,-0.3935984506661043
5338,5760.64610794837,5337.70715420783,-0.2071542078301718
5339,5761.131645054406,5338.234248964599,0.265751035401081
5340,5762.451906741181,5339.667546219756,-0.167546219756332
5341,5762.733907455104,5339.973696956276,0.5263030437236011
5342,5763.832280946394,5341.166154069395,0.3338459306050936
5343,5764.963556715088,5342.394366601941,0.10563339805867145
5344,5766.305389090201,5343.851223723244,-0.3512237232444022
5345,5767.382918922686,5345.021157699036,-0.521157699035939
5346,5767.985095806082,5345.67498853766,-0.17498853766028333
5347,5768.708111307267,5346.460036593343,0.03996340665707976
5348,5769.217379489942,5347.013007110872,0.48699288912757766
5349,5770.681886992373,5348.603229715122,-0.1032297151223247
5350,5771.717742972699,5349.728040547364,-0.22804054736388935
5351,5772.110310913593,5350.154328264564,0.3456717354356442
5352,5773.085986223194,5351.213827989088,0.28617201091219613
5353,5774.26914373622,5352.498670803223,0.001329196777078323
5354,5775.404901666431,5353.732076620845,-0.23207662084496405
5355,5776.052509870958,5354.435379481369,0.06462051863127272
5356,5777.400076385151,5355.898874485066,-0.3988744850657895
5357,5778.091121756384,5356.649388531757,-0.14938853175681288
5358,5779.005201100714,5357.642150193919,-0.14215019391940587
5359,5779.661555490874,5358.355016591926,0.1449834080740402
5360,5780.378597203567,5359.133809040178,0.3661909598222337
5361,5781.253921951079,5360.084534848804,0.4154651511962584
5362,5782.400466794728,5361.329875743079,0.17012425692064426
5363,5784.048432518077,5363.119907578463,-0.619907578463426
5364,5784.468467315674,5363.576164249819,-0.0761642498191577
5365,5785.212894534429,5364.384799381581,0.11520061841929419
5366,5786.493575401444,5365.775976479788,-0.27597647978836903
5367,5787.134878800051,5366.472628029274,0.027371970725653227
5368,5787.969440944724,5367.379234596483,0.12076540351699805
5369,5788.985799825035,5368.483357550611,0.01664244938910997
5370,5789.95435132115,5369.535571310369,-0.03557131036905048
5371,5790.69226703069,5370.337244560679,0.16275543932079017
5372,5791.546976217489,5371.265821207966,0.2341787920340721
5373,5792.289593635211,5372.072634956316,0.42736504368440364
5374,5794.301907788139,5374.258981845023,-0.7589818450232997
5375,5794.668781596151,5374.6575963122295,-0.1575963122295434
5376,5795.563939737834,5375.63021596926,-0.13021596925955237
5377,5796.419040669174,5376.559332659908,-0.05933265990825021
5378,5797.217839236137,5377.427291708072,0.07270829192839301
5379,5797.884282193431,5378.151449119185,0.34855088081530994
5380,5798.939664254747,5379.298252989614,0.2017470103855885
5381,5800.041030274365,5380.495056746433,0.004943253567034844
5382,5800.719277320538,5381.23209315216,0.267906847840095
5383,5802.371718407208,5383.027817997517,-0.5278179975166495
5384,5802.781136074602,5383.472747995744,0.02725200425629737
5385,5803.871206258076,5384.657391797005,-0.15739179700540262
5386,5804.409409031706,5385.242300629054,0.25769937094628403
5387,5805.820188753749,5386.775547663798,-0.2755476637976244
5388,5806.79866100881,5387.83899142284,-0.3389914228400812
5389,5807.373949619648,5388.464250918844,0.03574908115569997
5390,5807.786383388401,5388.912515210697,0.5874847893028345
5391,5808.950049546975,5390.177300953378,0.3226990466218922
5392,5810.033203191335,5391.354611191297,0.14538880870259163
5393,5811.356821178596,5392.793332535723,-0.293332535722584
5394,5812.204788290977,5393.715065069099,-0.21506506909918244
5395,5813.345051566532,5394.954551910943,-0.45455191094333713
5396,5813.946414929017,5395.608259119904,-0.1082591199037779
5397,5814.49932731538,5396.209306820226,0.29069317977428
5398,5815.624714249827,5397.432693269047,0.06730673095262318
5399,5816.295670202823,5398.162093047956,0.3379069520442499
5400,5817.687141955805,5399.674808641155,-0.17480864115532313
5401,5818.292158757077,5400.332559212813,0.16744078718693345
5402,5819.263873660719,5401.388990554853,0.11100944514691946
5403,5820.323072483646,5402.540562290667,-0.04056229066736705
5404,5821.199580317665,5403.493533722368,0.0064662776321711135
5405,5822.554932361926,5404.967163474799,-0.4671634747992357
5406,5823.160120590072,5405.625180970607,-0.12518097060728905
5407,5824.034446196029,5406.575847584914,-0.07584758491429966
5408,5824.644070750255,5407.238713357779,0.26128664222142106
5409,5826.022417685478,5408.737474884128,-0.23747488412755047
5410,5826.437166473173,5409.188466947287,0.31153305271254794
5411,5826.894313623183,5409.6855678437805,0.8144321562194818
5412,5828.890322956993,5411.856091266349,-0.3560912663488125
5413,5829.884397342049,5412.937119647153,-0.43711964715294016
5414,5830.591034346444,5413.705584236429,-0.20558423642887647
5415,5831.34861982856,5414.529470207517,-0.02947020751707896
5416,5832.010437995126,5415.249220555849,0.250779444150794
5417,5833.320748987737,5416.674264738384,-0.1742647383844087
5418,5834.000771326141,5417.413849521779,0.08615047822058841
5419,5834.935242018622,5418.430190103069,0.06980989693056472
5420,5835.952597527723,5419.536704201682,-0.036704201682368875
5421,5836.409775793467,5420.033957663345,0.46604233665493666
5422,5837.69481693744,5421.431673084403,0.06832691559702653
5423,5838.887811770639,5422.729311739515,-0.22931173951474193
5424,5839.657148889614,5423.566152020461,-0.06615202046123159
5425,5840.870745780096,5424.886265097322,-0.38626509732239356
5426,5841.77324469656,5425.868001461553,-0.3680014615529217
5427,5842.257347261062,5426.394616325606,0.10538367439403373
5428,5843.004016163602,5427.206867759627,0.29313224037287
5429,5843.745504057076,5428.013498146699,0.48650185330097884
5430,5845.043540778848,5429.425608314523,0.0743916854771669
5431,5846.122346475741,5430.599256010895,-0.09925601089526026
5432,5846.858967153627,5431.400654077441,0.09934592255922325
5433,5848.182987415376,5432.841143955045,-0.34114395504457207
5434,5848.99695834333,5433.726740852718,-0.22674085271773947
5435,5849.661517375551,5434.449791613438,0.050208386562189844
5436,5850.489268138532,5435.350414367961,0.14958563203890662
5437,5851.711059759896,5436.679801881372,-0.17980188137244113
5438,5852.668145588457,5437.721200902954,-0.2212009029535693
5439,5853.095554594939,5438.186269978968,0.3137300210319154
5440,5854.191539972038,5439.378848049721,0.12115195027945447
5441,5854.715491772939,5439.948988935097,0.551011064902923
5442,5856.094228893924,5441.449304579905,0.050695420094598376
5443,5857.843809341439,5443.353239288474,-0.85323928847356
5444,5858.083358309467,5443.6139285990985,-0.11392859909847175
5445,5858.833953060092,5444.430773889913,0.06922611008667445
5446,5859.861397251982,5445.548929290282,-0.048929290282103466
5447,5860.649382999764,5446.406504316204,0.09349568379639095
5448,5861.434868985918,5447.261375601316,0.2386243986838963
5449,5862.557428297673,5448.483124403112,0.01687559688798501
5450,5863.094038513299,5449.0671616543095,0.4328383456904703
5451,5864.6567636064,5450.768049065054,-0.268049065053674
5452,5865.522792510622,5451.710673119628,-0.21067311962815438
5453,5866.040235324606,5452.273890411953,0.226109588046711
5454,5867.20154698138,5453.537961481553,-0.037961481552883924
5455,5868.543660974698,5454.998878869321,-0.4988788693208335
5456,5868.986917034968,5455.481382510556,0.018617489444295643
5457,5870.008991855741,5456.593976037721,-0.09397603772140428
5458,5870.718884647868,5457.366756215562,0.13324378443758178
5459,5871.419724497564,5458.129694878303,0.3703051216971289
5460,5872.40279485629,5459.199893881924,0.30010611807574605
5461,5873.387593706415,5460.272000832996,0.22799916700387257
5462,5874.881588208322,5461.898496742694,-0.3984967426940784
5463,5875.798358154291,5462.896604361102,-0.3966043611017085
5464,5876.374963621472,5463.524379086556,-0.02437908655610954
5465,5877.609748606667,5464.868771939754,-0.3687719397539695
5466,5877.933293919506,5465.221044149817,0.2789558501826832
5467,5878.676214478655,5466.02993776468,0.47006223532025615
5468,5880.463284726762,5467.975765163469,-0.4757651634690774
5469,5880.709560927623,5468.243926468906,0.25607353109444375
5470,5881.825024120583,5469.458534810317,0.0414651896826399
5471,5882.270516172438,5469.943632714558,0.5563672854423203
5472,5884.032826244948,5471.862671150062,-0.36267115006194217
5473,5884.684250047966,5472.572049603607,-0.07204960360741097
5474,5885.744730540397,5473.726901483825,-0.22690148382480402
5475,5886.62119116503,5474.681380655176,-0.1813806551763264
5476,5887.48630038868,5475.623518342778,-0.12351834277797025
5477,5888.387576534157,5476.605064736957,-0.10506473695659224
5478,5888.845470521678,5477.103748492407,0.3962515075927513
5479,5889.69829183479,5478.032555297406,0.4674447025936388
5480,5890.842689357558,5479.278948330121,0.22105166987876146
5481,5892.225848293509,5480.785429838299,-0.2854298382990237
5482,5893.121091670048,5481.760520741196,-0.2605207411961601
5483,5894.085613219851,5482.811093019355,-0.31109301935521216
5484,5894.544410863418,5483.310831557785,0.18916844221530482
5485,5895.557133651974,5484.413944974648,0.086055025351925
5486,5896.814625874142,5485.7837132673,-0.2837132673002998
5487,5897.528508395182,5486.561354279841,-0.06135427984099806
5488,5898.045615592848,5487.124654101192,0.37534589880760905
5489,5899.335294403184,5488.529569955048,-0.029569955047918484
5490,5900.02613076822,5489.282153278239,0.2178467217609068
5491,5900.832883795791,5490.161030191372,0.338969808627553
5492,5902.160660214254,5491.607548313078,-0.10754831307804125
5493,5903.459104336166,5493.022156956926,-0.5221569569257554
5494,5904.359224850044,5494.002832887635,-0.5028328876351225
5495,5904.786649649028,5494.4685173043945,0.03148269560551853
5496,5905.377904296962,5495.112704412696,0.38729558730392455
5497,5906.654294834346,5496.503396772646,-0.003396772645828605
5498,5907.30560448137,5497.213048650058,0.2869513499417735
5499,5908.304130378035,5498.301041487522,0.19895851247838436
5500,5909.432316004653,5499.530343755226,-0.030343755225658242
5501,5910.297428639245,5500.473017635237,0.026982364763171063
5502,5911.489176576975,5501.771644148612,-0.27164414861181285
5503,5912.332412220925,5502.6905261193215,-0.19052611932147556
5504,5912.935296612505,5503.347506759336,0.15249324066371628
5505,5914.115666541657,5504.633818497356,-0.13381849735560536
5506,5915.019576754155,5505.618882764786,-0.11888276478566695
5507,5916.088332580689,5506.783621030767,-0.2836210307668807
5508,5916.441169128003,5507.168151743179,0.33184825682110386
5509,5917.380890968155,5508.192302091558,0.3076979084416962
5510,5917.975417960729,5508.840256122277,0.6597438777225761
5511,5920.055550868998,5511.107394526024,-0.6073945260241089
5512,5920.538476511501,5511.633752182521,-0.13375218252076593
5513,5921.438418562954,5512.614647428733,-0.11464742873340583
5514,5922.552080087767,5513.828517160039,-0.328517160039155
5515,5923.106480527552,5514.432815446564,0.0671845534361637
5516,5924.023918205912,5515.432843647815,0.06715635218461102
5517,5924.612567997043,5516.074497388199,0.4255026118007663
5518,5925.982652112325,5517.567984394887,-0.0679843948873895
5519,5926.867806897632,5518.532891501174,-0.03289150117416284
5520,5927.479356433868,5519.199553853783,0.30044614621692745
5521,5928.899161984586,5520.747350934305,-0.24735093430535926
5522,5929.345382897506,5521.233808600608,0.2661913993915732
5523,5930.860362894446,5522.885437659077,-0.38543765907706984
5524,5931.570134864392,5523.6592512489615,-0.1592512489614819
5525,5932.736065547426,5524.93041138156,-0.4304113815596793
5526,5933.033536559574,5525.2547360648605,0.24526393513951916
5527,5933.987898043517,5526.295266872597,0.20473312740341498
5528,5934.829981307314,5527.213402143576,0.28659785642412317
5529,5935.948347327594,5528.432801802276,0.06719819772388291
5530,5936.465147329213,5528.996301054176,0.5036989458239987
5531,5938.2876799882,5530.983579151199,-0.48357915119868267
5532,5939.265303266805,5532.049610084038,-0.5496100840382496
5533,5939.695838711386,5532.519087492316,-0.019087492316430144
5534,5940.379099853132,5533.264159851874,0.23584014812604437
5535,5941.441894804406,5534.4231254047445,0.07687459525550366
5536,5942.467736153855,5535.541822181319,-0.041822181318821094
5537,5943.543979174503,5536.715513100826,-0.21551310082577402
5538,5944.130246624257,5537.354876900776,0.14512309922429267
5539,5944.725413371058,5538.003955391849,0.496044608151351
5540,5946.143331990709,5539.550350957551,-0.05035095755101793
5541,5946.820062652997,5540.288418841541,0.21158115845901193
5542,5948.301613869454,5541.904297044616,-0.4042970446162144
5543,5949.142426312636,5542.821369089767,-0.3213690897673587
5544,5949.777706351522,5543.514279995143,-0.014279995142715052
5545,5950.989084392994,5544.835580855851,-0.33558085585082154
5546,5951.430121674387,5545.316648470845,0.1833515291546064
5547,5952.261902584638,5546.223939348087,0.2760606519132125
5548,5952.902618768109,5546.9228330502665,0.5771669497335097
5549,5954.465995760656,5548.628211928444,-0.12821192844421603
5550,5955.342138476738,5549.5839634510685,-0.08396345106848457
5551,5956.365914060979,5550.700788172826,-0.20078817282592354
5552,5957.027692949345,5551.422729867425,0.07727013257499493
5553,5958.332640101386,5552.846345009559,-0.3463450095587177
5554,5958.866457495433,5553.428719270447,0.07128072955310927
5555,5959.876516604981,5554.5306757642,-0.030675764200168487
5556,5960.740693076101,5555.473498524749,0.02650147525127977
5557,5961.788662547501,5556.616867525649,-0.11686752564855851
5558,5962.574245885661,5557.47398389213,0.026016107870418637
5559,5962.943559513111,5557.876931881257,0.6230681187425944
5560,5964.14653345962,5559.189489063936,0.3105109360640199
5561,5965.736509167637,5560.924360644258,-0.42436064425783115
5562,5966.619515143619,5561.887864853722,-0.3878648537220215
5563,5967.433133231372,5562.775673917882,-0.275673917882159
5564,5968.178918743095,5563.589480500341,-0.08948050034086918
5565,5968.735878784985,5564.197249029452,0.30275097054800426
5566,5969.779680206684,5565.33629315106,0.16370684893990983
5567,5970.844216766736,5566.497994327334,0.002005672666200553
5568,5971.604971542723,5567.328204817779,0.17179518222110346
5569,5972.48536840506,5568.288999782979,0.21100021702113736
5570,5973.620902248292,5569.528261414251,-0.02826141425066453
5571,5974.886211179462,5570.909193186571,-0.40919318657142867
5572,5975.356163229909,5571.422099912635,0.07790008736537857
5573,5976.141901892541,5572.279669997824,0.22033000217561494
5574,5978.026590419283,5574.33672183004,-0.8367218300400054
5575,5978.139309725794,5574.459752825242,0.04024717475840589
5576,5978.832670352795,5575.216550300288,0.2834496997120368
5577,5979.862288578086,5576.340393815528,0.15960618447206798
5578,5980.59261333338,5577.13757118829,0.3624288117098331
5579,5981.506260799349,5578.134872289154,0.365127710845627
5580,5982.914976763732,5579.672613922894,-0.17261392289401556
5581,5984.012615640011,5580.87082320664,-0.37082320664012514
5582,5984.792817506803,5581.722530016811,-0.22253001681110618
5583,5985.669034669888,5582.6790711549165,-0.17907115491652803
5584,5986.419145205086,5583.497961523998,0.0020384760018714587
5585,5987.055919517706,5584.193135279569,0.3068647204308945
5586,5988.313841463136,5585.566454644537,-0.06645464453686145
5587,5988.973948250782,5586.287134177114,0.21286582288576028
5588,5990.294284873584,5587.728662323995,-0.22866232399519504
5589,5990.809755142915,5588.2914593320365,0.2085406679634616
5590,5991.472985430088,5589.015592994379,0.48440700562059646
5591,5993.084653614646,5590.775306780918,-0.27530678091807204
5592,5994.057233174675,5591.837259523592,-0.33725952359236544
5593,5995.024532494483,5592.893471721099,-0.39347172109864914
5594,5995.40954065115,5593.313876231019,0.18612376898090588
5595,5996.609465538453,5594.624143412812,-0.12414341281237284
5596,5997.392505688815,5595.479210715394,0.020789284605598368
5597,5998.052919752657,5596.200384944364,0.29961505563642277
5598,5998.734794943291,5596.945006934219,0.5549930657807636
5599,6000.121020998375,5598.458832849873,0.04116715012696659
5600,6001.495519089925,5599.959901588564,-0.4599015885642075
5601,6002.154589633411,5600.679680410531,-0.17968041053063644
5602,6002.914838345604,5601.509971426407,-0.009971426406991668
5603,6003.878519365178,5602.562459148944,-0.062459148944071785
5604,6004.591820724886,5603.341509672366,0.1584903276343539
5605,6005.855784942331,5604.722013994247,-0.22201399424739066
5606,6006.67802861496,5605.620092956391,-0.12009295639109041
5607,6007.325565907606,5606.327365029963,0.17263497003659722
5608,6007.97828745779,5607.040310847151,0.45968915284902323
5609,6009.204540379586,5608.379736227835,0.12026377216534456
5610,6010.190820410437,5609.45707020898,0.04292979101956007
5611,6011.25302542847,5610.617367426472,-0.11736742647190113
5612,6012.651122635339,5612.14462124151,-0.6446212415103219
5613,6013.047245645552,5612.577347612459,-0.07734761245865229
5614,6014.042373169797,5613.664447247502,-0.16444724750181194
5615,6014.663869379403,5614.343396946058,0.15660305394158058
5616,6015.161467300141,5614.887002091208,0.61299790879184
5617,6016.736803703803,5616.608035147247,-0.10803514724739216
5618,6017.530542899121,5617.4752090226575,0.024790977342490805
5619,6018.180474529549,5618.185283040626,0.3147169593739818
5620,6019.650285835951,5619.7911467121285,-0.2911467121284659
5621,6020.485477165468,5620.70367256902,-0.20367256901954534
5622,6021.078533684983,5621.351654343206,0.14834565679393563
5623,6022.496991537045,5622.901518763245,-0.4015187632448942
5624,6022.866086750983,5623.304815840788,0.19518415921174892
5625,6024.235928621514,5624.801624301561,-0.30162430156087794
5626,6024.765822154957,5625.380645397019,0.11935460298082035
5627,6025.652989058804,5626.350080045502,0.14991995449781825
5628,6026.3284293682,5627.088168450496,0.41183154950431344
5629,6027.149989355025,5627.985945591161,0.5140544088390016
5630,6029.083879336238,5630.099315331446,-0.5993153314457231
5631,6029.871336490613,5630.959882809805,-0.45988280980509444
5632,6030.366565545255,5631.501099075216,-0.001099075216188794
5633,6031.190552493813,5632.4016161965465,0.0983838034535438
5634,6032.274114806572,5633.58584476693,-0.0858447669297675
5635,6033.146731331339,5634.53955255837,-0.039552558369905455
5636,6033.644977208373,5635.084108870553,0.41589112944711815
5637,6034.942132629866,5636.501861648117,-0.0018616481165736332
5638,6035.78235760526,5637.420226549671,0.0797734503294123
5639,6036.735104464168,5638.461600258342,0.038399741658395214
5640,6037.621814970689,5639.430816252274,0.06918374772612879
5641,6038.620819010121,5640.5227991512165,-0.022799151216531754
5642,6039.780188462111,5641.790105896976,-0.2901058969755468
5643,6040.747929474348,5642.847970717673,-0.34797071767297894
5644,6041.398240993251,5643.558858325328,-0.058858325328401406
5645,6042.397652237239,5644.651385784024,-0.15138578402365965
5646,6042.668644064463,5644.94763074383,0.5523692561700955
5647,6043.995010268979,5646.397625998676,0.10237400132427865
5648,6044.552572123936,5647.007171375881,0.49282862411928363
5649,6046.181521954206,5648.788041018882,-0.2880410188818132
5650,6046.796932396248,5649.460864311496,0.03913568850384763
5651,6048.263607361397,5651.064408455095,-0.5644084550949628
5652,6048.952645864485,5651.817767138672,-0.3177671386720249
5653,6049.241142991616,5652.133198528043,0.3668014719569328
5654,6050.246128122275,5653.232026764118,0.26797323588198196
5655,6051.626971033906,5654.741852811176,-0.24185281117570412
5656,6052.43973929371,5655.630564374942,-0.1305643749419687
5657,6053.067413924324,5656.316899449738,0.18310055026176997
5658,6053.778846036456,5657.094832234345,0.40516776565527834
5659,6054.804164558045,5658.216015171901,0.2839848280991646
5660,6056.260886232179,5659.808983769739,-0.3089837697389157
5661,6057.072842116194,5660.696905950806,-0.19690595080555795
5662,6058.000876270655,5661.711787857684,-0.2117878576837029
5663,6059.134493785757,5662.951522829152,-0.45152282915205433
5664,6059.466828728353,5663.314973903977,0.18502609602273878
5665,6060.341627593011,5664.271693031594,0.22830696840628661
5666,6061.493619822286,5665.531593866852,-0.03159386685183563
5667,6061.793911747671,5665.860020251963,0.639979748037149
5668,6063.25368720773,5667.456596332815,0.04340366718497535
5669,6064.593399932609,5668.921907407281,-0.4219074072807416
5670,6065.104446594213,5669.480877212181,0.019122787818560028
5671,6066.142573932622,5670.616375519257,-0.11637551925741718
5672,6066.82993437891,5671.368222375109,0.1317776248906739
5673,6068.165352787179,5672.828961773957,-0.3289617739574169
5674,6068.884377847911,5673.615482387168,-0.11548238716841297
5675,6069.5697098815,5674.3651597974185,0.1348402025814721
5676,6070.45673094858,5675.335480978372,0.16451902162771148
5677,6071.607124379687,5676.593938536549,-0.09393853654910345
5678,6071.987031737127,5677.009540745788,0.49045925421160064
5679,6072.986930281585,5678.103404565471,0.3965954345294449
5680,6074.835751881023,5680.126037832549,-0.6260378325487181
5681,6075.456209880473,5680.804846484753,-0.3048464847533978
5682,6076.319580410935,5681.749429031531,-0.24942903153078078
5683,6076.896595428757,5682.380731228544,0.11926877145560866
5684,6077.923525597854,5683.504299415653,-0.004299415652894822
5685,6078.464257000358,5684.095926789856,0.4040732101439062
5686,6079.725372514825,5685.475773683144,0.024226316855674668
5687,6080.817594639935,5686.670859872775,-0.17085987277459935
5688,6081.177170652943,5687.064307120691,0.4356928793085899
5689,6082.501083706978,5688.512958909118,-0.012958909118424344
5690,6083.644016757932,5689.763615694057,-0.26361569405707996
5691,6084.383007365663,5690.572275841612,-0.07227584161228151
5692,6085.230905162356,5691.5001281781615,-0.00012817816150345607
5693,6086.325556912573,5692.698030526373,-0.1980305263732589
5694,6087.278392364374,5693.740765576481,-0.2407655764809533
5695,6088.14476807152,5694.68890404806,-0.188904048060067
5696,6088.537541404678,5695.1187511748885,0.38124882511147007
5697,6089.128616019714,5695.765624801083,0.7343751989174052
5698,6090.717153107077,5697.504169248998,-0.004169248997641262
5699,6091.689881768498,5698.568786334586,-0.06878633458563854
5700,6093.192335325565,5700.213217145277,-0.713217145276758
5701,6093.283426817675,5700.312918399967,0.18708160003279772
5702,6094.550261329978,5701.699513720887,-0.19951372088689823
5703,6095.331193380003,5702.5542924381725,-0.05429243817252427
5704,6095.911728318078,5703.189734366883,0.3102656331166145
5705,6097.0967284894,5704.48683915728,0.013160842720026267
5706,6098.071498010469,5705.553852316492,-0.053852316492339014
5707,6098.786888080899,5706.336956407589,0.16304359241075872
5708,6099.667065247017,5707.300463558735,0.19953644126508152
5709,6100.713939634763,5708.446476160608,0.05352383939225547
5710,6101.542636010731,5709.353669731903,0.14633026809678995
5711,6103.111062056345,5711.070711944525,-0.570711944525101
5712,6103.890836007713,5711.924397231295,-0.42439723129518825
5713,6104.369986546028,5712.448972201252,0.05102779874778207
5714,6105.080112318567,5713.226430330057,0.2735696699428445
5715,6106.427937948078,5714.702089580933,-0.2020895809328067
5716,6106.698870787322,5714.998724580045,0.5012754199551637
5717,6107.888398279542,5716.301119744803,0.1988802551968547
5718,6108.683780716913,5717.171992183992,0.3280078160078119
5719,6110.531011475982,5719.194607793489,-0.6946077934890127
5720,6110.830996154776,5719.5230828298745,-0.023082829874510935
5721,6111.844532847507,5720.632895183971,-0.13289518397141364
5722,6112.464435384849,5721.311695331885,0.18830466811505175
5723,6113.552617473988,5722.503290975988,-0.0032909759884205414
5724,6114.76189175327,5723.8275227660015,-0.32752276600149344
5725,6115.274791543812,5724.389191959548,0.11080804045195691
5726,6116.167495930616,5725.366796039214,0.13320396078597696
5727,6117.090753291098,5726.377880614552,0.12211938544805889
5728,6117.552359427727,5726.883406530476,0.6165934695236501
5729,6119.215997842412,5728.705378760295,-0.20537876029538893
5730,6120.28153469736,5729.872364001398,-0.3723640013977274
5731,6120.933301686411,5730.58619943622,-0.08619943622034043
5732,6122.094398758502,5731.857896350615,-0.3578963506151922
5733,6122.857424919648,5732.693623351016,-0.19362335101595818
5734,6123.356607972823,5733.240376562611,0.25962343738865457
5735,6124.138883220781,5734.097212555967,0.40278744403258315
5736,6125.172619880175,5735.229501813341,0.270498186659097
5737,6126.568586519307,5736.758598770625,-0.25859877062521264
5738,6127.130221394043,5737.373809829652,0.12619017034830904
5739,6128.046863129757,5738.377910611805,0.12208938819458126
5740,6129.268751548014,5739.716416346422,-0.21641634642219287
5741,6130.291606464612,5740.836922585781,-0.33692258578139445
5742,6130.686768649261,5741.269817932563,0.23018206743745395
5743,6132.121687397097,5742.841787979039,-0.3417879790385996
5744,6132.762353486792,5743.543662330454,-0.04366233045402623
5745,6133.48989270421,5744.3407224521525,0.15927754784752324
5746,6134.455051667976,5745.39812956323,0.10187043676978647
5747,6135.143074922053,5746.15192759014,0.34807240985992394
5748,6135.892613200648,5746.973135431584,0.5268645684163857
5749,6137.781389320135,5749.042577703399,-0.5425777033988197
5750,6138.445601390254,5749.7703453035,-0.27034530350010755
5751,6139.589346958783,5751.023557658559,-0.5235576585591843
5752,6139.813239833825,5751.268883074011,0.23111692598922673
5753,6140.675863382834,5752.214094931149,0.28590506885120703
5754,6141.872358756222,5753.525175710529,-0.025175710528856143
5755,6142.911451640285,5754.663810051153,-0.16381005115272274
5756,6143.356666103173,5755.151683060202,0.348316939797769
5757,6144.405867207809,5756.301434438004,0.19856556199556508
5758,6145.50536404389,5757.50633223973,-0.006332239729999856
5759,6146.604329604663,5758.710679121517,-0.2106791215173871
5760,6147.070023447599,5759.221038422238,0.2789615777619474
5761,6148.593113945619,5760.890250231074,-0.39025023107387824
5762,6149.398925230075,5761.773393227714,-0.27339322771422303
5763,6150.27537410434,5762.733971808497,-0.2339718084967899
5764,6150.879887870596,5763.396524006736,0.10347599326360069
5765,6151.572502081301,5764.155646660058,0.34435333994224493
5766,6152.585599027228,5765.26604883257,0.23395116742995015
5767,6153.326365653244,5766.077980897289,0.4220191027106921
5768,6154.805638423505,5767.69940984948,-0.1994098494797072
5769,6155.704809901587,5768.685018184574,-0.18501818457389163
5770,6156.737464494589,5769.816967081488,-0.3169670814877463
5771,6157.381128649896,5770.52253633709,-0.022536337090059533
5772,6158.39768617314,5771.636884197304,-0.13688419730442547
5773,6159.096947190148,5772.403427910579,0.09657208942098805
5774,6159.829468995752,5773.206446307032,0.2935536929680893
5775,6161.429368945598,5774.960365977843,-0.46036597784313926
5776,6161.827253696843,5775.396564702731,0.10343529726924316
5777,6162.41556241244,5776.041531598415,0.45846840158537816
5778,6163.378477444263,5777.097201266161,0.4027987338386083
5779,6164.773220517611,5778.626338094876,-0.12633809487579128
5780,6166.200513434598,5780.191213177479,-0.6912131774788577
5781,6166.48304899403,5780.500989643528,-0.000989643527645967
5782,6167.464531359395,5781.577118476429,-0.07711847642895009
5783,6168.379809680248,5782.580681465742,-0.08068146574169077
5784,6169.394736467658,5783.693529950432,-0.19352995043209376
5785,6169.538152648447,5783.850785287807,0.6492147121925882
5786,6170.820008109078,5785.25635885186,0.2436411481403411
5787,6171.920474771523,5786.4630707115575,0.036929288442479447
5788,6172.839930458119,5787.471319731287,0.02868026871328766
5789,6174.23506996236,5789.001231757763,-0.5012317577629801
5790,6174.747542413266,5789.563222399537,-0.06322239953715325
5791,6175.309013705465,5790.178954218338,0.32104578166217834
5792,6176.744162202786,5791.752832238967,-0.25283223896713025
5793,6177.630404449608,5792.724770150526,-0.22477015052572824
5794,6178.410285632123,5793.580079096281,-0.08007909628122434
5795,6179.094486917629,5794.330467175292,0.1695328247078578
5796,6179.764681614095,5795.065505415895,0.4344945841048684
5797,6181.012825755287,5796.434442444954,0.06555755504632543
5798,6181.678420746653,5797.164468785023,0.3355312149769816
5799,6183.062480334704,5798.682545505178,-0.18254550517758616
5800,6184.336316582485,5800.079769642482,-0.5797696424815513
5801,6185.079974864199,5800.895480371214,-0.3954803712140347
5802,6185.46010370048,5801.312445078028,0.18755492197215062
5803,6186.457283968078,5802.406273419053,0.09372658094707731
5804,6187.126750723331,5803.140640159074,0.3593598409261176
5805,6188.458683360365,5804.601728366138,-0.10172836613764957
5806,6189.118029681646,5805.325027424688,0.1749725753115854
5807,6190.169795887313,5806.478831940804,0.021168059195588285
5808,6190.926665971514,5807.309148246557,0.19085175344298477
5809,6192.097286028823,5808.593393578369,-0.09339357836870477
5810,6193.133431144429,5809.730140654139,-0.23014065413917706
5811,6193.902824192949,5810.574253877425,-0.07425387742478051
5812,6194.965274092489,5811.739909388843,-0.2399093888434436
5813,6195.672078990459,5812.515388865291,-0.015388865291242837
5814,6196.66475212584,5813.60453377713,-0.10453377713020018
5815,6197.387063257131,5814.397057778317,0.10294222168340639
5816,6198.065389560702,5815.141333568707,0.35866643129338627
5817,6198.652216561332,5815.785223674845,0.7147763251550714
5818,6200.674034464229,5818.003711020196,-0.5037110201956239
5819,6201.593088508775,5819.01219942057,-0.5121994205701412
5820,6201.832569639442,5819.274988334784,0.22501166521578853
5821,6203.190910737263,5820.765559429502,-0.26555942950199096
5822,6203.867876241961,5821.508442955047,-0.00844295504703041
5823,6204.585656186864,5822.296127978185,0.2038720218151866
5824,6205.731342331216,5823.553420658621,-0.05342065862078016
5825,6206.513025685398,5824.411270689231,0.0887293107689402
5826,6207.35367736698,5825.333852365894,0.16614763410598243
5827,6208.562086127368,5826.660064504909,-0.16006450490931456
5828,6208.813972410796,5826.936510981575,0.5634890184246615
5829,6210.470030162986,5828.75408327802,-0.25408327801960695
5830,6211.207816547218,5829.563848257526,-0.06384825752593315
5831,6212.549686057961,5831.036666592911,-0.5366665929113879
5832,6213.187976900496,5831.737262421324,-0.237262421323976
5833,6213.799999957365,5832.409036208044,0.09096379195580084
5834,6214.501304729582,5833.178819921604,0.3211800783956278
5835,6215.400957016767,5834.166337246743,0.33366275325715833
5836,6216.66829216245,5835.557482540935,-0.057482540934870485
5837,6217.188858908832,5836.128917083304,0.371082916695741
5838,6218.517119863553,5837.587002060833,-0.08700206083267403
5839,6219.844220203324,5839.043858080326,-0.5438580803256627
5840,6220.276866168369,5839.518815238573,-0.018815238572642556
5841,6221.350127562686,5840.697058348484,-0.19705834848355153
5842,6221.641300960962,5841.016718131607,0.48328186839262344
5843,6223.447708927404,5842.999900979021,-0.499900979020822
5844,6223.854786959722,5843.446827144403,0.053172855597040325
5845,6224.732447312544,5844.410414499917,0.08958550008264865
5846,6225.470678081455,5845.220936721442,0.27906327855816926
5847,6226.232883566195,5846.057796008129,0.44220399187088333
5848,6227.450045327269,5847.394202807729,0.10579719227098394
5849,6228.832840927518,5848.912516493991,-0.4125164939905517
5850,6229.761584418354,5849.932307040008,-0.4323070400077995
5851,6230.323749796147,5850.54959360697,-0.04959360697012016
5852,6231.186984214131,5851.497485217376,0.002514782623620704
5853,6232.234236964411,5852.647467344974,-0.1474673449738475
5854,6232.811490700788,5853.281358275059,0.21864172494133527
5855,6233.436150635203,5853.967316243307,0.532683756692677
5856,6234.905356027901,5855.580734395715,-0.08073439571489871
5857,6235.691811528844,5856.444408633537,0.05559136646297702
5858,6236.871797213751,5857.740281729495,-0.24028172949510918
5859,6237.401188051517,5858.321676044239,0.17832395576078852
5860,6238.507790150083,5859.537005721218,-0.0370057212176107
5861,6239.720298749181,5860.868683456285,-0.3686834562849981
5862,6240.518432488212,5861.745280741087,-0.24528074108729925
5863,6240.987478337608,5862.260445490097,0.23955450990342797
5864,6242.263742648333,5863.662226798793,-0.16222679879319912
5865,6242.916128110376,5864.378788572945,0.12121142705473176
5866,6243.536571206049,5865.06027582006,0.4397241799397307
5867,6244.467501007129,5866.082816343725,0.4171836562745739
5868,6245.8463537928,5867.597399538233,-0.09739953823282121
5869,6247.220803894968,5869.107194876367,-0.60719487636743
5870,6247.765900412641,5869.705981620125,-0.20598162012538523
5871,6248.617590056635,5870.641575063452,-0.1415750634523647
5872,6249.223567202485,5871.307261008316,0.1927389916836546
5873,6250.125998032669,5872.298628467923,0.20137153207724623
5874,6251.160830038509,5873.43547106738,0.06452893262030557
5875,6252.33772168116,5874.728410246333,-0.22841024633271445
5876,6252.960641623911,5875.412767551822,0.08723244817792875
5877,6253.37269943302,5875.865471235685,0.6345287643152915
5878,6255.212382593088,5877.886675652686,-0.3866756526858808
5879,6255.709995714934,5878.433402982779,0.06659701722128375
5880,6256.737988103593,5879.562877742379,-0.06287774237898702
5881,6257.821913767864,5880.753836569144,-0.2538365691443687
5882,6258.863142201866,5881.897910130007,-0.3979101300074035
5883,6259.511130503409,5882.609916016965,-0.10991601696514408
5884,6259.969134480433,5883.113174640708,0.3868253592918336
5885,6260.941865601983,5884.182037473165,0.31796252683489
5886,6261.776846422374,5885.099555795236,0.4004442047644261
5887,6263.065904931718,5886.5160719891965,-0.0160719891964618
5888,6264.199277451356,5887.761543381077,-0.26154338107699004
5889,6265.060898277043,5888.708406675931,-0.20840667593074613
5890,6265.972125306059,5889.709804368693,-0.20980436869285768
5891,6266.645735922496,5890.450085824581,0.04991417541896226
5892,6267.560486576163,5891.455392684967,0.04460731503331772
5893,6268.625266754631,5892.625608080845,-0.12560808084526798
5894,6269.267355566475,5893.331290852458,0.16870914754235855
5895,6270.349148874557,5894.520251140672,-0.020251140672371548
5896,6271.148771757298,5895.39910711135,0.10089288865037815
5897,6271.96436339598,5896.295530867681,0.2044691323189909
5898,6272.586182980715,5896.978989440301,0.5210105596988797
5899,6274.619334058124,5899.21374876167,-0.7137487616701037
5900,6275.133981984457,5899.779446056036,-0.2794460560362495
5901,6275.846693888325,5900.562864941129,-0.06286494112919172
5902,6276.916164708128,5901.738460377615,-0.23846037761541083
5903,6277.229194882687,5902.082558323783,0.41744167621709494
5904,6278.607595708887,5903.597792902981,-0.09779290298138221
5905,6279.122462096047,5904.163782395452,0.3362176045484375
5906,6279.993148665392,5905.120938141807,0.37906185819338134
5907,6281.40604796654,5906.67419545547,-0.1741954554699987
5908,6282.275812909987,5907.630388368248,-0.13038836824762257
5909,6283.220407901684,5908.668868850899,-0.16886885089934367
5910,6284.054280278041,5909.585640522819,-0.08564052281872137
5911,6284.788411119037,5910.392769446959,0.10723055304060836
5912,6285.89907066299,5911.613893037237,-0.11389303723717603
5913,6287.173743024367,5913.015380333617,-0.5153803336170313
5914,6287.425952940817,5913.292687050203,0.20731294979668746
5915,6288.21124540933,5914.156132388727,0.34386761127279897
5916,6289.11483189308,5915.149663759829,0.35033624017069087
5917,6290.037006599122,5916.163654967541,0.33634503245866654
5918,6291.54965202456,5917.826953818918,-0.3269538189179002
5919,6292.329914868598,5918.684950346725,-0.18495034672469046
5920,6293.297335719867,5919.748771879947,-0.24877187994661654
5921,6294.349329653984,5920.90562082107,-0.4056208210704426
5922,6295.006181305975,5921.627956798944,-0.1279567989440693
5923,6295.22156885719,5921.864819623248,0.6351803767520323
5924,6296.546591927772,5923.3219802711865,0.17801972881352413
5925,6297.771255864573,5924.668812960452,-0.16881296045175986
5926,6298.458690160452,5925.424840222025,0.07515977797538653
5927,6299.172745574499,5926.210157530604,0.2898424693958077
5928,6300.374887380823,5927.532300782,-0.032300781999765604
5929,6301.383220877713,5928.641317342641,-0.14131734264083207
5930,6302.230259739777,5929.572953691835,-0.07295369183520961
5931,6303.490771613428,5930.959391959932,-0.45939195993196336
5932,6303.949179388616,5931.463605077435,0.036394922564795706
5933,6304.900391851709,5932.509882183193,-0.009882183193440142
5934,6305.747858386109,5933.442064180335,0.057935819664635346
5935,6306.557291346391,5934.332427570868,0.16757242913172377
5936,6307.144720875523,5934.978601069935,0.5213989300646062
5937,6308.253824515858,5936.198640734458,0.30135926554157777
5938,6309.939810025128,5938.053323246778,-0.5533232467778362
5939,6310.837756045103,5939.041145566463,-0.5411455664625464
5940,6311.201065750283,5939.440825075362,0.059174924637773074
5941,6311.879397195401,5940.187071079066,0.3129289209337003
5942,6313.321021466825,5941.773069332387,-0.27306933238742204
5943,6313.825911946271,5942.328535339405,0.17146466059512022
5944,6315.031008723215,5943.654374179212,-0.15437417921202723
5945,6315.483979856274,5944.152739239044,0.347260760955578
5946,6316.769600866339,5945.567225288496,-0.06722528849604714
5947,6317.255760098617,5946.102125852338,0.3978741476621508
5948,6318.603143126996,5947.584625869761,-0.08462586976111197
5949,6319.382478611862,5948.442134812306,0.057865187694005726
5950,6320.918880337807,5950.132694475375,-0.632694475374592
5951,6321.415499802147,5950.67915595756,-0.17915595756039693
5952,6322.11818669431,5951.452376937958,0.0476230620415663
5953,6323.182594444867,5952.623651156406,-0.12365115640568547
5954,6323.689061223948,5953.180977179565,0.31902282043483865
5955,6324.348503493782,5953.9066501221405,0.5933498778595094
5956,6325.991157331887,5955.714330452774,-0.21433045277444762
5957,6326.550698605975,5956.330100614152,0.1698993858481117
5958,6327.709329596058,5957.605188682312,-0.10518868231156375
5959,6328.768971501924,5958.77136757155,-0.2713675715503996
5960,6329.665095498507,5959.757610407814,-0.2576104078143544
5961,6330.240406355495,5960.390788127483,0.109211872517335
5962,6331.10842475527,5961.346130730512,0.15386926948758628
5963,6332.346151108676,5962.7084073275655,-0.20840732756551006
5964,6333.196346147333,5963.64417831807,-0.14417831806986214
5965,6333.916050927503,5964.436338816079,0.06366118392088538
5966,6334.410684881734,5964.980777204677,0.5192227953230031
5967,6335.356899771551,5966.022283104302,0.4777168956979949
5968,6337.04424881012,5967.879616792759,-0.37961679275940696
5969,6337.82203819845,5968.735785273078,-0.2357852730783634
5970,6339.041957468345,5970.078668375433,-0.5786683754331534
5971,6339.248808949112,5970.306373507259,0.19362649274080468
5972,6340.44143965544,5971.6192597623,-0.11925976230031665
5973,6341.029239095866,5972.26634143433,0.23365856567033916
5974,6341.954159169849,5973.284561438692,0.21543856130756467
5975,6343.025918905335,5974.4644601875525,0.03553981244749593
5976,6343.639577676625,5975.140049220792,0.35995077920779295
5977,6345.124572354928,5976.77494821628,-0.2749482162798813
5978,6345.812781595794,5977.532648205858,-0.032648205858095025
5979,6346.708588292488,5978.518925242542,-0.018925242541627085
5980,6347.51277483941,5979.404346263391,0.09565373660916521
5981,6348.864774975659,5980.892954516072,-0.392954516071768
5982,6349.694650324658,5981.806704407845,-0.30670440784524544
5983,6350.349366018132,5982.527603641573,-0.02760364157256845
5984,6350.797904043086,5983.021489433064,0.47851056693616556
5985,6352.124095646808,5984.481790190168,0.018209809832114843
5986,6352.824041916449,5985.25253525245,0.2474647475501115
5987,6353.487236191205,5985.982822220274,0.5171777797258983
5988,6355.408107878889,5988.098082924048,-0.5980829240479579
5989,6355.930130900406,5988.6729497748765,-0.1729497748765425
5990,6356.984106932883,5989.83363946441,-0.33363946441022563
5991,6357.606857658451,5990.519455935649,-0.019455935648693412
5992,6358.315701847618,5991.300096339643,0.19990366035744955
5993,6359.169623810262,5992.240525611529,0.2594743884710624
5994,6360.503448520768,5993.709511113011,-0.2095111130111036
5995,6361.108114371222,5994.375464383823,0.12453561617712694
5996,6362.082499057126,5995.448629515369,0.05137048463075189
5997,6362.685361830653,5996.112620756271,0.3873792437289012
5998,6363.90083954803,5997.451371890333,0.048628109667333774
5999,6365.283583744359,5998.97439854803,-0.47439854802996706
6000,6365.852321021016,5999.600849357192,-0.10084935719169152
6001,6366.671353345362,6000.503008516162,-0.003008516161571606
6002,6367.958813533011,6001.921172034594,-0.42117203459383745
6003,6368.438094219749,6002.449120017411,0.050879982589322026
6004,6369.245882999161,6003.338946573894,0.16105342610626394
6005,6369.770229023833,6003.916553095749,0.5834469042511046
6006,6370.89805044791,6005.15895636601,0.3410436339900116
6007,6372.415682393792,6006.830823391691,-0.3308233916914105
6008,6373.173152452142,6007.665295727642,-0.1652957276419329
6009,6374.053534358556,6008.635192789091,-0.1351927890909792
6010,6375.032404908861,6009.713615308801,-0.21361530880130886
6011,6375.599195635544,6010.338060071439,0.16193992856096884
6012,6376.764549170064,6011.621978732642,-0.12197873264176451
6013,6377.511439944205,6012.444877316973,0.0551226830266387
6014,6378.55014573008,6013.589310793941,-0.08931079394096741
6015,6379.246624188776,6014.356697416835,0.1433025831647683
6016,6379.959409795566,6015.142063941961,0.3579360580388311
6017,6381.143665232174,6016.446936741321,0.05306325867877604
6018,6381.84803906153,6017.223068198409,0.2769318015907629
6019,6383.410238912059,6018.944460297066,-0.44446029706614354
6020,6384.459219016483,6020.100368363052,-0.6003683630524392
6021,6384.920488511159,6020.608666123711,-0.10866612371137307
6022,6385.578203508127,6021.33344696226,0.16655303774041386
6023,6386.357077118737,6022.191754652342,0.3082453476581577
6024,6387.528294105804,6023.4824476467575,0.0175523532425359
6025,6388.197850516723,6024.2203209552745,0.2796790447255262
6026,6389.360853368252,6025.502015109154,-0.0020151091539446497
6027,6390.006152212629,6026.213185041361,0.2868149586392974
6028,6391.686645483917,6028.065269085484,-0.565269085484033
6029,6392.187328677613,6028.617089327999,-0.11708932799865579
6030,6392.718575157854,6029.202601249081,0.2973987509185463
6031,6394.06507388554,6030.686672778332,-0.18667277833174012
6032,6395.031740700799,6031.752132508569,-0.2521325085690478
6033,6395.66886960756,6032.454388419292,0.04561158070828242
6034,6396.729259797335,6033.62319356975,-0.12319356974967377
6035,6397.361130692522,6034.3196806457545,0.18031935424551193
6036,6397.786081170898,6034.788092861419,0.7119071385814095
6037,6399.176640347317,6036.320902638882,0.1790973611177833
6038,6400.746238657757,6038.051124568292,-0.5511245682919252
6039,6401.323625925221,6038.687613724153,-0.18761372415337974
6040,6402.175290622142,6039.62647072754,-0.1264707275404362
6041,6403.110886587122,6040.6578725556965,-0.1578725556964855
6042,6403.861397515235,6041.485252200739,0.014747799261385808
6043,6404.767039730847,6042.483670604688,0.016329395311913686
6044,6405.178961948583,6042.937797878447,0.5622021215531277
6045,6406.74828385948,6044.667949255037,-0.16794925503654667
6046,6407.612952818618,6045.621258582221,-0.12125858222134411
6047,6408.077160917846,6046.133062007714,0.3669379922857843
6048,6409.279021189901,6047.458174059546,0.04182594045414589
6049,6410.353801335845,6048.643204192368,-0.14320419236810267
6050,6411.384469328819,6049.779624125433,-0.27962412543274695
6051,6412.247558440064,6050.731290992047,-0.23129099204743397
6052,6413.040420058799,6051.605539300426,-0.10553930042624415
6053,6413.833451375058,6052.479990331616,0.020009668383863755
6054,6414.570290068342,6053.292493486879,0.20750651312118862
6055,6415.462076135825,6054.275873263803,0.22412673619692214
6056,6416.175908960685,6055.063036764233,0.4369632357665978
6057,6417.378052856021,6056.388703159879,0.11129684012121288
6058,6418.79259964324,6057.948643134308,-0.4486431343084405
6059,6419.692022861102,6058.940538732039,-0.44053873203938565
6060,6420.182578627689,6059.481538450493,0.018461549507264863
6061,6421.255935827849,6060.665290001475,-0.16529000147511397
6062,6421.49122864431,6060.924786404379,0.5752135956208804
6063,6423.414486176733,6063.045932824853,-0.5459328248525708
6064,6423.764508953826,6063.43198019945,0.06801980055024615
6065,6424.401461601266,6064.134496261951,0.3655037380485737
6066,6425.399747335206,6065.235558711696,0.2644412883037148
6067,6426.480014181577,6066.427070300815,0.07292969918489689
6068,6427.401528361022,6067.443503882737,0.05649611726312287
6069,6428.587583738728,6068.751758342657,-0.2517583426570127
6070,6429.468848692723,6069.723842426322,-0.2238424263223351
6071,6430.694571981499,6071.075915107067,-0.5759151070669759
6072,6430.91818613359,6071.322583751519,0.17741624848076754
6073,6431.981683244147,6072.495743749063,0.004256250937032746
6074,6432.433303080168,6072.993940992877,0.5060590071234401
6075,6433.622387485793,6074.305684689647,0.19431531035297667
6076,6434.51494402442,6075.29033534627,0.20966465373021492
6077,6435.774652679148,6076.680054459468,-0.18005445946801046
6078,6436.905185937715,6077.927299814554,-0.427299814554317
6079,6437.123406603308,6078.168052418074,0.3319475819262152
6080,6438.740481004521,6079.952131285252,-0.4521312852521078
6081,6439.140618634674,6080.393603379608,0.10639662039193354
6082,6440.125226420811,6081.479938607179,0.020061392820934998
6083,6441.140573842964,6082.600214511884,-0.10021451188367791
6084,6441.894099406383,6083.431627714988,0.06837228501171921
6085,6442.897533673154,6084.538803036919,-0.03880303691857989
6086,6443.565266180877,6085.275583520564,0.22441647943560383
6087,6443.97837208709,6085.731412835366,0.7685871646335727
6088,6445.971515283607,6087.930746102379,-0.4307461023790893
6089,6447.022174123042,6089.090134768238,-0.5901347682383857
6090,6447.474618171751,6089.589409415859,-0.08940941585933615
6091,6448.246132866306,6090.440792037636,0.05920796236387105
6092,6449.332054723969,6091.639154439589,-0.1391544395892197
6093,6449.896208786239,6092.261734679442,0.23826532055772986
6094,6450.7704490314,6093.22653045159,0.2734695484095937
6095,6451.965072774468,6094.544926163953,-0.044926163953277864
6096,6452.616809388042,6095.264202415393,0.23579758460709854
6097,6453.681785667651,6096.4395650155775,0.06043498442249984
6098,6454.861307375189,6097.74137848591,-0.24137848590999056
6099,6455.690820622388,6098.656915475411,-0.1569154754106421
6100,6456.24375846824,6099.26720454411,0.23279545588957262
6101,6457.653867882111,6100.823605922953,-0.32360592295299284
6102,6458.658611072353,6101.932616212127,-0.432616212126959
6103,6459.067827430397,6102.384306075928,0.11569392407182022
6104,6459.952831320827,6103.361180664137,0.1388193358634453
6105,6460.534639476213,6104.003395814034,0.49660418596613454
6106,6461.614784191277,6105.195710081403,0.30428991859662347
6107,6462.852814105799,6106.562340762632,-0.06234076263172028
6108,6463.724097145994,6107.524151246174,-0.02415124617436959
6109,6465.143720813164,6109.091315700744,-0.591315700744417
6110,6465.743873966866,6109.75385739657,-0.2538573965703108
6111,6466.295733700455,6110.363093184828,0.13690681517164194
6112,6467.193447823704,6111.354157355327,0.1458426446733938
6113,6468.092790956413,6112.34703981674,0.1529601832598928
6114,6469.131125190511,6113.493394388364,0.006605611635677633
6115,6470.19735732795,6114.670576750535,-0.17057675053456478
6116,6470.70107781666,6115.226723226308,0.27327677369157755
6117,6471.560457479093,6116.175559412107,0.3244405878931502
6118,6472.780201590247,6117.522303114532,-0.022303114532405743
6119,6473.798648696707,6118.6468188200615,-0.1468188200615259
6120,6475.021493493021,6119.997053389202,-0.49705338920193753
6121,6475.727754605962,6120.776905950037,-0.27690595003696217
6122,6476.113123922475,6121.202435395124,0.2975646048762428
6123,6477.481705763071,6122.713669456918,-0.21366945691806905
6124,6478.027176624624,6123.316009540757,0.18399045924343227
6125,6478.831342932715,6124.204029246204,0.29597075379570015
6126,6479.431139218033,6124.866378853439,0.6336211465613815
6127,6481.273679157493,6126.901134290669,-0.4011342906687787
6128,6482.002790371316,6127.706330094327,-0.20633009432731342
6129,6483.006704609865,6128.815026668611,-0.31502666861069883
6130,6483.450189794246,6129.304807962708,0.19519203729214496
6131,6484.519323277324,6130.485569805354,0.014430194645683514
6132,6485.713209326579,6131.8041428009765,-0.3041428009764786
6133,6486.163374261584,6132.3013310954375,0.19866890456250985
6134,6487.445215262415,6133.717097968381,-0.21709796838058537
6135,6487.830216813243,6134.142332090391,0.35766790960860817
6136,6488.926620780882,6135.35332993521,0.14667006478975964
6137,6489.622575931016,6136.122040177499,0.3779598225009977
6138,6490.906097872483,6137.539772547294,-0.03977254729397828
6139,6492.190210433449,6138.958197716544,-0.45819771654441865
6140,6492.813486515119,6139.646680347431,-0.1466803474313565
6141,6494.004710693342,6140.962555753855,-0.4625557538547582
6142,6494.622125318581,6141.644591122769,-0.14459112276927044
6143,6494.866454095705,6141.9144947720815,0.5855052279184747
6144,6496.00797472486,6143.17552232189,0.32447767811027006
6145,6497.279308277571,6144.579990616064,-0.0799906160636965
6146,6498.038769460494,6145.419001877759,0.08099812224099878
6147,6498.834863257907,6146.298498017943,0.2015019820573798
6148,6500.031689480679,6147.620738308279,-0.12073830827921483
6149,6501.207453991779,6148.919744006148,-0.4197440061479938
6150,6501.665184352134,6149.425461861852,0.0745381381475454
6151,6502.566972220886,6150.421806293366,0.0781937066340106
6152,6503.701543493513,6151.6753708021615,-0.1753708021615239
6153,6504.732509796227,6152.814491624058,-0.3144916240580642
6154,6505.408729994136,6153.561665480562,-0.0616654805617145
6155,6505.667900631899,6153.848033043769,0.6519669562312629
6156,6507.137020076432,6155.471350437356,0.028649562644204707
6157,6507.477752627869,6155.847853627311,0.6521463726885486
6158,6509.6182528023,6158.213131813816,-0.7131318138162897
6159,6510.058208138935,6158.699301580363,-0.19930158036277135
6160,6510.892054060109,6159.620750543777,-0.1207505437769214
6161,6511.726223192473,6160.542573680695,-0.04257368069465883
6162,6512.566938401199,6161.47164795974,0.02835204025996063
6163,6513.360945148273,6162.349120583404,0.1508794165956715
6164,6514.382624269534,6163.478221132856,0.021778867144348624
6165,6515.052647859496,6164.218706217134,0.28129378286575957
6166,6516.171290289174,6165.45501255158,0.044987448420215514
6167,6517.240330844651,6166.636528222081,-0.1365282220813242
6168,6517.8613878469,6167.322940237369,0.1770597626309609
6169,6518.808197450837,6168.36940254582,0.13059745418013335
6170,6520.32049265101,6170.040913799564,-0.5409137995638957
6171,6520.909964939856,6170.692461481768,-0.19246148176807765
6172,6521.788872386337,6171.663939537898,-0.1639395378979316
6173,6522.371597080945,6172.308049893466,0.19195010653402278
6174,6523.377319126223,6173.4197366777225,0.08026332227746025
6175,6524.08912305296,6174.206552499425,0.2934475005749846
6176,6524.898764044252,6175.101530755133,0.3984692448666465
6177,6526.082562690724,6176.410132172916,0.08986782708416285
6178,6527.431766363991,6177.9016182263385,-0.4016182263385417
6179,6528.187904465221,6178.737515459926,-0.23751545992581669
6180,6529.103609831716,6179.749830131038,-0.24983013103792473
6181,6529.761023940342,6180.476615747877,0.0233842521229235
6182,6530.427671755762,6181.213620185859,0.28637981414067326
6183,6531.59870750185,6182.508270829388,-0.008270829387583944
6184,6532.693567137797,6183.718734414207,-0.21873441420666495
6185,6533.491429406025,6184.600859693576,-0.1008596935762398
6186,6533.871387072466,6185.02095051009,0.4790494899098121
6187,6534.762937012055,6186.00668450343,0.49331549657017604
6188,6536.470053698349,6187.894196391704,-0.39419639170409937
6189,6537.054650213739,6188.540584964183,-0.04058496418292634
6190,6538.142600402398,6189.743554020595,-0.24355402059518383
6191,6539.169984547961,6190.879580400175,-0.3795804001747456
6192,6539.7249609849,6191.493254316439,0.0067456835613484145
6193,6540.638906760217,6192.5038805554605,-0.0038805554604550707
6194,6541.35465915519,6193.295361999196,0.2046380008041524
6195,6541.862394583091,6193.856825127308,0.6431748726918158
6196,6543.517657049525,6195.687288205046,-0.18728820504566102
6197,6544.117508866736,6196.350647556154,0.14935244384560065
6198,6545.406761305511,6197.776425392475,-0.2764253924751756
6199,6546.203853143527,6198.657945496151,-0.15794549615111464
6200,6546.926187186617,6199.456802773266,0.043197226734264405
6201,6547.849360757134,6200.477794749555,0.022205250445040292
6202,6549.129863100257,6201.89401193617,-0.3940119361695906
6203,6549.691789353556,6202.515506875996,-0.01550687599592493
6204,6550.283449195845,6203.169895696153,0.3301043038472926
6205,6551.606750606023,6204.63352699339,-0.13352699338975071
6206,6552.137913651266,6205.221029344733,0.27897065526667575
6207,6552.822686785685,6205.978444985055,0.5215550149450792
6208,6554.188696830806,6207.489398929123,0.010601070876873564
6209,6555.776866674193,6209.246142454274,-0.7461424542743771
6210,6556.29016415758,6209.813936150966,-0.31393615096567373
6211,6556.932787603162,6210.5247952169975,-0.024795216997517855
6212,6557.550866183959,6211.2085126301845,0.2914873698155134
6213,6558.710265696091,6212.49106329064,0.00893670935965929
6214,6559.459473093714,6213.319868674943,0.18013132505711837
6215,6560.485236248463,6214.454633997311,0.045366002688751905
6216,6561.246375942035,6215.2966722871015,0.20332771289849916
6217,6562.260958255343,6216.419112483571,0.08088751642935677
6218,6563.36942199566,6217.645442960415,-0.14544296041458438
6219,6564.166004197383,6218.526746868643,-0.026746868643385824
6220,6565.225896725427,6219.699389725434,-0.19938972543423006
6221,6565.916463678862,6220.4634331671405,0.03656683285953477
6222,6567.222123704219,6221.908047318016,-0.4080473180156332
6223,6567.810942958574,6222.559544844078,-0.05954484407811833
6224,6568.585110673606,6223.416133475097,0.0838665249029873
6225,6569.319354206835,6224.22856085785,0.27143914214957476
6226,6569.866289055122,6224.833743007475,0.6662569925247226
6227,6571.349397080133,6226.4748350866685,0.02516491333153681
6228,6572.768540538469,6228.045198824224,-0.5451988242239167
6229,6573.166263739422,6228.485311136378,0.014688863621813653
6230,6574.230084645373,6229.662532288499,-0.16253228849927837
6231,6575.279364268425,6230.823688937246,-0.3236889372456062
6232,6575.921041736287,6231.533796920892,-0.03379692089220043
6233,6576.29000773286,6231.942115131515,0.5578848684854165
6234,6577.842444727396,6233.660163999062,-0.16016399906220613
6235,6578.668340544978,6234.574189026359,-0.07418902635890845
6236,6579.281726766581,6235.253038786676,0.24696121332362964
6237,6580.253132475484,6236.328136222198,0.171863777802173
6238,6581.106726792464,6237.272865446398,0.22713455360189982
6239,6582.366235017423,6238.666878591004,-0.1668785910042061
6240,6583.647989893461,6240.085553521301,-0.5855535213013354
6241,6584.025065236706,6240.502916495703,-0.0029164957031753147
6242,6585.152149259118,6241.750441359161,-0.25044135916141386
6243,6585.766065749252,6242.429974231818,0.07002576818194939
6244,6586.365117607649,6243.093062497044,0.40693750295577047
6245,6587.679935019046,6244.548459382544,-0.048459382544024265
6246,6588.133534514996,6245.050567149617,0.4494328503833458
6247,6589.210210194638,6246.2424032366125,0.2575967633874825
6248,6590.863205277398,6248.0722559005135,-0.5722559005134826
6249,6591.491048592959,6248.767290844751,-0.26729084475118725
6250,6592.144011228694,6249.490143468943,0.009856531057266693
6251,6592.845950010056,6250.267225891191,0.23277410880928073
6252,6594.035062429383,6251.583661790295,-0.08366179029508203
6253,6595.182141381579,6252.85359585478,-0.35359585477999644
6254,6595.672779583989,6253.396792368927,0.103207631073019
6255,6596.500204522654,6254.312866160141,0.1871338398586886
6256,6597.265170319666,6255.159803742127,0.3401962578727762
6257,6598.340695483693,6256.350603317971,0.14939668202896428
6258,6599.176046768408,6257.275506513322,0.22449348667760205
6259,6600.75378045466,6259.022423414055,-0.5224234140550834
6260,6601.347457984376,6259.679777592802,-0.17977759280165628
6261,6602.390527988638,6260.834745752313,-0.3347457523132107
6262,6602.977753481655,6261.48497898705,0.015021012949546275
6263,6603.897138837149,6262.50302865196,-0.0030286519604487694
6264,6604.427167138999,6263.08994646939,0.41005353060972993
6265,6605.399554340271,6264.16672048637,0.3332795136302593
6266,6606.694580788018,6265.600804795956,-0.10080479595580982
6267,6607.765474189116,6266.786719530081,-0.28671953008142737
6268,6607.967781789133,6267.010759463019,0.4892405369810149
6269,6609.741917966225,6268.975519523126,-0.4755195231264224
6270,6610.094415677296,6269.365900738468,0.13409926153235574
6271,6611.386797395996,6270.797202420561,-0.2972024205610069
6272,6612.007975267011,6271.4851658990165,0.014834100983534881
6273,6612.907977501809,6272.481947870867,0.018052129133138806
6274,6614.103829390388,6273.806423190384,-0.30642319038361165
6275,6614.525354351746,6274.273294734207,0.22670526579258876
6276,6615.245604673416,6275.071037645757,0.42896235424268525
6277,6616.001321093094,6275.908075912761,0.5919240872390219
6278,6617.82312034163,6277.925973535274,-0.4259735352743519
6279,6618.582598754258,6278.767225738563,-0.2672257385629564
6280,6619.598203880316,6279.892203746644,-0.392203746643645
6281,6620.243653081774,6280.607175765072,-0.1071757650715881
6282,6620.801846220444,6281.225501245714,0.2744987542855597
6283,6621.897593444353,6282.439311557085,0.06068844291530695
6284,6622.896150263723,6283.545484655602,-0.045484655602194835
6285,6623.574968353804,6284.297473883648,0.2025261163516916
6286,6624.663719462919,6285.503606737985,-0.0036067379851374426
6287,6625.250125790559,6286.153247210799,0.3467527892007638
6288,6626.636287300496,6287.688915968842,-0.18891596884168393
6289,6627.460241761982,6288.601761571143,-0.10176157114256057
6290,6628.06183665256,6289.26826895792,0.2317310420803551
6291,6629.891281103424,6291.295165097708,-0.7951650977083773
6292,6630.110418429954,6291.537959274623,-0.03795927462306281
6293,6631.038268216506,6292.565987350972,-0.06598735097213648
6294,6631.547698183339,6293.130428351551,0.36957164844898216
6295,6632.548656711798,6294.239493997204,0.2605060027963191
6296,6633.484002020728,6295.275881689739,0.2241183102605646
6297,6634.352598134559,6296.238328280658,0.2616717193423028
6298,6635.696775490742,6297.727777613185,-0.22777761318502598
6299,6636.654287338266,6298.7887989900855,-0.28879899008552457
6300,6637.625363681346,6299.864873675968,-0.3648736759678286
6301,6638.090473850529,6300.380282232365,0.11971776763493835
6302,6639.075753370519,6301.472129920168,0.027870079831700423
6303,6639.859562435548,6302.340732660715,0.15926733928517933
6304,6641.05512083244,6303.665656772802,-0.16565677280232194
6305,6641.786228641866,6304.475891176907,0.024108823093229148
6306,6642.644283633696,6305.426828385504,0.07317161449554987
6307,6643.292547542334,6306.1452768711615,0.35472312883848645
6308,6644.119902868445,6307.06222080943,0.43777919056992687
6309,6645.918402372157,6309.05552400265,-0.5555240026496904
6310,6646.611795538477,6309.824042437789,-0.32404243778910313
6311,6647.322423863213,6310.611675309833,-0.11167530983311735
6312,6648.077919597347,6311.449050738237,0.050949261762980314
6313,6649.384089933558,6312.896814434704,-0.39681443470362865
6314,6649.647351976543,6313.188619934246,0.3113800657538377
6315,6650.383134979862,6314.004186964799,0.4958130352006265
6316,6651.545139433753,6315.292218806742,0.20778119325768785
6317,6652.583661009993,6316.443402543154,0.05659745684624795
6318,6653.941240679173,6317.948295730611,-0.4482957306108801
6319,6654.366268486231,6318.419453164444,0.08054683555565134
6320,6655.334573448509,6319.492867493963,0.007132506037123676
6321,6656.446114677306,6320.725094008833,-0.2250940088333664
6322,6657.053755492812,6321.398721749328,0.10127825067229423
6323,6658.335707229375,6322.81991635034,-0.3199163503395539
6324,6659.055077831644,6323.617440660748,-0.11744066074788861
6325,6659.521842320746,6324.134921894607,0.3650781053929677
6326,6660.503555598671,6325.2233211650255,0.2766788349745184
6327,6661.461648933386,6326.285555840716,0.21444415928363014
6328,6662.346720631639,6327.266851175428,0.2331488245717992
6329,6663.719022678309,6328.788384794465,-0.288384794464946
6330,6664.872916950476,6330.067794602832,-0.567794602831782
6331,6665.43291695398,6330.688720399967,-0.18872039996676904
6332,6666.236097925819,6331.579297367949,-0.07929736794903874
6333,6666.808353082499,6332.213830339884,0.2861696601157746
6334,6667.616350899314,6333.109774863525,0.3902251364752374
6335,6669.097362269837,6334.752027713363,-0.2520277133626223
6336,6669.810009517618,6335.542281336265,-0.04228133626475028
6337,6670.175702313961,6335.947802316045,0.5521976839545459
6338,6671.713778808945,6337.653428097389,-0.1534280973892237
6339,6672.526465395132,6338.554666915676,-0.054666915675625205
6340,6673.539418182133,6339.678015463261,-0.17801546326063544
6341,6674.254359553939,6340.470888816879,0.029111183121131035
6342,6675.608127235226,6341.972256951022,-0.47225695102224563
6343,6676.021079514859,6342.430241859611,0.06975814038924
6344,6677.034062070679,6343.553707828849,-0.05370782884892833
6345,6677.773602313435,6344.373923278921,0.12607672107878898
6346,6678.438197868944,6345.111029571808,0.38897042819189664
6347,6679.147300422945,6345.897510408746,0.6024895912541979
6348,6680.890098038189,6347.830535496829,-0.33053549682881567
6349,6681.885127241569,6348.934205223222,-0.4342052232223068
6350,6682.5656403067,6349.689032496669,-0.18903249666891497
6351,6683.184617811498,6350.375613907795,0.1243860922049862
6352,6684.323087144977,6351.638449182793,-0.13844918279301055
6353,6685.084637365417,6352.483208075839,0.016791924161225324
6354,6685.936244319489,6353.427879854724,0.07212014527613064
6355,6686.656349751519,6354.226692908337,0.27330709166290035
6356,6688.04074192074,6355.762434001431,-0.2624340014308473
6357,6688.503502135188,6356.275795731027,0.22420426897315338
6358,6689.259935461761,6357.1149538658,0.38504613419991074
6359,6690.508707528536,6358.500323513388,-0.0003235133881389629
6360,6691.704920009262,6359.827419104287,-0.32741910428740084
6361,6692.64754125475,6360.873200852163,-0.37320085216288135
6362,6693.499651871102,6361.818584668467,-0.3185846684673379
6363,6693.981516036085,6362.353201989822,0.1467980101779176
6364,6694.823702884915,6363.287602382073,0.2123976179273086
6365,6695.938981836289,6364.525022492699,-0.025022492698553833
6366,6696.272310646923,6364.894861960715,0.6051380392846113
6367,6697.779004686451,6366.566622353275,-0.06662235327530652
6368,6698.507679622905,6367.37514686166,0.12485313833985856
6369,6699.761639218132,6368.766547245371,-0.2665472453709299
6370,6700.871368181451,6369.997939691797,-0.4979396917970007
6371,6701.375798236869,6370.557681855355,-0.05768185535544035
6372,6701.784678330476,6371.011401182063,0.48859881793669047
6373,6703.336806677939,6372.733777537641,-0.23377753764088993
6374,6704.270589493425,6373.770011569734,-0.270011569734379
6375,6704.873686015396,6374.439288626279,0.06071137372055091
6376,6705.640106165692,6375.2898240159575,0.21017598404250748
6377,6706.214075997797,6375.926796637436,0.5732033625636177
6378,6707.535168632614,6377.39293099233,0.10706900767036132
6379,6708.721048689682,6378.709043158257,-0.20904315825737285
6380,6709.726991699266,6379.825483931846,-0.3254839318460654
6381,6710.545176389563,6380.733559783052,-0.23355978305244207
6382,6711.503024657996,6381.796663746606,-0.2966637466061002
6383,6712.08990386812,6382.44804448314,0.05195551686028921
6384,6712.731759929545,6383.160453705248,0.3395462947519263
6385,6713.825345385447,6384.374269155857,0.12573084414270852
6386,6714.552463890874,6385.181343565872,0.31865643412766076
6387,6715.865576387473,6386.638881190722,-0.13888119072180416
6388,6716.558365972568,6387.407884998029,0.09211500197125133
6389,6717.80967501143,6388.796880160242,-0.2968801602419262
6390,6718.186519712512,6389.215197734455,0.2848022655452951
6391,6719.559687205052,6390.73951483103,-0.23951483102973725
6392,6720.626196173102,6391.92344918406,-0.42344918405979115
6393,6721.043429319701,6392.386628105464,0.11337189453570318
6394,6722.047668249346,6393.501470873292,-0.0014708732924191281
6395,6722.914170254798,6394.463425978696,0.03657402130374976
6396,6723.649784945101,6395.280089287447,0.2199107125534283
6397,6724.57328441851,6396.305356299066,0.19464370093373873
6398,6725.062801240417,6396.848824945195,0.6511750548052078
6399,6727.203484213403,6399.225508720433,-0.7255087204330266
6400,6727.86135302885,6399.955926434761,-0.4559264347608405
6401,6728.191087298994,6400.322027213935,0.17797278606485634
6402,6729.486019096449,6401.759802378183,-0.2598023781829397
6403,6729.89523729321,6402.214169504215,0.2858304957853761
6404,6730.934946661612,6403.368607529215,0.13139247078470362
6405,6731.961248879775,6404.508184035335,-0.008184035335034423
6406,6733.013197272611,6405.676263160063,-0.1762631600631721
6407,6733.352651970027,6406.053197828221,0.44680217177938175
6408,6734.491411333636,6407.317710115241,0.18228988475857477
6409,6735.744523774782,6408.709238879648,-0.20923887964818277
6410,6736.4096053578,6409.447799132156,0.05220086784356681
6411,6737.651227900499,6410.826624950513,-0.3266249505131782
6412,6738.29718109192,6411.543972443855,-0.04397244385472732
6413,6739.552413812179,6412.937968575177,-0.437968575177365
6414,6740.261721734865,6413.725705492443,-0.2257054924430122
6415,6740.457697493018,6413.943352610713,0.5566473892868089
6416,6741.36652761748,6414.952694697145,0.5473053028554205
6417,6742.674048332694,6416.404854721321,0.0951452786794107
6418,6743.672183245416,6417.513431523126,-0.013431523126200773
6419,6744.725146506195,6418.68292881962,-0.18292881962042884
6420,6745.670849832026,6419.73331776112,-0.2333177611199062
6421,6746.593080879847,6420.757656458343,-0.2576564583432628
6422,6747.242437890558,6421.478921066868,0.021078933132230304
6423,6748.029172419819,6422.352789240556,0.14721075944362383
6424,6749.031010237308,6423.465605286548,0.03439471345154743
6425,6750.213685342223,6424.779321268728,-0.27932126872838126
6426,6750.601759539746,6425.210401429807,0.2895985701934478
6427,6751.786325711448,6426.526261904995,-0.02626190499540826
6428,6752.178020361092,6426.961378271177,0.5386217288232729
6429,6753.436904757144,6428.3598420901,0.14015790990015375
6430,6754.800870274663,6429.875080105311,-0.37508010531109903
6431,6755.929060721254,6431.1284272103885,-0.6284272103885087
6432,6756.349056164565,6431.595022824396,-0.0950228243964375
6433,6756.987912268812,6432.304770530481,0.19522946951929043
6434,6757.968818185655,6433.394542818298,0.10545718170214968
6435,6759.040586961106,6434.585288333548,-0.08528833354830567
6436,6759.501932128259,6435.097855620997,0.4021443790034027
6437,6760.462459400595,6436.165044162499,0.33495583750118385
6438,6761.720180324828,6437.562460915796,-0.06246091579578206
6439,6762.871493911746,6438.841684245651,-0.3416842456508675
6440,6763.550805103913,6439.596480838383,-0.09648083838328603
6441,6764.315430966511,6440.446085300585,0.05391469941514515
6442,6765.177507003466,6441.4039868024665,0.09601319753346615
6443,6766.626418343842,6443.013993626628,-0.51399362662778
6444,6767.055387842122,6443.490667062298,0.009332937702311028
6445,6767.826497444028,6444.347539480368,0.15246051963185892
6446,6768.762729472865,6445.3879180379845,0.1120819620155089
6447,6769.585676837072,6446.302427155683,0.19757284431670996
6448,6770.093879396388,6446.867180673053,0.6328193269473559
6449,6771.955148424855,6448.935616878757,-0.43561687875717325
6450,6772.495692995083,6449.536341621139,-0.03634162113939965
6451,6773.740383049483,6450.919632225277,-0.41963222527738253
6452,6774.572946802578,6451.8449251545,-0.3449251544998333
6453,6774.993840108073,6452.312702856425,0.18729714357505145
6454,6776.146685002439,6453.593987441526,-0.09398744152622385
6455,6776.359235997388,6453.830222380025,0.6697776199753207
6456,6778.094859514307,6455.759281118144,-0.2592811181439174
6457,6778.684172078836,6456.41428864786,0.08571135213969683
6458,6779.586018071242,6457.41668577052,0.08331422947958345
6459,6780.217537107738,6458.118627256324,0.38137274367636564
6460,6781.893987624381,6459.9820688556565,-0.48206885565650737
6461,6782.353593658475,6460.492950810083,0.007049189916870091
6462,6783.353036592479,6461.603913645661,-0.10391364566112316
6463,6784.369341123243,6462.733643562557,-0.23364356255660823
6464,6785.226455746959,6463.686435904874,-0.186435904874088
6465,6785.783415364001,6464.3055768698405,0.19442313015952095
6466,6786.860012200988,6465.502390194719,-0.0023901947188278427
6467,6787.190723306274,6465.870035091271,0.6299649087286525
6468,6788.359287917739,6467.169125451072,0.33087454892756796
6469,6789.795642994321,6468.765961662793,-0.2659616627934156
6470,6791.028915455419,6470.137063824346,-0.6370638243461144
6471,6791.376409715536,6470.523400246245,-0.023400246244818845
6472,6792.196698981652,6471.435390908182,0.06460909181805619
6473,6793.061593444637,6472.396990326521,0.1030096734793915
6474,6794.096623844174,6473.5477718341135,-0.04777183411351871
6475,6795.007815668105,6474.560886231745,-0.060886231744916586
6476,6795.896919249779,6475.549460422886,-0.04946042288611352
6477,6796.295555003895,6475.992700525445,0.5072994745551114
6478,6797.774135880899,6477.636756001132,-0.13675600113219843
6479,6798.366625614892,6478.29556827649,0.2044317235104245
6480,6799.273322354986,6479.303775398426,0.1962246015737037
6481,6800.772051417368,6480.970338763087,-0.4703387630870566
6482,6801.656988280416,6481.954399449266,-0.4543994492660204
6483,6802.224132415897,6482.585080345367,-0.08508034536680498
6484,6802.957130339656,6483.4002066624125,0.09979333758747089
6485,6803.905959480592,6484.455365565887,0.044634434112595045
6486,6804.369622404881,6484.970996157032,0.52900384296845
6487,6805.731785578892,6486.485860623376,0.014139376624370925
6488,6806.401467743149,6487.230631445775,0.2693685542253661
6489,6807.689586081387,6488.6632105857125,-0.16321058571247704
6490,6808.690301596814,6489.776181823358,-0.2761818233575468
6491,6809.403080163783,6490.568930927997,-0.06893092799691658
6492,6810.366331181337,6491.6402732282695,-0.14027322826950694
6493,6811.15703639008,6492.519723684578,-0.019723684577911627
6494,6811.850764837749,6493.2913251695845,0.2086748304154753
6495,6813.242160313716,6494.838942729006,-0.3389427290057938
6496,6813.937310608288,6495.612159541583,-0.11215954158342356
6497,6814.46246595324,6496.196298177252,0.30370182274782564
6498,6815.081096307118,6496.884418813699,0.6155811863009149
6499,6816.335338647445,6498.279576681261,0.22042331873944931
6500,6817.957478321921,6500.084020030307,-0.5840200303073289
6501,6818.595648109208,6500.79392717214,-0.2939271721397745
6502,6819.200378865692,6501.466645137537,0.033354862463056634
6503,6820.389495636156,6502.789473947946,-0.289473947946135
6504,6821.029054304978,6503.500962408058,-0.0009624080576031702
6505,6821.70064004942,6504.248090233135,0.2519097668646282
6506,6822.503719518642,6505.141516426342,0.3584835736583045
6507,6823.68720303324,6506.458169676648,0.04183032335185999
6508,6824.619085022734,6507.4949333007335,0.005066699266535579
6509,6825.43083343018,6508.398059029148,0.10194097085241083
6510,6826.694558727106,6509.8040705976655,-0.3040705976654863
6511,6827.215195839818,6510.383338489928,0.11666151007193548
6512,6828.196024115884,6511.474638458829,0.025361541171150748
6513,6829.600399880393,6513.037229541076,-0.5372295410761581
6514,6830.083027378228,6513.574239895797,-0.07423989579729096
6515,6830.870213620892,6514.450138567056,0.049861432944453554
6516,6831.545028254603,6515.201013336488,0.2989866635116414
6517,6832.55623823514,6516.3262193183455,0.17378068165453442
6518,6833.389260421885,6517.253167884077,0.24683211592309817
6519,6834.17785865243,6518.130698418001,0.3693015819990251
6520,6835.801628118638,6519.937630261019,-0.43763026101896685
6521,6836.654339308382,6520.886552477248,-0.38655247724818764
6522,6837.608007663348,6521.947842862688,-0.4478428626880486
6523,6837.961927128304,6522.341707731927,0.1582922680727279
6524,6838.573655317859,6523.022485988657,0.47751401134337357
6525,6840.160959158248,6524.789000603599,-0.28900060359865165
6526,6840.629444018782,6525.310389841177,0.1896101588226884
6527,6841.652128808351,6526.448580631345,0.05141936865493335
6528,6842.568406740923,6527.468367224585,0.03163277541534626
6529,6843.097716812179,6528.057480471738,0.4425195282619825
6530,6844.542069426547,6529.66505389749,-0.16505389748999733
6531,6845.395596546577,6530.6150576840055,-0.11505768400547822
6532,6846.437600649348,6531.774865518668,-0.2748655186678661
6533,6847.230869124743,6532.657833851607,-0.15783385160739272
6534,6848.211314779072,6533.749164875332,-0.24916487533209875
6535,6848.775908203615,6534.377622205697,0.12237779430324736
6536,6849.879668262095,6535.606255323779,-0.10625532377889613
6537,6850.113716574125,6535.866786152298,0.6332138477018816
6538,6851.11591127018,6536.982393356399,0.5176066436006295
6539,6852.988639447484,6539.067109754017,-0.5671097540171104
6540,6853.36648507911,6539.487736456428,0.012263543571862101
6541,6854.363467096818,6540.597616356607,-0.09761635660743195
6542,6855.292491816881,6541.631864272873,-0.13186427287291735
6543,6856.262283256446,6542.711517604659,-0.2115176046590932
6544,6856.760131671619,6543.265772780258,0.23422721974202432
6545,6858.04941180057,6544.70115647304,-0.20115647304010054
6546,6858.558429214378,6545.267867285731,0.23213271426902793
6547,6859.92246395939,6546.78653502961,-0.2865350296096949
6548,6860.18785889937,6547.082021328057,0.4179786719432741
6549,6861.108305661406,6548.106844057529,0.3931559424709121
6550,6862.251552326197,6549.37975891009,0.12024108991045068
6551,6863.661560661958,6550.949733558738,-0.4497335587384441
6552,6864.468078714363,6551.847772307103,-0.3477723071027867
6553,6865.320196229554,6552.796601361706,-0.29660136170605256
6554,6865.947533329549,6553.495149184138,0.00485081586157321
6555,6866.605957422315,6554.228322579497,0.2716774205027832
6556,6867.507291743347,6555.231999509148,0.26800049085159117
6557,6868.582153641694,6556.428931934317,0.07106806568299362
6558,6869.569127747684,6557.52801885318,-0.028018853179673897
6559,6870.02493455084,6558.035609488854,0.46439051114612084
6560,6871.7890738567,6560.000216557439,-0.5002165574387618
6561,6872.372448382001,6560.649898638284,-0.14989863828395755
6562,6873.072723613971,6561.429779010682,0.07022098931793153
6563,6873.934694034238,6562.389751175546,0.11024882445417461
6564,6875.153324099615,6563.746962763184,-0.24696276318354649
6565,6876.145315861664,6564.851788324666,-0.35178832466590393
6566,6876.698117410311,6565.467477999428,0.03252200057158916
6567,6877.237646576932,6566.06839221177,0.43160778823039436
6568,6878.258863124614,6567.205816331772,0.2941836682275607
6569,6879.112421812894,6568.156522769878,0.34347723012160714
6570,6880.377942410603,6569.566109568244,-0.06610956824442837
6571,6881.688038384214,6571.02538520656,-0.5253852065598039
6572,6882.445197358526,6571.868779416636,-0.3687794166362437
6573,6882.83857721113,6572.306967780874,0.1930322191255982
6574,6884.181301466845,6573.802663971425,-0.30266397142531787
6575,6884.701384278517,6574.382009220168,0.11799077983232564
6576,6885.263282750262,6575.00794197029,0.4920580297102788
6577,6886.623661119115,6576.523380075831,-0.023380075830573332
6578,6887.549968308301,6577.555294829666,-0.05529482966630894
6579,6888.2509928671,6578.336255835773,0.16374416422695504
6580,6889.289681088247,6579.493404500925,0.006595499075046973
6581,6889.977275509067,6580.259431487094,0.24056851290606573
6582,6891.537372835463,6581.997526596142,-0.49752659614205186
6583,6892.182738260617,6582.716540796051,-0.21654079605104926
6584,6892.950976502118,6583.572462534494,-0.07246253449375217
6585,6893.749941560473,6584.462632575687,0.037367424312833464
6586,6894.725796291229,6585.549904929113,-0.049904929112926766
6587,6895.615387172351,6586.54108346362,-0.041083463620452676
6588,6895.840311975508,6586.791696655731,0.7083033442686428
6589,6897.082003225874,6588.175220971878,0.32477902812206594
6590,6898.502343014077,6589.757843706184,-0.25784370618384855
6591,6899.560414678569,6590.936837106588,-0.43683710658842756
6592,6900.318742990246,6591.781846867712,-0.28184686771237466
6593,6900.858109754849,6592.382874542852,0.11712545714817679
6594,6901.834315321035,6593.470697898612,0.029302101387656876
6595,6902.578676872228,6594.300183330764,0.19981666923558805
6596,6903.937998227295,6595.814987257126,-0.31498725712572195
6597,6904.535186364929,6596.480496733308,0.019503266691572207
6598,6905.140661438643,6597.155249605489,0.344750394510811
6599,6906.094062894562,6598.217755345229,0.28224465477069316
6600,6907.140032630446,6599.383446686967,0.11655331303336425
6601,6908.442281898068,6600.834786524099,-0.3347865240993997
6602,6908.903089541293,6601.348359995634,0.15164000436561764
6603,6910.472255698762,6603.0972437839055,-0.5972437839054692
6604,6911.048924563072,6603.739973162428,-0.23997316242821398
6605,6911.819906831136,6604.599287551917,-0.09928755191685923
6606,6912.192144576347,6605.014177804896,0.485822195104447
6607,6913.303555547398,6606.2529577272935,0.24704227270649426
6608,6914.187543371099,6607.238271857214,0.2617281427856142
6609,6915.329117315662,6608.510724297506,-0.010724297506385483
6610,6916.245063928928,6609.531703504252,-0.03170350425170909
6611,6917.216468424076,6610.614521103067,-0.11452110306709073
6612,6918.357587013807,6611.886545513953,-0.38654551395302406
6613,6918.817356663068,6612.399067072853,0.1009329271473689
6614,6919.750351056099,6613.439124007733,0.06087599226702878
6615,6920.967473414749,6614.795943124072,-0.29594312407243706
6616,6921.483827935223,6615.371573179632,0.12842682036807673
6617,6922.480973999166,6616.483205170153,0.016794829846730863
6618,6923.354034045865,6617.4565231514325,0.043476848567479465
6619,6924.145884035748,6618.33932046456,0.1606795354400674
6620,6924.460427819384,6618.689994932887,0.8100050671127974
6621,6926.654831366049,6621.136526185781,-0.6365261857808946
6622,6927.28679783769,6621.841123459979,-0.3411234599789168
6623,6928.07166325656,6622.716204864606,-0.21620486460597022
6624,6928.719431898001,6623.438441626796,0.06155837320420687
6625,6929.627051913055,6624.450418745755,0.049581254244913
6626,6930.528890049633,6625.455967931991,0.044032068009073555
6627,6931.345058650023,6626.366011717465,0.1339882825350287
6628,6932.023250807392,6627.122220734054,0.3777792659457191
6629,6933.304572524187,6628.550970051948,-0.050970051947842876
6630,6934.184535983196,6629.532203059548,-0.03220305954801006
6631,6935.045370894751,6630.492123330978,0.007876669022152782
6632,6936.108134342437,6631.6772383359385,-0.17723833593845484
6633,6936.738749030301,6632.380465334733,0.11953466526665579
6634,6938.142460069569,6633.94583984625,-0.4458398462502373
6635,6938.676824998129,6634.54175872846,-0.04175872846008133
6636,6939.728174416742,6635.7142331062005,-0.21423310620048142
6637,6940.311344603756,6636.364600702244,0.13539929775561177
6638,6940.802649579944,6636.912523715547,0.5874762844532597
6639,6942.049400324619,6638.302974990351,0.19702500964922365
6640,6942.947798550565,6639.30494471619,0.1950552838097792
6641,6944.312163919005,6640.826635814372,-0.3266358143719117
6642,6945.071500563429,6641.673550469723,-0.17355046972261334
6643,6946.31146455827,6643.056553984431,-0.5565539844310479
6644,6946.66139110081,6643.44685365726,0.053146342739637475
6645,6947.472631963528,6644.351703049234,0.14829695076605276
6646,6948.143968613257,6645.100516177106,0.39948382289367146
6647,6949.584246728473,6646.707046290194,-0.20704629019382992
6648,6950.55803183932,6647.793262804927,-0.2932628049265986
6649,6950.778718800411,6648.0394328870825,0.460567112917488
6650,6951.731756770679,6649.102532675235,0.39746732476487523
6651,6953.170717240911,6650.707711239505,-0.2077112395054428
6652,6953.807636482949,6651.418217824433,0.08178217556724121
6653,6955.26155855198,6653.040155571206,-0.5401555712060144
6654,6955.788441534834,6653.627937253566,-0.12793725356641517
6655,6956.546043636554,6654.473116388489,0.026883611511038907
6656,6957.755993703884,6655.822961089245,-0.3229610892449273
6657,6958.032891659782,6656.131878743071,0.36812125692904374
6658,6958.980843288755,6657.189462101116,0.310537898883922
6659,6959.816566484797,6658.121854721085,0.37814527891532634
6660,6960.901479751521,6659.332285446046,0.16771455395428347
6661,6962.607412061689,6661.2356375333975,-0.7356375333974938
6662,6962.870225996558,6661.528871642124,-0.028871642123704078
6663,6963.68028448136,6662.432702667305,0.06729733269457938
6664,6964.533684079057,6663.384908204099,0.11509179590120766
6665,6965.79678675497,6664.794282467095,-0.2942824670953996
6666,6966.478635398824,6665.555106654172,-0.055106654172050185
6667,6967.140998080977,6666.294198076375,0.20580192362467642
6668,6968.316501086581,6667.6058971735965,-0.1058971735965315
6669,6968.801828338876,6668.147464601734,0.35253539826589986
6670,6969.932237760999,6669.408887780491,0.09111221950934123
6671,6970.535368743666,6670.081933210655,0.4180667893451755
6672,6972.095936145753,6671.82343884894,-0.3234388489399862
6673,6973.262414596907,6673.125199643266,-0.6251996432656597
6674,6973.654656489091,6673.562938767891,-0.0629387678909552
6675,6974.591510670818,6674.608475490846,-0.10847549084610364
6676,6975.295197954231,6675.393809271314,0.1061907286857604
6677,6976.008257662878,6676.189614453494,0.31038554650604055
6678,6976.919054490707,6677.206119602983,0.2938803970173467
6679,6978.181615018905,6678.615245924503,-0.1152459245031423
6680,6978.842393158969,6679.35274574959,0.14725425040978735
6681,6979.762843417419,6680.380084321409,0.11991567859058705
6682,6981.004332176592,6681.765772948619,-0.2657729486190874
6683,6981.976866683824,6682.851292627121,-0.3512926271214383
6684,6982.397415579585,6683.320705889963,0.1792941100366079
6685,6983.385289848011,6684.423378983971,0.07662101602909388
6686,6984.843874844216,6686.051503787463,-0.5515037874629343
6687,6985.151721856232,6686.395139841706,0.10486015829428652
6688,6986.003674960955,6687.346148807676,0.15385119232360012
6689,6986.850633675517,6688.291599080587,0.2084009194131795
6690,6987.254126322794,6688.742019029238,0.7579809707622189
6691,6989.031870465207,6690.726563850325,-0.22656385032496473
6692,6990.113171653696,6691.933685393218,-0.4336853932181839
6693,6990.678711334835,6692.565041952181,-0.06504195218076347
6694,6991.939520170368,6693.972608526231,-0.4726085262309425
6695,6992.275498255838,6694.347700457788,0.1522995422119493
6696,6993.159083827505,6695.334163424759,0.16583657524097362
6697,6994.109978417561,6696.395792165476,0.10420783452354954
6698,6995.039339733009,6697.433399907678,0.06660009232200537
6699,6995.819351875684,6698.3042783505125,0.1957216494874956
6700,6996.886975870436,6699.496295978155,0.003704021844896488
6701,6997.808697348918,6700.525432191102,-0.025432191101572243
6702,6998.498795222107,6701.2959647080415,0.20403529195846204
6703,6999.682678654557,6702.617861390891,-0.11786139089144854
6704,7000.717687588804,6703.773554383772,-0.273554383771625
6705,7001.85590089074,6705.044513691997,-0.5445136919970537
6706,7002.352835851461,6705.5994137485,-0.09941374850041029
6707,7002.691508680538,6705.97759436578,0.5224056342203767
6708,7004.043723499323,6707.487577423738,0.012422576261997165
6709,7005.062866174924,6708.625654955874,-0.12565495587386977
6710,7005.100564672658,6708.667753354435,0.8322466455647373
6711,7006.739662383964,6710.498186125334,0.001813874666368065
6712,7008.1147420574,6712.033828593456,-0.5338285934558371
6713,7008.817473633258,6712.818632028466,-0.3186320284657995
6714,7009.367750707156,6713.4331836638885,0.06681633611151483
6715,7010.35408047237,6714.534737894031,-0.03473789403142291
6716,7011.000501879778,6715.256687163042,0.243312836957557
6717,7012.236145978953,6716.636730284137,-0.13673028413722932
6718,7013.15843422364,6717.666820952797,-0.1668209527970248
6719,7013.706426479036,6718.278874878383,0.22112512161675113
6720,7014.629880155091,6719.310298023962,0.18970197603812267
6721,7015.280466924193,6720.03696249828,0.4630375017195547
6722,7016.721610295663,6721.646663134568,-0.14666313456837088
6723,7017.835435823649,6722.890794849308,-0.39079484930789476
6724,7018.482223807742,6723.613263320518,-0.11326332051794452
6725,7019.437796946047,6724.68066517394,-0.18066517393981485
6726,7020.435877382538,6725.795570970762,-0.2955709707621281
6727,7021.023066109282,6726.451500716112,0.04849928388830449
6728,7021.657557247156,6727.160279257567,0.33972074243320094
6729,7022.295224444059,6727.872614910557,0.6273850894431234
6730,7024.04283203159,6729.824908079703,-0.3249080797031638
6731,7024.45516570243,6730.285545724742,0.21445427525759442
6732,7025.699304046254,6731.675455459714,-0.17545545971370302
6733,7026.594723731796,6732.675810076003,-0.1758100760025627
6734,7027.30830666374,6733.47303135103,0.026968648970068898
6735,7028.454474427451,6734.753564431767,-0.2535644317667902
6736,7029.026736381394,6735.392923824013,0.10707617598654906
6737,7030.160937812433,6736.660131737644,-0.1601317376444058
6738,7030.916480678158,6737.504292398426,-0.004292398425604915
6739,7031.735908085657,6738.419845240416,0.08015475958382012
6740,7032.326789393166,6739.080051114958,0.4199488850417765
6741,7033.374833299674,6740.251075176448,0.24892482355244283
6742,7034.292019875175,6741.275907166617,0.2240928333831107
6743,7036.042983450233,6743.23242507259,-0.7324250725896491
6744,7036.590328238249,6743.844039618512,-0.3440396185123973
6745,7037.287650971197,6744.623252481168,-0.12325248116758303
6746,7037.826378791676,6745.225253359926,0.2747466400742269
6747,7038.892159117756,6746.416227883469,0.0837721165307812
6748,7039.724690853085,6747.346572631986,0.15342736801358114
6749,7040.828312058793,6748.579880935391,-0.07988093539097463
6750,7041.380467339997,6749.196930602115,0.3030693978853378
6751,7042.367190690242,6750.299639949022,0.2003600509779062
6752,7043.660231421897,6751.744706560222,-0.24470656022185722
6753,7044.644895546271,6752.845165330362,-0.3451653303618514
6754,7044.831635317056,6753.053867817446,0.4461321825538107
6755,7046.487185180729,6754.904163583475,-0.40416358347465575
6756,7047.225072049253,6755.728869621995,-0.22886962199481786
6757,7047.948438454178,6756.537358666885,-0.03735866688475653
6758,7048.949401863967,6757.656130623082,-0.15613062308239023
6759,7049.280272516691,6758.025948124411,0.4740518755888843
6760,7050.297213171849,6759.162608533354,0.33739146664629516
6761,7051.126075603252,6760.089066401362,0.41093359863771184
6762,7052.731101998176,6761.883122708723,-0.3831227087230218
6763,7053.529831409839,6762.775943110153,-0.2759431101530936
6764,7054.22932577632,6763.557850318962,-0.057850318961754965
6765,7055.362254325913,6764.824281363416,-0.3242813634160484
6766,7055.986004943465,6765.521546118776,-0.02154611877631396
6767,7056.614758134823,6766.224411923999,0.27558807600144064
6768,7057.640859333481,6767.3714812269445,0.12851877305547532
6769,7058.629780453733,6768.477009723012,0.022990276987911784
6770,7059.889596893713,6769.8854077539945,-0.38540775399451377
6771,7060.046570771797,6770.060897493693,0.43910250630688097
6772,7060.897300346828,6771.011984580731,0.4880154192687769
6773,7062.396671827488,6772.688271240149,-0.1882712401493336
6774,7063.516698792153,6773.940486484615,-0.44048648461466655
6775,7064.111543391221,6774.60554756838,-0.105547568379734
6776,7065.149328525933,6775.765853740427,-0.2658537404267918
6777,7065.783828580668,6776.4752748990495,0.02472510095049074
6778,7066.700657475165,6777.500378010301,-0.00037801030066475505
6779,7067.232275507835,6778.094786904531,0.4052130954687527
6780,7068.407664647506,6779.409027065512,0.09097293448758137
6781,7068.910823584891,6779.971634662414,0.5283653375863651
6782,7070.631775541777,6781.895961653543,-0.3959616535430541
6783,7071.257549038726,6782.595703020797,-0.09570302079737303
6784,7072.437115054571,6783.914720423884,-0.41472042388431873
6785,7072.983187561457,6784.525361657482,-0.025361657481880684
6786,7073.466662994932,6785.066009812346,0.4339901876537624
6787,7075.067136414841,6786.855782532506,-0.35578253250605485
6788,7075.890873553465,6787.776971344284,-0.27697134428399295
6789,7076.342464150186,6788.281993542701,0.21800645729945245
6790,7077.065912471996,6789.091048871924,0.4089511280762963
6791,7078.271618865431,6790.439454935826,0.0605450641742209
6792,7078.931890804248,6791.177886275389,0.322113724610972
6793,7080.137304262403,6792.526015302703,-0.02601530270294461
6794,7081.329045567859,6793.85888556451,-0.358885564510274
6795,7082.278642199874,6794.920958632027,-0.42095863202666806
6796,7083.024206212045,6795.754846322763,-0.2548463227631146
6797,7083.620734181047,6796.422051322666,0.07794867733355204
6798,7084.299067796784,6797.180764071718,0.3192359282820689
6799,7085.248728797867,6798.242972507631,0.25702749236916134
6800,7086.306731439245,6799.426386363091,0.07361363690870348
6801,7087.18623923729,6800.410166478306,0.08983352169434511
6802,7088.172775646458,6801.513684928308,-0.013684928308066446
6803,7089.062481920449,6802.508910008719,-0.008910008718885365
6804,7090.042338353995,6803.604997585097,-0.10499758509740786
6805,7090.994773908901,6804.670432258377,-0.1704322583773319
6806,7091.86750387286,6805.646722764143,-0.14672276414330554
6807,7092.676342251269,6806.55155539465,-0.05155539464976755
6808,7093.502511762345,6807.475791200234,0.024208799765801814
6809,7094.688695951538,6808.80280219272,-0.30280219272026443
6810,7095.085720383149,6809.246969425084,0.25303057491601066
6811,7095.725602561626,6809.962838848036,0.5371611519640282
6812,7096.634105638254,6810.979244195441,0.5207558045585756
6813,7098.543092299941,6813.115020167969,-0.6150201679693055
6814,7099.105747706267,6813.744535127365,-0.24453512736545235
6815,7100.148609518811,6814.911337514988,-0.4113375149881904
6816,7100.374674131556,6815.1642723523255,0.3357276476745028
6817,7101.805060778172,6816.764702477718,-0.26470247771794675
6818,7102.326350494873,6817.347974193706,0.15202580629375007
6819,7103.038586280859,6818.144905549116,0.3550944508842804
6820,7104.510386060178,6819.791760515751,-0.29176051575086603
6821,7104.853653429335,6820.175862926742,0.3241370732575888
6822,7105.840204617922,6821.279788810905,0.22021118909469806
6823,7107.089407119072,6822.677646162831,-0.17764616283056966
6824,7107.734543391729,6823.399567208657,0.10043279134333716
6825,7108.776071695767,6824.565078934845,-0.06507893484467786
6826,7110.001860578942,6825.936816711946,-0.4368167119464488
6827,7110.890294249117,6826.93105300729,-0.4310530072898473
6828,7111.196220368461,6827.273415633413,0.22658436658730352
6829,7112.280552946117,6828.486911592322,0.013088407677969371
6830,7112.700332233812,6828.95670115714,0.5432988428601675
6831,7113.874906598548,6830.271229030812,0.22877096918819007
6832,7115.004276076472,6831.535194847663,-0.03519484766275127
6833,7115.666729177011,6832.276611261404,0.22338873859644082
6834,7117.412224324586,6834.230213543926,-0.7302135439258564
6835,7117.750925734542,6834.609304615034,-0.10930461503357947
6836,7118.533335836172,6835.485025814544,0.014974185455685074
6837,7119.283665360766,6836.324853328202,0.17514667179784738
6838,7120.250769053209,6837.407330017387,0.09266998261318804
6839,7121.421516882193,6838.717773040216,-0.21777304021634336
6840,7122.205851773636,6839.5957129535045,-0.09571295350451692
6841,7122.716594278005,6840.167416484208,0.33258351579206646
6842,7123.681370582502,6841.247362127573,0.2526378724269307
6843,7124.489058108264,6842.151482647038,0.3485173529616077
6844,7125.915836857432,6843.748645737091,-0.24864573709055549
6845,7127.035111899371,6845.00161519154,-0.5016151915397131
6846,7127.569883237845,6845.600273413858,-0.10027341385830368
6847,7128.564326582397,6846.713535702594,-0.21353570259361732
6848,7129.114147836603,6847.3290606563805,0.17093934361946594
6849,7130.3299851236,6848.69021459321,-0.19021459320993017
6850,7130.710717138682,6849.116458413287,0.38354158671336336
6851,7131.460814545007,6849.956230156219,0.5437698437808649
6852,7132.874807757899,6851.539300763559,-0.039300763559367624
6853,7134.003937657023,6852.803477732737,-0.30347773273661005
6854,7134.723114154968,6853.6086845637765,-0.10868456377647817
6855,7135.384622834066,6854.349335342746,0.15066465725431044
6856,7136.640749182653,6855.755769994767,-0.2557699947674337
6857,7137.288235953505,6856.480748892534,0.019251107465606765
6858,7138.467686063116,6857.801381273446,-0.30138127344616805
6859,7139.026902843551,6858.427548134073,0.072451865927178
6860,7139.857139271784,6859.35719428694,0.14280571305971534
6861,7140.793842097438,6860.406073213318,0.09392678668154986
6862,7141.546892189483,6861.249320007739,0.25067999226121174
6863,7142.172195163233,6861.949528355107,0.5504716448931504
6864,7143.971077069489,6863.9639478606405,-0.46394786064047366
6865,7144.642672074679,6864.716030207718,-0.21603020771817683
6866,7145.706891491172,6865.907811635998,-0.4078116359978594
6867,7146.38588331666,6866.668203584422,-0.16820358442237193
6868,7147.152214246962,6867.526417515193,-0.02641751519331592
6869,7147.421342255996,6867.827817047931,0.6721829520693063
6870,7149.102831303931,6869.710972363247,-0.21097236324658297
6871,7149.690649365278,6870.369304141523,0.13069585847733833
6872,7150.675386373472,6871.472185865715,0.027814134285108594
6873,7151.24104072267,6872.105714868539,0.39428513146140176
6874,7152.673138348752,6873.709686251263,-0.2096862512626103
6875,7153.629414430155,6874.780755591263,-0.28075559126318694
6876,7154.183565146985,6875.401436959362,0.09856304063760035
6877,7155.223016558706,6876.565702049812,-0.06570204981198913
6878,7156.483767096552,6877.977871341121,-0.47787134112058993
6879,7157.069573699552,6878.634046560438,-0.13404656043803698
6880,7157.560009133951,6879.183400246548,0.31659975345155544
6881,7158.479721559111,6880.213616350521,0.28638364947892114
6882,7159.23061039288,6881.054738611297,0.44526138870332943
6883,7160.332445434676,6882.289002563182,0.21099743681770633
6884,7161.81517232119,6883.949980117114,-0.4499801171141371
6885,7162.637987016799,6884.8717331436965,-0.37173314369647414
6886,7163.137487199207,6885.431302443336,0.06869755666411947
6887,7164.371935918648,6886.814227829531,-0.31422782953086426
6888,7164.711987143343,6887.195185584537,0.30481441546271526
6889,7166.04252686227,6888.685807533,-0.18580753300011565
6890,7166.532447389484,6889.234682142958,0.2653178570417367
6891,7167.595613911397,6890.425802049181,0.07419795081932534
6892,7168.643915100564,6891.600292136435,-0.10029213643520052
6893,7169.192035856892,6892.2144024556055,0.28559754439447715
6894,7170.161501605524,6893.300600824279,0.19939917572082777
6895,7171.135705960461,6894.392129386381,0.10787061361861561
6896,7172.806744272893,6896.264461225163,-0.7644612251633589
6897,7173.355088187844,6896.878872232883,-0.37887223288271343
6898,7173.622770905668,6897.178809065767,0.321190934232618
6899,7174.907955975351,6898.618873140376,-0.11887314037630858
6900,7175.547478519791,6899.335478871859,0.16452112814113207
6901,7176.380745980892,6900.269195669713,0.2308043302873557
6902,7177.135820086698,6901.115306301379,0.3846936986210494
6903,7178.280438268984,6902.397951024181,0.10204897581934347
6904,7179.369326560171,6903.618172494067,-0.11817249406703922
6905,7180.557671965449,6904.949876811529,-0.4498768115290659
6906,7181.140798188633,6905.603361320429,-0.10336132042903046
6907,7181.855662361213,6906.404489172408,0.0955108275920793
6908,7182.761647877437,6907.419817524161,0.08018247583913762
6909,7183.8504951167,6908.640101132033,-0.14010113203312358
6910,7184.720859712176,6909.615547620932,-0.11554762093237514
6911,7185.725322573679,6910.7413033451885,-0.2413033451884985
6912,7186.027941311945,6911.080468873416,0.41953112658393366
6913,7186.689666428582,6911.822116560081,0.6778834399192419
6914,7188.322594508839,6913.652309727342,-0.1523097273420717
6915,7189.14569049937,6914.574861811034,-0.07486181103377021
6916,7190.294612842865,6915.862635480814,-0.36263548081387853
6917,7191.067900937835,6916.729394626423,-0.22939462642261788
6918,7191.983733312582,6917.755945183066,-0.25594518306570535
6919,7192.682398727874,6918.539087187363,-0.0390871873632932
6920,7193.221050146975,6919.142875058577,0.35712494142262585
6921,7194.053741291014,6920.07627205698,0.42372794301991235
6922,7195.421790712331,6921.609806985662,-0.10980698566163483
6923,7196.187762765416,6922.468452595615,0.03154740438458248
6924,7196.957814200187,6923.331684224103,0.16831577589709923
6925,7198.143606364029,6924.660988996683,-0.16098899668304512
6926,7198.993453206824,6925.613709193075,-0.11370919307501026
6927,7199.744478634551,6926.455659002865,0.04434099713489559
6928,7201.057149777089,6927.92728122001,-0.4272812200097178
6929,7201.577794024115,6928.510980718651,-0.01098071865089878
6930,7202.481414823114,6929.524053300285,-0.02405330028523167
6931,7203.172044686859,6930.298348416547,0.2016515834529855
6932,7204.265486356893,6931.5242748833725,-0.024274883372527256
6933,7204.764022449227,6932.08322392757,0.4167760724303662
6934,7205.5230769748,6932.934271754022,0.5657282459778799
6935,7207.445017114693,6935.089197541552,-0.5891975415515844
6936,7208.190170854142,6935.924703887779,-0.42470388777928747
6937,7208.9277242117,6936.751700351044,-0.25170035104383714
6938,7209.383550025777,6937.262810172652,0.23718982734771998
6939,7210.413788577273,6938.418016238029,0.08198376197105972
6940,7211.335323495701,6939.451352814804,0.048647185196387
6941,7212.363396768572,6940.604175217544,-0.10417521754425252
6942,7212.963407701593,6941.277003842494,0.22299615750580415
6943,7213.836766767376,6942.25636849224,0.24363150776025577
6944,7215.101957542794,6943.675154001849,-0.17515400184856844
6945,7215.532729521919,6944.158229952709,0.3417700472909928
6946,7216.95309605517,6945.751085193132,-0.25108519313198485
6947,7217.710867056886,6946.600897782784,-0.10089778278415906
6948,7218.731285313753,6947.745279711823,-0.2452797118230592
6949,7219.713045159147,6948.846328550928,-0.34632855092786485
6950,7220.432147546482,6949.652819148392,-0.1528191483921546
6951,7220.784711972808,6950.0482327839645,0.45176721603547776
6952,7221.858048232405,6951.252034720063,0.24796527993657946
6953,7222.538863252623,6952.015617014888,0.48438298511155153
6954,7223.961329509077,6953.611046695134,-0.11104669513406407
6955,7224.96027579318,6954.7314855432405,-0.23148554324052384
6956,7225.664637285447,6955.521525200166,-0.021525200166252034
6957,7226.826232421176,6956.824440032926,-0.32444003292584966
6958,7227.670652097848,6957.771610484002,-0.27161048400193977
6959,7228.104973435515,6958.258787076719,0.2412129232807274
6960,7228.963984592924,6959.222348856247,0.2776511437532463
6961,7230.578979849751,6961.033949870805,-0.5339498708053725
6962,7230.781896557166,6961.2615732452405,0.23842675475953
6963,7231.712168225958,6962.305124233046,0.19487576695428288
6964,7232.507337222347,6963.197136173713,0.3028638262867389
6965,7233.305725601915,6964.092773582007,0.4072264179931153
6966,7235.03241035794,6966.029828020502,-0.5298280205015544
6967,7235.592047601005,6966.657662431604,-0.15766243160396698
6968,7236.715293141726,6967.917807008492,-0.41780700849176355
6969,7237.292700988191,6968.565599026545,-0.06559902654498728
6970,7237.923815549653,6969.273652822958,0.22634717704204377
6971,7239.10713835864,6970.601258231111,-0.10125823111138743
6972,7239.492824902632,6971.033978203846,0.4660217961536546
6973,7240.744574580113,6972.438397891217,0.06160210878260841
6974,7241.383737522918,6973.15552980959,0.34447019040999294
6975,7242.813003428781,6974.759178733244,-0.2591787332439708
6976,7243.908367802518,6975.988217583653,-0.4882175836528404
6977,7244.194739883834,6976.309541869519,0.1904581304806925
6978,7245.048351170916,6977.267348570059,0.23265142994114285
6979,7246.521971661735,6978.920883093969,-0.42088309396876866
6980,7247.172743211686,6979.651122395616,-0.15112239561585739
6981,7247.980135164887,6980.557120435707,-0.05712043570656533
6982,7248.558877326028,6981.206552688518,0.29344731148194114
6983,7249.575515820298,6982.347385648178,0.1526143518221943
6984,7250.311306882172,6983.173076480276,0.326923519724005
6985,7251.235573152237,6984.210287471413,0.289712528587188
6986,7252.579133334388,6985.718063248456,-0.2180632484560192
6987,7253.776967720477,6987.062335409487,-0.5623354094868773
6988,7254.381581372635,6987.74087630903,-0.24087630902977253
6989,7255.040228434973,6988.480066512483,0.01993348751693702
6990,7255.894616493428,6989.438948223089,0.06105177691097197
6991,7256.728742507304,6990.375105240517,0.12489475948314066
6992,7257.358809297471,6991.082252453098,0.4177475469023193
6993,7258.884140087874,6992.79422354312,-0.294223543120097
6994,7259.519592696921,6993.507445530056,-0.007445530056429561
6995,7259.970840182007,6994.013923966277,0.4860760337232932
6996,7261.33379770285,6995.543729331273,-0.04372933127342549
6997,7262.445974054865,6996.792084061519,-0.29208406151883537
6998,7263.122832007638,6997.551831904368,-0.05183190436764562
6999,7264.272994053368,6998.842868986532,-0.3428689865322667
7000,7264.7482480903,6999.376341918214,0.12365808178583393
7001,7265.962856285731,7000.7397628033605,-0.2397628033604633
7002,7266.825071623344,7001.707635590631,-0.20763559063107095
7003,7267.022572810924,7001.929341228175,0.5706587718250375
7004,7267.851161907388,7002.859486078765,0.6405139212347422
7005,7269.28179653102,7004.465501359817,0.03449864018330118
7006,7270.665196022363,7006.018533597861,-0.5185335978612784
7007,7271.162578225271,7006.57691515385,-0.0769151538497681
7008,7272.29391609462,7007.847021374337,-0.3470213743366912
7009,7272.756819678747,7008.366712152741,0.13328784725945297
7010,7273.701234074717,7009.42699814131,0.07300185869007692
7011,7274.639386093639,7010.48027273485,0.019727265150322637
7012,7275.692946628281,7011.663140815991,-0.16314081599102792
7013,7276.188510979781,7012.219536087829,0.280463912171399
7014,7277.313417506349,7013.482545725559,0.01745427444075176
7015,7277.911194920978,7014.153722650546,0.3462773494538851
7016,7279.226323515832,7015.630359919291,-0.1303599192906404
7017,7279.768521282347,7016.239155067585,0.2608449324152389
7018,7281.316094067058,7017.976849371043,-0.47684937104259006
7019,7282.176167149544,7018.942606287515,-0.44260628751544573
7020,7282.817681698421,7019.662959219033,-0.16295921903292765
7021,7283.495775763904,7020.424396853053,0.07560314694728731
7022,7284.023697897274,7021.017212094544,0.4827879054555524
7023,7285.277302369618,7022.424936210209,0.07506378979087458
7024,7286.139694204908,7023.393371469093,0.10662853090707358
7025,7286.779238865985,7024.111567794104,0.3884322058956968
7026,7288.2671704281,7025.782520822353,-0.28252082235303533
7027,7289.103758080981,7026.722033298394,-0.22203329839430808
7028,7289.940276827094,7027.661483669826,-0.16148366982633888
7029,7290.821429929111,7028.651077069383,-0.15107706938306364
7030,7291.290043575749,7029.177368191777,0.32263180822337745
7031,7292.741249445308,7030.807220459086,-0.3072204590862384
7032,7293.403109651342,7031.55057226568,-0.05057226567987527
7033,7294.204147964222,7032.450251282415,0.049748717585316626
7034,7295.048894052713,7033.399035463786,0.10096453621372348
7035,7295.56484955988,7033.978543199481,0.5214568005194451
7036,7296.571619042984,7035.109337081743,0.3906629182565666
7037,7298.368684315486,7037.127838608454,-0.6278386084541125
7038,7299.138848601892,7037.992924899429,-0.49292489942945394
7039,7299.336571426263,7038.215018957435,0.2849810425650503
7040,7300.763476874869,7039.817829453578,-0.31782945357826975
7041,7301.58131710495,7040.73651082807,-0.23651082807009516
7042,7301.848557608593,7041.036705718119,0.46329428188073507
7043,7302.917875819658,7042.23790097398,0.2620990260202234
7044,7303.843900682813,7043.278150911656,0.22184908834424277
7045,7305.060287115028,7044.644606881718,-0.14460688171766378
7046,7305.818161576034,7045.495999071732,0.0040009282683968195
7047,7306.637205578442,7046.4161228715,0.08387712849980744
7048,7307.660752633696,7047.566008379854,-0.06600837985388353
7049,7308.671664974056,7048.701722041482,-0.20172204148184392
7050,7309.497903971278,7049.629980197267,-0.1299801972672867
7051,7310.501357045359,7050.757353775789,-0.2573537757889426
7052,7311.190951720799,7051.53212201356,-0.032122013560183404
7053,7311.881145968619,7052.307574243794,0.19242575620592106
7054,7312.724372391776,7053.254976406414,0.24502359358575632
7055,7313.555046083628,7054.188290151625,0.311709848375358
7056,7314.449131441171,7055.192867640595,0.3071323594049318
7057,7315.755628547018,7056.66085449056,-0.16085449056026846
7058,7317.100250555227,7058.171717452088,-0.6717174520881599
7059,7317.553738653385,7058.681280951433,-0.1812809514331093
7060,7318.351002510444,7059.577140137583,-0.07714013758322835
7061,7318.871998937911,7060.162574163624,0.3374258363755871
7062,7319.896757099853,7061.314093133301,0.18590686669904244
7063,7321.233781570095,7062.816539540924,-0.31653954092416825
7064,7321.717373427296,7063.359972858971,0.14002714102934988
7065,7322.568751053058,7064.316715481656,0.18328451834440784
7066,7323.243983122768,7065.075524286611,0.42447571338925627
7067,7324.849333141857,7066.879616014578,-0.37961601457755023
7068,7325.226115149936,7067.303051602985,0.19694839701514866
7069,7326.444102995294,7068.671873200666,-0.17187320066568645
7070,7327.534497970135,7069.897328361381,-0.3973283613813692
7071,7328.283514383425,7070.739135564761,-0.2391355647614546
7072,7328.861171711711,7071.388363438406,0.11163656159442326
7073,7329.815578232493,7072.461034824963,0.0389651750374469
7074,7330.58683953359,7073.327881081919,0.17211891808074142
7075,7330.970858435757,7073.759497528865,0.7405024711351871
7076,7332.652130477498,7075.649193933004,-0.14919393300442607
7077,7333.517033387613,7076.621341248408,-0.12134124840758886
7078,7334.639105970608,7077.882570411726,-0.3825704117261921
7079,7335.193963690996,7078.50625026694,-0.006250266939787252
7080,7336.016820436063,7079.431182877156,0.0688171228439387
7081,7337.312223967174,7080.887311746205,-0.3873117462053415
7082,7337.649201460033,7081.266105205052,0.2338947949483554
7083,7338.621251438964,7082.358791902402,0.14120809759788244
7084,7339.763136524201,7083.64241734654,-0.14241734654024185
7085,7340.495964530865,7084.466225010345,0.033774989655285026
7086,7341.172411124237,7085.226661915338,0.2733380846621003
7087,7341.781448952953,7085.911328800803,0.5886711991970515
7088,7343.507522665943,7087.85178645932,-0.35178645931955543
7089,7344.429407193065,7088.888198484414,-0.388198484413806
7090,7345.413384428048,7089.994437433803,-0.4944374338028865
7091,7345.737188186166,7090.358479233489,0.14152076651134848
7092,7346.698927085315,7091.439743695928,0.06025630407202698
7093,7347.601440600783,7092.454440428372,0.045559571627563855
7094,7348.226470588924,7093.157172529645,0.34282747035467764
7095,7349.249777628806,7094.307712722985,0.19228727701465687
7096,7350.347618713708,7095.542079386525,-0.04207938652507437
7097,7350.973256492757,7096.245532048984,0.2544679510156129
7098,7352.631847583583,7098.110454558592,-0.6104545585922097
7099,7352.880430233776,7098.389966424601,0.11003357539902936
7100,7353.913947828912,7099.552090957771,-0.052090957770815294
7101,7354.584625580228,7100.306237626621,0.19376237337928615
7102,7356.076801101877,7101.98415614447,-0.48415614447003463
7103,7356.713901537035,7102.700576231236,-0.20057623123557278
7104,7357.298064962761,7103.357476314144,0.14252368585584918
7105,7357.829927024958,7103.955569189856,0.5444308101441493
7106,7359.022424060854,7105.296585705557,0.20341429444306414
7107,7359.818833444008,7106.1922009817645,0.3077990182355279
7108,7361.267013426218,7107.820810755087,-0.3208107550872228
7109,7362.058134431229,7108.710517249779,-0.2105172497786043
7110,7363.102591149028,7109.885149592536,-0.3851495925364361
7111,7363.822093867509,7110.69434108526,-0.19434108526002092
7112,7364.469761389724,7111.4227524178295,0.07724758217045746
7113,7365.120059910441,7112.154131872456,0.3458681275442359
7114,7366.176826462234,7113.3426783547,0.15732164529981674
7115,7367.444805267363,7114.7688073306745,-0.2688073306744627
7116,7367.716583625247,7115.07448808906,0.42551191094025853
7117,7369.211235568962,7116.7556156554,-0.25561565540010633
7118,7369.532613631589,7117.117095759861,0.3829042401393963
7119,7370.778296043783,7118.518237389576,-0.018237389575915586
7120,7371.987960977817,7119.87889868296,-0.3788986829604255
7121,7372.805047996379,7120.797996420492,-0.29799642049238173
7122,7373.424035167816,7121.494271768652,0.0057282313482573954
7123,7374.349391958721,7122.535186181925,-0.0351861819253827
7124,7375.199243762276,7123.4911829014445,0.008817098555482517
7125,7375.878151643688,7124.254896318364,0.2451036816355554
7126,7376.873649474446,7125.374764388444,0.12523561155558127
7127,7377.190089316886,7125.730742395695,0.7692576043045847
7128,7379.332785005438,7128.141218017028,-0.6412180170282227
7129,7379.979603052972,7128.86889056397,-0.3688905639701261
7130,7380.464011573228,7129.413857738217,0.08614226178269746
7131,7381.536932090832,7130.620928144727,-0.12092814472725877
7132,7382.222713356688,7131.392467330044,0.10753266995561717
7133,7383.173523724596,7132.462194656154,0.037805343846230244
7134,7384.202396205881,7133.619769204171,-0.11976920417055226
7135,7384.924513067148,7134.432229576474,0.06777042352587159
7136,7385.752633651788,7135.363969553815,0.1360304461850319
7137,7386.461552514134,7136.161604317853,0.33839568214716564
7138,7387.542420641696,7137.377755861168,0.12224413883177476
7139,7388.62953505673,7138.60096087619,-0.10096087618967431
7140,7389.584509291653,7139.675504724208,-0.17550472420771257
7141,7390.664177739965,7140.890379050372,-0.3903790503718483
7142,7391.440259727917,7141.763664572901,-0.2636645729007796
7143,7392.160733367937,7142.574388462963,-0.07438846296281554
7144,7392.988605528524,7143.505977966097,-0.005977966096907039
7145,7393.173269331148,7143.713778801257,0.7862211987430783
7146,7394.711617877432,7145.444899769669,0.05510023033093603
7147,7395.69396237984,7146.550369764907,-0.05036976490737288
7148,7396.403273585962,7147.348597817225,0.15140218277520034
7149,7397.531933665014,7148.618765212797,-0.11876521279737062
7150,7398.751920761656,7149.991740699919,-0.491740699919319
7151,7399.220386820145,7150.518961681142,-0.018961681142172893
7152,7399.828819540768,7151.203710963029,0.2962890369708475
7153,7401.354181203371,7152.920435858339,-0.42043585833926045
7154,7401.670669618901,7153.276635385303,0.22336461469694768
7155,7403.018090817924,7154.793147202238,-0.2931472022382877
7156,7403.448923018036,7155.278053644284,0.22194635571577237
7157,7404.103468670983,7156.014759706482,0.48524029351756326
7158,7405.071527890625,7157.104349321147,0.39565067885268945
7159,7406.434875899131,7158.63888653434,-0.13888653433969012
7160,7407.782772520033,7160.156071466854,-0.6560714668539731
7161,7408.318442247687,7160.759029169301,-0.2590291693013569
7162,7408.961023091132,7161.482335724497,0.017664275503193494
7163,7409.69791009999,7162.311806794303,0.18819320569673437
7164,7410.875016639209,7163.636831714112,-0.13683171411230433
7165,7411.475578801157,7164.312873600255,0.1871263997445567
7166,7412.213344651967,7165.143373781128,0.35662621887240675
7167,7413.328582877763,7166.398815348792,0.10118465120831388
7168,7414.418814788438,7167.626132716792,-0.12613271679219906
7169,7415.180650157046,7168.483776196717,0.01622380328262807
7170,7416.269504358516,7169.709585892619,-0.2095858926186338
7171,7416.713391716672,7170.209312463978,0.29068753602223296
7172,7418.310509223292,7172.007375790623,-0.507375790622973
7173,7418.98809835374,7172.770234233235,-0.2702342332349872
7174,7419.537617023205,7173.38891277821,0.11108722178960306
7175,7420.41591327506,7174.377760779799,0.12223922020075406
7176,7421.420781813854,7175.5091331021285,-0.009133102128544124
7177,7421.806962622243,7175.943936312247,0.5560636877526122
7178,7422.910687407876,7177.186644075948,0.3133559240523027
7179,7424.220735433387,7178.661689566654,-0.16168956665387668
7180,7425.30620576307,7179.8839002009045,-0.3839002009044634
7181,7426.042615765489,7180.713092597283,-0.21309259728332108
7182,7427.010358315733,7181.802781460608,-0.30278146060754807
7183,7427.61888217224,7182.487996361382,0.012003638617898105
7184,7428.124246616228,7183.057056906244,0.4429430937561847
7185,7429.350889131061,7184.438328121576,0.061671878424022
7186,7430.55536889486,7185.794674148048,-0.294674148048216
7187,7431.156635122252,7186.471762371983,0.028237628017450334
7188,7431.634303466923,7187.009672061159,0.4903279388408919
7189,7432.740669966663,7188.255587203454,0.24441279654638493
7190,7434.041575198198,7189.7206122393145,-0.22061223931450513
7191,7435.059191589478,7190.8666344934745,-0.36663449347452115
7192,7435.590441587658,7191.464928003487,0.03507199651267001
7193,7436.766516776388,7192.789444843157,-0.28944484315707086
7194,7437.658181522263,7193.793673301988,-0.2936733019878375
7195,7438.125995042936,7194.320550382805,0.1794496171951323
7196,7438.872215940766,7195.160994715924,0.3390052840759381
7197,7439.737648719435,7196.135718434721,0.3642815652792706
7198,7440.703121048363,7197.2231340784265,0.27686592157351697
7199,7441.969323389231,7198.649293450929,-0.14929345092878066
7200,7443.17116086286,7200.002988577621,-0.5029885776211813
7201,7443.628394354243,7200.518003719165,-0.01800371916488075
7202,7444.423866228739,7201.414011860899,0.08598813910066383
7203,7445.518979786399,7202.647554240142,-0.14755424014219898
7204,7446.19211231227,7203.405787414644,0.09421258535621746
7205,7447.470379601751,7204.845686054568,-0.34568605456843216
7206,7447.915999950697,7205.347661371072,0.1523386289281916
7207,7448.578846008307,7206.094341495986,0.40565850401435455
7208,7450.026851981019,7207.7255180148895,-0.2255180148895306
7209,7450.313414658013,7208.048335742938,0.4516642570615659
7210,7451.287377006889,7209.145534002009,0.354465997990701
7211,7453.156333014424,7211.251026626772,-0.751026626771818
7212,7453.562255596975,7211.708332966979,-0.20833296697855985
7213,7454.501150895422,7212.766091916952,-0.2660919169520639
7214,7455.111599984883,7213.453833637039,0.046166362961230334
7215,7455.756248182663,7214.180113256686,0.319886743313873
7216,7456.879264173986,7215.445357289284,0.054642710715597786
7217,7457.555015683983,7216.206704536169,0.2932954638308729
7218,7458.758896547598,7217.563102093591,-0.0631020935907145
7219,7459.317916595857,7218.192953525913,0.30704647408674646
7220,7460.74231921863,7219.797867129642,-0.2978671296423272
7221,7461.412836776341,7220.553372683064,-0.05337268306357146
7222,7462.345119229533,7221.603837728005,-0.1038377280046916
7223,7463.241034353375,7222.613342735101,-0.11334273510055937
7224,7463.95342849288,7223.416071003551,0.08392899644877616
7225,7465.235332546495,7224.860552339015,-0.3605523390151575
7226,7465.873648618121,7225.579835813059,-0.07983581305870757
7227,7466.509567399967,7226.296426549301,0.20357345069896837
7228,7467.23689200276,7227.1160293155,0.3839706845001274
7229,7467.893516230213,7227.8559713919,0.6440286080996884
7230,7469.742312775721,7229.939407710237,-0.439407710236992
7231,7470.410694722725,7230.692635189472,-0.19263518947172997
7232,7471.316153957132,7231.713050127004,-0.2130501270039531
7233,7472.216337834579,7232.727537268778,-0.22753726877817826
7234,7472.938452470044,7233.54135682472,-0.0413568247204239
7235,7473.801923221798,7234.51449859071,-0.014498590709990822
7236,7474.318375560986,7235.09655408315,0.4034459168497051
7237,7475.457148465555,7236.380001436444,0.11999856355578231
7238,7476.661685380828,7237.737597781019,-0.23759778101884876
7239,7477.126117162276,7238.261052744108,0.2389472558916168
7240,7477.990220376345,7239.234984349009,0.26501565099079016
7241,7479.360803879442,7240.779802991465,-0.27980299146474863
7242,7479.826490146605,7241.304698625895,0.19530137410492898
7243,7481.270585133407,7242.932431438579,-0.43243143857944233
7244,7482.088353049578,7243.854210196626,-0.3542101966258997
7245,7482.760970559226,7244.612387717934,-0.11238771793432534
7246,7483.222684506731,7245.132839352997,0.3671606470034021
7247,7484.435406371245,7246.499861186638,0.00013881336235499475
7248,7485.087260837082,7247.2346669039025,0.26533309609749267
7249,7485.836110097768,7248.0788215674,0.4211784325998451
7250,7486.980574712563,7249.368964245525,0.13103575447530602
7251,7488.341398400303,7250.903042420545,-0.4030424205448071
7252,7489.4107932627,7252.108615866251,-0.608615866251057
7253,7489.801649959827,7252.549250992839,-0.04925099283900636
7254,7490.288466891318,7253.098072123803,0.40192787619707815
7255,7491.480237437947,7254.441655641805,0.05834435819542705
7256,7492.871177010945,7256.009817371816,-0.5098173718160979
7257,7493.000605946218,7256.15573917464,0.34426082535992464
7258,7494.155593665299,7257.457920397974,0.042079602026205976
7259,7494.893354720954,7258.289717744672,0.21028225532791112
7260,7495.620535550988,7259.109597602677,0.3904023973227595
7261,7496.903234041265,7260.555838365894,-0.05583836589357816
7262,7497.87666687117,7261.653405839582,-0.1534058395818647
7263,7499.018375212887,7262.940733378346,-0.44073337834561244
7264,7499.635017044761,7263.636036302494,-0.1360363024941762
7265,7500.520758701277,7264.634780531192,-0.13478053119160904
7266,7501.394356540357,7265.619847945478,-0.11984794547788624
7267,7501.889601165815,7266.178292121309,0.3217078786910861
7268,7502.606128496651,7266.98626671701,0.5137332829899606
7269,7503.815822095972,7268.350372960147,0.14962703985293047
7270,7505.007627511299,7269.694338015368,-0.19433801536797546
7271,7505.855760749128,7270.650772080265,-0.15077208026468725
7272,7506.458777844248,7271.330799621246,0.16920037875388516
7273,7507.881582709906,7272.935339405039,-0.43533940503857593
7274,7508.325357727525,7273.435806602212,0.06419339778767608
7275,7509.362857972486,7274.605863606588,-0.10586360658817284
7276,7510.062014246709,7275.394360813632,0.10563918636762537
7277,7511.268152095441,7276.754648040442,-0.25464804044167977
7278,7511.831550094299,7277.390061183318,0.10993881668218819
7279,7512.639108892196,7278.300856185442,0.1991438145578286
7280,7513.256478602346,7278.997158142723,0.5028418572774171
7281,7514.327458196642,7280.205084282999,0.2949157170005492
7282,7516.017338757153,7282.111099885678,-0.6110998856784136
7283,7516.682865383154,7282.861763696658,-0.36176369665827224
7284,7517.316546882905,7283.576517324318,-0.07651732431804703
7285,7518.233922044485,7284.611274958459,-0.11127495845903468
7286,7518.988255293476,7285.462142046944,0.037857953056118276
7287,7519.483808585252,7286.021119040271,0.4788809597293948
7288,7521.095478308032,7287.8390952712225,-0.3390952712225044
7289,7521.418960158698,7288.203991988279,0.2960080117209145
7290,7522.235955940901,7289.125596297877,0.3744037021233453
7291,7523.583809962571,7290.64606105532,-0.14606105532038782
7292,7524.576063140948,7291.765410085248,-0.2654100852478223
7293,7525.117755066562,7292.37649510303,0.12350489697018929
7294,7526.07788866946,7293.459641245533,0.04035875446697901
7295,7527.339243900152,7294.882631228203,-0.3826312282026265
7296,7528.25594529898,7295.916823263006,-0.41682326300633576
7297,7528.618824834711,7296.326216796636,0.1737832033641098
7298,7529.572439683573,7297.402079526539,0.0979204734612722
7299,7530.024518136624,7297.912118526067,0.5878814739326117
7300,7531.443037755096,7299.512533230181,-0.012533230181361432
7301,7531.918476003772,7300.048945875407,0.45105412459270156
7302,7533.701788860478,7302.061009065292,-0.5610090652917279
7303,7534.19617675629,7302.618825320455,-0.11882532045456173
7304,7535.26941674633,7303.829776280966,-0.32977628096614353
7305,7535.795879638123,7304.423800260747,0.07619973925284285
7306,7536.852140836628,7305.615629323053,-0.11562932305332652
7307,7537.312581103594,7306.135173050447,0.36482694955338957
7308,7538.513844107821,7307.490654764318,0.00934523568230361
7309,7539.507181192063,7308.611539943093,-0.11153994309279369
7310,7540.227539900588,7309.424408359561,0.07559164043868805
7311,7540.952212400233,7310.242155603234,0.2578443967659041
7312,7541.719927233004,7311.1084854976225,0.39151450237750396
7313,7543.274086810604,7312.862319181605,-0.36231918160501664
7314,7544.143089597874,7313.842991248664,-0.3429912486635658
7315,7545.017282211255,7314.829536123297,-0.329536123296748
7316,7545.469645335592,7315.340043816819,0.1599561831808387
7317,7546.619778438463,7316.638028906036,-0.13802890603619744
7318,7547.346464375384,7317.45814620321,0.04185379678983736
7319,7548.163928908408,7318.380726978371,0.11927302162894193
7320,7548.467009257108,7318.722783445275,0.7772165547248733
7321,7550.120472174725,7320.588915716982,-0.08891571698222833
7322,7551.093890396874,7321.687562504165,-0.18756250416481635
7323,7552.050977943309,7322.767797174221,-0.267797174221414
7324,7552.915722719904,7323.743824059242,-0.24382405924188788
7325,7553.422599595428,7324.315937133204,0.1840628667960118
7326,7554.415064430777,7325.436150110539,0.06384988946138037
7327,7555.636986998435,7326.815384675347,-0.3153846753466496
7328,7556.215633320349,7327.468537696787,0.031462303212720144
7329,7557.123848469489,7328.493709162335,0.006290837664892024
7330,7557.731650015267,7329.179790664533,0.3202093354666431
7331,7558.618693144907,7330.181091784918,0.3189082150820468
7332,7559.643376318825,7331.337782671362,0.16221732863778016
7333,7560.82982002324,7332.677100961957,-0.17710096195696678
7334,7561.658959993991,7333.6130941264355,-0.11309412643549877
7335,7563.182814437632,7335.333368964664,-0.8333689646642597
7336,7563.520415699238,7335.7144926570145,-0.21449265701448894
7337,7563.76930189122,7335.995465964078,0.5045340359220063
7338,7564.960243676845,7337.339965388715,0.16003461128457275
7339,7565.732853403868,7338.212209818894,0.2877901811061747
7340,7566.845322430029,7339.468163399943,0.0318366000574315
7341,7567.866531115936,7340.621108936545,-0.12110893654516985
7342,7568.289067602235,7341.098159429261,0.4018405707392958
7343,7569.797165105974,7342.800856392751,-0.30085639275057474
7344,7570.547137990415,7343.647620875263,-0.1476208752628736
7345,7571.281289377969,7344.476533389435,0.023466610565265
7346,7572.278993977848,7345.603035599895,-0.10303559989461064
7347,7573.255184306472,7346.705266427098,-0.20526642709774023
7348,7574.046802048448,7347.599108342703,-0.09910834270340274
7349,7574.749888838467,7348.392998058095,0.1070019419048549
7350,7575.696668164665,7349.462069356693,0.03793064330693596
7351,7576.268605073816,7350.107890358435,0.3921096415651846
7352,7576.905770590953,7350.827374437903,0.6726255620969823
7353,7578.917486664981,7353.099050017415,-0.599050017414811
7354,7579.597757316371,7353.867246349899,-0.36724634989877813
7355,7580.280088977225,7354.637779840764,-0.1377798407638693
7356,7580.959830819928,7355.405398459394,0.09460154060616333
7357,7582.031705549485,7356.615864468508,-0.11586446850833454
7358,7582.802983860872,7357.486882458431,0.013117541569044988
7359,7583.462734774583,7358.231960529654,0.2680394703456841
7360,7584.486959736257,7359.388669044492,0.11133095550758298
7361,7585.469517629117,7360.49834154118,0.0016584588202022132
7362,7586.234994584178,7361.362863136134,0.13713686386563495
7363,7587.283239491649,7362.546759815549,-0.04675981554919417
7364,7587.890350603436,7363.2324467895105,0.26755321048949554
7365,7589.356254115858,7364.888107955498,-0.3881079554976168
7366,7590.120871486677,7365.75172107345,-0.25172107345042605
7367,7590.918224866149,7366.652321620247,-0.15232162024676654
7368,7591.966193812055,7367.836009548983,-0.33600954898338387
7369,7592.269712605833,7368.178840354987,0.3211596450128127
7370,7593.098313959198,7369.114772692234,0.38522730776639946
7371,7594.102742542239,7370.249326933304,0.25067306669643585
7372,7595.077658168315,7371.35056497797,0.14943502203004755
7373,7596.016212837803,7372.410749496446,0.08925050355355779
7374,7597.414985716675,7373.990827402267,-0.49082740226731403
7375,7598.007882857833,7374.660586581055,-0.16058658105521317
7376,7598.982709953077,7375.761804379735,-0.2618043797347127
7377,7599.565154718348,7376.41977521879,0.08022478120983578
7378,7600.130858727207,7377.058841315555,0.4411586844453268
7379,7601.751366014506,7378.889537641408,-0.38953764140842395
7380,7602.40516347041,7379.6281519229615,-0.1281519229614787
7381,7603.022366327148,7380.325432417142,0.17456758285788965
7382,7603.560678579997,7380.933593328744,0.566406671256118
7383,7604.831196490887,7382.368991230038,0.13100876996213628
7384,7605.857934326611,7383.5289974608995,-0.028997460899518046
7385,7606.994882980073,7384.813545378085,-0.3135453780851094
7386,7608.021354122687,7385.973296767614,-0.4732967676136468
7387,7608.420807870142,7386.424622805966,0.07537719403444498
7388,7609.673607809895,7387.840130571342,-0.3401305713423426
7389,7610.066214264613,7388.283733680913,0.21626631908657146
7390,7610.854490320337,7389.174410659965,0.32558934003463946
7391,7611.794530221127,7390.236583338674,0.26341666132611863
7392,7612.682249514444,7391.239654723926,0.26034527607407654
7393,7613.949125482985,7392.671179724482,-0.1711797244815898
7394,7614.911019080955,7393.758107848536,-0.25810784853638324
7395,7615.58970673295,7394.525028317093,-0.025028317092619545
7396,7616.361441789905,7395.39710451866,0.102895481340056
7397,7617.490687417532,7396.673197314534,-0.17319731453426357
7398,7618.50622552972,7397.820818817054,-0.3208188170538051
7399,7619.109221400459,7398.502252011684,-0.002252011683594901
7400,7619.749441833421,7399.225760229266,0.2742397707343116
7401,7620.983924855111,7400.620864224793,-0.12086422479296743
7402,7621.693574971435,7401.422862696971,0.07713730302930344
7403,7622.017492708765,7401.788936069069,0.7110639309312319
7404,7623.423298545593,7403.377723119012,0.12227688098755607
7405,7624.9873825473,7405.14543847988,-0.6454384798798856
7406,7625.59449350139,7405.831604233024,-0.3316042330243363
7407,7626.26529275852,7406.589760391023,-0.08976039102344657
7408,7627.127213556265,7407.563941266294,-0.06394126629402308
7409,7627.690979947769,7408.201143276368,0.29885672363161575
7410,7628.742026441597,7409.389115690039,0.11088430996096577
7411,7629.642702477912,7410.407146351908,0.09285364809238672
7412,7630.569927977196,7411.455203447334,0.044796552666412026
7413,7631.506758032192,7412.514134930064,-0.014134930063846696
7414,7632.009099304125,7413.081956220189,0.41804377981134166
7415,7633.651861591743,7414.938888768298,-0.4388887682980567
7416,7634.31230023863,7415.685446002501,-0.18544600250061194
7417,7634.771788000813,7416.204854515442,0.29514548455790646
7418,7636.387151486741,7418.030908800639,-0.5309088006388265
7419,7636.822989399398,7418.5236020828015,-0.0236020828015171
7420,7637.940366202659,7419.786759578599,-0.28675957859923074
7421,7638.237099967606,7420.122211651277,0.3777883487227882
7422,7639.039294910679,7421.029087488706,0.47091251129404554
7423,7639.934790875172,7422.041455322806,0.458544677194368
7424,7641.505667573557,7423.817388705915,-0.31738870591470913
7425,7642.166837363397,7424.564880629143,-0.06488062914286274
7426,7643.29517716718,7425.840557171127,-0.34055717112732964
7427,7644.035703917746,7426.677795084359,-0.17779508435887692
7428,7644.927813313907,7427.686427165393,-0.18642716539307003
7429,7645.331599328172,7428.142959053544,0.35704094645643636
7430,7646.560905687084,7429.532868487158,-0.03286848715833912
7431,7647.399804109446,7430.481383086178,0.018616913822370407
7432,7648.197821584823,7431.383688548494,0.11631145150568045
7433,7649.210368914103,7432.528578524158,-0.02857852415763773
7434,7649.787924743954,7433.181632001353,0.31836799864686327
7435,7650.778131570511,7434.30129404026,0.1987059597404368
7436,7651.91800085013,7435.590209986161,-0.09020998616142606
7437,7653.356680957881,7437.217047151087,-0.7170471510871721
7438,7653.702814986444,7437.608456569036,-0.10845656903620693
7439,7654.580638876737,7438.601113679253,-0.10111367925310333
7440,7655.121494572614,7439.212729813731,0.28727018626887
7441,7656.261966851358,7440.502430620399,-0.0024306203986270702
7442,7656.956407644796,7441.287750854,0.2122491460004312
7443,7657.717933644822,7442.148947062501,0.3510529374989346
7444,7658.652286327494,7443.205606358602,0.2943936413976189
7445,7660.264422520263,7445.028813570338,-0.5288135703376611
7446,7660.874842474168,7445.719167641688,-0.2191676416878181
7447,7661.57868787915,7446.515190778284,-0.015190778283795225
7448,7662.331833437668,7447.36698196366,0.1330180363402178
7449,7663.456194163917,7448.638631323509,-0.13863132350888918
7450,7664.203009254391,7449.483291960674,0.01670803932574927
7451,7665.444059487952,7450.886966610376,-0.38696661037556623
7452,7665.801809429012,7451.291601232753,0.20839876724676287
7453,7666.502822823471,7452.084493177433,0.4155068225672949
7454,7667.549329156074,7453.268179187748,0.23182081225240836
7455,7668.365665795744,7454.191539846692,0.3084601533082605
7456,7669.936029946729,7455.96782202803,-0.4678220280302412
7457,7670.581042533544,7456.697428372271,-0.1974283722711334
7458,7671.447129920533,7457.677117176248,-0.17711717624843004
7459,7672.450691456607,7458.812331558307,-0.3123315583070507
7460,7673.103534095301,7459.550828981692,-0.05082898169166583
7461,7673.740632528103,7460.271525038288,0.22847496171198145
7462,7674.241511064692,7460.838132854879,0.6618671451205955
7463,7676.061473908756,7462.896969548128,-0.39696954812825425
7464,7676.404517064154,7463.285045512794,0.21495448720634158
7465,7677.306367425823,7464.305297443227,0.19470255677333625
7466,7678.489609005651,7465.643909279447,-0.1439092794471435
7467,7679.283816647055,7466.542419800338,-0.04241980033839354
7468,7680.369729689479,7467.770966398502,-0.27096639850242354
7469,7681.049611798071,7468.54016275846,-0.040162758459700854
7470,7681.945482259357,7469.553735894813,-0.053735894813144114
7471,7683.018167363957,7470.767376090995,-0.2673760909947305
7472,7683.593964876361,7471.418845519507,0.08115448049284169
7473,7684.205667991137,7472.110946825655,0.38905317434455355
7474,7685.305556834081,7473.355417242426,0.14458275757442607
7475,7685.782993532923,7473.895621307802,0.6043786921982246
7476,7687.513293015229,7475.853438332673,-0.35343833267324953
7477,7688.591692890071,7477.073668650646,-0.573668650646141
7478,7689.156619857496,7477.712904050524,-0.21290405052423012
7479,7689.858001083119,7478.506551595781,-0.006551595781274955
7480,7690.429650782195,7479.153409033406,0.3465909665937943
7481,7691.802176533043,7480.706535494351,-0.20653549435064633
7482,7692.34274338868,7481.3182423218595,0.18175767814045685
7483,7693.479401398156,7482.604507135386,-0.10450713538557466
7484,7693.89700596098,7483.077083479353,0.42291652064704977
7485,7695.112272417748,7484.45234323687,0.04765676313036238
7486,7696.136385041086,7485.611306929399,-0.11130692939877918
7487,7696.779476828294,7486.339089566745,0.1609104332546849
7488,7697.898469111742,7487.605465971012,-0.10546597101165389
7489,7699.07102594423,7488.932489766583,-0.43248976658287575
7490,7700.036047546037,7490.024659965804,-0.5246599658039486
7491,7700.216724379958,7490.229144422798,0.27085557720238285
7492,7701.157954572199,7491.294410579119,0.20558942088064214
7493,7702.19473138194,7492.46783574282,0.03216425717982929
7494,7702.589229875582,7492.914335417144,0.585664582856225
7495,7703.831003124176,7494.319815136267,0.18018486373330234
7496,7705.213166786041,7495.884230795127,-0.38423079512722325
7497,7705.703216887985,7496.43890834268,0.06109165731959365
7498,7706.962196191281,7497.86394364632,-0.36394364631996723
7499,7707.736760360777,7498.740687020569,-0.24068702056865732
7500,7708.220972632061,7499.288782054624,0.21121794537612004
7501,7709.242640641287,7500.445255952851,0.054744047149142716
7502,7710.123839877936,7501.442743973255,0.057256026744653354
7503,7711.223648931966,7502.687713471504,-0.1877134715041393
7504,7711.928933800223,7503.486099877709,0.01390012229057902
7505,7712.779308288236,7504.448742193565,0.051257806435387465
7506,7712.908648889922,7504.595159860046,0.9048401399541035
7507,7714.904975654683,7506.855108901525,-0.3551089015254547
7508,7715.806809192833,7507.876059829088,-0.37605982908826263
7509,7716.493161846611,7508.653079631189,-0.1530796311890299
7510,7717.430625538,7509.714397923799,-0.21439792379896971
7511,7718.209439895409,7510.59612044027,-0.09612044027016964
7512,7718.87182800992,7511.346042646084,0.15395735391575727
7513,7719.753486074996,7512.344225195929,0.15577480407137045
7514,7720.412175074536,7513.089980395611,0.41001960438916285
7515,7721.553996963718,7514.382750685233,0.11724931476692291
7516,7722.557228801686,7515.518631552155,-0.018631552155056852
7517,7723.618282221129,7516.720001839091,-0.2200018390913101
7518,7724.440916671356,7517.651439887288,-0.15143988728777913
7519,7725.242870633079,7518.559475618129,-0.059475618128999486
7520,7725.881074558964,7519.282110069348,0.21788993065183604
7521,7727.365067834386,7520.962459130641,-0.4624591306410366
7522,7728.154537020825,7521.856406063134,-0.3564060631342727
7523,7728.345321205482,7522.072440406101,0.4275595938988772
7524,7729.50844429846,7523.389518271214,0.11048172878599871
7525,7730.156710684229,7524.123603403121,0.37639659687920357
7526,7731.326343492596,7525.44809633178,0.05190366821989301
7527,7731.904604016613,7526.10292931693,0.39707068306961446
7528,7733.551152377834,7527.967549042276,-0.4675490422760049
7529,7734.637209896431,7529.1974762058435,-0.6974762058434862
7530,7734.799051748366,7529.380759267076,0.11924073292357207
7531,7735.920191802878,7530.650445530209,-0.15044553020925377
7532,7736.39898295363,7531.192682318011,0.30731768198893405
7533,7737.281516673399,7532.1921748218465,0.3078251781535073
7534,7738.68340051495,7533.779877849169,-0.2798778491687699
7535,7739.076079126562,7534.224613112472,0.2753868875279295
7536,7740.113547443325,7535.399631873712,0.100368126288231
7537,7740.932128954656,7536.326758826684,0.1732411733155459
7538,7742.093826817388,7537.642523650778,-0.14252365077754803
7539,7742.86176814846,7538.512326305354,-0.012326305353781208
7540,7744.168742339143,7539.992688121398,-0.49268812139780493
7541,7744.539185766442,7540.412282214679,0.08771778532081953
7542,7745.564177665552,7541.573285377477,-0.07328537747707742
7543,7746.617972149766,7542.766935589596,-0.26693558959595975
7544,7747.262729142254,7543.497273608804,0.0027263911961199483
7545,7747.603843256258,7543.883668539715,0.6163314602854371
7546,7748.560899267973,7544.967780657196,0.5322193428037281
7547,7749.950340468416,7546.541713706429,-0.041713706428708974
7548,7751.41794259056,7548.2042290425425,-0.7042290425424653
7549,7751.732240722194,7548.560275067921,-0.060275067920883885
7550,7752.412059063886,7549.330399910166,0.16960008983369335
7551,7753.812564124218,7550.916976798448,-0.41697679844764934
7552,7754.165808072856,7551.317159279361,0.18284072063943313
7553,7755.042744738064,7552.310633059627,0.1893669403725653
7554,7756.1405459447,7553.554344567633,-0.054344567633052066
7555,7756.961660293781,7554.484610545196,0.015389454803880653
7556,7757.748648753477,7555.37622722476,0.12377277523955854
7557,7758.441967610162,7556.161731681127,0.3382683188729061
7558,7759.592954770939,7557.465779062296,0.03422093770404899
7559,7760.470136603882,7558.459628265048,0.04037173495180468
7560,7761.852016416726,7560.025333547186,-0.5253335471861647
7561,7762.516669838838,7560.778416873198,-0.2784168731977843
7562,7763.365536637486,7561.740235717135,-0.24023571713496494
7563,7763.887943627446,7562.332162649914,0.16783735008630174
7564,7764.629540608918,7563.172458155549,0.32754184445093415
7565,7765.580549321206,7564.250052321742,0.24994767825774034
7566,7766.648068548924,7565.459687393142,0.040312606857696665
7567,7767.347361427242,7566.252087832379,0.24791216762059776
7568,7768.417093856478,7567.464269495527,0.035730504472667235
7569,7769.913327770864,7569.159786370121,-0.6597863701208553
7570,7770.261243682986,7569.554047672983,-0.05404767298296065
7571,7770.98388684909,7570.372961044681,0.1270389553192217
7572,7771.801935593385,7571.300002790311,0.19999720968917245
7573,7773.152164235817,7572.830159579415,-0.3301595794146124
7574,7774.01889997577,7573.812414063434,-0.3124140634336072
7575,7774.296269528579,7574.126754744211,0.3732452557887882
7576,7775.448785294473,7575.432908449365,0.0670915506352685
7577,7775.977608167172,7576.032235992541,0.46776400745875435
7578,7776.955377123454,7577.1403798884385,0.35962011156152585
7579,7778.619618817803,7579.0265752448595,-0.5265752448594867
7580,7779.147738368912,7579.625139961801,-0.1251399618013238
7581,7780.294143760094,7580.924482483294,-0.42448248329401395
7582,7780.791631249853,7581.488346055393,0.011653944607132871
7583,7781.703703737546,7582.522122788789,-0.02212278878869256
7584,7782.448108668123,7583.365871513834,0.13412848616644624
7585,7783.333189556129,7584.369084708579,0.1309152914209335
7586,7783.869822963324,7584.977350717016,0.5226492829842755
7587,7785.543212016224,7586.874150197589,-0.3741501975891879
7588,7785.972158398128,7587.360373468872,0.13962653112776024
7589,7786.910885163879,7588.424460838842,0.07553916115830361
7590,7787.847577241962,7589.4862597546835,0.0137402453165123
7591,7788.942037729761,7590.726921721952,-0.22692172195183957
7592,7789.846487233922,7591.75220891096,-0.25220891095978004
7593,7790.584748288394,7592.589116668677,-0.08911666867697932
7594,7791.49812245838,7593.624551627531,-0.1245516275312184
7595,7792.057000206962,7594.258124650965,0.24187534903467167
7596,7793.208438102894,7595.563474936829,-0.06347493682915228
7597,7793.73117934919,7596.156099799774,0.34390020022601675
7598,7794.330647915022,7596.835716282718,0.6642837172821601
7599,7796.16793990826,7598.918696764853,-0.41869676485293894
7600,7796.882750797399,7599.729113045693,-0.2291130456933388
7601,7797.939994785892,7600.927781703596,-0.42778170359633805
7602,7798.642876532042,7601.724698665571,-0.22469866557094065
7603,7799.027356176221,7602.160620284218,0.33937971578234283
7604,7800.048866699555,7603.318819845078,0.18118015492200357
7605,7801.085965692596,7604.494715561126,0.005284438873786712
7606,7802.278136743016,7605.846464002113,-0.3464640021129526
7607,7802.563043838597,7606.169511470281,0.3304885297193323
7608,7803.341640437316,7607.05234685717,0.4476531428299495
7609,7804.662539155125,7608.550116243061,-0.050116243060983834
7610,7805.651244456076,7609.671234211069,-0.17123421106862224
7611,7806.365526757545,7610.481189394757,0.018810605242833844
7612,7807.45394705527,7611.715415619923,-0.21541561992307834
7613,7808.521694540714,7612.926223146766,-0.42622314676555106
7614,7809.148095665498,7613.63656220626,-0.13656220626035065
7615,7809.949348552203,7614.545194871837,-0.045194871837338724
7616,7810.246422779105,7614.88208477893,0.6179152210697794
7617,7811.425296754866,7616.218976284789,0.281023715210722
7618,7812.392880857757,7617.316277554975,0.183722445024614
7619,7813.480751249711,7618.550013824096,-0.05001382409591315
7620,7814.556090476848,7619.769562392626,-0.2695623926256303
7621,7815.586939345175,7620.938676291959,-0.43867629195938207
7622,7815.855841174646,7621.243648771026,0.25635122897438123
7623,7817.152637267742,7622.714418526533,-0.21441852653333626
7624,7817.796685739583,7623.444883030887,0.05511696911344188
7625,7818.660115006316,7624.424177279488,0.0758227205124058
7626,7819.635648031588,7625.530636931595,-0.030636931594926864
7627,7820.58639743223,7626.60900537779,-0.10900537778979924
7628,7821.053880222405,7627.139245106439,0.3607548935606246
7629,7822.09409350154,7628.319117131821,0.18088286817874177
7630,7822.719034353719,7629.027972956305,0.4720270436946521
7631,7824.645471276426,7631.21313539709,-0.7131353970898999
7632,7825.273177259965,7631.925160242367,-0.42516024236738303
7633,7825.82778134102,7632.554270177599,-0.0542701775993919
7634,7826.47118029694,7633.284111583771,0.2158884162290633
7635,7827.80645975852,7634.798816441,-0.2988164409998717
7636,7828.125195235312,7635.160386693093,0.33961330690726754
7637,7828.993878289372,7636.145822315424,0.3541776845759159
7638,7830.128538967397,7637.433006538526,0.06699346147433971
7639,7830.87758193786,7638.282751826838,0.21724817316226108
7640,7832.27446269285,7639.867461520601,-0.3674615206009548
7641,7832.824494593667,7640.491463305199,0.008536694800568512
7642,7833.920755248589,7641.735170604557,-0.23517060455742467
7643,7834.383065914879,7642.259669200554,0.24033079944638303
7644,7835.733258049545,7643.791507901462,-0.29150790146195504
7645,7836.463501636443,7644.620009409647,-0.12000940964662732
7646,7837.396947490321,7645.679070834435,-0.17907083443515148
7647,7838.064178062149,7646.436102728382,0.0638972716178614
7648,7838.482550842814,7646.910788135009,0.5892118649908298
7649,7839.568362838759,7648.142766097079,0.35723390292059776
7650,7840.782349085686,7649.520200754201,-0.020200754201141535
7651,7841.828068608792,7650.706737612637,-0.20673761263697088
7652,7842.773773977403,7651.7798114508305,-0.2798114508304934
7653,7843.741048100103,7652.877377717769,-0.37737771776937734
7654,7844.457429440751,7653.690268098767,-0.19026809876686457
7655,7845.080327763866,7654.397090134889,0.10290986511063238
7656,7845.576147186457,7654.959717429847,0.5402825701530674
7657,7847.000089158637,7656.575552410464,-0.07555241046429728
7658,7847.835966138218,7657.524092847544,-0.024092847544125107
7659,7848.647013323947,7658.444470357997,0.05552964200342103
7660,7849.322974184129,7659.211561903706,0.28843809629415773
7661,7850.381575865229,7660.412899186661,0.08710081333902053
7662,7851.749375193901,7661.96515814458,-0.46515814457961824
7663,7852.055533000646,7662.312609187251,0.1873908127490722
7664,7853.536887110037,7663.993788742747,-0.4937887427468013
7665,7854.099209290606,7664.631976329318,-0.13197632931769476
7666,7854.705243499413,7665.319780503862,0.18021949613830657
7667,7855.730232864411,7666.483084849001,0.01691515099901153
7668,7856.589741467903,7667.4585943959055,0.041405604094507
7669,7857.007480210243,7667.932717371172,0.5672826288282522
7670,7857.998247520008,7669.057227504523,0.4427724954766745
7671,7859.863876592034,7671.174750198172,-0.6747501981717505
7672,7860.360848829588,7671.738834552467,-0.23883455246686935
7673,7861.074293126311,7672.548632524755,-0.04863252475479385
7674,7861.968307522174,7673.56340190078,-0.06340190078026353
7675,7862.576808489505,7674.254102658261,0.24589734173878242
7676,7863.886469839471,7675.740705976933,-0.24070597693298623
7677,7864.68842418612,7676.6510256076035,-0.1510256076035148
7678,7865.047548549889,7677.058681408847,0.4413185911525943
7679,7866.327295716895,7678.511392586166,-0.01139258616603911
7680,7867.142338041973,7679.436609090009,0.06339090999063046
7681,7867.701391247107,7680.071240653634,0.4287593463659505
7682,7869.054058996961,7681.606801603693,-0.1068016036933841
7683,7870.100532362201,7682.794793243851,-0.2947932438510179
7684,7871.026268506168,7683.845738404401,-0.3457384044013452
7685,7871.891593703717,7684.828117498308,-0.3281174983076198
7686,7872.421051360312,7685.429203187767,0.07079681223331136
7687,7873.258974733155,7686.380497165655,0.11950283434543962
7688,7873.857411725433,7687.059911065855,0.4400889341450238
7689,7874.89428101069,7688.237100426133,0.2628995738668891
7690,7876.081256282237,7689.584736370153,-0.0847363701532231
7691,7876.811378416846,7690.413696873866,0.08630312613422575
7692,7877.833953052452,7691.574717975457,-0.07471797545713343
7693,7878.910611220162,7692.797167813896,-0.2971678138956122
7694,7879.774371317584,7693.777907708259,-0.27790770825868094
7695,7880.247924997613,7694.315601579318,0.1843984206816458
7696,7881.172597090474,7695.36552837899,0.13447162100965215
7697,7882.440411048756,7696.805106597267,-0.3051065972667857
7698,7883.219132091234,7697.689345362658,-0.18934536265805946
7699,7883.739288678193,7698.279990669723,0.22000933027720748
7700,7884.386136360235,7699.014503162171,0.48549683782857755
7701,7885.310055570763,7700.063652282859,0.4363477171409613
7702,7886.697844124519,7701.639576927359,-0.13957692735857563
7703,7887.902634545409,7703.007726743281,-0.5077267432807275
7704,7888.582508384611,7703.77979865409,-0.27979865408997284
7705,7889.247759852945,7704.535274273068,-0.03527427306835307
7706,7890.199885171148,7705.616546290773,-0.11654629077293066
7707,7890.829109253514,7706.331128641672,0.16887135832803324
7708,7891.738485147039,7707.3638812976815,0.13611870231852663
7709,7892.471581268804,7708.196450110674,0.30354988932595006
7710,7893.753775748136,7709.652649650379,-0.15264965037931688
7711,7894.146224240496,7710.098363478119,0.4016365218813007
7712,7895.752701737031,7711.9229135819005,-0.4229135819005023
7713,7896.284146796157,7712.526511538692,-0.026511538691920578
7714,7896.810706211279,7713.124566154833,0.37543384516720835
7715,7898.443975525827,7714.979633108702,-0.47963310870181886
7716,7899.189387686444,7715.826289953259,-0.32628995325922006
7717,7899.737784133993,7716.449178817271,0.05082118272912339
7718,7900.699743497219,7717.541822293882,-0.04182229388243286
7719,7901.203724772065,7718.11427787966,0.3857221203397785
7720,7902.431940428291,7719.509388663928,-0.009388663927893504
7721,7902.845882347639,7719.979585604047,0.5204143959526846
7722,7904.000011350514,7721.2905798364145,0.20942016358549154
7723,7905.495359792199,7722.98921076343,-0.4892107634295826
7724,7906.307057653096,7723.911272297471,-0.41127229747144156
7725,7907.033279619341,7724.736247324686,-0.23624732468579168
7726,7907.462023026748,7725.223297069637,0.2767029303631716
7727,7908.754089324922,7726.691098423706,-0.19109842370562546
7728,7909.071081108488,7727.051209666601,0.44879033339930174
7729,7910.496345642478,7728.670373723632,-0.17037372363211034
7730,7911.290474750289,7729.572557527509,-0.07255752750916145
7731,7911.974654015074,7730.349841126374,0.15015887362642388
7732,7912.5218947576,7730.971558142602,0.5284418573983203
7733,7913.958900163049,7732.604160279136,-0.10416027913561265
7734,7914.898228655285,7733.671367091233,-0.17136709123315086
7735,7916.139083618646,7735.081176789856,-0.5811767898558173
7736,7916.24962036282,7735.206765712004,0.2932342879958014
7737,7917.846984218914,7737.021675656021,-0.5216756560212161
7738,7918.206299766422,7737.429933702812,0.0700662971876227
7739,7919.009503413645,7738.342551390047,0.15744860995255294
7740,7919.702077252902,7739.129479461189,0.37052053881143365
7741,7920.394917845035,7739.916720271657,0.583279728342859
7742,7922.053034576524,7741.800796217396,-0.300796217396055
7743,7922.72331242127,7742.5624315930545,-0.06243159305449808
7744,7923.710141380546,7743.683779792512,-0.18377979251181387
7745,7924.582047217102,7744.6745554405825,-0.17455544058248051
7746,7925.391338795342,7745.594194083807,-0.09419408380745153
7747,7926.04475027159,7746.3367079392,0.163292060799904
7748,7927.227859749135,7747.681173816038,-0.181173816037699
7749,7928.007764629538,7748.567460082702,-0.06746008270238235
7750,7928.684234751107,7749.336212665301,0.16378733469900908
7751,7929.540229147086,7750.308992966871,0.19100703312869882
7752,7930.60494125527,7751.51898749224,-0.018987492239830317
7753,7930.94807682602,7751.90894954872,0.5910504512803527
7754,7932.47166617417,7753.640486229168,-0.14048622916834574
7755,7933.645643224238,7754.974725492118,-0.4747254921176136
7756,7934.495415309209,7755.94051910031,-0.44051910030975705
7757,7935.214648402925,7756.757962217894,-0.25796221789369156
7758,7935.570718561862,7757.16265697545,0.33734302455013676
7759,7936.442237033273,7758.153199899863,0.3468001001374432
7760,7937.745180588838,7759.634116621559,-0.13411662155886006
7761,7938.315574079554,7760.282432669263,0.21756733073743817
7762,7939.086639386133,7761.158845066124,0.3411549338761688
7763,7940.354012879281,7762.599399838809,-0.09939983880940417
7764,7941.265683750251,7763.635666625358,-0.1356666253577714
7765,7942.317604788911,7764.831371938617,-0.3313719386169396
7766,7942.745097903531,7765.317304281073,0.18269571892687964
7767,7943.78551598803,7766.4999650553855,3.4944614526466466e-05
7768,7944.959519126584,7767.83450025532,-0.33450025531965366
7769,7945.740693786381,7768.722507285862,-0.22250728586186597
7770,7946.220788193214,7769.268264807163,0.23173519283682253
7771,7947.289771165842,7770.483470505349,0.016529494650967536
7772,7947.729600273443,7770.983469060026,0.5165309399735634
7773,7948.634211573243,7772.011845059814,0.48815494018617756
7774,7950.265470539734,7773.866326684589,-0.3663266845887847
7775,7951.314030649734,7775.058400646022,-0.5584006460221644
7776,7951.58485170633,7775.366291892813,0.13370810718697612
7777,7952.794489272245,7776.741523481149,-0.24152348114876077
7778,7953.594656971267,7777.651246684429,-0.1512466844287701
7779,7954.30899726348,7778.463402187603,0.03659781239730364
7780,7954.747608585549,7778.962077982404,0.5379220175964292
7781,7956.152267105716,7780.559119665813,-0.05911966581334127
7782,7956.989578249038,7781.511128394769,-0.011128394769002625
7783,7957.947945783216,7782.600793420868,-0.10079342086828547
7784,7958.317455921221,7783.020931793859,0.4790682061411644
7785,7959.688750437559,7784.580137367696,-0.08013736769589741
7786,7960.661379307838,7785.686070187354,-0.18607018735383463
7787,7961.649596876388,7786.809747589451,-0.3097475894510353
7788,7962.562547058959,7787.847857683724,-0.34785768372421444
7789,7962.956507789986,7788.295833178132,0.204166821868057
7790,7964.203600710389,7789.713931685466,-0.21393168546637753
7791,7964.684089862521,7790.260315424917,0.23968457508271968
7792,7965.315678842992,7790.97852793668,0.5214720633202887
7793,7966.568849823993,7792.4035971017,0.09640289829985704
7794,7967.26610753854,7793.196511642636,0.3034883573636762
7795,7968.909886518724,7795.065839190634,-0.5658391906335964
7796,7969.629440350559,7795.884142461,-0.38414246100001037
7797,7970.220548110797,7796.556379836922,-0.05637983692213311
7798,7970.847928248595,7797.269875611439,0.23012438856130757
7799,7971.821330830948,7798.376905221135,0.12309477886537934
7800,7972.995331891868,7799.71209628832,-0.21209628832002636
7801,7973.804869056247,7800.632798698347,-0.13279869834696
7802,7974.458129757066,7801.375774374325,0.12422562567462592
7803,7975.017853871006,7802.012374474938,0.4876255250619579
7804,7976.207792148187,7803.365767040965,0.13423295903521648
7805,7977.291194443749,7804.598014024481,-0.09801402448101726
7806,7977.975322928937,7805.37614448856,0.12385551143961493
7807,7979.419830145944,7807.019163420314,-0.5191634203138165
7808,7980.244153621045,7807.956788378334,-0.45678837833384023
7809,7980.592156635671,7808.352627724706,0.14737227529440133
7810,7981.67715895761,7809.586789461886,-0.08678946188592818
7811,7982.329229078068,7810.328513446686,0.1714865533140255
7812,7982.856726483099,7810.928543274441,0.5714567255590737
7813,7984.194787625832,7812.450616587093,0.049383412907445745
7814,7985.078461489261,7813.455834170316,0.044165829684061464
7815,7986.116271568622,7814.636408298643,-0.13640829864289117
7816,7986.989921279803,7815.630256340957,-0.13025634095720307
7817,7987.776841671902,7816.525455704817,-0.02545570481743198
7818,7988.826884442919,7817.720001877057,-0.22000187705725693
7819,7989.527182533589,7818.516684876881,-0.016684876881299715
7820,7990.464730054403,7819.583286216962,-0.08328621696182381
7821,7991.154615188093,7820.368145517426,0.13185448257445387
7822,7992.449601868435,7821.841434255679,-0.3414342556789052
7823,7992.775448790283,7822.212151126832,0.2878488731676043
7824,7993.535520095777,7823.076894400312,0.42310559968791495
7825,7994.268276831977,7823.91057241341,0.5894275865903182
7826,7996.325873550481,7826.251615402765,-0.7516154027653101
7827,7996.702938035544,7826.680631915464,-0.18063191546389135
7828,7997.562596959063,7827.658745414028,-0.15874541402808973
7829,7998.503621700135,7828.729453192187,-0.22945319218706572
7830,7998.960515915092,7829.249318556219,0.25068144378110446
7831,8000.086767551566,7830.530812832434,-0.03081283243409416
7832,8000.654289531124,7831.1765716610735,0.3234283389265329
7833,8001.827414146494,7832.511439967655,-0.011439967654951033
7834,8002.504226795773,7833.281580113726,0.21841988627420506
7835,8003.544020732095,7834.464771751253,0.03522824874744401
7836,8004.486900352286,7835.537702232789,-0.037702232789342816
7837,8005.558741555966,7836.757403365664,-0.25740336566377664
7838,8006.089452661676,7837.361334243045,0.13866575695465144
7839,8007.166316113009,7838.586784801073,-0.08678480107300857
7840,8008.486686298688,7840.08937294574,-0.5893729457402515
7841,8009.024278312766,7840.701165381566,-0.20116538156617025
7842,8009.383936409159,7841.110468014095,0.3895319859047959
7843,8010.212236319678,7842.053110077207,0.44688992279316153
7844,8011.4693808589,7843.483822407362,0.016177592638086935
7845,8011.929391130552,7844.007351891164,0.4926481088359651
7846,8013.442022089033,7845.72887983609,-0.22887983608961804
7847,8014.276774716259,7846.678932723352,-0.1789327233518634
7848,8015.371885937372,7847.925327236794,-0.4253272367941463
7849,8016.201731490321,7848.869827021087,-0.369827021087076
7850,8016.491199874103,7849.199292539425,0.300707460574813
7851,8017.361465467252,7850.189816620335,0.31018337966543186
7852,8018.637826606625,7851.642580145511,-0.1425801455106921
7853,8019.35663906583,7852.46075194375,0.03924805624956207
7854,8020.319689666966,7853.556938278882,-0.05693827888171654
7855,8020.837459741026,7854.146294441196,0.3537055588039948
7856,8021.895481637485,7855.350613346571,0.1493866534292465
7857,8022.717489709399,7856.286299162495,0.21370083750480262
7858,8024.403582467122,7858.20560824316,-0.7056082431599862
7859,8024.670982458978,7858.509999543747,-0.009999543746744166
7860,8025.752452902288,7859.741091813314,-0.24109181331368745
7861,8026.391854103009,7860.468965311229,0.031034688770887442
7862,8027.30587415952,7861.50947004564,-0.009470045640227909
7863,8028.12402597859,7862.440854074097,0.05914592590306711
7864,8028.746401313329,7863.149375040324,0.3506249596757698
7865,8029.407822326108,7863.902354580051,0.5976454199490036
7866,8031.058009786894,7865.781010345378,-0.28101034537758096
7867,8031.95132217381,7866.798024266078,-0.2980242660778458
7868,8032.793383790674,7867.756704938496,-0.25670493849611375
7869,8033.269191957558,7868.298415087918,0.20158491208167106
7870,8034.386240870655,7869.570198890676,-0.07019889067578333
7871,8035.393242316707,7870.716712511007,-0.21671251100724476
7872,8035.999510970188,7871.406984631014,0.09301536898601626
7873,8037.034489891821,7872.5853851441425,-0.08538514414249221
7874,8037.803468786898,7873.460938569826,0.03906143017411523
7875,8038.42846693131,7874.172565251391,0.32743474860944843
7876,8039.310951894777,7875.177381157968,0.3226188420321705
7877,8040.363774173745,7876.376166876573,0.12383312342717545
7878,8041.485092078733,7877.652968593581,-0.1529685935811358
7879,8042.752607553648,7879.096269842897,-0.5962698428966178
7880,8043.228211967943,7879.637841805013,-0.1378418050126129
7881,8044.222079323651,7880.769575552183,-0.2695755521826868
7882,8044.702036441095,7881.316117924061,0.18388207593943662
7883,8045.412198483427,7882.124810295801,0.37518970419932884
7884,8046.349100762354,7883.191716889141,0.3082831108586106
7885,8047.858586760626,7884.910695288891,-0.4106952888905653
7886,8048.092532351146,7885.177112801461,0.3228871985393198
7887,8048.939018671553,7886.141101457678,0.3588985423220947
7888,8050.707855425853,7888.155519456795,-0.6555194567954459
7889,8050.928553718139,7888.406863335089,0.09313666491107142
7890,8051.826700970999,7889.42973489208,0.07026510792002227
7891,8052.854735733886,7890.600550804791,-0.10055080479105527
7892,8053.850683691921,7891.734843377194,-0.23484337719401083
7893,8054.632075493163,7892.6247900615745,-0.12479006157445838
7894,8055.387536444196,7893.485214922161,0.014785077839405858
7895,8056.043545401503,7894.232379054463,0.2676209455366916
7896,8056.628566090346,7894.898697974651,0.6013020253485593
7897,8057.849854094792,7896.289725791004,0.21027420899645222
7898,8059.163910470731,7897.786448224338,-0.28644822433761874
7899,8060.41057395789,7899.206441052497,-0.7064410524972118
7900,8060.656750843527,7899.4868486677215,0.013151332278539485
7901,8061.432878644982,7900.370904348395,0.1290956516049846
7902,8062.591530739173,7901.69070005545,-0.1907000554501792
7903,8063.105008848427,7902.275600412311,0.22439958768882207
7904,8064.205515208022,7903.529199254911,-0.029199254910963646
7905,8064.758371516304,7904.158972948622,0.34102705137775047
7906,8065.960611559452,7905.5284981792975,-0.028498179297457682
7907,8066.852181448752,7906.544143605185,-0.044143605185126944
7908,8067.499979187697,7907.282102108409,0.2178978915908374
7909,8068.480997184478,7908.399674367769,0.10032563223103352
7910,8069.6204735256,7909.697785647706,-0.19778564770604135
7911,8070.895715103645,7911.150593414896,-0.6505934148963206
7912,8071.223812048207,7911.524380164234,-0.02438016423366207
7913,8072.006261155457,7912.415799374371,0.08420062562890962
7914,8072.89166095519,7913.42452156952,0.07547843047996139
7915,8073.661638198681,7914.301757209198,0.19824279080239648
7916,8074.476781796317,7915.23046364484,0.2695363551601986
7917,8075.212479534272,7916.0686673575,0.43133264249991043
7918,8076.604646442833,7917.654836360719,-0.1548363607189458
7919,8077.69313905423,7918.895039865115,-0.39503986511499534
7920,8078.331290952394,7919.6221463497695,-0.12214634976953676
7921,8079.345222788621,7920.777430765905,-0.27743076590468263
7922,8080.0395116955,7921.568522405544,-0.06852240554417222
7923,8080.37162366999,7921.946943167777,0.5530568322228646
7924,8082.095848368997,7923.911623971026,-0.41162397102561954
7925,8082.72735733407,7924.631216260057,-0.13121626005704456
7926,8083.188121262285,7925.156252826885,0.3437471731149344
7927,8084.353898815798,7926.484665074468,0.015334925532442867
7928,8084.627810373941,7926.796793226946,0.7032067730542622
7929,8086.389367184018,7928.804160652271,-0.30416065227109357
7930,8087.201332969661,7929.729450080798,-0.229450080798415
7931,8087.989215922948,7930.627307911067,-0.12730791106696415
7932,8089.000277331537,7931.779513956723,-0.2795139567233491
7933,8090.01170243514,7932.932154593402,-0.43215459340171947
7934,8090.302075183273,7933.2630730063875,0.236926993612542
7935,8091.013047475937,7934.073327610582,0.42667238941794494
7936,8092.013186019191,7935.213145342621,0.2868546573790809
7937,8093.056821600834,7936.402555878069,0.09744412193140306
7938,8093.960796848974,7937.432815644891,0.06718435510902054
7939,8095.226429752914,7938.875283309333,-0.37528330933309917
7940,8095.644649780626,7939.351944137694,0.148055862306137
7941,8096.881209450587,7940.761317025765,-0.2613170257645834
7942,8097.42280453375,7941.378611240781,0.12138875921937142
7943,8098.601451658409,7942.722018641753,-0.2220186417525838
7944,8099.483713019982,7943.72762708581,-0.22762708581012703
7945,8100.03395489818,7944.35480485385,0.14519514615039952
7946,8100.893317320693,7945.334336902735,0.16566309726476902
7947,8101.847479883356,7946.42194254275,0.07805745724999724
7948,8102.652891917434,7947.340008275858,0.15999172414194618
7949,8103.081247385366,7947.828283395337,0.6717166046628336
7950,8104.959580645945,7949.969406110977,-0.46940611097670626
7951,8106.00108259912,7951.156649941422,-0.6566499414220743
7952,8106.472478547105,7951.694017366684,-0.19401736668442027
7953,8106.981007272882,7952.273719163382,0.2262808366176614
7954,8107.990030625678,7953.423979245457,0.07602075454269652
7955,8108.858614987058,7954.414158577753,0.08584142224663083
7956,8109.690218971893,7955.36219444736,0.13780555264020222
7957,8110.637684029409,7956.442329500789,0.05767049921087164
7958,8111.447479981099,7957.365532119365,0.13446788063538406
7959,8112.26475349516,7958.297272530024,0.20272746997579816
7960,8113.552643128011,7959.765569899678,-0.26556989967775735
7961,8114.167019842273,7960.466020041952,0.03397995804789389
7962,8115.107358482818,7961.538113316222,-0.03811331622182479
7963,8116.251266964434,7962.842322801148,-0.34232280114792957
7964,8116.864424633298,7963.541415555437,-0.04141555543719733
7965,8118.004737871156,7964.841565226909,-0.3415652269086422
7966,8118.4373796532,7965.334856595695,0.16514340430512675
7967,8119.287139450122,7966.303750059071,0.19624994092919223
7968,8119.648862098551,7966.716189386861,0.7838106131393943
7969,8121.226751668281,7968.51534286954,-0.015342869540290849
7970,8122.361423445452,7969.809157283009,-0.3091572830089717
7971,8123.010669984644,7970.549474811761,-0.04947481176077417
7972,8124.184278678356,7971.887728682945,-0.38772868294472573
7973,8124.843587425552,7972.639543474605,-0.1395434746045794
7974,8125.501626937458,7973.389919437976,0.11008056202445005
7975,8126.529528436145,7974.562073589015,-0.062073589015199104
7976,8126.964551002275,7975.058152165845,0.44184783415494167
7977,8128.59220878004,7976.914286806214,-0.4142868062135676
7978,8129.09763257011,7977.490668277519,0.009331722480965254
7979,8129.501991536929,7977.951799789275,0.5482002107246444
7980,8130.717735754435,7979.338255416048,0.161744583951986
7981,8131.714724491744,7980.475260120331,0.024739879669141374
7982,8132.854767682943,7981.775433525412,-0.27543352541215427
7983,8133.952804659217,7983.027724577802,-0.527724577801564
7984,8134.457140991121,7983.602918829989,-0.10291882998899382
7985,8135.253151706352,7984.510777070585,-0.010777070585390902
7986,8135.92598850604,7985.278163886874,0.22183611312630092
7987,8136.958578382119,7986.455875104424,0.04412489557580557
7988,8137.609942436051,7987.198793321671,0.3012066783294358
7989,8138.437429271382,7988.142601681204,0.3573983187961858
7990,8139.566538052355,7989.430453204182,0.06954679581758683
7991,8140.950740591129,7991.009296430617,-0.5092964306168142
7992,8141.595750010062,7991.745017131636,-0.24501713163590466
7993,8142.276001937053,7992.52094550326,-0.02094550326000899
7994,8142.810496643742,7993.130622459086,0.3693775409137743
7995,8144.358563539668,7994.896472597909,-0.396472597909451
7996,8144.926296078329,7995.544085924574,-0.04408592457366467
7997,8145.927384407726,7996.686044171584,-0.186044171584399
7998,8146.251283810102,7997.055525844728,0.4444741552715641
7999,8147.375558663971,7998.3380354831825,0.16196451681753388
8000,8148.188405804615,7999.265301248959,0.23469875104092353
8001,8148.986653563432,8000.1759251432595,0.32407485674048075
8002,8150.740615482132,8002.176850931844,-0.6768509318435463
8003,8151.026671304606,8002.503190095601,-0.0031900956009849324
8004,8152.217728258409,8003.861992863764,-0.3619928637635894
8005,8152.965931127601,8004.715585125971,-0.21558512597130175
8006,8153.488253661009,8005.311486769309,0.18851323069065984
8007,8154.272979427266,8006.206766165527,0.2932338344726304
8008,8155.128933992533,8007.183322911826,0.31667708817440143
8009,8156.304912385854,8008.525017480577,-0.02501748057693476
8010,8157.194764620155,8009.540283584387,-0.04028358438699797
8011,8157.981568491565,8010.437990779078,0.0620092209219365
8012,8158.767638742286,8011.334873006579,0.16512699342092674
8013,8160.07820080992,8012.830211231334,-0.3302112313340331
8014,8160.950122589706,8013.8250838283475,-0.3250838283474877
8015,8161.346145633208,8014.27695548954,0.22304451045965834
8016,8162.59214058652,8015.698685155639,-0.19868515563939582
8017,8163.454284500948,8016.682443279664,-0.18244327966385754
8018,8164.106957146961,8017.427191709965,0.07280829003502731
8019,8164.870257333312,8018.298184994174,0.20181500582566514
8020,8165.448818475202,8018.958382192723,0.5416178072773619
8021,8166.44808923746,8020.098667289574,0.4013327104257769
8022,8168.295104129874,8022.206379056704,-0.7063790567035539
8023,8168.668480129248,8022.632463280162,-0.1324632801615735
8024,8169.593836203727,8023.688460442028,-0.1884604420283722
8025,8170.415779001677,8024.62645850678,-0.12645850678018178
8026,8171.095110983015,8025.401719571124,0.0982804288760235
8027,8171.823553153263,8026.233035705583,0.2669642944174484
8028,8173.111533980958,8027.702936418526,-0.20293641852640576
8029,8173.738292657768,8028.418232839082,0.08176716091838898
8030,8174.366180914142,8029.134826076487,0.36517392351288436
8031,8175.531628952028,8030.464943257527,0.035056742472988844
8032,8176.449213453737,8031.512194232097,-0.012194232096589985
8033,8177.331542720256,8032.519223410435,-0.01922341043518827
8034,8178.104666952751,8033.401626023191,0.09837397680894355
8035,8179.69038702324,8035.211518421862,-0.7115184218619106
8036,8180.035752135503,8035.605714088728,-0.1057140887278365
8037,8181.013209816269,8036.721385338496,-0.22138533849556552
8038,8181.282044613567,8037.028236924853,0.4717630751465549
8039,8182.430116793737,8038.338677488372,0.1613225116279864
8040,8183.129990253219,8039.137544517252,0.36245548274837347
8041,8184.254600673373,8040.421245359611,0.07875464038897917
8042,8185.038683169381,8041.31626083128,0.18373916872042173
8043,8186.605228280464,8043.104478510839,-0.6044785108388169
8044,8187.019086128035,8043.576906911245,-0.07690691124480509
8045,8187.927398545154,8044.613778425756,-0.11377842575620889
8046,8188.675092154904,8045.467309789434,0.03269021056621568
8047,8189.458001683721,8046.361053611978,0.13894638802230475
8048,8190.53885964643,8047.594945162283,-0.09494516228278371
8049,8191.317359421743,8048.483683117542,0.016316882458340842
8050,8192.334649942095,8049.645043135772,-0.14504313577162975
8051,8192.995406727354,8050.399387596391,0.10061240360937518
8052,8193.233410994542,8050.671104175652,0.8288958243483648
8053,8194.929408138007,8052.607364098905,-0.10736409890523646
8054,8196.067584918463,8053.906811578029,-0.4068115780291919
8055,8196.94832475157,8054.912362583507,-0.4123625835072744
8056,8197.513353942915,8055.557470974243,-0.05747097424318781
8057,8198.242611792508,8056.390092619467,0.10990738053260429
8058,8199.585117177643,8057.922909483699,-0.42290948369918624
8059,8199.884773862703,8058.26504981112,0.23495018888024788
8060,8200.341952211153,8058.787047696835,0.7129523031653662
8061,8201.755260360196,8060.400762773276,0.09923722672374424
8062,8202.876646170402,8061.68118853636,-0.1811885363604233
8063,8203.529203740132,8062.426305970572,0.0736940294282249
8064,8204.761729330088,8063.833677603058,-0.3336776030582769
8065,8205.259250532274,8064.401785496246,0.09821450375420682
8066,8206.22837505801,8065.508420044217,-0.008420044217018585
8067,8207.28117526524,8066.710623739773,-0.21062373977292737
8068,8208.167607521847,8067.722866779744,-0.22286677974443592
8069,8208.846424314348,8068.498037921962,0.001962078037649917
8070,8209.530685579144,8069.2794353914,0.22056460860039806
8071,8210.510348798944,8070.398185219953,0.1018147800468796
8072,8211.030888882606,8070.992635978691,0.5073640213086037
8073,8212.265612418521,8072.402696988336,0.0973030116638256
8074,8213.253267546888,8073.5306257989405,-0.030625798940491222
8075,8214.668747954198,8075.147175581029,-0.6471755810289324
8076,8215.237624958909,8075.796872654022,-0.2968726540220814
8077,8215.962628469759,8076.624886133504,-0.12488613350433297
8078,8216.502661260261,8077.241654494651,0.25834550534909795
8079,8217.268004086898,8078.115757835221,0.38424216477869777
8080,8218.619573329699,8079.659422131237,-0.15942213123707916
8081,8219.34654382754,8080.4897297035,0.01027029649958422
8082,8220.050014501032,8081.293206751457,0.206793248543363
8083,8220.85288245003,8082.210223238519,0.2897767614813347
8084,8222.153933481834,8083.696278973237,-0.19627897323698562
8085,8222.908793157701,8084.5584919573985,-0.05849195739847346
8086,8223.80409321168,8085.581132520225,-0.0811325202248554
8087,8224.783041493125,8086.699336537375,-0.1993365373746201
8088,8225.662484685172,8087.703896644261,-0.20389664426056697
8089,8226.606391577561,8088.782108244645,-0.2821082446453147
8090,8227.0220323073,8089.256894285156,0.24310571484420507
8091,8227.898063963537,8090.257595421523,0.24240457847736252
8092,8228.756591820185,8091.238316167046,0.26168383295407693
8093,8229.309424342826,8091.869839998976,0.6301600010237962
8094,8231.318604911878,8094.165061203687,-0.6650612036874008
8095,8231.75203939767,8094.66021261207,-0.1602126120696994
8096,8232.534397486112,8095.553980199846,-0.053980199845682364
8097,8233.385017835937,8096.52574417079,-0.02574417078994884
8098,8234.463093964046,8097.757377806124,-0.2573778061241683
8099,8234.940463388086,8098.302749287726,0.19725071227367152
8100,8235.903077656301,8099.402502932219,0.09749706778075051
8101,8236.852837631774,8100.487588539564,0.01241146043594199
8102,8237.66123932128,8101.41118829371,0.0888117062895617
8103,8238.643824853578,8102.533810265655,-0.03381026565512002
8104,8239.166099547594,8103.130526263489,0.36947373651128146
8105,8240.10766016519,8104.206303517023,0.293696482976884
8106,8241.810539848806,8106.151967068315,-0.6519670683146614
8107,8242.26298338045,8106.668926035712,-0.1689260357115927
8108,8243.126125160612,8107.655157051109,-0.15515705110919953
8109,8244.126672342985,8108.798406311062,-0.2984063110616262
8110,8244.522473036399,8109.250663031808,0.24933696819243778
8111,8245.291902817526,8110.129851018501,0.37014898149936926
8112,8246.414750234615,8111.41289173544,0.08710826455990173
8113,8247.104523644808,8112.201085131095,0.29891486890483066
8114,8248.198015439499,8113.450620089079,0.049379910920833936
8115,8249.182211673993,8114.575282550646,-0.07528255064607947
8116,8250.476640454472,8116.05448294857,-0.5544829485697846
8117,8250.905128429848,8116.544142024928,-0.04414202492807817
8118,8251.591930804594,8117.328999946936,0.17100005306383537
8119,8252.49596334624,8118.362116100421,0.1378838995788101
8120,8253.795261750578,8119.846964337215,-0.3469643372145583
8121,8254.542110873255,8120.700484008224,-0.20048400822361145
8122,8255.238100660737,8121.495889916355,0.00411008364517329
8123,8255.519078691637,8121.817005874622,0.6829941253781726
8124,8256.777714951946,8123.255457969179,0.24454203082132153
8125,8257.752236885288,8124.369226545473,0.13077345452711597
8126,8258.99799891104,8125.79301858703,-0.29301858703001926
8127,8259.868525257803,8126.787968322656,-0.28796832265561534
8128,8260.782502762526,8127.832595356604,-0.33259535660363326
8129,8261.566253507906,8128.728393040417,-0.22839304041735886
8130,8262.00212242353,8129.226579971114,0.2734200288859938
8131,8263.16889972611,8130.560194350152,-0.0601943501524147
8132,8263.541048290495,8130.9855618225565,0.5144381774434805
8133,8264.798832930119,8132.423235029004,0.07676497099600965
8134,8265.847428254267,8133.621823915826,-0.12182391582609853
8135,8266.4591677264,8134.321077831745,0.1789221682547577
8136,8267.620802307136,8135.648913777393,-0.14891377739331801
8137,8268.306797080351,8136.433069746272,0.06693025372806005
8138,8269.293837368958,8137.561364693445,-0.0613646934452845
8139,8270.597375143778,8139.05147959822,-0.5514795982198848
8140,8271.102988988785,8139.629471440317,-0.12947144031659263
8141,8271.527124563272,8140.11432529217,0.3856747078298213
8142,8273.023727020429,8141.825205583289,-0.3252055832890619
8143,8273.35908865696,8142.208588930211,0.2914110697893193
8144,8274.260748915804,8143.239372084647,0.2606279153533251
8145,8274.761296174196,8143.811607317814,0.6883926821856221
8146,8276.532087621641,8145.836048766447,-0.3360487664467655
8147,8277.550531731382,8147.000403178908,-0.500403178907618
8148,8278.311044893739,8147.869886437135,-0.36988643713539204
8149,8278.724155121687,8148.342193807066,0.15780619293400378
8150,8279.658220294079,8149.410119101064,0.08988089893591678
8151,8280.576684590987,8150.460224124077,0.039775875922714476
8152,8281.427733833265,8151.4332661677345,0.06673383226552687
8153,8282.325186834638,8152.459378749502,0.040621250497679284
8154,8283.364230097244,8153.647399418046,-0.14739941804600676
8155,8283.68271974392,8154.011558074882,0.48844192511842266
8156,8284.8370591545,8155.33143737154,0.16856262845976744
8157,8286.15646537832,8156.840086501271,-0.34008650127088913
8158,8286.666088558197,8157.422814067868,0.07718593213212444
8159,8287.736512263617,8158.646804072178,-0.14680407217838365
8160,8288.98043605825,8160.069212667929,-0.5692126679286957
8161,8289.388001230434,8160.53526392055,-0.03526392055027827
8162,8290.178026756239,8161.4386681189135,0.06133188108651666
8163,8290.941297006233,8162.311488700842,0.1885112991576534
8164,8291.360592491897,8162.790969412148,0.7090305878518848
8165,8292.962945185369,8164.62335318682,-0.12335318682016805
8166,8293.588170375622,8165.338348027931,0.16165197206919402
8167,8294.846862900662,8166.777786011331,-0.2777860113310453
8168,8295.568517315533,8167.603082112344,-0.10308211234405462
8169,8296.693739594808,8168.889925131388,-0.3899251313878267
8170,8297.216960600328,8169.488306997407,0.011693002593347046
8171,8297.84703513832,8170.208898908423,0.2911010915768202
8172,8299.092930897246,8171.633804176418,-0.13380417641837994
8173,8300.012435009638,8172.685441146245,-0.18544114624455688
8174,8300.536369897687,8173.284672795016,0.21532720498362323
8175,8301.505488875302,8174.393081576167,0.10691842383312178
8176,8302.243478656941,8175.237153436316,0.26284656368443393
8177,8302.932610094596,8176.025353253888,0.47464674611183
8178,8304.59058571364,8177.921713962954,-0.42171396295361774
8179,8305.587635161417,8179.062145362474,-0.562145362474439
8180,8306.142916438066,8179.697287821504,-0.1972878215037781
8181,8306.723994988384,8180.361944073504,0.13805592649623577
8182,8307.761913372273,8181.549164452782,-0.049164452781951695
8183,8308.422654234322,8182.304962006535,0.19503799346512096
8184,8309.351684270006,8183.367659980054,0.13234001994624123
8185,8310.1426259482,8184.272414605932,0.2275853940682282
8186,8310.895266168154,8185.133367491098,0.3666325089016027
8187,8312.487888176029,8186.955219941772,-0.45521994177215674
8188,8313.144211388339,8187.706023680619,-0.20602368061918241
8189,8313.584885345474,8188.21013916152,0.2898608384803083
8190,8314.936714630643,8189.756607428953,-0.2566074289534299
8191,8315.508934703108,8190.411227385941,0.08877261405905301
8192,8316.99169701257,8192.107537129392,-0.6075371293918579
8193,8317.138031600438,8192.274949106299,0.22505089370133646
8194,8318.217082256097,8193.50943411296,-0.009434112960661878
8195,8318.759355838361,8194.129829160596,0.37017083940372686
8196,8319.747436440157,8195.260269912033,0.23973008796747308
8197,8320.463512545592,8196.07952812066,0.42047187934076646
8198,8321.89568624028,8197.718098542024,-0.21809854202365386
8199,8322.99596407308,8198.976968802794,-0.4769688027936354
8200,8323.508788173947,8199.563718524572,-0.06371852457232308
8201,8324.656429208133,8200.876814767838,-0.3768147678383684
8202,8325.300636981032,8201.61390889844,-0.11390889844005869
8203,8325.708797278194,8202.080924692094,0.41907530790558667
8204,8326.619738160314,8203.123232015194,0.3767679848060652
8205,8328.07921169203,8204.793208736613,-0.29320873661345104
8206,8328.715589742687,8205.521385786984,-0.021385786983955768
8207,8329.271340698187,8206.157311428185,0.34268857181450585
8208,8330.212048924968,8207.233743147794,0.2662568522064248
8209,8331.593502849677,8208.814541113752,-0.31454111375205684
8210,8332.263071023848,8209.58074120889,-0.08074120889068581
8211,8333.237664713926,8210.69600333392,-0.19600333392008906
8212,8334.05272665746,8211.62872155296,-0.12872155295917764
8213,8335.037292360086,8212.755428750464,-0.255428750464489
8214,8335.626392666263,8213.429586165883,0.07041383411706192
8215,8336.461889739046,8214.385727649922,0.11427235007795389
8216,8337.076040922298,8215.088569758538,0.4114302414618578
8217,8337.871295467134,8215.998679462478,0.5013205375216785
8218,8339.257480606268,8217.585094158805,-0.08509415880507731
8219,8340.393714333013,8218.88548019194,-0.38548019194058725
8220,8341.28155484261,8219.901604650588,-0.40160465058761474
8221,8341.924980693568,8220.638008410935,-0.13800841093507188
8222,8342.350313541952,8221.124808092174,0.3751919078258652
8223,8343.649101637255,8222.611311469747,-0.11131146974730655
8224,8344.661638669773,8223.770213922178,-0.2702139221783
8225,8345.053008323444,8224.218162532852,0.2818374671478523
8226,8346.083112882301,8225.397199707166,0.10280029283421754
8227,8346.963463358863,8226.404847375909,0.09515262409149727
8228,8347.710096767263,8227.25945429548,0.24054570452062762
8229,8348.747559864036,8228.44696654082,0.05303345918036939
8230,8349.534979215146,8229.348284702724,0.15171529727558664
8231,8351.134421812465,8231.179120215298,-0.6791202152980986
8232,8351.661547503143,8231.78251637413,-0.2825163741308643
8233,8352.417119848338,8232.647422650982,-0.14742265098175267
8234,8352.958073703168,8233.266661081867,0.23333891813308583
8235,8353.845609049024,8234.282648903798,0.2173510962020373
8236,8354.918549437201,8235.510895369567,-0.010895369567151647
8237,8355.268913974758,8235.911979256442,0.5880207435584452
8238,8356.904040991127,8237.783840880315,-0.2838408803145285
8239,8357.317471403421,8238.257136045053,0.24286395494709723
8240,8358.619425855006,8239.747634856738,-0.24763485673793184
8241,8359.658407185581,8240.937100881707,-0.43710088170701056
8242,8359.97076562996,8241.294704932045,0.205295067955376
8243,8361.073625395231,8242.55733050422,-0.05733050421986263
8244,8361.85409931458,8243.450881787061,0.049118212938992656
8245,8362.910269692053,8244.660091704493,-0.16009170449251542
8246,8363.896584173059,8245.789342745531,-0.28934274553103023
8247,8364.27031308473,8246.217237236266,0.28276276373435394
8248,8364.921654252552,8246.962985457962,0.5370145420383778
8249,8365.84246179498,8248.01727097108,0.48272902891949343
8250,8367.570202902089,8249.995504657478,-0.49550465747779526
8251,8368.300171089582,8250.831322669866,-0.33132266986649483
8252,8368.924192690774,8251.54583923156,-0.04583923155951197
8253,8369.98051663173,8252.755367044094,-0.2553670440938731
8254,8370.77425990591,8253.66424478223,-0.16424478223052574
8255,8371.308043549163,8254.275461825835,0.22453817416499078
8256,8372.087574386334,8255.168085146934,0.33191485306633695
8257,8373.147445440276,8256.38173830841,0.11826169159030542
8258,8374.076460464703,8257.445566430806,0.05443356919386133
8259,8374.96751212524,8258.465937584717,0.034062415283187875
8260,8375.843575317225,8259.469159683847,0.030840316152534797
8261,8376.964785295106,8260.75313243448,-0.2531324344799941
8262,8377.391886566344,8261.242241030013,0.2577589699867531
8263,8378.850000555767,8262.912072719519,-0.4120727195186191
8264,8379.465601294927,8263.617070620148,-0.11707062014829717
8265,8380.556228744112,8264.86609598978,-0.3660959897806606
8266,8380.966154321457,8265.335563190958,0.1644368090419448
8267,8381.564090254533,8266.020354943641,0.47964505635900423
8268,8382.905500683482,8267.556642555692,-0.05664255569172383
8269,8383.40269045703,8268.126071653762,0.37392834623824456
8270,8384.243264855642,8269.088788214,0.41121178600042185
8271,8386.020866344516,8271.124733542809,-0.6247335428088263
8272,8386.716772953245,8271.921794557433,-0.42179455743280414
8273,8387.240328394948,8272.521458136096,-0.021458136096043745
8274,8388.199827520239,8273.620451102024,-0.12045110202416254
8275,8388.63553822229,8274.119512036816,0.3804879631843505
8276,8389.78519438712,8275.43633994776,0.06366005223935645
8277,8391.04304505189,8276.877123667053,-0.3771236670527287
8278,8391.3457694468,8277.223878673498,0.27612132650210697
8279,8392.202609092723,8278.205353223319,0.2946467766814749
8280,8393.253383485224,8279.408991050539,0.0910089494609565
8281,8394.048747018991,8280.320075552683,0.17992444731680735
8282,8395.25815389382,8281.705467383292,-0.2054673832917615
8283,8396.238183231037,8282.828124500615,-0.32812450061464915
8284,8396.956726475999,8283.651251925592,-0.1512519255920779
8285,8397.801538602687,8284.619039221585,-0.11903922158489877
8286,8398.740715654843,8285.694943560495,-0.19494356049472117
8287,8399.52515221057,8286.593592780662,-0.09359278066222032
8288,8399.73328037669,8286.83202602056,0.6679739794399211
8289,8400.790029634321,8288.042658821703,0.4573411782967014
8290,8402.071249479739,8289.510477931957,-0.010477931957211695
8291,8403.287132730924,8290.903473459985,-0.4034734599845251
8292,8403.814434922655,8291.507594109098,-0.007594109098135959
8293,8404.739289499226,8292.56719610154,-0.06719610153959366
8294,8405.705195480421,8293.673847806986,-0.17384780698557734
8295,8406.56935548675,8294.663942728132,-0.1639427281315875
8296,8407.08486351502,8295.254582997259,0.24541700274130562
8297,8408.331513209207,8296.682945291464,-0.18294529146442073
8298,8408.928736382753,8297.367230587583,0.1327694124174741
8299,8410.102479272857,8298.712099280856,-0.21209928085590946
8300,8410.36524130749,8299.013174268735,0.4868257312646165
8301,8411.254384288655,8300.031971596072,0.4680284039277467
8302,8412.634141842294,8301.61295426301,-0.11295426300966938
8303,8413.680979399163,8302.812487603273,-0.31248760327252967
8304,8414.783450748682,8304.075792108226,-0.575792108225869
8305,8415.403499856648,8304.786306687416,-0.28630668741607224
8306,8415.723254017677,8305.152715980204,0.347284019795552
8307,8416.838129918142,8306.430277856845,0.06972214315464953
8308,8417.55652739518,8307.253518462385,0.24648153761518188
8309,8418.527239230454,8308.36591175467,0.1340882453296217
8310,8419.569109017362,8309.55986876693,-0.05986876692986698
8311,8420.005248982217,8310.05968047447,0.4403195255308674
8312,8421.508390247804,8311.782291742004,-0.28229174200350826
8313,8422.378527635417,8312.77949528828,-0.2794952882795769
8314,8423.240648284422,8313.767525521946,-0.2675255219455721
8315,8423.389063749011,8313.937617942196,0.5623820578039158
8316,8425.250971770316,8316.071503991776,-0.5715039917758986
8317,8425.839729271382,8316.746277814564,-0.24627781456365483
8318,8426.287467350237,8317.259433935804,0.2405660641961731
8319,8427.283348871031,8318.400835128854,0.09916487114605843
8320,8428.018573119378,8319.243503444019,0.25649655598135723
8321,8428.62483003245,8319.938365098098,0.5616349019019253
8322,8429.995855684125,8321.509792405534,-0.009792405533517012
8323,8431.177000629288,8322.863612761092,-0.36361276109164464
8324,8431.95536041931,8323.755777889099,-0.25577788909868104
8325,8432.97595883297,8324.925617098419,-0.42561709841902484
8326,8433.31248029141,8325.31135196741,0.18864803259020846
8327,8434.41542130202,8326.575603731682,-0.07560373168234946
8328,8435.058137203256,8327.31233070048,0.18766929951925704
8329,8435.811385398178,8328.175767615736,0.3242323842641781
8330,8437.04392377202,8329.588630639748,-0.088630639747862
8331,8437.890770505877,8330.559390604729,-0.05939060472883284
8332,8438.581508721452,8331.351209787006,0.14879021299384476
8333,8439.280453877012,8332.15244605276,0.34755394724015787
8334,8440.622495639605,8333.690922389133,-0.19092238913253823
8335,8441.680875471997,8334.904241167713,-0.4042411677128257
8336,8442.342548491253,8335.662788931164,-0.1627889311639592
8337,8443.184375820363,8336.627879108742,-0.12787910874249064
8338,8443.859358820964,8337.401704767179,0.09829523282132868
8339,8445.01955065598,8338.731811975293,-0.23181197529265773
8340,8445.343743347072,8339.10348869582,0.3965113041795121
8341,8446.186349822425,8340.06951977328,0.4304802267197374
8342,8447.097012278587,8341.113590682759,0.38640931724148686
8343,8448.6341766362,8342.875978994443,-0.3759789944433578
8344,8449.49601887889,8343.864117070621,-0.3641170706214325
8345,8450.170450781585,8344.637391133845,-0.13739113384508528
8346,8451.011051485952,8345.601199056022,-0.10119905602186918
8347,8451.672354837661,8346.359439285585,0.14056071441518725
8348,8452.526787586836,8347.33913089932,0.16086910068042926
8349,8453.840544327524,8348.845509693658,-0.345509693657732
8350,8454.385593869503,8349.470483538498,0.02951646150177112
8351,8455.129114744626,8350.323040929095,0.17695907090455876
8352,8455.68220131,8350.957243778212,0.5427562217882951
8353,8457.256933894872,8352.762959908257,-0.2629599082574714
8354,8457.584956675284,8353.139103311843,0.36089668815657205
8355,8459.077902974868,8354.85108896123,-0.35108896122983424
8356,8459.817317810839,8355.699003432006,-0.19900343200606585
8357,8460.913889072826,8356.956501387043,-0.45650138704331766
8358,8461.562867847113,8357.70073132769,-0.20073132768993673
8359,8462.069886427542,8358.282170968325,0.21782903167513723
8360,8462.646579164099,8358.943517534886,0.5564824651137315
8361,8463.89949984571,8360.380378395534,0.11962160446637427
8362,8464.878542529874,8361.503174017065,-0.0031740170652483357
8363,8465.537510486056,8362.258908453023,0.24109154697725899
8364,8466.826335992042,8363.73701578362,-0.23701578361942666
8365,8467.635630188772,8364.665181969047,-0.1651819690468983
8366,8468.44430712262,8365.592652522124,-0.09265252212389896
8367,8469.241866818204,8366.50738476683,-0.007384766830000444
8368,8470.285462154494,8367.704316744015,-0.2043167440151592
8369,8470.85556788222,8368.358197393198,0.14180260680223
8370,8472.106756704898,8369.79326517808,-0.2932651780793094
8371,8472.581593585823,8370.337893399463,0.16210660053729953
8372,8473.42214252929,8371.30199628487,0.1980037151297438
8373,8474.178986718229,8372.170101843345,0.3298981566549628
8374,8474.840320404315,8372.92866499688,0.5713350031201117
8375,8476.90466491753,8375.296562861451,-0.7965628614510933
8376,8477.38869410161,8375.85177812202,-0.35177812201982306
8377,8477.921861024892,8376.463362890296,0.03663710970431566
8378,8478.84281676781,8377.519784776043,-0.019784776042797603
8379,8479.721517905517,8378.527751541698,-0.027751541698307847
8380,8480.498098395823,8379.418586766089,0.08141323391100741
8381,8481.301917570463,8380.340680098281,0.15931990171884536
8382,8481.98775704632,8381.127443754867,0.3725562451327278
8383,8483.482314466088,8382.841962194798,-0.34196219479781576
8384,8483.709365226572,8383.102432746711,0.3975672532887984
8385,8485.134315483056,8384.737144703553,-0.23714470355298545
8386,8485.731595822059,8385.422359818393,0.07764018160742125
8387,8486.695524389843,8386.528217169105,-0.028217169105118955
8388,8487.794494038859,8387.789020299055,-0.289020299054755
8389,8488.692418611325,8388.81918940993,-0.31918940992909484
8390,8489.3358435967,8389.557386039824,-0.05738603982354107
8391,8490.03561117806,8390.360232915526,0.13976708447444253
8392,8490.800705906939,8391.238040461974,0.26195953802562144
8393,8491.507454767121,8392.04891644708,0.45108355291995395
8394,8492.596487046623,8393.298416976671,0.20158302332856692
8395,8493.823574635215,8394.706341812733,-0.2063418127327168
8396,8494.552018029912,8395.542150057785,-0.04215005778496561
8397,8496.029850063813,8397.237829443568,-0.7378294435675343
8398,8496.29000222563,8397.536334893899,-0.036334893899038434
8399,8497.053886706819,8398.412843416694,0.0871565833058412
8400,8497.63735629614,8399.082344767385,0.4176552326152887
8401,8498.955065489745,8400.59437176774,-0.09437176774008549
8402,8499.848538084945,8401.619620032132,-0.11962003213193384
8403,8500.58762332892,8402.467722101326,0.032277898673783056
8404,8501.302755466844,8403.28834766003,0.21165233997089672
8405,8501.90854484317,8403.983508142503,0.5164918574973854
8406,8503.528225473843,8405.842171318589,-0.342171318588953
8407,8504.088873613564,8406.48555407026,0.014445929740759311
8408,8505.263513054684,8407.83355363677,-0.3335536367703753
8409,8506.184467090156,8408.890445486215,-0.3904454862149578
8410,8506.655630248315,8409.431161020033,0.06883897996704036
8411,8507.568430665197,8410.478719438152,0.021280561848470825
8412,8508.34183918496,8411.366319537097,0.13368046290270286
8413,8509.20509275978,8412.357043273429,0.14295672657135583
8414,8509.605168068929,8412.816199420684,0.6838005793160846
8415,8511.16818114929,8414.610058043563,-0.11005804356318549
8416,8512.237298970786,8415.837103019692,-0.337103019692222
8417,8513.180504244767,8416.919653735897,-0.41965373589664523
8418,8513.428366856158,8417.204137355551,0.29586264444878907
8419,8514.60312241479,8418.552475386397,-0.05247538639741833
8420,8515.510306167103,8419.59372271823,-0.09372271822940093
8421,8516.5207109856,8420.753463227631,-0.2534632276310731
8422,8517.066793398943,8421.380263406572,0.11973659342766041
8423,8517.836912409935,8422.264225046463,0.2357749535367475
8424,8518.994229230282,8423.592642743788,-0.09264274378801929
8425,8519.543241912981,8424.22283171072,0.2771682892798708
8426,8520.204192768442,8424.981517349464,0.5184826505355886
8427,8521.698529412679,8426.696851588838,-0.19685158883839904
8428,8522.883461465877,8428.057053008266,-0.5570530082659388
8429,8523.581766092819,8428.858659726504,-0.35865972650390177
8430,8524.072959892594,8429.422522607914,0.07747739208571147
8431,8525.19274084186,8430.70798505639,-0.20798505638958886
8432,8525.580145939872,8431.152715616823,0.34728438317688415
8433,8526.384967075473,8432.076637439597,0.423362560402893
8434,8527.801285476007,8433.702577725795,-0.20257772579498123
8435,8528.335279661198,8434.315615318725,0.1843846812753327
8436,8529.165725244557,8435.268996500334,0.231003499666258
8437,8530.392088474891,8436.676928811004,-0.17692881100447266
8438,8531.215969405233,8437.622805104565,-0.12280510456548654
8439,8532.311647984254,8438.88074483609,-0.3807448360894341
8440,8532.610707275002,8439.224096283924,0.2759037160758453
8441,8533.78019448951,8440.566806344212,-0.06680634421172726
8442,8535.042150484167,8442.015710146292,-0.5157101462918945
8443,8535.467449844382,8442.504020599326,-0.004020599326395313
8444,8536.03331008077,8443.153722240324,0.3462777596760134
8445,8536.749664145822,8443.97622438319,0.5237756168098713
8446,8537.778374013586,8445.157383392798,0.342616607202217
8447,8539.057118233906,8446.625657971763,-0.12565797176284832
8448,8540.19259571983,8447.929456940341,-0.4294569403409696
8449,8540.966649371092,8448.818268919007,-0.318268919007096
8450,8541.53998280859,8449.476609846017,0.023390153983200435
8451,8542.56539246823,8450.65407108972,-0.15407108972067363
8452,8543.339096416792,8451.542515723975,-0.042515723975157016
8453,8543.751519717898,8452.01610616521,0.4838938347893418
8454,8545.303334073615,8453.798100906813,-0.2981009068134881
8455,8545.618122407253,8454.159587217906,0.340412782094063
8456,8546.69149145283,8455.392201463213,0.10779853678650397
8457,8547.709108139341,8456.560811732728,-0.060811732728325296
8458,8548.380388381305,8457.331706840587,0.1682931594132242
8459,8549.305495770688,8458.394109611809,0.10589038819125562
8460,8550.742265127923,8460.044141796952,-0.5441417969523172
8461,8551.451183851783,8460.85830103902,-0.3583010390193522
8462,8552.036847251915,8461.530914493445,-0.030914493445379776
8463,8552.704688816772,8462.297914418601,0.20208558139893285
8464,8553.65769523164,8463.392433666311,0.10756633368873736
8465,8554.540035259277,8464.405808273295,0.09419172670459375
8466,8555.129548602585,8465.082877153453,0.41712284654749965
8467,8556.062209076877,8466.154071172588,0.3459288274116261
8468,8557.527026799398,8467.836499547631,-0.33649954763131973
8469,8558.612656240035,8469.083433868527,-0.5834338685272087
8470,8558.92346087613,8469.440422482228,0.05957751777168596
8471,8559.960124311472,8470.63114178353,-0.13114178352952877
8472,8560.426167011668,8471.166448392061,0.3335516079387162
8473,8561.800541026574,8472.74510727961,-0.24510727961023804
8474,8562.354829384678,8473.38179415646,0.11820584354063612
8475,8563.58251128426,8474.791999174406,-0.29199917440564604
8476,8563.91039263417,8475.168632359257,0.3313676407433377
8477,8564.757382722131,8476.14156847231,0.35843152768939035
8478,8565.618743675628,8477.131026046995,0.3689739530054794
8479,8567.2046071499,8478.952766023192,-0.45276602319245285
8480,8567.74453973355,8479.573017196244,-0.07301719624410907
8481,8568.74674832049,8480.724325380183,-0.2243253801825631
8482,8569.695230961153,8481.813931936555,-0.3139319365545816
8483,8570.473144254971,8482.707602750721,-0.2076027507209801
8484,8570.946215417389,8483.251074843152,0.24892515684769023
8485,8571.818896200673,8484.253636079671,0.24636392032880394
8486,8572.426464758291,8484.951636978018,0.5483630219823681
8487,8573.882934741583,8486.62492026196,-0.12492026196014194
8488,8574.913003319523,8487.80835086952,-0.3083508695199271
8489,8575.175968707243,8488.110471083364,0.3895289166357543
8490,8576.70893463109,8489.871716982841,-0.3717169828414626
8491,8577.398701995902,8490.664214540344,-0.1642145403438917
8492,8577.97124676393,8491.322037711474,0.17796228852603235
8493,8579.236900975935,8492.776227969995,-0.2762279699945793
8494,8579.917964132033,8493.55875684946,-0.05875684945931425
8495,8580.702003920609,8494.459614615353,0.040385384647379396
8496,8581.55635473493,8495.441272376842,0.05872762315811997
8497,8582.296736735663,8496.291989763064,0.20801023693638854
8498,8582.98242641862,8497.079873378816,0.42012662118395383
8499,8583.91302138096,8498.149176452887,0.35082354711266817
8500,8585.651463150218,8500.146781459836,-0.6467814598363475
8501,8586.174833980533,8500.748186283729,-0.2481862837285007
8502,8587.19732092682,8501.923139515986,-0.42313951598589483
8503,8587.711288194938,8502.513753399004,-0.013753399003689992
8504,8588.094852601425,8502.954520967596,0.5454790324038186
8505,8589.642476710262,8504.732978837794,-0.23297883779378026
8506,8590.127188416553,8505.289996183641,0.21000381635894882
8507,8591.09556730246,8506.402843569322,0.0971564306782966
8508,8591.803792343195,8507.216736816674,0.2832631833261985
8509,8592.9209017735,8508.500539485365,-0.000539485365152359
8510,8594.055748658853,8509.804750030244,-0.3047500302436674
8511,8594.502062461293,8510.317677889292,0.18232211070790072
8512,8595.550909469966,8511.52308387955,-0.023083879550540587
8513,8596.78724121508,8512.943986177637,-0.4439861776372709
8514,8597.384498850857,8513.630417860582,-0.13041786058238358
8515,8598.230072427952,8514.602251795022,-0.10225179502231185
8516,8599.006813111067,8515.4949864264,0.005013573600081145
8517,8599.431780758707,8515.983421003684,0.5165789963157295
8518,8600.495518301923,8517.206037425365,0.2939625746348611
8519,8601.33616304364,8518.172254919058,0.32774508094189514
8520,8602.800930632691,8519.855855923683,-0.3558559236826113
8521,8603.667158055498,8520.851514708942,-0.351514708941977
8522,8604.204875745892,8521.469584948749,0.030415051251111436
8523,8605.372037845811,8522.811177512307,-0.31117751230704016
8524,8606.065011944547,8523.607727375162,-0.10772737516163033
8525,8606.59684704791,8524.219059535195,0.2809404648050986
8526,8607.469584159036,8525.222262008472,0.27773799152782885
8527,8608.874054411912,8526.836715912617,-0.33671591261736467
8528,8609.476576483577,8527.529332796841,-0.02933279684111767
8529,8609.969946522662,8528.096481199254,0.4035188007455872
8530,8610.90054917449,8529.166258056379,0.33374194362113485
8531,8612.007241031539,8530.438479583541,0.06152041645873396
8532,8613.349092570395,8531.981064361484,-0.4810643614837318
8533,8614.153530621094,8532.905857649519,-0.4058576495190209
8534,8614.57029761756,8533.384983547397,0.1150164526025037
8535,8615.77899089576,8534.7745461104,-0.27454611040047894
8536,8616.334145127392,8535.41278285981,0.08721714018975035
8537,8617.170423146716,8536.374226185515,0.1257738144850009
8538,8617.68238800768,8536.962822941578,0.5371770584224578
8539,8619.004610240154,8538.482980360906,0.017019639093632577
8540,8619.61007525638,8539.179093588054,0.32090641194554337
8541,8621.154330974116,8540.954580788964,-0.4545807889644493
8542,8621.95265015747,8541.87245477443,-0.37245477442957053
8543,8622.390314620145,8542.375668049122,0.12433195087760396
8544,8623.28460366974,8543.403905365269,0.09609463473134383
8545,8624.220096516316,8544.4795338556,0.020466144400415942
8546,8625.481069982621,8545.929425106468,-0.4294251064675336
8547,8626.01658294401,8546.545176960475,-0.04517696047514619
8548,8626.570046898996,8547.181575065695,0.31842493430485774
8549,8627.46944040971,8548.215750809526,0.28424919047392905
8550,8628.431748372686,8549.322285828544,0.17771417145559099
8551,8629.276843947524,8550.294055199754,0.20594480024556105
8552,8630.330799696214,8551.50600985196,-0.006009851960698143
8553,8631.669465392839,8553.04538496046,-0.5453849604600691
8554,8632.398793410634,8553.88407681145,-0.38407681144963135
8555,8633.071914191361,8554.65814176805,-0.1581417680499726
8556,8633.591393342438,8555.255530025912,0.2444699740881333
8557,8634.592755997288,8556.40708650786,0.09291349214072397
8558,8635.206921731364,8557.113379762852,0.3866202371482359
8559,8636.439865707613,8558.531291663778,-0.031291663777665235
8560,8637.187563977981,8559.391174286724,0.10882571327601909
8561,8638.150805591882,8560.498955475095,0.0010445249045005767
8562,8638.929026205096,8561.393964753526,0.10603524647376616
8563,8640.056739782065,8562.690935696237,-0.1909356962369202
8564,8640.930858833448,8563.696266489702,-0.19626648970188398
8565,8641.656960761906,8564.531372394724,-0.031372394723803154
8566,8642.643422719759,8565.665939691002,-0.16593969100176764
8567,8643.454487335077,8566.598789277856,-0.09878927785575797
8568,8644.166494252548,8567.417717195567,0.08228280443290714
8569,8645.31489092089,8568.738586519923,-0.23858651992304658
8570,8645.629539138188,8569.100494609647,0.39950539035271504
8571,8646.021671929315,8569.551527935817,0.948472064183079
8572,8648.18081766284,8572.035040113213,-0.5350401132127445
8573,8648.77461921737,8572.718062962711,-0.2180629627109738
8574,8649.780880842649,8573.875534636632,-0.37553463663243747
8575,8650.239461088637,8574.403031512675,0.09696848732528451
8576,8651.375577780704,8575.709903437899,-0.20990343789890176
8577,8651.868483746322,8576.276899208713,0.2231007912869245
8578,8652.861534419748,8577.41923113634,0.080768863659614
8579,8653.778576965078,8578.474145053493,0.02585494650702458
8580,8654.501099440586,8579.305304969203,0.19469503079744754
8581,8655.647399977164,8580.62398130306,-0.12398130306064559
8582,8656.072710341728,8581.113254176036,0.38674582396379265
8583,8657.33880075427,8582.569771858272,-0.06977185827236099
8584,8658.222107503618,8583.585950467697,-0.08595046769733017
8585,8659.065463815254,8584.556182458657,-0.05618245865662175
8586,8660.464749771569,8586.166007750671,-0.6660077506712696
8587,8660.8949853178,8586.660984621933,-0.16098462193258456
8588,8661.46917873335,8587.321587267814,0.1784127321861888
8589,8662.186065276712,8588.146365151346,0.3536348486541101
8590,8663.16087484403,8589.26789859308,0.2321014069202647
8591,8664.068204986472,8590.31181160247,0.18818839752930216
8592,8664.933277766944,8591.307120217236,0.19287978276406648
8593,8666.008296742531,8592.544001368982,-0.04400136898220808
8594,8667.232034709075,8593.952019487031,-0.4520194870310661
8595,8668.106266273993,8594.957916602376,-0.45791660237591714
8596,8668.375532887168,8595.26773952755,0.23226047245043446
8597,8669.317504225812,8596.35159887572,0.1484011242791894
8598,8670.233446195978,8597.405523703601,0.09447629639907973
8599,8671.639127701577,8599.022995248359,-0.5229952483587113
8600,8671.820091555088,8599.231227046595,0.2687729534045502
8601,8672.77680695155,8600.33211195245,0.16788804755015008
8602,8673.524006099668,8601.191919836054,0.3080801639462152
8603,8674.349201864055,8602.14149093844,0.3585090615597437
8604,8675.596120099392,8603.57637116176,-0.0763711617601075
8605,8676.924281050593,8605.104772099,-0.6047720989990921
8606,8677.51936782775,8605.78958754129,-0.28958754129052977
8607,8677.98774653028,8606.328594118055,0.17140588194524753
8608,8679.291278167586,8607.828709392019,-0.32870939201893634
8609,8679.74865745212,8608.355072740096,0.14492725990385225
8610,8680.584051407364,8609.31647458479,0.18352541521016974
8611,8681.161852779129,8609.981436971235,0.5185630287651293
8612,8682.385865916402,8611.390112023722,0.10988797627760505
8613,8683.50122395803,8612.673763540191,-0.17376354019143037
8614,8684.34513814124,8613.645028893026,-0.14502889302639232
8615,8685.162576754763,8614.585835815229,-0.0858358152290748
8616,8685.791259887646,8615.309408500534,0.1905914994658815
8617,8687.189699001747,8616.918945355805,-0.41894535580468073
8618,8687.777364110732,8617.595330615592,-0.0953306155915925
8619,8688.479057296972,8618.402967126292,0.09703287370757607
8620,8689.55133512989,8619.637157466528,-0.13715746652815142
8621,8690.364817869786,8620.573489052122,-0.07348905212165846
8622,8690.662797621833,8620.916471523842,0.5835284761578805
8623,8691.92622685276,8622.370729606426,0.12927039357418835
8624,8692.523178293997,8623.05785499766,0.4421450023401121
8625,8694.228413294897,8625.020714351489,-0.5207143514890049
8626,8694.902289443238,8625.796413374974,-0.2964133749737812
8627,8695.905093298257,8626.950756562075,-0.4507565620751848
8628,8696.258314852636,8627.357359795978,0.142640204021518
8629,8697.336511435271,8628.59851623223,-0.09851623223039496
8630,8697.610485681203,8628.913902645918,0.5860973540820851
8631,8699.091219709502,8630.618478584911,-0.11847858491091756
8632,8699.93642645779,8631.591472849057,-0.0914728490570269
8633,8700.59752199626,8632.352529084075,0.14747091592471406
8634,8701.161157565171,8633.001395266008,0.4986047339916695
8635,8702.804254878281,8634.89298804116,-0.3929880411596969
8636,8703.417101021723,8635.598531225105,-0.09853122510503454
8637,8704.079332236732,8636.360937020467,0.1390629795332643
8638,8705.318810428646,8637.787930502793,-0.287930502792733
8639,8706.154650750803,8638.750237346216,-0.2502373462157266
8640,8707.005236581808,8639.729533873833,-0.22953387383313384
8641,8707.597537700995,8640.411469843151,0.08853015684871934
8642,8708.113872195472,8641.005948143305,0.4940518566945684
8643,8709.159693738642,8642.210062779082,0.2899372209176363
8644,8709.949365152497,8643.119270247493,0.38072975250724994
8645,8711.450294477421,8644.847433293116,-0.3474332931164099
8646,8712.275399475056,8645.797472882974,-0.2974728829740343
8647,8712.986720708,8646.616509939982,-0.11650993998227932
8648,8714.030953900323,8647.818888767724,-0.31888876772427466
8649,8714.366502800902,8648.205259658685,0.29474034131453664
8650,8715.58577995079,8649.609224942522,-0.10922494252190518
8651,8716.35642696799,8650.496618535337,0.003381464663107181
8652,8717.003515227569,8651.241743628081,0.2582563719188329
8653,8718.139853934954,8652.55026135113,-0.05026135113075725
8654,8719.090250677114,8653.644681125517,-0.14468112551730883
8655,8719.382554052763,8653.981283442365,0.5187165576353436
8656,8720.447893299268,8655.2080893803,0.29191061970050214
8657,8721.974942171499,8656.966619458395,-0.46661945839514374
8658,8722.755721398911,8657.865771336525,-0.3657713365246309
8659,8723.599098642273,8658.837024108945,-0.3370241089451156
8660,8724.108198074106,8659.42332109027,0.0766789097306173
8661,8724.859676038095,8660.28875843564,0.21124156436053454
8662,8725.956761584506,8661.552232214648,-0.052232214648029185
8663,8726.536842209522,8662.220298980998,0.27970101900245936
8664,8727.253773684011,8663.04598249802,0.4540175019792514
8665,8728.498800855315,8664.479891341694,0.0201086583056167
8666,8729.628006989606,8665.780432511743,-0.280432511743129
8667,8730.322892932982,8666.580765416553,-0.08076541655282199
8668,8731.474828184222,8667.907522950292,-0.4075229502923321
8669,8731.879802245323,8668.373963234659,0.12603676534126862
8670,8732.623377538743,8669.230404810973,0.2695951890273136
8671,8734.08139817294,8670.909765665656,-0.40976566565586836
8672,8734.675973837624,8671.594614210271,-0.09461421027117467
8673,8735.41458654017,8672.445377533528,0.05462246647221036
8674,8736.080091411663,8673.211940878135,0.28805912186544447
8675,8736.767658872635,8674.003925542509,0.4960744574909768
8676,8737.88659970119,8675.292812358306,0.2071876416939631
8677,8739.389508169816,8677.024020135113,-0.5240201351134601
8678,8739.714814518675,8677.398747559924,0.10125244007576839
8679,8741.112495669393,8679.00878865785,-0.5087886578494363
8680,8741.683325895483,8679.666359536557,-0.1663595365571382
8681,8742.525510714968,8680.636529598018,-0.13652959801765974
8682,8742.997118093943,8681.17981190262,0.3201880973792868
8683,8743.749048929467,8682.046029617964,0.45397038203554985
8684,8745.053827139449,8683.54914707349,-0.0491470734905306
8685,8745.977161412507,8684.61285604664,-0.11285604664044513
8686,8746.4435324959,8685.150135519261,0.34986448073868814
8687,8747.807308511758,8686.72128663663,-0.22128663662988401
8688,8748.384570855764,8687.38633739828,0.11366260171962494
8689,8749.516423498662,8688.690336572256,-0.19033657225554634
8690,8750.33008664551,8689.627766346375,-0.12776634637521056
8691,8751.346430863812,8690.798724005312,-0.2987240053116693
8692,8751.999141009404,8691.550738921624,-0.05073892162363336
8693,8752.672763590088,8692.326856060992,0.17314393900778668
8694,8753.775489788957,8693.59738457952,-0.09738457951971213
8695,8754.258907091735,8694.154370671638,0.34562932836161053
8696,8755.009176121686,8695.018827694517,0.4811723054826871
8697,8756.043831127348,8696.210969905007,0.28903009499299515
8698,8757.903052120733,8698.353236074818,-0.853236074817687
8699,8758.330109659324,8698.845317121686,-0.34531712168609374
8700,8758.806686423186,8699.394461072314,0.10553892768621154
8701,8759.591981369533,8700.299339976566,0.20066002343446598
8702,8760.797760691636,8701.688756022184,-0.18875602218395215
8703,8761.335651596279,8702.308574684426,0.19142531557372422
8704,8762.328890282304,8703.453110310627,0.046889689372619614
8705,8763.396469367102,8704.683330356478,-0.18333035647810902
8706,8763.655686196538,8704.982040848832,0.5179591511678154
8707,8765.005865643436,8706.537950172858,-0.0379501728584728
8708,8765.741131577497,8707.385264151624,0.11473584837585804
8709,8766.709274467541,8708.50095845211,-0.0009584521103533916
8710,8767.797892850296,8709.755509835131,-0.2555098351313063
8711,8768.800400513366,8710.91084407181,-0.410844071810061
8712,8769.371308012005,8711.56879131344,-0.06879131344066991
8713,8770.321068743482,8712.663364317272,-0.16336431727177114
8714,8771.029690955946,8713.480042502884,0.01995749711568351
8715,8771.396367344527,8713.902636005361,0.5973639946387266
8716,8772.41378899858,8715.075224364342,0.4247756356580794
8717,8773.892563781475,8716.779560179248,-0.27956017924771004
8718,8774.336921665974,8717.291704778894,0.2082952211058
8719,8775.643665408927,8718.797812796345,-0.2978127963451698
8720,8776.412826980883,8719.684336521532,-0.18433652153180446
8721,8777.32547764099,8720.736257466486,-0.2362574664857675
8722,8778.016754195503,8721.533032719628,-0.033032719627954066
8723,8778.547501528248,8722.14478557342,0.3552144265795505
8724,8779.87415238875,8723.673939381435,-0.17393938143504784
8725,8780.75104862925,8724.684704534491,-0.18470453449117485
8726,8781.399843069607,8725.432554334802,0.06744566519773798
8727,8781.999405250277,8726.123662072094,0.37633792790620646
8728,8782.7635328465,8727.00447172332,0.4955282766804885
8729,8784.098180392602,8728.542944929271,-0.042944929271470755
8730,8785.349005620332,8729.984823877525,-0.4848238775248319
8731,8786.001416919757,8730.73689712167,-0.23689712166924437
8732,8786.925723642418,8731.802413564674,-0.30241356467377045
8733,8787.516533268485,8732.48349144612,0.01650855387924821
8734,8788.234123962118,8733.310729444749,0.18927055525091419
8735,8789.166704652082,8734.385821680264,0.1141783197363111
8736,8790.055912968552,8735.410928296078,0.0890717039219453
8737,8790.605373030885,8736.04436986226,0.4556301377397176
8738,8791.865750060682,8737.49740821806,0.0025917819402820896
8739,8792.938115377126,8738.733718018457,-0.2337180184567842
8740,8793.748087605065,8739.667533561535,-0.167533561534583
8741,8794.528210802313,8740.566947435575,-0.06694743557454785
8742,8795.102194578154,8741.228707603457,0.27129239654277626
8743,8796.60534861524,8742.961759519314,-0.4617595193140005
8744,8797.281339330115,8743.74115205419,-0.2411520541900245
8745,8797.933469184169,8744.493041725025,0.006958274974749656
8746,8798.459711536963,8745.099791814308,0.4002081856924633
8747,8799.627566551528,8746.446330242883,0.05366975711694977
8748,8800.40279079784,8747.34017848112,0.1598215188805625
8749,8800.87533574094,8747.885037081955,0.6149629180454212
8750,8802.633957952015,8749.912817118186,-0.4128171181855578
8751,8803.428243939237,8750.828687221801,-0.3286872218013741
8752,8804.220472211775,8751.742195990617,-0.24219599061689223
8753,8805.171186874197,8752.838468461841,-0.3384684618413303
8754,8805.599435361213,8753.332288658188,0.1677113418118097
8755,8806.272540598553,8754.108463798453,0.39153620154684177
8756,8807.488748833905,8755.51092588215,-0.010925882150331745
8757,8808.22331383788,8756.357997364557,0.1420026354426227
8758,8809.413500175126,8757.730494151152,-0.23049415115201555
8759,8809.849477655009,8758.233260225645,0.26673977435530105
8760,8810.602647387454,8759.1018182001,0.3981817998992483
8761,8812.167774579548,8760.906761133028,-0.4067611330283398
8762,8812.725714811277,8761.55020214282,-0.05020214282012603
8763,8813.832162750617,8762.826222792828,-0.3262227928280481
8764,8814.311277665616,8763.378773068913,0.1212269310872216
8765,8815.594893298596,8764.859152696377,-0.35915269637735037
8766,8816.333686040043,8765.711207632701,-0.21120763270118914
8767,8816.597902423999,8766.015932664262,0.48406733573756355
8768,8817.604528338501,8767.176902168318,0.32309783168238937
8769,8818.26704219553,8767.941007700592,0.5589922994076915
8770,8819.823257463868,8769.735888405017,-0.23588840501724917
8771,8820.831983668506,8770.89933896813,-0.3993389681309054
8772,8821.428062324363,8771.586856304331,-0.08685630433137703
8773,8822.438231460546,8772.752000386548,-0.25200038654838863
8774,8822.98243919598,8773.379705299929,0.12029470007109921
8775,8823.926324358186,8774.468422364349,0.031577635651046876
8776,8824.82159660002,8775.501082079696,-0.0010820796960615553
8777,8825.747064035055,8776.568585903426,-0.0685859034256282
8778,8826.471286823935,8777.40396977183,0.09603022816918383
8779,8827.19634436745,8778.24032599538,0.25967400461922807
8780,8828.126900136682,8779.31373897634,0.18626102366033592
8781,8829.200853015416,8780.552582532493,-0.052582532493033796
8782,8829.757344107913,8781.19452334788,0.3054766521199781
8783,8831.476274008275,8783.17743177582,-0.6774317758208781
8784,8832.0959034411,8783.89223164577,-0.3922316457701527
8785,8832.66773353436,8784.55189669448,-0.051896694480092265
8786,8833.353272701484,8785.342744665195,0.15725533480508602
8787,8834.227333953715,8786.351086740355,0.14891325964526914
8788,8834.898748526264,8787.12565915345,0.37434084655069455
8789,8836.17494085791,8788.597951303898,-0.09795130389829865
8790,8836.623445374284,8789.115380027772,0.3846199722283927
8791,8837.776447826209,8790.445587469323,0.05441253067692742
8792,8839.10387863609,8791.977060816836,-0.47706081683645607
8793,8839.78645248893,8792.764567067297,-0.26456706729732105
8794,8840.183848849723,8793.223059220056,0.27694077994419786
8795,8841.40193008941,8794.62842621384,-0.12842621383970254
8796,8842.186429293526,8795.533560022835,-0.033560022835445125
8797,8843.085298044887,8796.570663917293,-0.07066391729313182
8798,8844.20989606689,8797.868231991719,-0.3682319917188579
8799,8844.421280321556,8798.1121309784,0.3878690216006362
8800,8845.399046170998,8799.24030540933,0.2596945906698238
8801,8845.929067541601,8799.851866539622,0.6481334603777213
8802,8847.529970809928,8801.69908729643,-0.1990872964306618
8803,8848.664758577926,8803.008503213454,-0.5085032134538778
8804,8849.293012163467,8803.733446301536,-0.23344630153587786
8805,8849.940859439543,8804.481006023192,0.01899397680790571
8806,8850.968666279154,8805.667021702933,-0.16702170293319796
8807,8851.906343481167,8806.749050788621,-0.24905078862138907
8808,8852.149291308355,8807.029402100015,0.47059789998456836
8809,8853.023070043142,8808.037713835278,0.46228616472217254
8810,8854.558251386008,8809.809295527086,-0.30929552708585106
8811,8854.95555121707,8810.267781883458,0.2322181165418442
8812,8856.079945291824,8811.565354675993,-0.0653546759931487
8813,8856.73452378416,8812.320761545065,0.17923845493533008
8814,8857.96306480515,8813.738562379098,-0.23856237909785705
8815,8858.680999708133,8814.567109501688,-0.06710950168780982
8816,8859.693494672752,8815.735615288633,-0.23561528863319836
8817,8860.6754963889,8816.868946850873,-0.36894685087281687
8818,8861.04669526819,8817.297353267035,0.20264673296514957
8819,8861.974859877244,8818.368573349459,0.13142665054147074
8820,8862.808651073865,8819.330887695516,0.1691123044838605
8821,8863.498357024211,8820.126916485238,0.37308351476167445
8822,8864.37800396814,8821.142179351984,0.35782064801605884
8823,8865.753819372403,8822.73013325228,-0.2301332522802113
8824,8866.791201368256,8823.92749279375,-0.42749279374947946
8825,8867.75378713926,8825.038538855497,-0.5385388554968813
8826,8868.092270036921,8825.429230164202,0.07076983579827356
8827,8868.75096701519,8826.189532032608,0.3104679673924693
8828,8869.691904788888,8827.27562422205,0.2243757779506268
8829,8871.07818095441,8828.875784182137,-0.37578418213706755
8830,8871.6899208856,8829.581918333588,-0.0819183335879643
8831,8872.005432888387,8829.946117880405,0.5538821195950732
8832,8873.297980868781,8831.438141215276,0.0618587847238814
8833,8874.050059551382,8832.306299911483,0.19370008851728926
8834,8875.172814314832,8833.602365775838,-0.10236577583782491
8835,8876.122838582176,8834.699055709545,-0.19905570954506402
8836,8876.890060628384,8835.5847340502,-0.0847340502004954
8837,8878.289574606815,8837.20035508181,-0.7003550818099029
8838,8878.480878109604,8837.421201593514,0.07879840648638492
8839,8879.175609722504,8838.223226159118,0.27677384088201507
8840,8880.343782096936,8839.571828228294,-0.07182822829418001
8841,8880.621668525397,8839.892639118245,0.6073608817550848
8842,8881.726078190097,8841.167658019536,0.3323419804637524
8843,8883.028741255179,8842.671584605992,-0.17158460599239334
8844,8884.16574960495,8843.984287409416,-0.48428740941562864
8845,8884.446684814879,8844.308637265627,0.19136273437288764
8846,8885.602305364964,8845.642857837656,-0.14285783765626547
8847,8886.584181468497,8846.776500725542,-0.2765007255420642
8848,8887.058666340989,8847.324332040604,0.17566795939637814
8849,8888.146956750707,8848.580866920187,-0.0808669201869634
8850,8888.831196779793,8849.370898030045,0.1291019699547178
8851,8889.952996222662,8850.666158219039,-0.1661582190390618
8852,8890.537948368927,8851.34156883528,0.1584311647202412
8853,8891.306737048071,8852.229254243259,0.2707457567412348
8854,8891.87437935685,8852.884691853033,0.6153081469674362
8855,8893.684840402359,8854.975209266968,-0.475209266967795
8856,8894.604473093548,8856.037120448611,-0.5371204486109491
8857,8895.038202753998,8856.537958674942,-0.03795867494227423
8858,8896.103336814678,8857.767909257203,-0.26790925720342784
8859,8896.531323011317,8858.262126820944,0.2378731790558959
8860,8897.67349406504,8859.581066229073,-0.081066229073258
8861,8898.051507139095,8860.017587719294,0.4824122807058302
8862,8899.302724466765,8861.462485214339,0.03751478566118749
8863,8900.12694677048,8862.414306976281,0.08569302371870435
8864,8900.854875977542,8863.254938422222,0.24506157777796034
8865,8902.243765061543,8864.85888968674,-0.3588896867404401
8866,8903.054487161953,8865.79516378776,-0.29516378775952035
8867,8903.453422784503,8866.255884653976,0.24411534602404572
8868,8904.497639306031,8867.4618379112,0.038162088800163474
8869,8905.780057620079,8868.942914253765,-0.44291425376468396
8870,8906.334722625175,8869.58351091772,-0.08351091772055952
8871,8907.29643917988,8870.694234756736,-0.19423475673647772
8872,8907.620487927708,8871.068494976525,0.43150502347452857
8873,8908.365865371996,8871.92937604947,0.5706239505307167
8874,8909.714669787565,8873.487216320158,0.012783679841959383
8875,8910.428989513737,8874.312253499038,0.18774650096202095
8876,8911.756517260452,8875.84556834215,-0.3455683421507274
8877,8912.717343387963,8876.955356842474,-0.45535684247442987
8878,8913.324972960743,8877.6571992144,-0.15719921439995233
8879,8914.111116780208,8878.565244200476,-0.06524420047571766
8880,8914.741188912258,8879.293024650493,0.2069753495070472
8881,8915.623803671877,8880.312522646633,0.1874773533672851
8882,8916.514178386547,8881.340998166384,0.1590018336155481
8883,8917.678078159368,8882.685444951945,-0.1854449519451009
8884,8918.3021686439,8883.406355854424,0.09364414557603595
8885,8918.917303083199,8884.116928086736,0.3830719132638478
8886,8920.276287088844,8885.686781700515,-0.18678170051498455
8887,8920.80742492218,8886.300343607725,0.19965639227484644
8888,8922.34832923668,8888.080400040591,-0.5804000405914849
8889,8922.962986121951,8888.790464995114,-0.2904649951142346
8890,8923.430369163905,8889.330400524403,0.16959947559735156
8891,8924.452124840513,8890.510778253616,-0.010778253616081201
8892,8925.46953440759,8891.686153662626,-0.18615366262565658
8893,8925.913861820396,8892.199474377414,0.30052562258606486
8894,8926.590671425492,8892.981382911672,0.5186170883280283
8895,8927.543910280876,8894.082660088507,0.4173399114934
8896,8929.299323788684,8896.110732298295,-0.610732298295261
8897,8929.808678924304,8896.699213039934,-0.19921303993396577
8898,8930.62218435503,8897.639101794215,-0.13910179421509383
8899,8931.360853742508,8898.49253845898,0.0074615410194383
8900,8932.15153217433,8899.406075602437,0.09392439756265958
8901,8933.161556855912,8900.573058078411,-0.07305807841112255
8902,8934.02358973578,8901.569065208458,-0.06906520845768682
8903,8934.749925304202,8902.408295683648,0.09170431635175191
8904,8935.684604088347,8903.488266151286,0.01173384871435701
8905,8936.2537650703,8904.14590831347,0.3540916865295003
8906,8937.198156762437,8905.23712689423,0.262873105770268
8907,8938.346035492337,8906.563490525234,-0.06349052523364662
8908,8939.308181977256,8907.675260278711,-0.1752602787109936
8909,8940.290249827749,8908.810066363574,-0.3100663635741512
8910,8941.181572192281,8909.84002843666,-0.34002843665984983
8911,8942.047712429572,8910.84090500542,-0.3409050054196996
8912,8942.474071166498,8911.33359279315,0.1664072068506357
8913,8942.9017971835,8911.82786382094,0.6721361790605442
8914,8944.315501548008,8913.461533481455,0.03846651854473748
8915,8945.056384872774,8914.317708731614,0.1822912683855975
8916,8946.156952171697,8915.589557899426,-0.08955789942592673
8917,8946.789546432175,8916.320612890846,0.17938710915404954
8918,8948.09486613715,8917.829122812738,-0.32912281273820554
8919,8948.871203070621,8918.726321194797,-0.22632119479749235
8920,8949.659174962517,8919.636976846432,-0.13697684643193497
8921,8950.08543840025,8920.12961222987,0.3703877701300371
8922,8951.679585354741,8921.972006705053,-0.4720067050529906
8923,8952.132146366203,8922.495050726715,0.004949273285092204
8924,8952.910570342161,8923.394716962772,0.10528303722821875
8925,8953.663140523775,8924.264512826587,0.23548717341327574
8926,8954.570266105708,8925.312952119571,0.1870478804285085
8927,8955.021105983404,8925.834030113114,0.6659698868861597
8928,8956.90408611121,8928.01040616236,-0.5104061623605958
8929,8957.719764459243,8928.953198718145,-0.4531987181453587
8930,8958.32961299507,8929.65809294601,-0.15809294601058355
8931,8959.083915903635,8930.529964090045,-0.02996409004481393
8932,8959.872529807255,8931.441504866063,0.058495133936958155
8933,8960.757465936536,8932.464395453264,0.03560454673606728
8934,8961.51427756727,8933.339198992557,0.16080100744329684
8935,8962.376098409864,8934.335395757353,0.16460424264732865
8936,8963.12259527416,8935.198297780185,0.3017022198146151
8937,8964.501768867309,8936.792559149346,-0.29255914934583416
8938,8965.04232264706,8937.417423719184,0.08257628081628354
8939,8965.909132690284,8938.41944194271,0.08055805729054555
8940,8966.831852556912,8939.48610566266,0.013894337340389029
8941,8968.083142598416,8940.93262048755,-0.4326204875505937
8942,8968.730830804889,8941.681371151386,-0.18137115138597437
8943,8969.576813396186,8942.659368407156,-0.15936840715585276
8944,8970.156460463086,8943.329476100733,0.17052389926720934
8945,8971.008144511876,8944.314086106973,0.18591389302673633
8946,8971.900341569515,8945.345545961416,0.15445403858393547
8947,8972.398475358716,8945.921439461643,0.5785605383571237
8948,8973.827888982763,8947.574011934039,-0.07401193403893558
8949,8974.779544770536,8948.674259514319,-0.1742595143186918
8950,8976.046813314546,8950.139424644974,-0.6394246449744969
8951,8976.339748017885,8950.478108067626,0.021891932374273892
8952,8977.2677544702,8951.55105483801,-0.05105483800980437
8953,8978.139157900685,8952.558571965554,-0.05857196555371047
8954,8978.484856067782,8952.958272106634,0.5417278933655325
8955,8980.105035039647,8954.831569635413,-0.33156963541296136
8956,8980.789975095,8955.623531020146,-0.12353102014640172
8957,8981.364598450196,8956.28794522288,0.2120547771191923
8958,8981.893809432897,8956.89985607567,0.600143924330041
8959,8983.298016881798,8958.523523260656,-0.023523260655565537
8960,8984.458470334755,8959.865367169592,-0.3653671695919911
8961,8984.976927663607,8960.464872263037,0.03512773696274962
8962,8986.278143617255,8961.969521576766,-0.46952157676605566
8963,8986.765638638719,8962.533239763221,-0.033239763220990426
8964,8987.708763258457,8963.62384028449,-0.12384028449014295
8965,8988.513243868865,8964.554129553577,-0.05412955357678584
8966,8988.936179401067,8965.043210433063,0.45678956693700457
8967,8989.737246620047,8965.969569892832,0.5304301071682858
8968,8991.143647230732,8967.595968394,-0.09596839400001045
8969,8991.847222467362,8968.409614364315,0.09038563568537938
8970,8993.20652274789,8969.981595010488,-0.481595010487581
8971,8993.843872416928,8970.718677659297,-0.21867765929710004
8972,8994.28529682888,8971.229180725415,0.2708192745849374
8973,8995.438088516588,8972.562389430288,-0.062389430288021686
8974,8996.52006032405,8973.813716019518,-0.3137160195183242
8975,8997.025737752292,8974.39855130898,0.10144869102077791
8976,8997.967571698086,8975.487830353446,0.012169646553957136
8977,8998.648899442067,8976.275830455797,0.22416954420259572
8978,8999.718728031805,8977.513173765627,-0.013173765626561362
8979,9000.243406943078,8978.120014768987,0.3799852310130518
8980,9001.129405308298,8979.14476709552,0.3552329044796352
8981,9002.623776992958,8980.873199994638,-0.37319999463761633
8982,9003.873677515272,8982.318900896731,-0.8189008967310656
8983,9004.052178244037,8982.525366512766,-0.02536651276568591
8984,9004.805111170263,8983.39626417165,0.10373582835018169
8985,9005.606797077064,8984.323564131377,0.1764358686232299
8986,9006.56563058918,8985.432649656947,0.06735034305347654
8987,9007.260756057402,8986.236713475828,0.2632865241721447
8988,9008.304703037777,8987.444281294178,0.05571870582207339
8989,9009.07007528533,8988.329624787073,0.170375212926956
8990,9010.08896286338,8989.508237913456,-0.00823791345646896
8991,9011.033504193105,8990.600866307785,-0.10086630778459948
8992,9012.04228401698,8991.767822036303,-0.2678220363031869
8993,9012.644453437731,8992.46441972748,0.0355802725207468
8994,9013.551021066802,8993.513161439914,-0.013161439914256334
8995,9014.56522967923,8994.686442323413,-0.18644232341284805
8996,9015.596687046413,8995.879695947347,-0.3796959473474999
8997,9015.977933055114,8996.320749644332,0.1792503556680458
8998,9016.814019972604,8997.288006067613,0.21199393238748598
8999,9017.345160193772,8997.902480637591,0.5975193624090025
9000,9018.42447561036,8999.15115282858,0.3488471714208572
9001,9020.072493601838,9001.057803108944,-0.5578031089444266
9002,9020.646017117477,9001.72134398218,-0.22134398218076967
9003,9021.257036937264,9002.42827277526,0.0717272247402434
9004,9022.745934352795,9004.150903155005,-0.6509031550049258
9005,9022.965488033278,9004.404926542966,0.09507345703423198
9006,9023.565193774031,9005.098789816175,0.401210183825242
9007,9024.66724599258,9006.373887628404,0.12611237159580924
9008,9025.628559533674,9007.486165293602,0.013834706398483831
9009,9026.521713970003,9008.51959479112,-0.019594791119743604
9010,9027.231504803192,9009.340872403389,0.1591275966111425
9011,9028.106836457531,9010.353704549114,0.1462954508861003
9012,9028.987081386136,9011.372235386529,0.12776461347129953
9013,9030.147631956572,9012.715128574975,-0.21512857497509685
9014,9031.032976776787,9013.739592380214,-0.2395923802141624
9015,9032.149738849155,9015.0318569743,-0.5318569742994441
9016,9032.444258621346,9015.372665077535,0.12733492246479727
9017,9033.515720830412,9016.612537015648,-0.11253701564783114
9018,9033.854034846005,9017.004030576983,0.49596942301650415
9019,9035.168949367602,9018.525655527028,-0.02565552702799323
9020,9035.749059047585,9019.196970719058,0.30302928094170056
9021,9036.429306613503,9019.984175141451,0.5158248585485126
9022,9038.30221047274,9022.151601999776,-0.6516019997761759
9023,9038.744798376165,9022.663797969812,-0.16379796981163963
9024,9039.773178757525,9023.853930319066,-0.35393031906642136
9025,9040.140208823976,9024.27869434584,0.2213056541604601
9026,9040.975491231651,9025.245375814202,0.2546241857980931
9027,9042.313865996188,9026.794317176598,-0.2943171765982697
9028,9043.01942131907,9027.610890260768,-0.11089026076842856
9029,9043.610772971062,9028.295296696884,0.20470330311582075
9030,9044.61807114782,9029.461116953016,0.038883046983755776
9031,9045.10859088237,9030.028837978703,0.47116202129654994
9032,9046.31502970164,9031.425172255362,0.07482774463824171
9033,9047.178898921222,9032.425031645897,0.07496835410347558
9034,9048.588554505272,9034.05662320265,-0.5566232026503712
9035,9049.087937802136,9034.634637718462,-0.1346377184618177
9036,9049.992714867449,9035.68188911794,-0.18188911793913576
9037,9050.882205632552,9036.711461132554,-0.2114611325541773
9038,9051.428509000663,9037.34380585806,0.15619414194043202
9039,9052.224339386075,9038.264986846516,0.23501315348403296
9040,9052.755417231305,9038.879720530367,0.6202794696328056
9041,9054.40010678206,9040.783514447598,-0.28351444759755395
9042,9054.931264072118,9041.398360406743,0.10163959325655014
9043,9055.9052405861,9042.525808675093,-0.025808675092775957
9044,9056.785351956469,9043.544615589182,-0.044615589182285476
9045,9057.93028844432,9044.870001419553,-0.3700014195528638
9046,9058.352731342004,9045.359029847774,0.14097015222614573
9047,9059.695201794211,9046.91312156403,-0.413121564030007
9048,9059.901550740711,9047.152001277682,0.34799872231815243
9049,9061.261010259072,9048.72579733486,-0.22579733486054465
9050,9062.010375428285,9049.593323583444,-0.09332358344363456
9051,9062.55664082289,9050.225731180471,0.27426881952851545
9052,9063.065987666105,9050.815403152028,0.6845968479719886
9053,9064.398647013108,9052.358247390866,0.14175260913361853
9054,9065.6764450113,9053.837606921104,-0.33760692110445234
9055,9066.715937218882,9055.041091137182,-0.5410911371818656
9056,9067.344319123522,9055.768616808396,-0.26861680839647306
9057,9067.890693026053,9056.40120119217,0.09879880783046247
9058,9068.707565890809,9057.346975422694,0.1530245773064962
9059,9069.651864013753,9058.440297027577,0.05970297242311062
9060,9070.419820652423,9059.329459527224,0.170540472776338
9061,9071.485275093297,9060.563090760044,-0.06309076004436065
9062,9072.068890118191,9061.238835015662,0.26116498433839297
9063,9072.950481989126,9062.259605951582,0.24039404841823853
9064,9074.381551780916,9063.916631258951,-0.41663125895138364
9065,9074.869755813135,9064.481927375637,0.018072624363412615
9066,9075.53980039092,9065.257785204012,0.24221479598782025
9067,9076.905342562264,9066.838997782168,-0.3389977821680077
9068,9077.941193163162,9068.038469913816,-0.5384699138157885
9069,9078.388813148846,9068.55680115546,-0.05680115546056186
9070,9078.88506880999,9069.131455235023,0.3685447649768321
9071,9079.958594688502,9070.374591392312,0.12540860768785933
9072,9080.600278836757,9071.117667211498,0.38233278850202623
9073,9081.525029640732,9072.188549371824,0.31145062817631697
9074,9082.687459166014,9073.53469007881,-0.03469007880994468
9075,9083.817684467947,9074.84355968711,-0.34355968710951856
9076,9084.719189339048,9075.887573177864,-0.3875731778643967
9077,9085.261991006197,9076.516187034938,-0.01618703493841167
9078,9086.216791442004,9077.62194558222,-0.12194558221926854
9079,9086.854064628998,9078.359983324244,0.14001667575575993
9080,9087.619989058994,9079.24702383746,0.2529761625391984
9081,9088.908988499885,9080.739876716723,-0.2398767167233018
9082,9089.425998602172,9081.338659410829,0.16134058917123184
9083,9090.498988662222,9082.58137323437,-0.08137323437040322
9084,9090.953967030522,9083.10832540173,0.3916745982696739
9085,9091.778385807693,9084.063169614954,0.43683038504605065
9086,9093.55454059272,9086.120357653816,-0.6203576538155176
9087,9094.08065373882,9086.729725997073,-0.22972599707281915
9088,9094.81793616185,9087.58368841983,-0.08368841983065067
9089,9095.70728336486,9088.61379357453,-0.11379357453006378
9090,9096.611589238442,9089.661239115718,-0.16123911571776262
9091,9097.164150723314,9090.30127082279,0.19872917720931582
9092,9098.092115417232,9091.3761439075,0.12385609249940899
9093,9098.53204216706,9091.885721815075,0.6142781849248422
9094,9099.83663563567,9093.39688422304,0.10311577695938468
9095,9101.042374240877,9094.79356558741,-0.2935655874098302
9096,9101.885250829857,9095.769936605024,-0.2699366050237586
9097,9102.497480971078,9096.479139279334,0.020860720665950794
9098,9103.493787094456,9097.63326661982,-0.13326661981955112
9099,9104.193256141503,9098.443546374669,0.056453625331414514
9100,9105.074920829637,9099.46489760279,0.03510239721072139
9101,9106.47416154683,9101.08585490846,-0.5858549084605329
9102,9106.705267547535,9101.353584086775,0.1464159132247005
9103,9107.191202663578,9101.916527985197,0.583472014803192
9104,9108.61364318407,9103.564414114711,-0.06441411471132596
9105,9109.023970775528,9104.039781965104,0.4602180348956608
9106,9110.230386514642,9105.43744144519,0.06255855480958417
9107,9111.37508487864,9106.763623481404,-0.26362348140355607
9108,9112.381582610456,9107.92971308206,-0.4297130820596067
9109,9113.302297846683,9108.99643387507,-0.49643387507057923
9110,9113.658797282164,9109.409470399638,0.09052960036206059
9111,9114.444853438545,9110.320194698928,0.1798053010716103
9112,9115.04293063619,9111.013133891223,0.4868661087766668
9113,9116.424405314448,9112.613750383733,-0.11375038373262214
9114,9117.137058329912,9113.439463793433,0.06053620656712155
9115,9117.860968025156,9114.278228800424,0.22177119957632385
9116,9118.810944247423,9115.378941865172,0.12105813482776284
9117,9120.116281592987,9116.891428432777,-0.39142843277659267
9118,9120.569264316977,9117.416303753149,0.08369624685110466
9119,9121.584902244998,9118.593145936513,-0.09314593651288305
9120,9122.504965210948,9119.65925882984,-0.15925882984083728
9121,9123.3938549389,9120.689264101344,-0.18926410134372418
9122,9124.08487439227,9121.489995757833,0.010004242167269695
9123,9125.059677152574,9122.619580767056,-0.11958076705559506
9124,9125.604247738102,9123.25062719905,0.2493728009503684
9125,9126.235472796692,9123.98209499421,0.5179050057904533
9126,9127.121392691024,9125.00871657828,0.4912834217193449
9127,9128.945962237458,9127.123107155006,-0.6231071550064371
9128,9129.473000953558,9127.733873354797,-0.2338733547967422
9129,9130.446701653587,9128.862272789282,-0.36227278928163287
9130,9130.768159170791,9129.23480617034,0.26519382966034755
9131,9131.957373712514,9130.612988739664,-0.11298873966370593
9132,9132.87702227629,9131.67878778131,-0.1787877813094383
9133,9133.253132722164,9132.11467391634,0.3853260836604022
9134,9134.29913695012,9133.32693382492,0.1730661750807485
9135,9135.427457334488,9134.634614889628,-0.13461488962821022
9136,9136.139601993793,9135.459975293988,0.04002470601153618
9137,9136.679196436497,9136.085359576897,0.41464042310326477
9138,9138.10591077916,9137.738930924912,-0.2389309249119833
9139,9138.60038278962,9138.31203552446,0.18796447554086626
9140,9140.231969818216,9140.20311317165,-0.7031131716503296
9141,9140.578259697128,9140.604483596737,-0.10448359673682717
9142,9141.357179362336,9141.50730512988,-0.007305129880478489
9143,9142.266523219929,9142.561310648089,-0.06131064808869269
9144,9142.836907708735,9143.222441280188,0.27755871981207747
9145,9143.596977939633,9144.10344478279,0.3965552172103344
9146,9144.619980820204,9145.289231504155,0.21076849584460433
9147,9145.63852232216,9146.469865031688,0.03013496831226803
9148,9146.526358405506,9147.499007236687,0.0009927633127517765
9149,9147.80889496309,9148.985693829984,-0.4856938299835747
9150,9148.55504714164,9149.85062927566,-0.3506292756592302
9151,9149.117996849554,9150.503203849084,-0.0032038490844570333
9152,9149.55812385304,9151.013405469595,0.48659453040454537
9153,9151.02645517349,9152.715540852629,-0.21554085262869194
9154,9151.81767210036,9153.63275969578,-0.132759695779896
9155,9152.6490185669,9154.596510468407,-0.09651046840735944
9156,9153.267808749675,9155.313860005344,0.18613999465560482
9157,9153.74020009562,9155.861497145936,0.6385028540644271
9158,9155.111134265138,9157.450825258324,0.04917474167632463
9159,9156.088026232414,9158.583358995013,-0.08335899501253152
9160,9157.2008538602,9159.873506337855,-0.37350633785536047
9161,9157.957603481644,9160.750849936405,-0.25084993640484754
9162,9158.83011689725,9161.762417548522,-0.2624175485216256
9163,9159.438824974986,9162.46814447596,0.031855524039201555
9164,9160.35384771106,9163.52902009277,-0.029020092770224437
9165,9160.79613941842,9164.041817470828,0.4581825291716086
9166,9161.926432339946,9165.352305698383,0.14769430161686614
9167,9162.627075284894,9166.16465876881,0.33534123118988646
9168,9164.011258568751,9167.769560535944,-0.26956053594403784
9169,9164.765021488882,9168.643530643134,-0.14353064313399955
9170,9165.448663414389,9169.436205663964,0.06379433603615325
9171,9166.381734370749,9170.51810390046,-0.018103900460118894
9172,9167.382447422928,9171.678450125555,-0.17845012555517314
9173,9168.304925878112,9172.748097215695,-0.24809721569545218
9174,9169.005615313925,9173.560581798249,-0.06058179824867693
9175,9169.689672310456,9174.353788453454,0.14621154654560087
9176,9170.658946113632,9175.477735651652,0.022264348348471685
9177,9171.402013820589,9176.33939060034,0.16060939965973375
9178,9172.21332178222,9177.28018730584,0.21981269416028226
9179,9172.683910450402,9177.825889475447,0.6741105245528161
9180,9174.799448248375,9180.279148508183,-0.7791485081834253
9181,9175.20883588123,9180.753899125872,-0.25389912587161234
9182,9175.927458354556,9181.587264166465,-0.08726416646459256
9183,9176.891017123544,9182.704688577736,-0.2046885777363059
9184,9177.47920889298,9183.386813518351,0.11318648164888145
9185,9178.130377598334,9184.14197969639,0.3580203036108287
9186,9179.285979755696,9185.482159967843,0.01784003215652774
9187,9180.321113395796,9186.68264959341,-0.1826495934092236
9188,9180.739286973818,9187.167628996904,0.33237100309634116
9189,9181.702974296286,9188.285282895162,0.2147171048382006
9190,9182.811173984772,9189.570557537874,-0.07055753787426511
9191,9183.699837538326,9190.60123259147,-0.10123259147076169
9192,9184.767194414182,9191.83917486701,-0.3391748670092056
9193,9185.136000609178,9192.2669284037,0.23307159629985108
9194,9186.578146636386,9193.939599352469,-0.4395993524685764
9195,9187.34508688957,9194.82914855368,-0.32914855367926066
9196,9187.811497032342,9195.370127579889,0.12987242011149647
9197,9188.46482956272,9196.127920172545,0.372079827455309
9198,9189.187313215269,9196.96592893387,0.5340710661293997
9199,9190.366779364116,9198.334011101737,0.1659888982630946
9200,9191.463118656116,9199.605694666565,-0.10569466656488657
9201,9192.438691653935,9200.737314542484,-0.23731454248445516
9202,9193.368911875734,9201.816342627904,-0.3163426279043051
9203,9194.036497583256,9202.590731637987,-0.09073163798711903
9204,9194.998618070029,9203.706789970083,-0.20678997008326405
9205,9195.415993341565,9204.190949646649,0.3090503533512674
9206,9196.5413768225,9205.49642126953,0.0035787304695986677
9207,9197.375793024768,9206.464378074175,0.03562192582467105
9208,9198.428751554567,9207.685870080946,-0.18587008094618795
9209,9198.789347491283,9208.104186363367,0.39581363663273805
9210,9200.006746344035,9209.516470038565,-0.016470038564875722
9211,9200.451077571464,9210.03193751474,0.4680624852608162
9212,9201.837434832796,9211.640268840589,-0.1402688405887602
9213,9203.05094149062,9213.048101187978,-0.5481011879783182
9214,9203.761790100943,9213.872793838147,-0.37279383814711764
9215,9204.44993035458,9214.671149659773,-0.17114965977270913
9216,9204.760708258407,9215.031705802789,0.46829419721143495
9217,9206.165350791596,9216.661355019996,-0.1613550199963356
9218,9206.847375416248,9217.45264401299,0.04735598700972332
9219,9207.189750328564,9217.849872437522,0.6501275624777918
9220,9208.520414152958,9219.393747479407,0.10625252059253398
9221,9209.480933056158,9220.508188588945,-0.00818858894490404
9222,9210.87397897429,9222.124497070266,-0.6244970702664432
9223,9211.22022062268,9222.52623584546,-0.026235845460178098
9224,9211.878326613833,9223.289831655376,0.21016834462352563
9225,9212.942543018013,9224.524650390036,-0.024650390036185854
9226,9213.953457242504,9225.697640302593,-0.19764030259284482
9227,9214.80981538286,9226.69130860508,-0.1913086050808488
9228,9215.383063606698,9227.356479663007,0.14352033699287858
9229,9216.396499883134,9228.532438718545,-0.032438718544653966
9230,9216.88916299864,9229.10411565409,0.39588434590950783
9231,9217.632413626705,9229.966577517604,0.5334224823964178
9232,9219.125065265656,9231.698666909631,-0.19866690963135625
9233,9220.02008339124,9232.73727424095,-0.23727424094977323
9234,9220.852137981725,9233.70282909823,-0.2028290982307226
9235,9222.000798287754,9235.035807592443,-0.5358075924432342
9236,9222.354047560484,9235.445745099698,0.05425490030211222
9237,9223.237859070792,9236.471397090803,0.028602909196706605
9238,9223.870046096285,9237.20505034397,0.29494965603043966
9239,9224.578163424443,9238.02682892673,0.47317107327035046
9240,9226.173215900615,9239.877937989942,-0.37793798994243843
9241,9226.625762799938,9240.403141033856,0.09685896614428202
9242,9227.2621949714,9241.141758002115,0.3582419978847611
9243,9228.502157991705,9242.58082808364,-0.08082808364088123
9244,9229.55836412936,9243.806655434102,-0.30665543410214013
9245,9230.16070477899,9244.505737473164,-0.005737473164117546
9246,9231.116341546647,9245.614871037678,-0.11487103767831286
9247,9232.082594097692,9246.73634152823,-0.23634152823069599
9248,9232.764557616516,9247.527864741283,-0.027864741283337935
9249,9233.690366508916,9248.602420722693,-0.10242072269284108
9250,9234.08640167978,9249.062090252908,0.4379097470919078
9251,9235.30907430578,9250.48123720624,0.018762793759378837
9252,9235.520669016889,9250.726836216669,0.7731637833312561
9253,9237.255825767934,9252.740870201942,-0.24087020194201614
9254,9238.525524178483,9254.214669488478,-0.7146694884777389
9255,9238.873162118123,9254.6181942094,-0.11819420940082637
9256,9239.599760445377,9255.461608264506,0.038391735493860324
9257,9240.463318406566,9256.464012877694,0.03598712230632373
9258,9241.168927233486,9257.283082134463,0.2169178655367432
9259,9242.438747055548,9258.757107939562,-0.25710793956204725
9260,9243.002727144769,9259.411793351052,0.08820664894847141
9261,9243.629625414069,9260.139522546127,0.36047745387259056
9262,9244.72225615466,9261.40790924919,0.09209075080980256
9263,9245.730317259871,9262.578141031125,-0.07814103112468729
9264,9246.372479217976,9263.32361918036,0.1763808196392347
9265,9247.32368200893,9264.42787218601,0.07212781398993684
9266,9248.859664427931,9266.211029772658,-0.7110297726576391
9267,9249.097134244814,9266.486717610123,0.013282389876621892
9268,9250.217232551691,9267.7870958677,-0.28709586769946327
9269,9250.850268731174,9268.522028840229,-0.02202884022881335
9270,9251.325332009916,9269.073565301363,0.4264346986365126
9271,9252.3019826604,9270.207444220774,0.29255577922594966
9272,9253.266895877883,9271.327712243676,0.1722877563242946
9273,9254.03996375022,9272.225258624592,0.274741375407757
9274,9255.629242734974,9274.070473786078,-0.570473786077855
9275,9255.870307159365,9274.350362820289,0.1496371797111351
9276,9257.09097636954,9275.76764214348,-0.26764214348077076
9277,9257.92285105221,9276.73351946274,-0.23351946273942303
9278,9258.513197988888,9277.418969726014,0.081030273986471
9279,9259.199490496889,9278.215829668336,0.28417033166442707
9280,9260.46268608954,9279.682557747252,-0.18255774725184892
9281,9261.410917752191,9280.783591328687,-0.28359132868718007
9282,9261.832615530931,9281.273248171845,0.22675182815510198
9283,9262.57190534142,9282.13168623537,0.3683137646294199
9284,9263.278863899335,9282.952591137368,0.5474088626324374
9285,9264.808555510765,9284.728865158708,-0.22886515870777657
9286,9265.914999339102,9286.013689980147,-0.5136899801473191
9287,9266.523355586283,9286.720134446425,-0.22013444642470859
9288,9267.157637377177,9287.456691325788,0.043308674212312326
9289,9268.35988508367,9288.85281503183,-0.3528150318306871
9290,9268.846663836464,9289.418099406945,0.0819005930552521
9291,9269.38531260405,9290.043623916004,0.45637608399556484
9292,9270.504925928492,9291.34382954643,0.15617045357066672
9293,9271.301028118582,9292.268355170454,0.23164482954598498
9294,9272.394102687183,9293.53777707447,-0.037777074470795924
9295,9273.266843198504,9294.551332826271,-0.05133282627139124
9296,9274.33813383982,9295.795492315368,-0.29549231536839216
9297,9274.986375913177,9296.54834755561,-0.04834755561023485
9298,9275.555512461768,9297.20933718302,0.2906628169803298
9299,9277.16051444452,9299.07340074209,-0.5734007420905982
9300,9277.608768374495,9299.594014733091,-0.09401473309117137
9301,9278.356214546104,9300.46212618648,0.03787381352049124
9302,9279.040933077737,9301.257391864036,0.24260813596447406
9303,9279.938256160904,9302.299599067212,0.20040093278839777
9304,9280.769267593454,9303.264800084427,0.23519991557259345
9305,9281.537438793172,9304.157024123218,0.3429758767815656
9306,9282.7342889372,9305.547175119387,-0.04717511938724783
9307,9284.093681675076,9307.126150425,-0.6261504249996506
9308,9284.762478436964,9307.90298948527,-0.40298948527015455
9309,9285.3441596894,9308.57864599662,-0.07864599662025284
9310,9285.84943111896,9309.165552773877,0.33444722612330224
9311,9286.90156916403,9310.387695979023,0.1123040209768078
9312,9287.799427530868,9311.43064589614,0.06935410385995056
9313,9288.657678861053,9312.42760129717,0.07239870283046912
9314,9289.634716492792,9313.562555703033,-0.06255570303255809
9315,9290.238472558109,9314.263903913448,0.23609608655169723
9316,9291.071149949048,9315.231186922536,0.268813077464074
9317,9292.450151019331,9316.833135132389,-0.3331351323886338
9318,9293.020371572758,9317.49555443048,0.00444556952061248
9319,9294.077099796135,9318.723159360728,-0.22315936072845943
9320,9294.99441428598,9319.788822366185,-0.2888223661848315
9321,9295.564223471829,9320.450788606931,0.049211393068617326
9322,9296.607047273232,9321.6622860203,-0.16228602030059847
9323,9297.328597821592,9322.500556096204,-0.0005560962035815464
9324,9297.791417094675,9323.038246675742,0.46175332425809756
9325,9298.41582295426,9323.763669874654,0.7363301253462851
9326,9300.174304705342,9325.80667736479,-0.30667736478972074
9327,9301.095504972089,9326.87695073419,-0.3769507341894496
9328,9301.630677861674,9327.498734569324,0.0012654306756303413
9329,9302.76116916232,9328.812197660283,-0.3121976602833456
9330,9303.238852584413,9329.367201465004,0.1327985349962546
9331,9304.478169097738,9330.807138550275,-0.3071385502753401
9332,9304.747219152914,9331.11974590258,0.3802540974193107
9333,9306.002925382834,9332.578758445852,-0.07875844585214509
9334,9306.808098667523,9333.514308268008,-0.014308268007880542
9335,9307.50114415439,9334.319583036622,0.1804169633778656
9336,9308.397687577844,9335.36132164688,0.13867835311975796
9337,9309.059307208769,9336.130099375145,0.3699006248552905
9338,9310.294182822763,9337.564999535376,-0.06499953537604597
9339,9311.394263390732,9338.843292569069,-0.34329256906858063
9340,9312.287090010514,9339.880771832051,-0.38077183205132314
9341,9313.137110976715,9340.868522879024,-0.3685228790236579
9342,9313.642041786632,9341.45527417712,0.04472582287962723
9343,9314.191767555909,9342.094084096503,0.4059159034968616
9344,9315.257777092698,9343.33285730614,0.16714269385920488
9345,9316.09199379666,9344.30228553745,0.19771446255072078
9346,9317.221478360376,9345.614858184814,-0.11485818481378374
9347,9317.520864381382,9345.962777972012,0.5372220279878093
9348,9319.337900163971,9348.074408078097,-0.5744080780968943
9349,9319.82779519436,9348.643738985476,-0.1437389854763751
9350,9320.592913364357,9349.53292832512,-0.03292832511942834
9351,9321.35503746478,9350.418648015984,0.08135198401578236
9352,9322.199858975797,9351.400487955205,0.09951204479511944
9353,9323.579903835333,9353.004383317451,-0.5043833174513566
9354,9324.038642999947,9353.537539576482,-0.037539576482231496
9355,9324.66247803088,9354.262579470813,0.23742052918714762
9356,9325.359891018405,9355.073141749936,0.42685825006446976
9357,9326.496593790362,9356.394282613985,0.10571738601538527
9358,9327.029340176412,9357.01347847098,0.4865215290192282
9359,9328.93727621006,9359.231057573368,-0.7310575733681617
9360,9329.235940410044,9359.578198254829,-0.07819825482874876
9361,9330.23065958298,9360.734382253737,-0.23438225373683963
9362,9330.921834157542,9361.537759620242,-0.03775962024155888
9363,9331.875838210985,9362.64664664214,-0.1466466421406949
9364,9332.545535709058,9363.425079089897,0.07492091010317381
9365,9332.990177777225,9363.941919370667,0.5580806293328351
9366,9334.305898779172,9365.471298710858,0.028701289142190944
9367,9335.206489196418,9366.51815193062,-0.018151930620661005
9368,9336.03151110968,9367.477175876813,0.022824123187092482
9369,9336.966415719897,9368.563943955003,-0.0639439550031966
9370,9337.535506027163,9369.22548310327,0.27451689673034707
9371,9338.970532754687,9370.893654735855,-0.3936547358553071
9372,9339.7342067121,9371.781415040294,-0.281415040293723
9373,9340.336005010404,9372.481004154472,0.01899584552847955
9374,9341.340822196087,9373.6491155363,-0.14911553630008711
9375,9341.999574596011,9374.414932013018,0.08506798698181228
9376,9342.923902156086,9375.489498855568,0.010501144432055298
9377,9343.47876154498,9376.13455152846,0.3654484715407307
9378,9344.189903972405,9376.96129896636,0.5387010336398816
9379,9345.473934989936,9378.454086948075,0.04591305192479922
9380,9346.909626243472,9380.12322524114,-0.6232252411391528
9381,9347.350886762291,9380.636242891169,-0.13624289116887667
9382,9348.412153406316,9381.870104718011,-0.37010471801113454
9383,9348.847438791954,9382.376186680758,0.12381331924188999
9384,9349.5341748255,9383.174622801353,0.3253771986474021
9385,9350.701823059297,9384.532211651222,-0.03221165122158709
9386,9351.640126343533,9385.623164967135,-0.12316496713538072
9387,9352.399663267566,9386.506279879295,-0.006279879295107094
9388,9353.014453103451,9387.221104287786,0.2788957122138527
9389,9353.74350676098,9388.068793113813,0.4312068861872831
9390,9355.23510615785,9389.803141021674,-0.30314102167358215
9391,9355.820175981831,9390.483437650568,0.016562349432206247
9392,9356.673033797417,9391.475118260018,0.02488173998244747
9393,9357.97051388961,9392.9838176728,-0.48381767280079657
9394,9358.838675557572,9393.993325064122,-0.4933250641224731
9395,9359.076903405528,9394.270341117604,0.22965888239559717
9396,9360.02505741508,9395.372882917556,0.1271170824438741
9397,9360.682314260675,9396.137169778262,0.3628302217384771
9398,9361.5270525325,9397.119478985918,0.38052101408175076
9399,9362.64821472774,9398.423248225614,0.076751774386139
9400,9363.690016544968,9399.634750577428,-0.13475057742834906
9401,9364.532422656035,9400.614390871073,-0.1143908710728283
9402,9365.565561378697,9401.8158519946,-0.3158519945991429
9403,9366.263485245106,9402.62749420684,-0.12749420683940116
9404,9366.85645210705,9403.31708442965,0.18291557035081496
9405,9367.99462155823,9404.640734200651,-0.14073420065142273
9406,9368.900918158315,9405.694739999532,-0.19473999953152088
9407,9369.264875034442,9406.11801888735,0.38198111265046464
9408,9370.763366235002,9407.860775673376,-0.3607756733763381
9409,9371.178734814528,9408.343859275665,0.15614072433527326
9410,9371.587599990184,9408.819382125272,0.6806178747283411
9411,9372.784751974936,9410.211723248916,0.28827675108368567
9412,9374.379510450137,9412.066536246775,-0.5665362467752857
9413,9375.170795001106,9412.986870236697,-0.48687023669663176
9414,9375.73653752114,9413.644885392669,-0.14488539266858425
9415,9376.328130229522,9414.332972715323,0.16702728467680572
9416,9377.450651133642,9415.63860419665,-0.13860419665070367
9417,9377.983702594423,9416.258616859688,0.24138314031188202
9418,9379.018437925037,9417.462171099272,0.03782890072761802
9419,9379.494344123485,9418.01572834009,0.4842716599105188
9420,9380.793873689145,9419.527314696112,-0.02731469611171633
9421,9381.675840485115,9420.55321685404,-0.05321685403941956
9422,9382.560440804547,9421.582195576846,-0.08219557684606116
9423,9383.568374417502,9422.75465338699,-0.25465338698995765
9424,9384.090451459151,9423.36195542064,0.13804457936021208
9425,9385.110359164362,9424.548368414526,-0.048368414525612025
9426,9386.234914019047,9425.856533202445,-0.35653320244455244
9427,9386.888612207837,9426.616972794996,-0.1169727949963999
9428,9387.733832772214,9427.600218906868,-0.1002189068676671
9429,9388.121802783691,9428.05154894939,0.44845105060994683
9430,9388.97916960421,9429.0489428286,0.4510571713999525
9431,9390.09046651872,9430.34175777286,0.15824222714036296
9432,9391.049764368448,9431.457763123746,0.042236876253809896
9433,9392.305852528509,9432.919064979364,-0.4190649793636112
9434,9392.964477181184,9433.685303272856,-0.1853032728558901
9435,9393.984756238857,9434.87230172304,-0.3723017230404366
9436,9394.689784015249,9435.692545346452,-0.1925453464518796
9437,9395.103416035849,9436.17377715322,0.3262228467792738
9438,9395.826310147317,9437.014820642218,0.4851793577818171
9439,9397.472564246871,9438.930170550428,-0.43017055042764696
9440,9397.818267625122,9439.33238824827,0.16761175173087395
9441,9398.61886889188,9440.26387664294,0.23612335705911391
9442,9399.494206831578,9441.282332534054,0.2176674659458513
9443,9400.580871303544,9442.546684943338,-0.046684943337822915
9444,9401.42751666566,9443.531784933251,-0.031784933251401526
9445,9402.552909281882,9444.841235393546,-0.34123539354550303
9446,9403.382930753847,9445.80702052652,-0.30702052651940903
9447,9403.920835263563,9446.432914391353,0.06708560864717583
9448,9405.062878277397,9447.761786776044,-0.26178677604366385
9449,9405.517985108352,9448.29135170167,0.20864829833044496
9450,9406.317820404489,9449.22205314408,0.2779468559201632
9451,9407.24762753648,9450.304005547692,0.19599445230778656
9452,9407.745436535875,9450.883277543751,0.6167224562486808
9453,9409.471336663331,9452.891641741811,-0.39164174181132694
9454,9410.6039370828,9454.209633063456,-0.7096330634558399
9455,9410.808666731073,9454.447876416869,0.05212358313110599
9456,9411.457048111904,9455.202400802264,0.2975991977364174
9457,9412.787360568496,9456.75051376326,-0.2505137632597325
9458,9413.35520475326,9457.411335257177,0.08866474282331183
9459,9414.366649962943,9458.588405341245,-0.08840534124465194
9460,9415.106792479157,9459.449757680788,0.05024231921197497
9461,9415.82315130121,9460.283440195906,0.21655980409377662
9462,9416.804191133097,9461.425166675544,0.0748333244555397
9463,9417.532924976707,9462.273271949609,0.22672805039110244
9464,9418.34918460292,9463.223250965504,0.27674903449587873
9465,9419.744269401395,9464.84690417274,-0.3469041727403237
9466,9420.582583616912,9465.822582233795,-0.3225822337954014
9467,9421.526892048423,9466.921636649007,-0.4216366490072687
9468,9422.040011768904,9467.518848788915,-0.0188487889154203
9469,9422.810743700473,9468.415900170896,0.08409982910416147
9470,9423.591008663045,9469.324057224483,0.1759427755168872
9471,9424.174561788015,9470.00326641101,0.4967335889905371
9472,9425.411963546649,9471.443522162504,0.056477837495549466
9473,9426.506903687976,9472.717983351084,-0.21798335108360334
9474,9426.874533970336,9473.145893041374,0.35410695862628927
9475,9428.235207719004,9474.7296928754,-0.2296928754003602
9476,9429.379144119795,9476.061238507316,-0.561238507316375
9477,9429.574025269549,9476.28808299136,0.21191700864073937
9478,9430.53551411711,9477.407279333984,0.09272066601624829
9479,9431.485551950744,9478.513161742723,-0.013161742723241332
9480,9432.71382610467,9479.94294504042,-0.44294504042045446
9481,9433.12501823133,9480.421602527957,0.07839747204343439
9482,9433.826715940171,9481.23843619122,0.26156380877910124
9483,9434.666665734316,9482.21621753958,0.28378246041938837
9484,9435.19631427932,9482.832784876562,0.6672151234379271
9485,9437.178849319267,9485.140708893094,-0.640708893093688
9486,9437.419496808174,9485.420857819792,0.07914218020778208
9487,9438.83519154762,9487.068953636372,-0.5689536363715888
9488,9439.288351898243,9487.59651213166,-0.09651213166034722
9489,9439.978628849722,9488.400122784456,0.09987721554352902
9490,9440.80406991168,9489.361100127608,0.1388998723923578
9491,9441.857096238968,9490.587048595278,-0.08704859527824738
9492,9442.27463449708,9491.07315784443,0.42684215556982963
9493,9443.44924971215,9492.440692171996,0.05930782800351153
9494,9444.311353870484,9493.44440334087,0.055596659129150794
9495,9445.24761081652,9494.53446163054,-0.03446163053922646
9496,9446.16280421465,9495.600010484808,-0.10001048480808095
9497,9446.796122036843,9496.33738320008,0.16261679992021527
9498,9447.907524955042,9497.631407311706,-0.1314073117064254
9499,9449.201580600951,9499.138123120294,-0.6381231202940398
9500,9449.609725389102,9499.613346715212,-0.11334671521217388
9501,9450.152313575516,9500.245113894483,0.25488610551656166
9502,9451.0440254692,9501.283397007732,0.21660299226823554
9503,9452.148976996905,9502.569988657851,-0.06998865785135422
9504,9452.58121409302,9503.07328568568,0.426714314320634
9505,9453.384466732685,9504.00860169843,0.4913983015703707
9506,9454.941836695376,9505.822050979144,-0.32205097914447833
9507,9455.879794581777,9506.914257567394,-0.41425756739408826
9508,9456.638848993118,9507.798150553264,-0.2981505532643496
9509,9457.28993894884,9508.556330337153,-0.05633033715275815
9510,9457.97239729463,9509.351045572028,0.1489544279720576
9511,9458.826684385933,9510.345864536244,0.15413546375566511
9512,9459.769410651756,9511.443685342048,0.05631465795158874
9513,9460.903772501188,9512.764688871915,-0.26468887191549584
9514,9461.40492205624,9513.34830172186,0.15169827813951997
9515,9462.137989879677,9514.20200220092,0.2979977990798943
9516,9462.936516167903,9515.13194318742,0.36805681258010736
9517,9464.217904346366,9516.624233799515,-0.12423379951542302
9518,9465.261895534528,9517.840074894311,-0.34007489431132853
9519,9465.99117718908,9518.689413438762,-0.18941343876213068
9520,9466.722587065206,9519.541239541431,-0.04123954143142328
9521,9467.860632792304,9520.866666184398,-0.36666618439812737
9522,9468.494804378252,9521.605264508464,-0.10526450846373336
9523,9469.13203933702,9522.34743744901,0.1525625509893871
9524,9469.45600650506,9522.724757195938,0.7752428040621453
9525,9470.882771001474,9524.38650959561,0.11349040439017699
9526,9471.819269688123,9525.477268074865,0.022731925135303754
9527,9472.907942701791,9526.745285515342,-0.2452855153424025
9528,9473.72307955498,9527.694718380726,-0.19471838072604442
9529,9474.392245663756,9528.474139767908,0.025860232091872604
9530,9475.5655211403,9529.840748352815,-0.34074835281535343
9531,9475.919635500875,9530.253218454198,0.2467815458021505
9532,9477.1378857188,9531.67224446129,-0.1722444612896652
9533,9477.827320467828,9532.47531371492,0.02468628507995163
9534,9478.85569995458,9533.67320832914,-0.1732083291408344
9535,9479.229478691414,9534.10860408181,0.39139591819002817
9536,9480.235271344674,9535.280212201813,0.21978779818709882
9537,9481.143882258964,9536.338631755065,0.16136824493514723
9538,9481.839788621108,9537.149286133916,0.35071386608433386
9539,9483.688815646474,9539.30323876088,-0.8032387608800491
9540,9484.207298377049,9539.907235495471,-0.4072354954714683
9541,9484.640388958233,9540.411759704768,0.08824029523202626
9542,9485.753856656418,9541.70889635846,-0.20889635845924204
9543,9486.030868859609,9542.031605567678,0.4683944323223841
9544,9487.21581024631,9543.41203400722,0.08796599277957284
9545,9488.107214893484,9544.450514674763,0.049485325236673816
9546,9488.903784852237,9545.37852481886,0.12147518114034028
9547,9489.546258565251,9546.127019402118,0.37298059788190585
9548,9491.036789278054,9547.863543824256,-0.3635438242563396
9549,9491.622337134984,9548.545739325458,-0.045739325458271196
9550,9492.559851589387,9549.638007267837,-0.13800726783665596
9551,9493.134847953395,9550.307924331702,0.19207566829754796
9552,9494.478852244829,9551.873819172446,-0.37381917244601937
9553,9495.156477923672,9552.663330034276,-0.16333003427644144
9554,9495.860072044989,9553.483105225012,0.016894774988031713
9555,9496.82390885426,9554.6061091789,-0.1061091788997146
9556,9497.255442783198,9555.108911278836,0.39108872116412385
9557,9497.951007264424,9555.919355355223,0.5806446447768394
9558,9499.13722292901,9557.301505383006,0.1984946169941395
9559,9500.595321344586,9559.000478968044,-0.5004789680442627
9560,9501.217267713875,9559.725180566864,-0.22518056686385535
9561,9501.922520025646,9560.546959387217,-0.04695938721670245
9562,9503.04249830292,9561.852005093508,-0.3520050935076142
9563,9503.601117763334,9562.50293979242,-0.0029397924208751647
9564,9504.264017632142,9563.275394647102,0.2246053528979246
9565,9505.086080346837,9564.233326817764,0.26667318223553593
9566,9506.113854057056,9565.430985546684,0.06901445331641298
9567,9507.2237905808,9566.724407986949,-0.2244079869487905
9568,9507.961501776314,9567.584083164373,-0.08408316437271424
9569,9508.12963744922,9567.780017570296,0.7199824297040323
9570,9509.769913842882,9569.691514096496,-0.1915140964956663
9571,9510.615551924728,9570.6769962488,-0.17699624879969633
9572,9511.550977665867,9571.767128281464,-0.26712828146446554
9573,9512.3802085541,9572.733514565363,-0.2335145653632935
9574,9513.335229212826,9573.846510594856,-0.3465105948562268
9575,9513.53389333842,9574.078038794762,0.42196120523840364
9576,9514.814322806686,9575.570299544162,-0.07029954416248074
9577,9515.333335579306,9576.175184397169,0.32481560283122235
9578,9516.04785176982,9577.00792661335,0.492073386649281
9579,9517.248001838854,9578.40667638472,0.0933236152795871
9580,9518.401462280206,9579.751033072343,-0.25103307234348904
9581,9519.48065735368,9581.008853711652,-0.5088537116516818
9582,9520.014543684854,9581.631114721127,-0.13111472112723277
9583,9520.830643941692,9582.582313987074,-0.08231398707357584
9584,9521.162437132303,9582.96903612653,0.5309638734706823
9585,9522.916082653632,9585.013031326383,-0.5130313263834978
9586,9523.293287273886,9585.452696129169,0.04730387083145615
9587,9524.172145197426,9586.47709072632,0.022909273680852493
9588,9524.673999746045,9587.06205692238,0.43794307762073004
9589,9525.837508223143,9588.418269104004,0.08173089599586092
9590,9526.52798121293,9589.223110960333,0.2768890396673669
9591,9527.680937490484,9590.567058866824,-0.06705886682357232
9592,9528.63239736056,9591.676148436742,-0.1761484367416415
9593,9529.771681927856,9593.00419977914,-0.5041997791395261
9594,9530.405942179315,9593.743559289813,-0.2435592898127652
9595,9531.14792359209,9594.60849828127,-0.10849828126993089
9596,9531.625571622497,9595.165304701895,0.3346952981046343
9597,9532.67484933654,9596.38848771528,0.1115122847204475
9598,9533.237985855254,9597.0449649932,0.45503500680024445
9599,9534.471660705844,9598.483141883837,0.016858116163348313
9600,9535.3772695247,9599.538886534072,-0.038886534071934875
9601,9536.209876871111,9600.509539283274,-0.009539283273625188
9602,9537.253631706382,9601.72636389075,-0.2263638907497807
9603,9537.834915534642,9602.404040936091,0.09595906390859454
9604,9539.182796449744,9603.97546013317,-0.4754601331696904
9605,9539.514744272636,9604.36246424137,0.13753575862938305
9606,9540.396197262096,9605.390122403884,0.10987759611634829
9607,9541.667102046187,9606.871852912793,-0.3718529127927468
9608,9542.028340453084,9607.29302074903,0.2069792509701074
9609,9543.16150440657,9608.61419065431,-0.1141906543107325
9610,9543.327342114097,9608.807544690411,0.692455309588695
9611,9544.333386339598,9609.980524856855,0.5194751431445184
9612,9546.148062138918,9612.096357940394,-0.5963579403942276
9613,9546.850958230862,9612.915918975115,-0.41591897511534626
9614,9547.451494516014,9613.616137301928,-0.11613730192766525
9615,9548.202699749703,9614.492042334645,0.0079576653552067
9616,9549.109408072234,9615.549276441508,-0.049276441508482094
9617,9550.023825186954,9616.615512981318,-0.1155129813178064
9618,9550.29743581862,9616.934553521256,0.5654464787439792
9619,9551.802310112951,9618.689317237851,-0.18931723785135546
9620,9552.369737287714,9619.350977394266,0.14902260573398962
9621,9553.055529832434,9620.150667090526,0.3493329094744695
9622,9554.438731024917,9621.763615639424,-0.26361563942373323
9623,9555.132351125929,9622.572456853148,-0.07245685314774164
9624,9555.76551718634,9623.31080866398,0.18919133601957583
9625,9557.033450242658,9624.789399252357,-0.28939925235681585
9626,9557.86407354558,9625.75803887834,-0.2580388783408125
9627,9558.778597586112,9626.824533471825,-0.3245334718249069
9628,9559.49787739189,9627.663349005576,-0.16334900557558285
9629,9559.651002786864,9627.841923127591,0.6580768724088557
9630,9560.804275858354,9629.186877350268,0.3131226497316675
9631,9561.82685517403,9630.379434222035,0.12056577796465717
9632,9562.595160265602,9631.275461759824,0.22453824017611623
9633,9563.767484768305,9632.642691516328,-0.1426915163283411
9634,9564.941586598356,9634.012017013538,-0.512017013537843
9635,9565.719270210826,9634.919022521157,-0.4190225211568759
9636,9565.998473754087,9635.244657595038,0.25534240496199345
9637,9567.084762807111,9636.511608784178,-0.011608784177951748
9638,9567.68066864288,9637.206628827716,0.29337117228351417
9639,9568.92013674961,9638.652270740686,-0.152270740685708
9640,9569.757583804238,9639.629033663445,-0.12903366344471578
9641,9570.28292870038,9640.241779745798,0.2582202542016603
9642,9571.225835960802,9641.341569201362,0.1584307986377098
9643,9571.87299312137,9642.096409807978,0.40359019202151103
9644,9573.170828778935,9643.610219274537,-0.11021927453657554
9645,9574.260212103278,9644.880909315889,-0.38090931588885724
9646,9575.159596766069,9645.92999397182,-0.429993971820295
9647,9575.627693113063,9646.476008930857,0.02399106914344884
9648,9576.504120426487,9647.498334805894,0.0016651941059535602
9649,9577.462720728045,9648.616527596034,-0.11652759603384766
9650,9578.082268990222,9649.339229421208,0.1607705787919258
9651,9578.752937349978,9650.121569928531,0.37843007146875607
9652,9579.449577446088,9650.934214606725,0.5657853932752914
9653,9581.125284055392,9652.888993079456,-0.38899307945575856
9654,9581.813931393475,9653.692341139427,-0.1923411394272989
9655,9582.531012948884,9654.528867775987,-0.02886777598723711
9656,9583.48843706688,9655.645784419752,-0.1457844197520899
9657,9584.16333528716,9656.433119728312,0.06688027168820554
9658,9585.14306386284,9657.576083157794,-0.07608315779361874
9659,9586.255233920485,9658.873573767498,-0.37357376749787363
9660,9586.572222390228,9659.243385688496,0.2566143115036539
9661,9587.581534661284,9660.420902436836,0.07909756316439598
9662,9588.5624223678,9661.565273797172,-0.06527379717226722
9663,9588.897946175894,9661.956722716164,0.5432772838357778
9664,9589.946539842009,9663.180108027129,0.3198919728711189
9665,9591.313819408708,9664.775328877044,-0.2753288770436484
9666,9592.130272134988,9665.727908488092,-0.22790848809199815
9667,9593.20518049366,9666.982052817226,-0.48205281722584914
9668,9593.910165406049,9667.804601094476,-0.3046010944763111
9669,9594.431429784408,9668.4127968823,0.08720311770048284
9670,9594.98828587266,9669.062524999104,0.43747500089557434
9671,9595.993695246838,9670.235628799372,0.26437120062837494
9672,9597.3402462298,9671.806800225871,-0.30680022587148414
9673,9597.61834209473,9672.13128947804,0.36871052195965603
9674,9598.76616977242,9673.470617262215,0.029382737784544588
9675,9599.449375097212,9674.267816873218,0.23218312678181974
9676,9601.023594442617,9676.104727579805,-0.604727579804603
9677,9601.374051672794,9676.513671505909,-0.013671505908860127
9678,9601.972952765043,9677.212526014826,0.2874739851740742
9679,9603.387320427237,9678.862967738602,-0.3629677386015828
9680,9604.113455998882,9679.71031648207,-0.21031648206917453
9681,9604.831331501784,9680.548034899984,-0.0480348999844864
9682,9605.509080556902,9681.3389359542,0.16106404580023082
9683,9606.208589671676,9682.155237949026,0.34476205097416823
9684,9606.948842119687,9683.019094778245,0.48090522175516526
9685,9608.036444605874,9684.288317227078,0.2116827729223587
9686,9609.580310488152,9686.090028657556,-0.590028657556104
9687,9610.2107663945,9686.825790197538,-0.32579019753757166
9688,9610.802823321588,9687.516744934632,-0.016744934631788055
9689,9611.665887777872,9688.52398698126,-0.023986981259440654
9690,9612.606349754926,9689.621570087022,-0.12157008702160965
9691,9613.167963417456,9690.277018420798,0.222981579201587
9692,9614.2523233645,9691.54256850526,-0.042568505259623635
9693,9614.790927447397,9692.17117738206,0.328822617939295
9694,9616.080125100234,9693.67582916306,-0.17582916305946128
9695,9616.576304356222,9694.25493854236,0.2450614576391672
9696,9617.711563455025,9695.57995724982,-0.0799572498199268
9697,9618.147803718692,9696.08912114958,0.4108788504199765
9698,9619.66265755698,9697.857228359,-0.35722835900014616
9699,9620.711570046184,9699.081520358011,-0.581520358011403
9700,9621.165759368629,9699.611656363091,-0.11165636309124238
9701,9621.757407603289,9700.302241413232,0.19775858676803182
9702,9622.960401194608,9701.706420290102,-0.20642029010195984
9703,9623.378434431064,9702.194369840468,0.30563015953157446
9704,9624.134944535434,9703.07741406899,0.4225859310099622
9705,9625.222075594958,9704.346395592574,0.15360440742551873
9706,9626.015526809157,9705.2725841449,0.22741585510084406
9707,9627.410922590328,9706.90144249101,-0.40144249100922025
9708,9628.224711924471,9707.851401135764,-0.35140113576380827
9709,9628.81417604542,9708.539505633493,-0.039505633492808556
9710,9629.72436646565,9709.602017751296,-0.10201775129644375
9711,9630.301966897596,9710.276287561515,0.22371243848465383
9712,9631.28020929021,9711.41826485252,0.08173514747977606
9713,9632.562265478027,9712.914931205529,-0.4149312055287737
9714,9633.111145441411,9713.55569939115,-0.05569939115048328
9715,9633.589919581049,9714.11462937246,0.3853706275403965
9716,9634.275150158082,9714.914587090178,0.5854129098224803
9717,9635.651739530143,9716.521680225213,-0.021680225212548976
9718,9636.586190719116,9717.61261894169,-0.11261894169001607
9719,9637.636829868488,9718.83922021559,-0.3392202155901032
9720,9638.3339702064,9719.653128394555,-0.15312839455509675
9721,9639.40037227257,9720.898163491613,-0.3981634916126495
9722,9639.941632652452,9721.53009759199,-0.03009759199085238
9723,9640.66762444503,9722.377717514046,0.12228248595420155
9724,9641.27192764064,9723.083268527536,0.4167314724636526
9725,9642.172583672367,9724.134835921644,0.36516407835551945
9726,9643.651510536876,9725.861596607989,-0.3615966079887585
9727,9643.850300727234,9726.093702173242,0.40629782675750903
9728,9645.268004100864,9727.749018269758,-0.24901826975838048
9729,9646.033601387988,9728.642946497706,-0.1429464977063617
9730,9646.68212024231,9729.400178938688,0.09982106131246837
9731,9647.77687428721,9730.67846634976,-0.17846634976012865
9732,9648.593127494622,9731.63157567107,-0.13157567107009527
9733,9649.697627600655,9732.921277957968,-0.42127795796841383
9734,9649.85379095886,9733.10362835552,0.3963716444795864
9735,9650.99912388798,9734.44103449832,0.05896550167926762
9736,9651.871456186813,9735.459672107889,0.040327892111236
9737,9652.538464027652,9736.23855723928,0.26144276072045614
9738,9653.014874566616,9736.79488065561,0.705119344389459
9739,9654.96334535877,9739.070225960711,-0.5702259607114684
9740,9655.670242556973,9739.895727361005,-0.39572736100490147
9741,9656.509156429003,9740.87540606516,-0.3754060651608597
9742,9657.00607367616,9741.455708585008,0.04429141499167599
9743,9657.625816863729,9742.17945357317,0.3205464268303331
9744,9658.780678230383,9743.528134136808,-0.02813413680814847
9745,9659.637116337266,9744.528321563546,-0.028321563546342077
9746,9660.202999377105,9745.189192180664,0.3108078193363326
9747,9661.371533562067,9746.553890008776,-0.05389000877585204
9748,9661.95783604131,9747.238624467707,0.2613755322927318
9749,9663.085768151968,9748.55593651654,-0.055936516540896264
9750,9663.881076548494,9749.484789885755,0.015210114244837314
9751,9665.039454448804,9750.837696558308,-0.3376965583083802
9752,9665.485661646611,9751.358842139502,0.14115786049842427
9753,9666.807212489644,9752.902360414662,-0.40236041466232564
9754,9667.5642273003,9753.786536244555,-0.2865362445554638
9755,9668.135428970978,9754.453692859825,0.046307140175485983
9756,9668.70012812391,9755.113259892974,0.38674010702561645
9757,9669.745616207289,9756.334400908932,0.1655990910676337
9758,9670.162113845694,9756.820879517849,0.6791204821511201
9759,9671.94951272671,9758.908634025624,-0.4086340256235417
9760,9672.494340342317,9759.5450252698,-0.0450252697992255
9761,9673.396190895945,9760.598451394872,-0.09845139487151755
9762,9674.547299394771,9761.943048116436,-0.44304811643633
9763,9675.122226685426,9762.614622296478,-0.11462229647804634
9764,9675.734272080006,9763.329560213046,0.17043978695437545
9765,9676.482970442665,9764.20413255776,0.2958674422407057
9766,9677.762490773552,9765.69879199621,-0.1987919962102751
9767,9678.441444797378,9766.49191658038,0.008083419619651977
9768,9679.309646020158,9767.506122562174,-0.006122562173914048
9769,9679.80616847968,9768.08615040837,0.4138495916304237
9770,9680.762833610206,9769.203719370598,0.2962806294017355
9771,9681.933181545262,9770.570931429893,-0.07093142989288026
9772,9683.097742918038,9771.931405918896,-0.43140591889641655
9773,9683.867021673072,9772.830111975618,-0.3301119756179105
9774,9684.589585901778,9773.674252878796,-0.17425287879632378
9775,9685.308004229366,9774.513558809296,-0.013558809296227992
9776,9685.960000518484,9775.275273266256,0.22472673374431906
9777,9686.93890170551,9776.418917410025,0.08108258997526718
9778,9687.63565037452,9777.232934120051,0.2670658799488592
9779,9688.452504117911,9778.187280647844,0.3127193521559093
9780,9689.424900299013,9779.323364799791,0.17663520020869328
9781,9691.007692604951,9781.172629109304,-0.6726291093036707
9782,9691.345099412729,9781.566845574764,-0.06684557476364716
9783,9692.129608962689,9782.483451325505,0.016548674495425075
9784,9692.775465087983,9783.238064687625,0.26193531237549905
9785,9694.16001879274,9784.855789736936,-0.3557897369355487
9786,9694.810249048604,9785.615535499765,-0.11553549976451905
9787,9695.587265123237,9786.52343017859,-0.0234301785894786
9788,9696.340584322435,9787.40364600275,0.09635399725084426
9789,9696.96909291294,9788.138033997906,0.36196600209405005
9790,9697.964078699752,9789.300649688144,0.19935031185559637
9791,9698.735918071114,9790.202535634013,0.2974643659872527
9792,9699.909751127412,9791.574165585796,-0.07416558579643606
9793,9701.268636037585,9793.162057813825,-0.6620578138245037
9794,9701.750955885438,9793.725668338288,-0.22566833828750532
9795,9702.343670704517,9794.4182851409,0.08171485909952025
9796,9703.640136866694,9795.933290545729,-0.43329054572859604
9797,9703.83738824714,9796.163794085984,0.3362059140163183
9798,9704.480325775092,9796.915120894497,0.5848791055032052
9799,9705.87621598749,9798.546359851183,-0.046359851183296996
9800,9706.802865517517,9799.629261236072,-0.12926123607212503
9801,9707.41464704485,9800.34420921994,0.15579078005976044
9802,9708.186078193508,9801.245737741432,0.2542622585679055
9803,9709.502438605256,9802.784117201416,-0.2841172014159383
9804,9710.185679567854,9803.582605665217,-0.08260566521676083
9805,9711.156381036051,9804.717055963338,-0.21705596333777066
9806,9711.887312336949,9805.571299160543,-0.07129916054327623
9807,9712.668956896418,9806.484820893227,0.015179106772848172
9808,9713.803909573426,9807.811277853583,-0.31127785358330584
9809,9714.476372679776,9808.597217820025,-0.09721782002452528
9810,9714.689105558253,9808.845850506526,0.6541494934735965
9811,9715.654426519524,9809.97408384443,0.5259161555695755
9812,9716.864893947728,9811.38885736054,0.11114263946001302
9813,9718.217323919807,9812.969582643129,-0.46958264312888787
9814,9719.003948229436,9813.889005899206,-0.3890058992055856
9815,9719.58460540928,9814.567696885364,-0.06769688536405738
9816,9720.464454076306,9815.59610312782,-0.09610312782024266
9817,9721.104473046971,9816.34419372122,0.15580627878080122
9818,9721.996753309984,9817.387152860334,0.11284713966597337
9819,9723.058455125076,9818.628160656312,-0.1281606563115929
9820,9723.73731326519,9819.421677724606,0.07832227539438463
9821,9724.373873216511,9820.165759305895,0.3342406941046647
9822,9725.549128994302,9821.539545494688,-0.039545494688354665
9823,9726.187902553736,9822.286233537783,0.21376646221688134
9824,9727.403728478152,9823.70747969182,-0.2074796918204811
9825,9727.88033535186,9824.264618420184,0.23538157981602126
9826,9729.496025752604,9826.153338294764,-0.653338294763671
9827,9730.11958617859,9826.882283284143,-0.382283284143341
9828,9730.576904308751,9827.416894312197,0.08310568780325411
9829,9731.372827729494,9828.347347623983,0.15265237601670378
9830,9732.006893644666,9829.088593096496,0.4114069035040302
9831,9733.303859799553,9830.60481286475,-0.10481286475078377
9832,9733.610464090429,9830.96325298189,0.5367470181099634
9833,9734.855515621142,9832.418814016812,0.08118598318833392
9834,9736.090792315415,9833.862972561608,-0.3629725616083306
9835,9736.730369148972,9834.610709858503,-0.11070985850346915
9836,9737.8555829495,9835.926227652975,-0.4262276529752853
9837,9738.240421320168,9836.376157317978,0.12384268202185922
9838,9739.02107219875,9837.288854377955,0.21114562204456888
9839,9740.135575736946,9838.59189214195,-0.09189214195066597
9840,9741.076087748448,9839.691521013016,-0.19152101301551738
9841,9741.65797210635,9840.371856445356,0.12814355464433902
9842,9742.623564743646,9841.500833325144,-0.0008333251444128109
9843,9743.232096252092,9842.21233995034,0.28766004966018954
9844,9743.733762360303,9842.7989020639,0.7010979361002683
9845,9745.63906661738,9845.02667480413,-0.5266748041303799
9846,9746.440268750825,9845.963496313385,-0.46349631338489417
9847,9746.825728279777,9846.414206258913,0.08579374108740012
9848,9748.002697060168,9847.79042680122,-0.2904268012207467
9849,9748.63928222325,9848.534790360887,-0.03479036088720022
9850,9749.482254346998,9849.520493842783,-0.020493842783253058
9851,9750.074742139965,9850.213308131588,0.2866918684121629
9852,9750.773005612462,9851.029816547772,0.47018345222750213
9853,9751.983307432256,9852.44509147503,0.05490852496950538
9854,9753.034700475617,9853.674564713623,-0.17456471362311277
9855,9753.717213061294,9854.472687847994,0.027312152005833923
9856,9754.68049929017,9855.599157701216,-0.09915770121551759
9857,9755.49511224822,9856.551780393318,-0.051780393318040296
9858,9756.380104702495,9857.586718373204,-0.08671837320434861
9859,9757.260899468927,9858.616760130746,-0.11676013074611546
9860,9758.307454097416,9859.840665516644,-0.3406655166436394
9861,9758.81466516659,9860.433835780765,0.06616421923536109
9862,9759.592246659127,9861.343205428431,0.15679457156875287
9863,9760.27089138136,9862.136878096417,0.36312190358330554
9864,9761.363189250922,9863.414332468466,0.08566753153354512
9865,9761.887569295264,9864.027607608969,0.47239239103146247
9866,9763.294099801657,9865.672601182596,-0.17260118259582669
9867,9764.416349965642,9866.985140679011,-0.4851406790112378
9868,9765.298077292486,9868.016388558975,-0.51638855897545
9869,9765.79804505154,9868.601144911085,-0.10114491108470247
9870,9766.23875474344,9869.116597109882,0.38340289011830464
9871,9767.289858684197,9870.345976626912,0.15402337308842107
9872,9768.168596164698,9871.37376877963,0.12623122037075518
9873,9769.341847581769,9872.74605101506,-0.24605101505949278
9874,9769.963460333973,9873.473123480224,0.02687651977612404
9875,9770.298585892204,9873.865107377416,0.6348926225837204
9876,9771.872279801795,9875.70582305974,-0.20582305973948678
9877,9772.654168675865,9876.620396540431,-0.12039654043110204
9878,9773.284337854802,9877.357511115122,0.14248888487782096
9879,9774.703617455914,9879.017678954197,-0.5176789541965263
9880,9775.088283540135,9879.467638412156,0.03236158784420695
9881,9776.251533919409,9880.82835403042,-0.32835403042008693
9882,9776.730381885562,9881.388494274945,0.11150572505539458
9883,9777.692679375588,9882.514168799167,-0.014168799167237012
9884,9778.148806606654,9883.04774170804,0.452258291959879
9885,9778.880763275069,9883.903984112,0.5960158880006929
9886,9780.31332942509,9885.57982423542,-0.07982423541943717
9887,9781.383732402814,9886.832021551008,-0.3320215510084381
9888,9782.385525671763,9888.003973559848,-0.503973559847509
9889,9782.61081633975,9888.267533030708,0.2324669692916359
9890,9783.722534561652,9889.568104389691,-0.0681043896911433
9891,9784.68067756339,9890.689028068362,-0.1890280683619494
9892,9785.381062853276,9891.508412550693,-0.008412550692810328
9893,9785.900034116525,9892.115564942904,0.38443505709619785
9894,9787.276920186632,9893.726426172549,-0.22642617254859942
9895,9787.953486118466,9894.517972696372,-0.017972696372453356
9896,9788.477759390458,9895.131349943822,0.36865005617801216
9897,9789.40237059982,9896.213116302397,0.28688369760311616
9898,9790.364384932043,9897.33865790514,0.1613420948597195
9899,9791.983400038898,9899.232914021231,-0.7329140212314087
9900,9792.24672893238,9899.541014227963,-0.041014227963387384
9901,9793.54999929202,9901.065883872694,-0.5658838726940303
9902,9793.647618792524,9901.18010304464,0.3198969553595816
9903,9794.761051811069,9902.482880320404,0.017119679596362403
9904,9795.420031375645,9903.253931792264,0.2460682077362435
9905,9796.201811061876,9904.168677013631,0.33132298636883206
9906,9797.293024611316,9905.445501388753,0.0544986112472543
9907,9798.034191396093,9906.312748551009,0.18725144899144652
9908,9799.096192514176,9907.555422942363,-0.05542294236329326
9909,9800.348712492729,9909.021051817275,-0.5210518172752927
9910,9800.831815354952,9909.58635859434,-0.0863585943407088
9911,9801.52759848898,9910.400541595973,0.0994584040272457
9912,9802.247218201908,9911.242625663592,0.2573743364082475
9913,9803.78272436747,9913.03947125256,-0.5394712525594514
9914,9804.33938674675,9913.690885671676,-0.19088567167636938
9915,9804.771010774444,9914.195981853964,0.30401814603646926
9916,9805.672191920605,9915.250574126005,0.24942587399527838
9917,9806.373069561852,9916.070773659972,0.429226340027526
9918,9807.415268673012,9917.29041815568,0.20958184431947302
9919,9808.5794268412,9918.652807364597,-0.15280736459681066
9920,9809.662905147588,9919.920798427907,-0.4207984279073571
9921,9810.291826875666,9920.65683217403,-0.15683217403056915
9922,9811.323107614278,9921.863764811162,-0.3637648111616727
9923,9812.026190727496,9922.686609768867,-0.18660976886712888
9924,9812.268979445576,9922.970756519378,0.5292434806215169
9925,9813.488974531114,9924.39858708624,0.101412913760214
9926,9814.292509387762,9925.339023428452,0.16097657154750777
9927,9815.145409875073,9926.337247478828,0.16275252117156924
9928,9816.280725472368,9927.666024938311,-0.16602493831123866
9929,9816.937616013129,9928.434861534462,0.06513846553752956
9930,9817.66581607033,9929.287168257282,0.2128317427177535
9931,9818.915101401564,9930.749388504895,-0.24938850489525066
9932,9819.703209234134,9931.671838692087,-0.17183869208747637
9933,9820.652109742505,9932.782503936392,-0.28250393639245885
9934,9821.399312628915,9933.657097230074,-0.15709723007421417
9935,9821.902829739243,9934.246463931757,0.25353606824319286
9936,9823.078061393204,9935.622088389737,-0.12208838973674574
9937,9823.702895700078,9936.353474461832,0.14652553816813452
9938,9824.29534670968,9937.046960818652,0.4530391813477763
9939,9825.0340702251,9937.91167265165,0.5883273483505036
9940,9826.946695210843,9940.150534367642,-0.6505343676417397
9941,9827.54783222736,9940.85421965247,-0.35421965247041953
9942,9828.15575356482,9941.56585255067,-0.06585255066966056
9943,9828.97328730527,9942.522867225776,-0.022867225776280975
9944,9829.93347333592,9943.646886180302,-0.14688618030231737
9945,9830.307902371358,9944.08520667651,0.4147933234908123
9946,9831.7604293341,9945.785610016006,-0.28561001600610325
9947,9832.237602064832,9946.344220597108,0.1557794028922217
9948,9833.139694319809,9947.400280701637,0.0997192983631976
9949,9833.898350380035,9948.288433317934,0.2115666820664046
9950,9834.670764972763,9949.192702508764,0.3072974912356585
9951,9836.112660501276,9950.88076183561,-0.38076183560951904
9952,9836.485906520356,9951.31773477491,0.18226522509030474
9953,9837.756654900437,9952.805463871464,-0.30546387146387133
9954,9838.631071530686,9953.82920261088,-0.3292026108792925
9955,9839.435359540705,9954.770847947992,-0.2708479479915695
9956,9840.0382496889,9955.476707302198,0.02329269780238974
9957,9840.729469971686,9956.28599016277,0.21400983722924138
9958,9841.1655654245,9956.796576053091,0.7034239469085151
9959,9842.6616646852,9958.548250741618,-0.04825074161817611
9960,9843.426278643088,9959.443496037744,0.05650396225610166
9961,9844.269014987098,9960.43022157837,0.0697784216299624
9962,9845.514484924077,9961.888512445968,-0.3885124459684448
9963,9846.234022220622,9962.73101283136,-0.23101283136020356
9964,9846.883790560718,9963.491828502283,0.008171497716830345
9965,9847.700262244549,9964.447847286014,0.05215271398628829
9966,9848.563597129893,9965.458750605349,0.041249394651458715
9967,9849.559686381092,9966.625114744858,-0.12511474485836516
9968,9850.340915387203,9967.539900915495,-0.039900915495309164
9969,9851.16811571531,9968.508528311151,-0.008528311151167145
9970,9851.623956975882,9969.04230982238,0.457690177619952
9971,9852.55223672661,9970.129318265725,0.37068173427542206
9972,9853.637530407184,9971.400206462782,0.09979353721791995
9973,9855.04580374647,9973.049334966372,-0.5493349663720437
9974,9856.03138699954,9974.203500297544,-0.7035002975444513
9975,9856.177060904494,9974.374092768176,0.12590723182438524
9976,9856.910175667164,9975.232617267728,0.26738273227238096
9977,9858.164581111085,9976.701626782502,-0.2016267825019895
9978,9858.732414135968,9977.36661320946,0.13338679053958913
9979,9859.381159522503,9978.126362070734,0.3736379292658967
9980,9860.360205325467,9979.272940210776,0.2270597892238584
9981,9861.363515492229,9980.44795083489,0.052049165109565365
9982,9862.37901319693,9981.63725124225,-0.1372512422494765
9983,9863.480482964544,9982.927256668543,-0.42725666854312294
9984,9863.698339983146,9983.182406014172,0.31759398582835274
9985,9864.78982909805,9984.460745573782,0.03925442621766706
9986,9866.12199398397,9986.020987887128,-0.5209878871282854
9987,9866.51526810941,9986.481599204186,0.01840079581415921
9988,9867.44422559854,9987.56962458106,-0.06962458105954283
9989,9868.27445268734,9988.542025464429,-0.04202546442866151
9990,9868.714659330642,9989.057620629648,0.4423793703517731
9991,9869.812878325987,9990.343931070613,0.15606892938740202
9992,9870.332258556597,9990.9522720806,0.5477279194001312
9993,9872.000623378131,9992.90642813806,-0.40642813805970945
9994,9872.558666059604,9993.560073660778,-0.0600736607775616
9995,9873.802220903648,9995.016690081466,-0.5166900814656401
9996,9874.323957629042,9995.627824778205,-0.12782477820474014
9997,9875.218994098846,9996.67623319316,-0.17623319316044217
9998,9875.600956248754,9997.123651665725,0.37634833427546255
9999,9876.479017063784,9998.15219345704,0.347806542960825
10000,9877.7826540055,9999.679269000871,-0.17926900087149988
